frequency_ghz,model_id,dataset_scope,target_source,label_mode,protocol_sha256,estimand,validity,comparison,feature,unit,n,mae,rmse,bias,abs_error_p50,abs_error_p90,abs_error_p95,ci_status,n_request_groups,mae_ci_low,mae_ci_high,rmse_ci_low,rmse_ci_high,bias_ci_low,bias_ci_high,abs_error_p50_ci_low,abs_error_p50_ci_high,abs_error_p90_ci_low,abs_error_p90_ci_high,abs_error_p95_ci_low,abs_error_p95_ci_high,N_original,N_solved,N_strict_valid,N_invalid,N_analytic_fail,N_gds_fail,N_drc_fail,N_emx_not_solved,N_pending,N_joint_hit,N_independent_solves,N_unique_s4p_sha,N_accounted_candidates,joint_hit_fraction_original,joint_hit_fraction_accounted_original,confirmed_joint_hit_coverage_original,joint_hit_fraction_strict,joint_hit_original_ci_status,joint_hit_original_ci_low,joint_hit_original_ci_high,joint_hit_accounted_original_ci_status,joint_hit_accounted_original_ci_low,joint_hit_accounted_original_ci_high,joint_hit_strict_ci_status,joint_hit_strict_ci_low,joint_hit_strict_ci_high,percentage_metric
15,f15-5a9547401a37,DEVELOPMENT_5K_NOT_FORMAL_10K,HELDOUT_TRIPLE_AUDIT,STRICT_LUMPED,f12d43eace12231077007dc497fee8dad00fbe58cb2f1fe2c6159c47636b97a0,all_candidates,strict_valid,emx_minus_target,Lp_nH,nH,14,0.029515166571803118,0.05852460752668292,-0.027902921764241712,0.01152047310708082,0.0648976357748107,0.11768437535046299,PROVISIONAL_SMALL_REQUEST_N,2,0.008025456940314202,0.06819664390848316,0.009875313590471934,0.09703001519070308,-0.06819664390848316,-0.005517520572996457,0.007479180019442477,0.04313083558979258,0.015731666640025302,0.19839229563961935,0.017030360146835122,0.19839229563961935,220,17,14,3,13,0,0,0,190,8,17,17,22,,0.36363636363636365,0.03636363636363636,0.5714285714285714,NOT_ESTIMABLE,,,PROVISIONAL_SMALL_REQUEST_N,0.2727272727272727,0.45454545454545453,PROVISIONAL_SMALL_REQUEST_N,0.5555555555555556,0.6,NOT_PRIMARY; use physical units and frozen spans
15,f15-5a9547401a37,DEVELOPMENT_5K_NOT_FORMAL_10K,HELDOUT_TRIPLE_AUDIT,STRICT_LUMPED,f12d43eace12231077007dc497fee8dad00fbe58cb2f1fe2c6159c47636b97a0,all_candidates,strict_valid,emx_minus_target,Ls_nH,nH,14,0.0696832987329108,0.1004658098860781,0.06935406619365556,0.03475352726130593,0.18655795649879417,0.2102772274270963,PROVISIONAL_SMALL_REQUEST_N,2,0.06067585388736786,0.08589669945488809,0.08968656262140545,0.11740033198533018,0.06016371438185971,0.08589669945488809,0.03452789999302852,0.034979154529583334,0.1533470078096578,0.217315533360654,0.2064873703859499,0.217315533360654,220,17,14,3,13,0,0,0,190,8,17,17,22,,0.36363636363636365,0.03636363636363636,0.5714285714285714,NOT_ESTIMABLE,,,PROVISIONAL_SMALL_REQUEST_N,0.2727272727272727,0.45454545454545453,PROVISIONAL_SMALL_REQUEST_N,0.5555555555555556,0.6,NOT_PRIMARY; use physical units and frozen spans
15,f15-5a9547401a37,DEVELOPMENT_5K_NOT_FORMAL_10K,HELDOUT_TRIPLE_AUDIT,STRICT_LUMPED,f12d43eace12231077007dc497fee8dad00fbe58cb2f1fe2c6159c47636b97a0,all_candidates,strict_valid,emx_minus_target,Qmin,dimensionless,14,0.7873203400235127,1.2210811054448376,-0.33866359548182196,0.3216310165695875,1.8150719251359702,2.416290305113951,PROVISIONAL_SMALL_REQUEST_N,2,0.75615930266705,0.8434102072651456,1.009594077197642,1.5297728667111592,-0.7487316298386176,-0.1108480208391577,0.15732748628879278,0.6671432253744403,1.7065761590796895,3.3817196223518113,1.8964437496781805,3.3817196223518113,220,17,14,3,13,0,0,0,190,8,17,17,22,,0.36363636363636365,0.03636363636363636,0.5714285714285714,NOT_ESTIMABLE,,,PROVISIONAL_SMALL_REQUEST_N,0.2727272727272727,0.45454545454545453,PROVISIONAL_SMALL_REQUEST_N,0.5555555555555556,0.6,NOT_PRIMARY; use physical units and frozen spans
15,f15-5a9547401a37,DEVELOPMENT_5K_NOT_FORMAL_10K,HELDOUT_TRIPLE_AUDIT,STRICT_LUMPED,f12d43eace12231077007dc497fee8dad00fbe58cb2f1fe2c6159c47636b97a0,all_candidates,strict_valid,emx_minus_target,K_abs,dimensionless,14,0.012073432924142966,0.018857363628184454,0.009390514949297353,0.006293506893048639,0.02732885432367529,0.03616405970106283,PROVISIONAL_SMALL_REQUEST_N,2,0.011307914949340855,0.013451365278786764,0.015502941191252161,0.023729018571627562,0.007908637958171257,0.012057893533324326,0.002201845146964171,0.008348787658427448,0.02699009109739179,0.05210044947960199,0.027582926743387914,0.05210044947960199,220,17,14,3,13,0,0,0,190,8,17,17,22,,0.36363636363636365,0.03636363636363636,0.5714285714285714,NOT_ESTIMABLE,,,PROVISIONAL_SMALL_REQUEST_N,0.2727272727272727,0.45454545454545453,PROVISIONAL_SMALL_REQUEST_N,0.5555555555555556,0.6,NOT_PRIMARY; use physical units and frozen spans
15,f15-5a9547401a37,DEVELOPMENT_5K_NOT_FORMAL_10K,HELDOUT_TRIPLE_AUDIT,STRICT_LUMPED,f12d43eace12231077007dc497fee8dad00fbe58cb2f1fe2c6159c47636b97a0,all_candidates,strict_valid,emx_minus_frozen_proxy,Lp_nH,nH,14,0.010820537689957435,0.01362274010261429,-0.006471578900821205,0.008734762049232625,0.016158409537589513,0.02264225759854202,PROVISIONAL_SMALL_REQUEST_N,2,0.008484275573449378,0.015025809499671939,0.009747420786482636,0.018670815529850185,-0.011086054056065508,-0.003907981592352148,0.007009401456467668,0.014498100835016903,0.015454542892241109,0.034552517122567794,0.01599360295119423,0.034552517122567794,220,17,14,3,13,0,0,0,190,8,17,17,22,,0.36363636363636365,0.03636363636363636,0.5714285714285714,NOT_ESTIMABLE,,,PROVISIONAL_SMALL_REQUEST_N,0.2727272727272727,0.45454545454545453,PROVISIONAL_SMALL_REQUEST_N,0.5555555555555556,0.6,NOT_PRIMARY; use physical units and frozen spans
15,f15-5a9547401a37,DEVELOPMENT_5K_NOT_FORMAL_10K,HELDOUT_TRIPLE_AUDIT,STRICT_LUMPED,f12d43eace12231077007dc497fee8dad00fbe58cb2f1fe2c6159c47636b97a0,all_candidates,strict_valid,emx_minus_frozen_proxy,Ls_nH,nH,14,0.004574073174646674,0.005521774744398156,8.70495450297096e-06,0.003917047441378607,0.009634399098844683,0.010183566223156864,PROVISIONAL_SMALL_REQUEST_N,2,0.004459805309697967,0.0047797553315543475,0.005352352578523337,0.005814307275450752,-0.0017273303177289688,0.0031335684445204627,0.0037186276651725025,0.004115467217584712,0.009439709326326751,0.010932272985158087,0.00978041642823313,0.010932272985158087,220,17,14,3,13,0,0,0,190,8,17,17,22,,0.36363636363636365,0.03636363636363636,0.5714285714285714,NOT_ESTIMABLE,,,PROVISIONAL_SMALL_REQUEST_N,0.2727272727272727,0.45454545454545453,PROVISIONAL_SMALL_REQUEST_N,0.5555555555555556,0.6,NOT_PRIMARY; use physical units and frozen spans
15,f15-5a9547401a37,DEVELOPMENT_5K_NOT_FORMAL_10K,HELDOUT_TRIPLE_AUDIT,STRICT_LUMPED,f12d43eace12231077007dc497fee8dad00fbe58cb2f1fe2c6159c47636b97a0,all_candidates,strict_valid,emx_minus_frozen_proxy,Qmin,dimensionless,14,0.2830424295184904,0.42159041701350497,-0.025493162437388354,0.12421104500261038,0.8223157020931539,0.9056625148445441,PROVISIONAL_SMALL_REQUEST_N,2,0.2317135825092862,0.3115584556347149,0.4177295883233718,0.4284522459736606,-0.19809991597143012,0.07039947841485707,0.0639825575398536,0.15305811010792247,0.743436891021998,0.9505825373908738,0.8814748103965204,0.9505825373908738,220,17,14,3,13,0,0,0,190,8,17,17,22,,0.36363636363636365,0.03636363636363636,0.5714285714285714,NOT_ESTIMABLE,,,PROVISIONAL_SMALL_REQUEST_N,0.2727272727272727,0.45454545454545453,PROVISIONAL_SMALL_REQUEST_N,0.5555555555555556,0.6,NOT_PRIMARY; use physical units and frozen spans
15,f15-5a9547401a37,DEVELOPMENT_5K_NOT_FORMAL_10K,HELDOUT_TRIPLE_AUDIT,STRICT_LUMPED,f12d43eace12231077007dc497fee8dad00fbe58cb2f1fe2c6159c47636b97a0,all_candidates,strict_valid,emx_minus_frozen_proxy,K_abs,dimensionless,14,0.008781584087671549,0.01129664254253131,-9.125217247382689e-05,0.007482738765607233,0.01538921391847422,0.019329128977580663,PROVISIONAL_SMALL_REQUEST_N,2,0.004980350312037546,0.01089338062969044,0.006466640466682249,0.013239296153016653,-0.0013432058613501107,0.0006042776546796642,0.0028606830417672313,0.010288009861447706,0.01315161835612294,0.01878277569845462,0.01315161835612294,0.0264317216062194,220,17,14,3,13,0,0,0,190,8,17,17,22,,0.36363636363636365,0.03636363636363636,0.5714285714285714,NOT_ESTIMABLE,,,PROVISIONAL_SMALL_REQUEST_N,0.2727272727272727,0.45454545454545453,PROVISIONAL_SMALL_REQUEST_N,0.5555555555555556,0.6,NOT_PRIMARY; use physical units and frozen spans
15,f15-5a9547401a37,DEVELOPMENT_5K_NOT_FORMAL_10K,HELDOUT_TRIPLE_AUDIT,STRICT_LUMPED,f12d43eace12231077007dc497fee8dad00fbe58cb2f1fe2c6159c47636b97a0,all_candidates,all_finite_diagnostic,emx_minus_target,Lp_nH,nH,17,0.05061264621868813,0.08395695376026134,-0.04928491520069638,0.015175083708535375,0.17572877565450598,0.19060053072650204,PROVISIONAL_SMALL_REQUEST_N,2,0.008025456940314202,0.09852323415685879,0.009875313590471934,0.1219381990361069,-0.09852323415685879,-0.005517520572996457,0.007479180019442477,0.08283171444053483,0.015731666640025302,0.19352244256892104,0.017030360146835122,0.19839229563961935,220,17,14,3,13,0,0,0,190,8,17,17,22,,0.36363636363636365,0.03636363636363636,0.5714285714285714,NOT_ESTIMABLE,,,PROVISIONAL_SMALL_REQUEST_N,0.2727272727272727,0.45454545454545453,PROVISIONAL_SMALL_REQUEST_N,0.5555555555555556,0.6,NOT_PRIMARY; use physical units and frozen spans
15,f15-5a9547401a37,DEVELOPMENT_5K_NOT_FORMAL_10K,HELDOUT_TRIPLE_AUDIT,STRICT_LUMPED,f12d43eace12231077007dc497fee8dad00fbe58cb2f1fe2c6159c47636b97a0,all_candidates,all_finite_diagnostic,emx_minus_target,Ls_nH,nH,17,0.09446371147706184,0.1269321782126165,0.09419257879767517,0.05312022712263875,0.21494095315184863,0.21669830248228647,PROVISIONAL_SMALL_REQUEST_N,2,0.06067585388736786,0.13247505126546755,0.08968656262140545,0.15870850169611297,0.06016371438185971,0.13247505126546755,0.03452789999302852,0.16997832505204236,0.1533470078096578,0.2169297640616743,0.2064873703859499,0.217315533360654,220,17,14,3,13,0,0,0,190,8,17,17,22,,0.36363636363636365,0.03636363636363636,0.5714285714285714,NOT_ESTIMABLE,,,PROVISIONAL_SMALL_REQUEST_N,0.2727272727272727,0.45454545454545453,PROVISIONAL_SMALL_REQUEST_N,0.5555555555555556,0.6,NOT_PRIMARY; use physical units and frozen spans
15,f15-5a9547401a37,DEVELOPMENT_5K_NOT_FORMAL_10K,HELDOUT_TRIPLE_AUDIT,STRICT_LUMPED,f12d43eace12231077007dc497fee8dad00fbe58cb2f1fe2c6159c47636b97a0,all_candidates,all_finite_diagnostic,emx_minus_target,Qmin,dimensionless,17,0.932199997284001,1.3182880042853087,-0.5627179723673146,0.6671432253744403,2.076978615045122,2.5545686549467885,PROVISIONAL_SMALL_REQUEST_N,2,0.75615930266705,1.130245778728071,1.009594077197642,1.595716674871756,-1.071071667836491,-0.1108480208391577,0.6671432253744403,0.7460295416897953,1.7065761590796895,2.8647502677236725,1.8964437496781805,3.3817196223518113,220,17,14,3,13,0,0,0,190,8,17,17,22,,0.36363636363636365,0.03636363636363636,0.5714285714285714,NOT_ESTIMABLE,,,PROVISIONAL_SMALL_REQUEST_N,0.2727272727272727,0.45454545454545453,PROVISIONAL_SMALL_REQUEST_N,0.5555555555555556,0.6,NOT_PRIMARY; use physical units and frozen spans
15,f15-5a9547401a37,DEVELOPMENT_5K_NOT_FORMAL_10K,HELDOUT_TRIPLE_AUDIT,STRICT_LUMPED,f12d43eace12231077007dc497fee8dad00fbe58cb2f1fe2c6159c47636b97a0,all_candidates,all_finite_diagnostic,emx_minus_target,K_abs,dimensionless,17,0.018119205968087915,0.025923403637578724,0.015909744106450352,0.009466357516274032,0.04661129822949729,0.04905396082863968,PROVISIONAL_SMALL_REQUEST_N,2,0.011307914949340855,0.025781908364178353,0.015502941191252161,0.03402447259777016,0.007908637958171257,0.02491098852326433,0.008348787658427448,0.027343174826038028,0.02699009109739179,0.05019639407275055,0.027582926743387914,0.05210044947960199,220,17,14,3,13,0,0,0,190,8,17,17,22,,0.36363636363636365,0.03636363636363636,0.5714285714285714,NOT_ESTIMABLE,,,PROVISIONAL_SMALL_REQUEST_N,0.2727272727272727,0.45454545454545453,PROVISIONAL_SMALL_REQUEST_N,0.5555555555555556,0.6,NOT_PRIMARY; use physical units and frozen spans
15,f15-5a9547401a37,DEVELOPMENT_5K_NOT_FORMAL_10K,HELDOUT_TRIPLE_AUDIT,STRICT_LUMPED,f12d43eace12231077007dc497fee8dad00fbe58cb2f1fe2c6159c47636b97a0,all_candidates,all_finite_diagnostic,emx_minus_frozen_proxy,Lp_nH,nH,17,0.012571195859295493,0.015976357707912083,-0.001669370744875152,0.010680023364448843,0.023558431408082475,0.03524026174282344,PROVISIONAL_SMALL_REQUEST_N,2,0.008484275573449378,0.017168981180872372,0.009747420786482636,0.020868751123063668,-0.003907981592352148,0.0008490664585364682,0.007009401456467668,0.014024819597670657,0.015454542892241109,0.036271878673206914,0.01599360295119423,0.037991240223846034,220,17,14,3,13,0,0,0,190,8,17,17,22,,0.36363636363636365,0.03636363636363636,0.5714285714285714,NOT_ESTIMABLE,,,PROVISIONAL_SMALL_REQUEST_N,0.2727272727272727,0.45454545454545453,PROVISIONAL_SMALL_REQUEST_N,0.5555555555555556,0.6,NOT_PRIMARY; use physical units and frozen spans
15,f15-5a9547401a37,DEVELOPMENT_5K_NOT_FORMAL_10K,HELDOUT_TRIPLE_AUDIT,STRICT_LUMPED,f12d43eace12231077007dc497fee8dad00fbe58cb2f1fe2c6159c47636b97a0,all_candidates,all_finite_diagnostic,emx_minus_frozen_proxy,Ls_nH,nH,17,0.004757261182202197,0.00555657167201852,-0.0009832086052554308,0.004215331705196834,0.009488381769456234,0.01001078773961812,PROVISIONAL_SMALL_REQUEST_N,2,0.004459805309697967,0.005091899038769457,0.005352352578523337,0.00577769640041891,-0.0017273303177289688,-0.00014607167872270066,0.0037186276651725025,0.0046458295096269975,0.008984037957109725,0.009488381769456234,0.00978041642823313,0.010932272985158087,220,17,14,3,13,0,0,0,190,8,17,17,22,,0.36363636363636365,0.03636363636363636,0.5714285714285714,NOT_ESTIMABLE,,,PROVISIONAL_SMALL_REQUEST_N,0.2727272727272727,0.45454545454545453,PROVISIONAL_SMALL_REQUEST_N,0.5555555555555556,0.6,NOT_PRIMARY; use physical units and frozen spans
15,f15-5a9547401a37,DEVELOPMENT_5K_NOT_FORMAL_10K,HELDOUT_TRIPLE_AUDIT,STRICT_LUMPED,f12d43eace12231077007dc497fee8dad00fbe58cb2f1fe2c6159c47636b97a0,all_candidates,all_finite_diagnostic,emx_minus_frozen_proxy,Qmin,dimensionless,17,0.345605359581508,0.4712663654582228,-0.1335059631617769,0.15305811010792247,0.8420919070745221,0.895296355795391,PROVISIONAL_SMALL_REQUEST_N,2,0.3115584556347149,0.3839081265216502,0.4177295883233718,0.5250097263337284,-0.3628995849354901,0.07039947841485707,0.15305811010792247,0.26457550081485337,0.743436891021998,0.8832095877920318,0.8814748103965204,0.9505825373908738,220,17,14,3,13,0,0,0,190,8,17,17,22,,0.36363636363636365,0.03636363636363636,0.5714285714285714,NOT_ESTIMABLE,,,PROVISIONAL_SMALL_REQUEST_N,0.2727272727272727,0.45454545454545453,PROVISIONAL_SMALL_REQUEST_N,0.5555555555555556,0.6,NOT_PRIMARY; use physical units and frozen spans
15,f15-5a9547401a37,DEVELOPMENT_5K_NOT_FORMAL_10K,HELDOUT_TRIPLE_AUDIT,STRICT_LUMPED,f12d43eace12231077007dc497fee8dad00fbe58cb2f1fe2c6159c47636b97a0,all_candidates,all_finite_diagnostic,emx_minus_frozen_proxy,K_abs,dimensionless,17,0.008774615756088561,0.011122250670054106,0.0014675741300864866,0.0064254060209568975,0.015777800200546664,0.018236357493899277,PROVISIONAL_SMALL_REQUEST_N,2,0.006391005273286447,0.01089338062969044,0.00810451383337003,0.013239296153016653,0.0006042776546796642,0.002438782664919162,0.0037915636061271046,0.010288009861447706,0.014669567410971099,0.01878277569845462,0.016187516465819257,0.0264317216062194,220,17,14,3,13,0,0,0,190,8,17,17,22,,0.36363636363636365,0.03636363636363636,0.5714285714285714,NOT_ESTIMABLE,,,PROVISIONAL_SMALL_REQUEST_N,0.2727272727272727,0.45454545454545453,PROVISIONAL_SMALL_REQUEST_N,0.5555555555555556,0.6,NOT_PRIMARY; use physical units and frozen spans
15,f15-5a9547401a37,DEVELOPMENT_5K_NOT_FORMAL_10K,HELDOUT_TRIPLE_AUDIT,STRICT_LUMPED,f12d43eace12231077007dc497fee8dad00fbe58cb2f1fe2c6159c47636b97a0,selected_q_proxy,strict_valid,emx_minus_target,Lp_nH,nH,2,0.005046369602843326,0.006399152763855533,-0.0039348837246682145,0.005046369602843326,0.008194276582577898,0.008587764955044718,PROVISIONAL_SMALL_REQUEST_N,2,0.0011114858781751114,0.00898125332751154,0.0011114858781751114,0.00898125332751154,-0.00898125332751154,0.0011114858781751114,0.0011114858781751114,0.00898125332751154,0.0011114858781751114,0.00898125332751154,0.0011114858781751114,0.00898125332751154,20,2,2,0,0,0,0,0,18,2,2,2,2,,1.0,0.1,1.0,NOT_ESTIMABLE,,,PROVISIONAL_SMALL_REQUEST_N,1.0,1.0,PROVISIONAL_SMALL_REQUEST_N,1.0,1.0,NOT_PRIMARY; use physical units and frozen spans
15,f15-5a9547401a37,DEVELOPMENT_5K_NOT_FORMAL_10K,HELDOUT_TRIPLE_AUDIT,STRICT_LUMPED,f12d43eace12231077007dc497fee8dad00fbe58cb2f1fe2c6159c47636b97a0,selected_q_proxy,strict_valid,emx_minus_target,Ls_nH,nH,2,0.006329969747583597,0.00714132113642722,0.006329969747583597,0.006329969747583597,0.00897480780759512,0.009305412565096559,PROVISIONAL_SMALL_REQUEST_N,2,0.0030239221725691934,0.009636017322598,0.0030239221725691934,0.009636017322598,0.0030239221725691934,0.009636017322598,0.0030239221725691934,0.009636017322598,0.0030239221725691934,0.009636017322598,0.0030239221725691934,0.009636017322598,20,2,2,0,0,0,0,0,18,2,2,2,2,,1.0,0.1,1.0,NOT_ESTIMABLE,,,PROVISIONAL_SMALL_REQUEST_N,1.0,1.0,PROVISIONAL_SMALL_REQUEST_N,1.0,1.0,NOT_PRIMARY; use physical units and frozen spans
15,f15-5a9547401a37,DEVELOPMENT_5K_NOT_FORMAL_10K,HELDOUT_TRIPLE_AUDIT,STRICT_LUMPED,f12d43eace12231077007dc497fee8dad00fbe58cb2f1fe2c6159c47636b97a0,selected_q_proxy,strict_valid,emx_minus_target,Qmin,dimensionless,2,0.08420588769732262,0.0843446940760357,-0.004836930419795493,0.08420588769732262,0.08807543203315901,0.08855912507513856,PROVISIONAL_SMALL_REQUEST_N,2,0.07936895727752713,0.08904281811711812,0.07936895727752713,0.08904281811711812,-0.08904281811711812,0.07936895727752713,0.07936895727752713,0.08904281811711812,0.07936895727752713,0.08904281811711812,0.07936895727752713,0.08904281811711812,20,2,2,0,0,0,0,0,18,2,2,2,2,,1.0,0.1,1.0,NOT_ESTIMABLE,,,PROVISIONAL_SMALL_REQUEST_N,1.0,1.0,PROVISIONAL_SMALL_REQUEST_N,1.0,1.0,NOT_PRIMARY; use physical units and frozen spans
15,f15-5a9547401a37,DEVELOPMENT_5K_NOT_FORMAL_10K,HELDOUT_TRIPLE_AUDIT,STRICT_LUMPED,f12d43eace12231077007dc497fee8dad00fbe58cb2f1fe2c6159c47636b97a0,selected_q_proxy,strict_valid,emx_minus_target,K_abs,dimensionless,2,0.001259401558050613,0.0015161121101919754,-0.0008440993106563072,0.001259401558050613,0.0019346810065756588,0.0020190909376412896,PROVISIONAL_SMALL_REQUEST_N,2,0.00041530224739430577,0.00210350086870692,0.00041530224739430577,0.00210350086870692,-0.00210350086870692,0.00041530224739430577,0.00041530224739430577,0.00210350086870692,0.00041530224739430577,0.00210350086870692,0.00041530224739430577,0.00210350086870692,20,2,2,0,0,0,0,0,18,2,2,2,2,,1.0,0.1,1.0,NOT_ESTIMABLE,,,PROVISIONAL_SMALL_REQUEST_N,1.0,1.0,PROVISIONAL_SMALL_REQUEST_N,1.0,1.0,NOT_PRIMARY; use physical units and frozen spans
15,f15-5a9547401a37,DEVELOPMENT_5K_NOT_FORMAL_10K,HELDOUT_TRIPLE_AUDIT,STRICT_LUMPED,f12d43eace12231077007dc497fee8dad00fbe58cb2f1fe2c6159c47636b97a0,selected_q_proxy,strict_valid,emx_minus_frozen_proxy,Lp_nH,nH,2,0.010775725453577745,0.012077040562797398,-0.0054533154781811755,0.010775725453577745,0.015138377836122685,0.0156837093839408,PROVISIONAL_SMALL_REQUEST_N,2,0.005322409975396569,0.01622904093175892,0.005322409975396569,0.01622904093175892,-0.01622904093175892,0.005322409975396569,0.005322409975396569,0.01622904093175892,0.005322409975396569,0.01622904093175892,0.005322409975396569,0.01622904093175892,20,2,2,0,0,0,0,0,18,2,2,2,2,,1.0,0.1,1.0,NOT_ESTIMABLE,,,PROVISIONAL_SMALL_REQUEST_N,1.0,1.0,PROVISIONAL_SMALL_REQUEST_N,1.0,1.0,NOT_PRIMARY; use physical units and frozen spans
15,f15-5a9547401a37,DEVELOPMENT_5K_NOT_FORMAL_10K,HELDOUT_TRIPLE_AUDIT,STRICT_LUMPED,f12d43eace12231077007dc497fee8dad00fbe58cb2f1fe2c6159c47636b97a0,selected_q_proxy,strict_valid,emx_minus_frozen_proxy,Ls_nH,nH,2,0.004089817386286609,0.004167123582809062,0.004089817386286609,0.004089817386286609,0.0047289731801177905,0.004808867654346688,PROVISIONAL_SMALL_REQUEST_N,2,0.0032908726439976332,0.0048887621285755856,0.0032908726439976332,0.0048887621285755856,0.0032908726439976332,0.0048887621285755856,0.0032908726439976332,0.0048887621285755856,0.0032908726439976332,0.0048887621285755856,0.0032908726439976332,0.0048887621285755856,20,2,2,0,0,0,0,0,18,2,2,2,2,,1.0,0.1,1.0,NOT_ESTIMABLE,,,PROVISIONAL_SMALL_REQUEST_N,1.0,1.0,PROVISIONAL_SMALL_REQUEST_N,1.0,1.0,NOT_PRIMARY; use physical units and frozen spans
15,f15-5a9547401a37,DEVELOPMENT_5K_NOT_FORMAL_10K,HELDOUT_TRIPLE_AUDIT,STRICT_LUMPED,f12d43eace12231077007dc497fee8dad00fbe58cb2f1fe2c6159c47636b97a0,selected_q_proxy,strict_valid,emx_minus_frozen_proxy,Qmin,dimensionless,2,0.08142974176226403,0.0814312686331433,-0.000498665954463462,0.08142974176226403,0.0818286745258348,0.08187854112128115,PROVISIONAL_SMALL_REQUEST_N,2,0.08093107580780057,0.08192840771672749,0.08093107580780057,0.08192840771672749,-0.08192840771672749,0.08093107580780057,0.08093107580780057,0.08192840771672749,0.08093107580780057,0.08192840771672749,0.08093107580780057,0.08192840771672749,20,2,2,0,0,0,0,0,18,2,2,2,2,,1.0,0.1,1.0,NOT_ESTIMABLE,,,PROVISIONAL_SMALL_REQUEST_N,1.0,1.0,PROVISIONAL_SMALL_REQUEST_N,1.0,1.0,NOT_PRIMARY; use physical units and frozen spans
15,f15-5a9547401a37,DEVELOPMENT_5K_NOT_FORMAL_10K,HELDOUT_TRIPLE_AUDIT,STRICT_LUMPED,f12d43eace12231077007dc497fee8dad00fbe58cb2f1fe2c6159c47636b97a0,selected_q_proxy,strict_valid,emx_minus_frozen_proxy,K_abs,dimensionless,2,0.002065844711722581,0.00214883705798291,-0.0005914273656236202,0.002065844711722581,0.002538986604221477,0.002598129340783839,PROVISIONAL_SMALL_REQUEST_N,2,0.0014744173460989607,0.002657272077346201,0.0014744173460989607,0.002657272077346201,-0.002657272077346201,0.0014744173460989607,0.0014744173460989607,0.002657272077346201,0.0014744173460989607,0.002657272077346201,0.0014744173460989607,0.002657272077346201,20,2,2,0,0,0,0,0,18,2,2,2,2,,1.0,0.1,1.0,NOT_ESTIMABLE,,,PROVISIONAL_SMALL_REQUEST_N,1.0,1.0,PROVISIONAL_SMALL_REQUEST_N,1.0,1.0,NOT_PRIMARY; use physical units and frozen spans
15,f15-5a9547401a37,DEVELOPMENT_5K_NOT_FORMAL_10K,HELDOUT_TRIPLE_AUDIT,STRICT_LUMPED,f12d43eace12231077007dc497fee8dad00fbe58cb2f1fe2c6159c47636b97a0,selected_q_proxy,all_finite_diagnostic,emx_minus_target,Lp_nH,nH,2,0.005046369602843326,0.006399152763855533,-0.0039348837246682145,0.005046369602843326,0.008194276582577898,0.008587764955044718,PROVISIONAL_SMALL_REQUEST_N,2,0.0011114858781751114,0.00898125332751154,0.0011114858781751114,0.00898125332751154,-0.00898125332751154,0.0011114858781751114,0.0011114858781751114,0.00898125332751154,0.0011114858781751114,0.00898125332751154,0.0011114858781751114,0.00898125332751154,20,2,2,0,0,0,0,0,18,2,2,2,2,,1.0,0.1,1.0,NOT_ESTIMABLE,,,PROVISIONAL_SMALL_REQUEST_N,1.0,1.0,PROVISIONAL_SMALL_REQUEST_N,1.0,1.0,NOT_PRIMARY; use physical units and frozen spans
15,f15-5a9547401a37,DEVELOPMENT_5K_NOT_FORMAL_10K,HELDOUT_TRIPLE_AUDIT,STRICT_LUMPED,f12d43eace12231077007dc497fee8dad00fbe58cb2f1fe2c6159c47636b97a0,selected_q_proxy,all_finite_diagnostic,emx_minus_target,Ls_nH,nH,2,0.006329969747583597,0.00714132113642722,0.006329969747583597,0.006329969747583597,0.00897480780759512,0.009305412565096559,PROVISIONAL_SMALL_REQUEST_N,2,0.0030239221725691934,0.009636017322598,0.0030239221725691934,0.009636017322598,0.0030239221725691934,0.009636017322598,0.0030239221725691934,0.009636017322598,0.0030239221725691934,0.009636017322598,0.0030239221725691934,0.009636017322598,20,2,2,0,0,0,0,0,18,2,2,2,2,,1.0,0.1,1.0,NOT_ESTIMABLE,,,PROVISIONAL_SMALL_REQUEST_N,1.0,1.0,PROVISIONAL_SMALL_REQUEST_N,1.0,1.0,NOT_PRIMARY; use physical units and frozen spans
15,f15-5a9547401a37,DEVELOPMENT_5K_NOT_FORMAL_10K,HELDOUT_TRIPLE_AUDIT,STRICT_LUMPED,f12d43eace12231077007dc497fee8dad00fbe58cb2f1fe2c6159c47636b97a0,selected_q_proxy,all_finite_diagnostic,emx_minus_target,Qmin,dimensionless,2,0.08420588769732262,0.0843446940760357,-0.004836930419795493,0.08420588769732262,0.08807543203315901,0.08855912507513856,PROVISIONAL_SMALL_REQUEST_N,2,0.07936895727752713,0.08904281811711812,0.07936895727752713,0.08904281811711812,-0.08904281811711812,0.07936895727752713,0.07936895727752713,0.08904281811711812,0.07936895727752713,0.08904281811711812,0.07936895727752713,0.08904281811711812,20,2,2,0,0,0,0,0,18,2,2,2,2,,1.0,0.1,1.0,NOT_ESTIMABLE,,,PROVISIONAL_SMALL_REQUEST_N,1.0,1.0,PROVISIONAL_SMALL_REQUEST_N,1.0,1.0,NOT_PRIMARY; use physical units and frozen spans
15,f15-5a9547401a37,DEVELOPMENT_5K_NOT_FORMAL_10K,HELDOUT_TRIPLE_AUDIT,STRICT_LUMPED,f12d43eace12231077007dc497fee8dad00fbe58cb2f1fe2c6159c47636b97a0,selected_q_proxy,all_finite_diagnostic,emx_minus_target,K_abs,dimensionless,2,0.001259401558050613,0.0015161121101919754,-0.0008440993106563072,0.001259401558050613,0.0019346810065756588,0.0020190909376412896,PROVISIONAL_SMALL_REQUEST_N,2,0.00041530224739430577,0.00210350086870692,0.00041530224739430577,0.00210350086870692,-0.00210350086870692,0.00041530224739430577,0.00041530224739430577,0.00210350086870692,0.00041530224739430577,0.00210350086870692,0.00041530224739430577,0.00210350086870692,20,2,2,0,0,0,0,0,18,2,2,2,2,,1.0,0.1,1.0,NOT_ESTIMABLE,,,PROVISIONAL_SMALL_REQUEST_N,1.0,1.0,PROVISIONAL_SMALL_REQUEST_N,1.0,1.0,NOT_PRIMARY; use physical units and frozen spans
15,f15-5a9547401a37,DEVELOPMENT_5K_NOT_FORMAL_10K,HELDOUT_TRIPLE_AUDIT,STRICT_LUMPED,f12d43eace12231077007dc497fee8dad00fbe58cb2f1fe2c6159c47636b97a0,selected_q_proxy,all_finite_diagnostic,emx_minus_frozen_proxy,Lp_nH,nH,2,0.010775725453577745,0.012077040562797398,-0.0054533154781811755,0.010775725453577745,0.015138377836122685,0.0156837093839408,PROVISIONAL_SMALL_REQUEST_N,2,0.005322409975396569,0.01622904093175892,0.005322409975396569,0.01622904093175892,-0.01622904093175892,0.005322409975396569,0.005322409975396569,0.01622904093175892,0.005322409975396569,0.01622904093175892,0.005322409975396569,0.01622904093175892,20,2,2,0,0,0,0,0,18,2,2,2,2,,1.0,0.1,1.0,NOT_ESTIMABLE,,,PROVISIONAL_SMALL_REQUEST_N,1.0,1.0,PROVISIONAL_SMALL_REQUEST_N,1.0,1.0,NOT_PRIMARY; use physical units and frozen spans
15,f15-5a9547401a37,DEVELOPMENT_5K_NOT_FORMAL_10K,HELDOUT_TRIPLE_AUDIT,STRICT_LUMPED,f12d43eace12231077007dc497fee8dad00fbe58cb2f1fe2c6159c47636b97a0,selected_q_proxy,all_finite_diagnostic,emx_minus_frozen_proxy,Ls_nH,nH,2,0.004089817386286609,0.004167123582809062,0.004089817386286609,0.004089817386286609,0.0047289731801177905,0.004808867654346688,PROVISIONAL_SMALL_REQUEST_N,2,0.0032908726439976332,0.0048887621285755856,0.0032908726439976332,0.0048887621285755856,0.0032908726439976332,0.0048887621285755856,0.0032908726439976332,0.0048887621285755856,0.0032908726439976332,0.0048887621285755856,0.0032908726439976332,0.0048887621285755856,20,2,2,0,0,0,0,0,18,2,2,2,2,,1.0,0.1,1.0,NOT_ESTIMABLE,,,PROVISIONAL_SMALL_REQUEST_N,1.0,1.0,PROVISIONAL_SMALL_REQUEST_N,1.0,1.0,NOT_PRIMARY; use physical units and frozen spans
15,f15-5a9547401a37,DEVELOPMENT_5K_NOT_FORMAL_10K,HELDOUT_TRIPLE_AUDIT,STRICT_LUMPED,f12d43eace12231077007dc497fee8dad00fbe58cb2f1fe2c6159c47636b97a0,selected_q_proxy,all_finite_diagnostic,emx_minus_frozen_proxy,Qmin,dimensionless,2,0.08142974176226403,0.0814312686331433,-0.000498665954463462,0.08142974176226403,0.0818286745258348,0.08187854112128115,PROVISIONAL_SMALL_REQUEST_N,2,0.08093107580780057,0.08192840771672749,0.08093107580780057,0.08192840771672749,-0.08192840771672749,0.08093107580780057,0.08093107580780057,0.08192840771672749,0.08093107580780057,0.08192840771672749,0.08093107580780057,0.08192840771672749,20,2,2,0,0,0,0,0,18,2,2,2,2,,1.0,0.1,1.0,NOT_ESTIMABLE,,,PROVISIONAL_SMALL_REQUEST_N,1.0,1.0,PROVISIONAL_SMALL_REQUEST_N,1.0,1.0,NOT_PRIMARY; use physical units and frozen spans
15,f15-5a9547401a37,DEVELOPMENT_5K_NOT_FORMAL_10K,HELDOUT_TRIPLE_AUDIT,STRICT_LUMPED,f12d43eace12231077007dc497fee8dad00fbe58cb2f1fe2c6159c47636b97a0,selected_q_proxy,all_finite_diagnostic,emx_minus_frozen_proxy,K_abs,dimensionless,2,0.002065844711722581,0.00214883705798291,-0.0005914273656236202,0.002065844711722581,0.002538986604221477,0.002598129340783839,PROVISIONAL_SMALL_REQUEST_N,2,0.0014744173460989607,0.002657272077346201,0.0014744173460989607,0.002657272077346201,-0.002657272077346201,0.0014744173460989607,0.0014744173460989607,0.002657272077346201,0.0014744173460989607,0.002657272077346201,0.0014744173460989607,0.002657272077346201,20,2,2,0,0,0,0,0,18,2,2,2,2,,1.0,0.1,1.0,NOT_ESTIMABLE,,,PROVISIONAL_SMALL_REQUEST_N,1.0,1.0,PROVISIONAL_SMALL_REQUEST_N,1.0,1.0,NOT_PRIMARY; use physical units and frozen spans
5,f5-fac1f3ff42e4,FORMAL_10K,HELDOUT_TRIPLE_AUDIT,STRICT_LUMPED,f12d43eace12231077007dc497fee8dad00fbe58cb2f1fe2c6159c47636b97a0,all_candidates,strict_valid,emx_minus_target,Lp_nH,nH,18,0.07422047042190312,0.09369518216486065,-0.07289385508389469,0.09754211271888191,0.14575935053263517,0.14752884600333038,PROVISIONAL_SMALL_REQUEST_N,2,0.07119888016262758,0.07799745824599755,0.08719995540269235,0.10122984161920848,-0.07739419970239228,-0.06929357938909661,0.08883957709327894,0.09754211271888191,0.11789552957186163,0.1476630052431146,0.11797374696736873,0.14785466129994917,220,18,18,0,0,0,4,0,198,6,18,18,22,,0.2727272727272727,0.02727272727272727,0.3333333333333333,NOT_ESTIMABLE,,,PROVISIONAL_SMALL_REQUEST_N,0.2727272727272727,0.2727272727272727,PROVISIONAL_SMALL_REQUEST_N,0.3,0.375,NOT_PRIMARY; use physical units and frozen spans
5,f5-fac1f3ff42e4,FORMAL_10K,HELDOUT_TRIPLE_AUDIT,STRICT_LUMPED,f12d43eace12231077007dc497fee8dad00fbe58cb2f1fe2c6159c47636b97a0,all_candidates,strict_valid,emx_minus_target,Ls_nH,nH,18,0.27270166796022005,0.33256434766996046,0.27270166796022005,0.33712668049600414,0.49362975258442415,0.5248535915875677,PROVISIONAL_SMALL_REQUEST_N,2,0.2637210451158352,0.28392744651570107,0.31551696476933133,0.35271682437334184,0.2637210451158352,0.28392744651570107,0.30887809803636845,0.33899072309826406,0.42839085861467224,0.5261588641672561,0.430300772305924,0.5280235392810966,220,18,18,0,0,0,4,0,198,6,18,18,22,,0.2727272727272727,0.02727272727272727,0.3333333333333333,NOT_ESTIMABLE,,,PROVISIONAL_SMALL_REQUEST_N,0.2727272727272727,0.2727272727272727,PROVISIONAL_SMALL_REQUEST_N,0.3,0.375,NOT_PRIMARY; use physical units and frozen spans
5,f5-fac1f3ff42e4,FORMAL_10K,HELDOUT_TRIPLE_AUDIT,STRICT_LUMPED,f12d43eace12231077007dc497fee8dad00fbe58cb2f1fe2c6159c47636b97a0,all_candidates,strict_valid,emx_minus_target,Qmin,dimensionless,18,3.112231930101215,4.306297416032706,-3.090038446717256,1.9814382773023453,7.493788584871974,8.111053336481953,PROVISIONAL_SMALL_REQUEST_N,2,2.945930515478004,3.245273061799784,4.193897316572354,4.394147883495923,-3.2391142616542337,-2.9036936780460336,1.59664655737335,2.4516141865942274,7.211918343971519,7.670132392409895,8.1109919112547,8.11140141276972,220,18,18,0,0,0,4,0,198,6,18,18,22,,0.2727272727272727,0.02727272727272727,0.3333333333333333,NOT_ESTIMABLE,,,PROVISIONAL_SMALL_REQUEST_N,0.2727272727272727,0.2727272727272727,PROVISIONAL_SMALL_REQUEST_N,0.3,0.375,NOT_PRIMARY; use physical units and frozen spans
5,f5-fac1f3ff42e4,FORMAL_10K,HELDOUT_TRIPLE_AUDIT,STRICT_LUMPED,f12d43eace12231077007dc497fee8dad00fbe58cb2f1fe2c6159c47636b97a0,all_candidates,strict_valid,emx_minus_target,K_abs,dimensionless,18,0.09987762746434607,0.1265758700256198,-0.09957612704796451,0.11603269402932474,0.1842768894004852,0.19436594835639368,PROVISIONAL_SMALL_REQUEST_N,2,0.09480110159822137,0.10393884815724583,0.12489231093788157,0.12790676333100245,-0.10351763815349081,-0.09464923816605662,0.08436327256951089,0.13109069591477185,0.17886886516873196,0.19481201294596331,0.1800349372215474,0.19544924807391995,220,18,18,0,0,0,4,0,198,6,18,18,22,,0.2727272727272727,0.02727272727272727,0.3333333333333333,NOT_ESTIMABLE,,,PROVISIONAL_SMALL_REQUEST_N,0.2727272727272727,0.2727272727272727,PROVISIONAL_SMALL_REQUEST_N,0.3,0.375,NOT_PRIMARY; use physical units and frozen spans
5,f5-fac1f3ff42e4,FORMAL_10K,HELDOUT_TRIPLE_AUDIT,STRICT_LUMPED,f12d43eace12231077007dc497fee8dad00fbe58cb2f1fe2c6159c47636b97a0,all_candidates,strict_valid,emx_minus_frozen_proxy,Lp_nH,nH,18,0.011232416201777555,0.014617617776590479,-0.009036489968390337,0.006730296131919888,0.023332565388849157,0.02346265501871746,PROVISIONAL_SMALL_REQUEST_N,2,0.010138395801865235,0.012107632521707412,0.013620117329097596,0.015369075189671674,-0.010419130165801293,-0.00730818972162664,0.005628525168941523,0.010367127314974023,0.02324897087498934,0.023332565388849157,0.023435744707833717,0.023615146780392005,220,18,18,0,0,0,4,0,198,6,18,18,22,,0.2727272727272727,0.02727272727272727,0.3333333333333333,NOT_ESTIMABLE,,,PROVISIONAL_SMALL_REQUEST_N,0.2727272727272727,0.2727272727272727,PROVISIONAL_SMALL_REQUEST_N,0.3,0.375,NOT_PRIMARY; use physical units and frozen spans
5,f5-fac1f3ff42e4,FORMAL_10K,HELDOUT_TRIPLE_AUDIT,STRICT_LUMPED,f12d43eace12231077007dc497fee8dad00fbe58cb2f1fe2c6159c47636b97a0,all_candidates,strict_valid,emx_minus_frozen_proxy,Ls_nH,nH,18,0.014603988534046862,0.018334561364651496,0.013195614762239134,0.015198097075173944,0.027353736038715982,0.027435894936516547,PROVISIONAL_SMALL_REQUEST_N,2,0.01380986275277779,0.015239289159062119,0.017535349639504913,0.018949677126477917,0.01196391955373527,0.014180970929042224,0.011416240481293527,0.018642405159945197,0.02716539157128135,0.027492170243620384,0.027398173609701093,0.02764964912180412,220,18,18,0,0,0,4,0,198,6,18,18,22,,0.2727272727272727,0.02727272727272727,0.3333333333333333,NOT_ESTIMABLE,,,PROVISIONAL_SMALL_REQUEST_N,0.2727272727272727,0.2727272727272727,PROVISIONAL_SMALL_REQUEST_N,0.3,0.375,NOT_PRIMARY; use physical units and frozen spans
5,f5-fac1f3ff42e4,FORMAL_10K,HELDOUT_TRIPLE_AUDIT,STRICT_LUMPED,f12d43eace12231077007dc497fee8dad00fbe58cb2f1fe2c6159c47636b97a0,all_candidates,strict_valid,emx_minus_frozen_proxy,Qmin,dimensionless,18,0.32428645712655196,0.4052297637331841,-0.243749712705076,0.1800389679834371,0.6345123574812295,0.6513816748486952,PROVISIONAL_SMALL_REQUEST_N,2,0.31962924134426585,0.32801222975238087,0.4025012953501862,0.4073993818608365,-0.26912334063372595,-0.2120326777942636,0.1800389679834371,0.2460248921606336,0.6252655882342124,0.6885025439296708,0.6341007688488212,0.7415323569024928,220,18,18,0,0,0,4,0,198,6,18,18,22,,0.2727272727272727,0.02727272727272727,0.3333333333333333,NOT_ESTIMABLE,,,PROVISIONAL_SMALL_REQUEST_N,0.2727272727272727,0.2727272727272727,PROVISIONAL_SMALL_REQUEST_N,0.3,0.375,NOT_PRIMARY; use physical units and frozen spans
5,f5-fac1f3ff42e4,FORMAL_10K,HELDOUT_TRIPLE_AUDIT,STRICT_LUMPED,f12d43eace12231077007dc497fee8dad00fbe58cb2f1fe2c6159c47636b97a0,all_candidates,strict_valid,emx_minus_frozen_proxy,K_abs,dimensionless,18,0.005639727749266431,0.006396368986326121,0.0034099201392160097,0.006585337088004614,0.00859698442946978,0.008959309525698702,PROVISIONAL_SMALL_REQUEST_N,2,0.004812203574157502,0.006674132968152592,0.0056431456547324805,0.007228353226712178,0.0019557950890811346,0.00457322017932391,0.005247721974878841,0.007495940591940559,0.008278332875033607,0.00974398450882863,0.00858582622186492,0.010864948770442806,220,18,18,0,0,0,4,0,198,6,18,18,22,,0.2727272727272727,0.02727272727272727,0.3333333333333333,NOT_ESTIMABLE,,,PROVISIONAL_SMALL_REQUEST_N,0.2727272727272727,0.2727272727272727,PROVISIONAL_SMALL_REQUEST_N,0.3,0.375,NOT_PRIMARY; use physical units and frozen spans
5,f5-fac1f3ff42e4,FORMAL_10K,HELDOUT_TRIPLE_AUDIT,STRICT_LUMPED,f12d43eace12231077007dc497fee8dad00fbe58cb2f1fe2c6159c47636b97a0,all_candidates,all_finite_diagnostic,emx_minus_target,Lp_nH,nH,18,0.07422047042190312,0.09369518216486065,-0.07289385508389469,0.09754211271888191,0.14575935053263517,0.14752884600333038,PROVISIONAL_SMALL_REQUEST_N,2,0.07119888016262758,0.07799745824599755,0.08719995540269235,0.10122984161920848,-0.07739419970239228,-0.06929357938909661,0.08883957709327894,0.09754211271888191,0.11789552957186163,0.1476630052431146,0.11797374696736873,0.14785466129994917,220,18,18,0,0,0,4,0,198,6,18,18,22,,0.2727272727272727,0.02727272727272727,0.3333333333333333,NOT_ESTIMABLE,,,PROVISIONAL_SMALL_REQUEST_N,0.2727272727272727,0.2727272727272727,PROVISIONAL_SMALL_REQUEST_N,0.3,0.375,NOT_PRIMARY; use physical units and frozen spans
5,f5-fac1f3ff42e4,FORMAL_10K,HELDOUT_TRIPLE_AUDIT,STRICT_LUMPED,f12d43eace12231077007dc497fee8dad00fbe58cb2f1fe2c6159c47636b97a0,all_candidates,all_finite_diagnostic,emx_minus_target,Ls_nH,nH,18,0.27270166796022005,0.33256434766996046,0.27270166796022005,0.33712668049600414,0.49362975258442415,0.5248535915875677,PROVISIONAL_SMALL_REQUEST_N,2,0.2637210451158352,0.28392744651570107,0.31551696476933133,0.35271682437334184,0.2637210451158352,0.28392744651570107,0.30887809803636845,0.33899072309826406,0.42839085861467224,0.5261588641672561,0.430300772305924,0.5280235392810966,220,18,18,0,0,0,4,0,198,6,18,18,22,,0.2727272727272727,0.02727272727272727,0.3333333333333333,NOT_ESTIMABLE,,,PROVISIONAL_SMALL_REQUEST_N,0.2727272727272727,0.2727272727272727,PROVISIONAL_SMALL_REQUEST_N,0.3,0.375,NOT_PRIMARY; use physical units and frozen spans
5,f5-fac1f3ff42e4,FORMAL_10K,HELDOUT_TRIPLE_AUDIT,STRICT_LUMPED,f12d43eace12231077007dc497fee8dad00fbe58cb2f1fe2c6159c47636b97a0,all_candidates,all_finite_diagnostic,emx_minus_target,Qmin,dimensionless,18,3.112231930101215,4.306297416032706,-3.090038446717256,1.9814382773023453,7.493788584871974,8.111053336481953,PROVISIONAL_SMALL_REQUEST_N,2,2.945930515478004,3.245273061799784,4.193897316572354,4.394147883495923,-3.2391142616542337,-2.9036936780460336,1.59664655737335,2.4516141865942274,7.211918343971519,7.670132392409895,8.1109919112547,8.11140141276972,220,18,18,0,0,0,4,0,198,6,18,18,22,,0.2727272727272727,0.02727272727272727,0.3333333333333333,NOT_ESTIMABLE,,,PROVISIONAL_SMALL_REQUEST_N,0.2727272727272727,0.2727272727272727,PROVISIONAL_SMALL_REQUEST_N,0.3,0.375,NOT_PRIMARY; use physical units and frozen spans
5,f5-fac1f3ff42e4,FORMAL_10K,HELDOUT_TRIPLE_AUDIT,STRICT_LUMPED,f12d43eace12231077007dc497fee8dad00fbe58cb2f1fe2c6159c47636b97a0,all_candidates,all_finite_diagnostic,emx_minus_target,K_abs,dimensionless,18,0.09987762746434607,0.1265758700256198,-0.09957612704796451,0.11603269402932474,0.1842768894004852,0.19436594835639368,PROVISIONAL_SMALL_REQUEST_N,2,0.09480110159822137,0.10393884815724583,0.12489231093788157,0.12790676333100245,-0.10351763815349081,-0.09464923816605662,0.08436327256951089,0.13109069591477185,0.17886886516873196,0.19481201294596331,0.1800349372215474,0.19544924807391995,220,18,18,0,0,0,4,0,198,6,18,18,22,,0.2727272727272727,0.02727272727272727,0.3333333333333333,NOT_ESTIMABLE,,,PROVISIONAL_SMALL_REQUEST_N,0.2727272727272727,0.2727272727272727,PROVISIONAL_SMALL_REQUEST_N,0.3,0.375,NOT_PRIMARY; use physical units and frozen spans
5,f5-fac1f3ff42e4,FORMAL_10K,HELDOUT_TRIPLE_AUDIT,STRICT_LUMPED,f12d43eace12231077007dc497fee8dad00fbe58cb2f1fe2c6159c47636b97a0,all_candidates,all_finite_diagnostic,emx_minus_frozen_proxy,Lp_nH,nH,18,0.011232416201777555,0.014617617776590479,-0.009036489968390337,0.006730296131919888,0.023332565388849157,0.02346265501871746,PROVISIONAL_SMALL_REQUEST_N,2,0.010138395801865235,0.012107632521707412,0.013620117329097596,0.015369075189671674,-0.010419130165801293,-0.00730818972162664,0.005628525168941523,0.010367127314974023,0.02324897087498934,0.023332565388849157,0.023435744707833717,0.023615146780392005,220,18,18,0,0,0,4,0,198,6,18,18,22,,0.2727272727272727,0.02727272727272727,0.3333333333333333,NOT_ESTIMABLE,,,PROVISIONAL_SMALL_REQUEST_N,0.2727272727272727,0.2727272727272727,PROVISIONAL_SMALL_REQUEST_N,0.3,0.375,NOT_PRIMARY; use physical units and frozen spans
5,f5-fac1f3ff42e4,FORMAL_10K,HELDOUT_TRIPLE_AUDIT,STRICT_LUMPED,f12d43eace12231077007dc497fee8dad00fbe58cb2f1fe2c6159c47636b97a0,all_candidates,all_finite_diagnostic,emx_minus_frozen_proxy,Ls_nH,nH,18,0.014603988534046862,0.018334561364651496,0.013195614762239134,0.015198097075173944,0.027353736038715982,0.027435894936516547,PROVISIONAL_SMALL_REQUEST_N,2,0.01380986275277779,0.015239289159062119,0.017535349639504913,0.018949677126477917,0.01196391955373527,0.014180970929042224,0.011416240481293527,0.018642405159945197,0.02716539157128135,0.027492170243620384,0.027398173609701093,0.02764964912180412,220,18,18,0,0,0,4,0,198,6,18,18,22,,0.2727272727272727,0.02727272727272727,0.3333333333333333,NOT_ESTIMABLE,,,PROVISIONAL_SMALL_REQUEST_N,0.2727272727272727,0.2727272727272727,PROVISIONAL_SMALL_REQUEST_N,0.3,0.375,NOT_PRIMARY; use physical units and frozen spans
5,f5-fac1f3ff42e4,FORMAL_10K,HELDOUT_TRIPLE_AUDIT,STRICT_LUMPED,f12d43eace12231077007dc497fee8dad00fbe58cb2f1fe2c6159c47636b97a0,all_candidates,all_finite_diagnostic,emx_minus_frozen_proxy,Qmin,dimensionless,18,0.32428645712655196,0.4052297637331841,-0.243749712705076,0.1800389679834371,0.6345123574812295,0.6513816748486952,PROVISIONAL_SMALL_REQUEST_N,2,0.31962924134426585,0.32801222975238087,0.4025012953501862,0.4073993818608365,-0.26912334063372595,-0.2120326777942636,0.1800389679834371,0.2460248921606336,0.6252655882342124,0.6885025439296708,0.6341007688488212,0.7415323569024928,220,18,18,0,0,0,4,0,198,6,18,18,22,,0.2727272727272727,0.02727272727272727,0.3333333333333333,NOT_ESTIMABLE,,,PROVISIONAL_SMALL_REQUEST_N,0.2727272727272727,0.2727272727272727,PROVISIONAL_SMALL_REQUEST_N,0.3,0.375,NOT_PRIMARY; use physical units and frozen spans
5,f5-fac1f3ff42e4,FORMAL_10K,HELDOUT_TRIPLE_AUDIT,STRICT_LUMPED,f12d43eace12231077007dc497fee8dad00fbe58cb2f1fe2c6159c47636b97a0,all_candidates,all_finite_diagnostic,emx_minus_frozen_proxy,K_abs,dimensionless,18,0.005639727749266431,0.006396368986326121,0.0034099201392160097,0.006585337088004614,0.00859698442946978,0.008959309525698702,PROVISIONAL_SMALL_REQUEST_N,2,0.004812203574157502,0.006674132968152592,0.0056431456547324805,0.007228353226712178,0.0019557950890811346,0.00457322017932391,0.005247721974878841,0.007495940591940559,0.008278332875033607,0.00974398450882863,0.00858582622186492,0.010864948770442806,220,18,18,0,0,0,4,0,198,6,18,18,22,,0.2727272727272727,0.02727272727272727,0.3333333333333333,NOT_ESTIMABLE,,,PROVISIONAL_SMALL_REQUEST_N,0.2727272727272727,0.2727272727272727,PROVISIONAL_SMALL_REQUEST_N,0.3,0.375,NOT_PRIMARY; use physical units and frozen spans
5,f5-fac1f3ff42e4,FORMAL_10K,HELDOUT_TRIPLE_AUDIT,STRICT_LUMPED,f12d43eace12231077007dc497fee8dad00fbe58cb2f1fe2c6159c47636b97a0,selected_q_proxy,strict_valid,emx_minus_target,Lp_nH,nH,2,0.0018225734882859612,0.0018410716089243663,0.00026032777221129955,0.0018225734882859612,0.002030835706055001,0.002056868483276131,PROVISIONAL_SMALL_REQUEST_N,2,0.0015622457160746617,0.0020829012604972608,0.0015622457160746617,0.0020829012604972608,-0.0015622457160746617,0.0020829012604972608,0.0015622457160746617,0.0020829012604972608,0.0015622457160746617,0.0020829012604972608,0.0015622457160746617,0.0020829012604972608,20,2,2,0,0,0,0,0,18,2,2,2,2,,1.0,0.1,1.0,NOT_ESTIMABLE,,,PROVISIONAL_SMALL_REQUEST_N,1.0,1.0,PROVISIONAL_SMALL_REQUEST_N,1.0,1.0,NOT_PRIMARY; use physical units and frozen spans
5,f5-fac1f3ff42e4,FORMAL_10K,HELDOUT_TRIPLE_AUDIT,STRICT_LUMPED,f12d43eace12231077007dc497fee8dad00fbe58cb2f1fe2c6159c47636b97a0,selected_q_proxy,strict_valid,emx_minus_target,Ls_nH,nH,2,8.896294135785077e-05,0.00011422586313385402,8.896294135785077e-05,8.896294135785077e-05,0.00014627970539007328,0.0001534443008941011,PROVISIONAL_SMALL_REQUEST_N,2,1.7316986317572614e-05,0.00016060889639812892,1.7316986317572614e-05,0.00016060889639812892,1.7316986317572614e-05,0.00016060889639812892,1.7316986317572614e-05,0.00016060889639812892,1.7316986317572614e-05,0.00016060889639812892,1.7316986317572614e-05,0.00016060889639812892,20,2,2,0,0,0,0,0,18,2,2,2,2,,1.0,0.1,1.0,NOT_ESTIMABLE,,,PROVISIONAL_SMALL_REQUEST_N,1.0,1.0,PROVISIONAL_SMALL_REQUEST_N,1.0,1.0,NOT_PRIMARY; use physical units and frozen spans
5,f5-fac1f3ff42e4,FORMAL_10K,HELDOUT_TRIPLE_AUDIT,STRICT_LUMPED,f12d43eace12231077007dc497fee8dad00fbe58cb2f1fe2c6159c47636b97a0,selected_q_proxy,strict_valid,emx_minus_target,Qmin,dimensionless,2,0.12568139960201652,0.13292011377596544,0.04326595012586498,0.12568139960201652,0.1602941597027085,0.164620754715295,PROVISIONAL_SMALL_REQUEST_N,2,0.08241544947615154,0.1689473497278815,0.08241544947615154,0.1689473497278815,-0.08241544947615154,0.1689473497278815,0.08241544947615154,0.1689473497278815,0.08241544947615154,0.1689473497278815,0.08241544947615154,0.1689473497278815,20,2,2,0,0,0,0,0,18,2,2,2,2,,1.0,0.1,1.0,NOT_ESTIMABLE,,,PROVISIONAL_SMALL_REQUEST_N,1.0,1.0,PROVISIONAL_SMALL_REQUEST_N,1.0,1.0,NOT_PRIMARY; use physical units and frozen spans
5,f5-fac1f3ff42e4,FORMAL_10K,HELDOUT_TRIPLE_AUDIT,STRICT_LUMPED,f12d43eace12231077007dc497fee8dad00fbe58cb2f1fe2c6159c47636b97a0,selected_q_proxy,strict_valid,emx_minus_target,K_abs,dimensionless,2,0.0001753453987016762,0.00022614908116052286,-0.0001753453987016762,0.0001753453987016762,0.0002896009664473898,0.00030388291241560396,PROVISIONAL_SMALL_REQUEST_N,2,3.252593901953427e-05,0.00031816485838381814,3.252593901953427e-05,0.00031816485838381814,-0.00031816485838381814,-3.252593901953427e-05,3.252593901953427e-05,0.00031816485838381814,3.252593901953427e-05,0.00031816485838381814,3.252593901953427e-05,0.00031816485838381814,20,2,2,0,0,0,0,0,18,2,2,2,2,,1.0,0.1,1.0,NOT_ESTIMABLE,,,PROVISIONAL_SMALL_REQUEST_N,1.0,1.0,PROVISIONAL_SMALL_REQUEST_N,1.0,1.0,NOT_PRIMARY; use physical units and frozen spans
5,f5-fac1f3ff42e4,FORMAL_10K,HELDOUT_TRIPLE_AUDIT,STRICT_LUMPED,f12d43eace12231077007dc497fee8dad00fbe58cb2f1fe2c6159c47636b97a0,selected_q_proxy,strict_valid,emx_minus_frozen_proxy,Lp_nH,nH,2,0.002043466864344645,0.002064580914231888,-0.002043466864344645,0.002043466864344645,0.0022790767462916193,0.002308527981534991,PROVISIONAL_SMALL_REQUEST_N,2,0.0017489545119109273,0.002337979216778363,0.0017489545119109273,0.002337979216778363,-0.002337979216778363,-0.0017489545119109273,0.0017489545119109273,0.002337979216778363,0.0017489545119109273,0.002337979216778363,0.0017489545119109273,0.002337979216778363,20,2,2,0,0,0,0,0,18,2,2,2,2,,1.0,0.1,1.0,NOT_ESTIMABLE,,,PROVISIONAL_SMALL_REQUEST_N,1.0,1.0,PROVISIONAL_SMALL_REQUEST_N,1.0,1.0,NOT_PRIMARY; use physical units and frozen spans
5,f5-fac1f3ff42e4,FORMAL_10K,HELDOUT_TRIPLE_AUDIT,STRICT_LUMPED,f12d43eace12231077007dc497fee8dad00fbe58cb2f1fe2c6159c47636b97a0,selected_q_proxy,strict_valid,emx_minus_frozen_proxy,Ls_nH,nH,2,0.0021185177649337694,0.0021234610605292063,-0.0021185177649337694,0.0021185177649337694,0.0022343641604584573,0.0022488449598990433,PROVISIONAL_SMALL_REQUEST_N,2,0.0019737097705279094,0.0022633257593396294,0.0019737097705279094,0.0022633257593396294,-0.0022633257593396294,-0.0019737097705279094,0.0019737097705279094,0.0022633257593396294,0.0019737097705279094,0.0022633257593396294,0.0019737097705279094,0.0022633257593396294,20,2,2,0,0,0,0,0,18,2,2,2,2,,1.0,0.1,1.0,NOT_ESTIMABLE,,,PROVISIONAL_SMALL_REQUEST_N,1.0,1.0,PROVISIONAL_SMALL_REQUEST_N,1.0,1.0,NOT_PRIMARY; use physical units and frozen spans
5,f5-fac1f3ff42e4,FORMAL_10K,HELDOUT_TRIPLE_AUDIT,STRICT_LUMPED,f12d43eace12231077007dc497fee8dad00fbe58cb2f1fe2c6159c47636b97a0,selected_q_proxy,strict_valid,emx_minus_frozen_proxy,Qmin,dimensionless,2,0.10379934241207511,0.11172745196462121,0.04133666698377514,0.10379934241207511,0.13686867599909525,0.14100234269747275,PROVISIONAL_SMALL_REQUEST_N,2,0.062462675428299974,0.14513600939585025,0.062462675428299974,0.14513600939585025,-0.062462675428299974,0.14513600939585025,0.062462675428299974,0.14513600939585025,0.062462675428299974,0.14513600939585025,0.062462675428299974,0.14513600939585025,20,2,2,0,0,0,0,0,18,2,2,2,2,,1.0,0.1,1.0,NOT_ESTIMABLE,,,PROVISIONAL_SMALL_REQUEST_N,1.0,1.0,PROVISIONAL_SMALL_REQUEST_N,1.0,1.0,NOT_PRIMARY; use physical units and frozen spans
5,f5-fac1f3ff42e4,FORMAL_10K,HELDOUT_TRIPLE_AUDIT,STRICT_LUMPED,f12d43eace12231077007dc497fee8dad00fbe58cb2f1fe2c6159c47636b97a0,selected_q_proxy,strict_valid,emx_minus_frozen_proxy,K_abs,dimensionless,2,0.0013212624402874074,0.0013272895738772213,0.00012634546611944852,0.0013212624402874074,0.0014223388131829663,0.001434973359794911,PROVISIONAL_SMALL_REQUEST_N,2,0.0011949169741679588,0.0014476079064068559,0.0011949169741679588,0.0014476079064068559,-0.0011949169741679588,0.0014476079064068559,0.0011949169741679588,0.0014476079064068559,0.0011949169741679588,0.0014476079064068559,0.0011949169741679588,0.0014476079064068559,20,2,2,0,0,0,0,0,18,2,2,2,2,,1.0,0.1,1.0,NOT_ESTIMABLE,,,PROVISIONAL_SMALL_REQUEST_N,1.0,1.0,PROVISIONAL_SMALL_REQUEST_N,1.0,1.0,NOT_PRIMARY; use physical units and frozen spans
5,f5-fac1f3ff42e4,FORMAL_10K,HELDOUT_TRIPLE_AUDIT,STRICT_LUMPED,f12d43eace12231077007dc497fee8dad00fbe58cb2f1fe2c6159c47636b97a0,selected_q_proxy,all_finite_diagnostic,emx_minus_target,Lp_nH,nH,2,0.0018225734882859612,0.0018410716089243663,0.00026032777221129955,0.0018225734882859612,0.002030835706055001,0.002056868483276131,PROVISIONAL_SMALL_REQUEST_N,2,0.0015622457160746617,0.0020829012604972608,0.0015622457160746617,0.0020829012604972608,-0.0015622457160746617,0.0020829012604972608,0.0015622457160746617,0.0020829012604972608,0.0015622457160746617,0.0020829012604972608,0.0015622457160746617,0.0020829012604972608,20,2,2,0,0,0,0,0,18,2,2,2,2,,1.0,0.1,1.0,NOT_ESTIMABLE,,,PROVISIONAL_SMALL_REQUEST_N,1.0,1.0,PROVISIONAL_SMALL_REQUEST_N,1.0,1.0,NOT_PRIMARY; use physical units and frozen spans
5,f5-fac1f3ff42e4,FORMAL_10K,HELDOUT_TRIPLE_AUDIT,STRICT_LUMPED,f12d43eace12231077007dc497fee8dad00fbe58cb2f1fe2c6159c47636b97a0,selected_q_proxy,all_finite_diagnostic,emx_minus_target,Ls_nH,nH,2,8.896294135785077e-05,0.00011422586313385402,8.896294135785077e-05,8.896294135785077e-05,0.00014627970539007328,0.0001534443008941011,PROVISIONAL_SMALL_REQUEST_N,2,1.7316986317572614e-05,0.00016060889639812892,1.7316986317572614e-05,0.00016060889639812892,1.7316986317572614e-05,0.00016060889639812892,1.7316986317572614e-05,0.00016060889639812892,1.7316986317572614e-05,0.00016060889639812892,1.7316986317572614e-05,0.00016060889639812892,20,2,2,0,0,0,0,0,18,2,2,2,2,,1.0,0.1,1.0,NOT_ESTIMABLE,,,PROVISIONAL_SMALL_REQUEST_N,1.0,1.0,PROVISIONAL_SMALL_REQUEST_N,1.0,1.0,NOT_PRIMARY; use physical units and frozen spans
5,f5-fac1f3ff42e4,FORMAL_10K,HELDOUT_TRIPLE_AUDIT,STRICT_LUMPED,f12d43eace12231077007dc497fee8dad00fbe58cb2f1fe2c6159c47636b97a0,selected_q_proxy,all_finite_diagnostic,emx_minus_target,Qmin,dimensionless,2,0.12568139960201652,0.13292011377596544,0.04326595012586498,0.12568139960201652,0.1602941597027085,0.164620754715295,PROVISIONAL_SMALL_REQUEST_N,2,0.08241544947615154,0.1689473497278815,0.08241544947615154,0.1689473497278815,-0.08241544947615154,0.1689473497278815,0.08241544947615154,0.1689473497278815,0.08241544947615154,0.1689473497278815,0.08241544947615154,0.1689473497278815,20,2,2,0,0,0,0,0,18,2,2,2,2,,1.0,0.1,1.0,NOT_ESTIMABLE,,,PROVISIONAL_SMALL_REQUEST_N,1.0,1.0,PROVISIONAL_SMALL_REQUEST_N,1.0,1.0,NOT_PRIMARY; use physical units and frozen spans
5,f5-fac1f3ff42e4,FORMAL_10K,HELDOUT_TRIPLE_AUDIT,STRICT_LUMPED,f12d43eace12231077007dc497fee8dad00fbe58cb2f1fe2c6159c47636b97a0,selected_q_proxy,all_finite_diagnostic,emx_minus_target,K_abs,dimensionless,2,0.0001753453987016762,0.00022614908116052286,-0.0001753453987016762,0.0001753453987016762,0.0002896009664473898,0.00030388291241560396,PROVISIONAL_SMALL_REQUEST_N,2,3.252593901953427e-05,0.00031816485838381814,3.252593901953427e-05,0.00031816485838381814,-0.00031816485838381814,-3.252593901953427e-05,3.252593901953427e-05,0.00031816485838381814,3.252593901953427e-05,0.00031816485838381814,3.252593901953427e-05,0.00031816485838381814,20,2,2,0,0,0,0,0,18,2,2,2,2,,1.0,0.1,1.0,NOT_ESTIMABLE,,,PROVISIONAL_SMALL_REQUEST_N,1.0,1.0,PROVISIONAL_SMALL_REQUEST_N,1.0,1.0,NOT_PRIMARY; use physical units and frozen spans
5,f5-fac1f3ff42e4,FORMAL_10K,HELDOUT_TRIPLE_AUDIT,STRICT_LUMPED,f12d43eace12231077007dc497fee8dad00fbe58cb2f1fe2c6159c47636b97a0,selected_q_proxy,all_finite_diagnostic,emx_minus_frozen_proxy,Lp_nH,nH,2,0.002043466864344645,0.002064580914231888,-0.002043466864344645,0.002043466864344645,0.0022790767462916193,0.002308527981534991,PROVISIONAL_SMALL_REQUEST_N,2,0.0017489545119109273,0.002337979216778363,0.0017489545119109273,0.002337979216778363,-0.002337979216778363,-0.0017489545119109273,0.0017489545119109273,0.002337979216778363,0.0017489545119109273,0.002337979216778363,0.0017489545119109273,0.002337979216778363,20,2,2,0,0,0,0,0,18,2,2,2,2,,1.0,0.1,1.0,NOT_ESTIMABLE,,,PROVISIONAL_SMALL_REQUEST_N,1.0,1.0,PROVISIONAL_SMALL_REQUEST_N,1.0,1.0,NOT_PRIMARY; use physical units and frozen spans
5,f5-fac1f3ff42e4,FORMAL_10K,HELDOUT_TRIPLE_AUDIT,STRICT_LUMPED,f12d43eace12231077007dc497fee8dad00fbe58cb2f1fe2c6159c47636b97a0,selected_q_proxy,all_finite_diagnostic,emx_minus_frozen_proxy,Ls_nH,nH,2,0.0021185177649337694,0.0021234610605292063,-0.0021185177649337694,0.0021185177649337694,0.0022343641604584573,0.0022488449598990433,PROVISIONAL_SMALL_REQUEST_N,2,0.0019737097705279094,0.0022633257593396294,0.0019737097705279094,0.0022633257593396294,-0.0022633257593396294,-0.0019737097705279094,0.0019737097705279094,0.0022633257593396294,0.0019737097705279094,0.0022633257593396294,0.0019737097705279094,0.0022633257593396294,20,2,2,0,0,0,0,0,18,2,2,2,2,,1.0,0.1,1.0,NOT_ESTIMABLE,,,PROVISIONAL_SMALL_REQUEST_N,1.0,1.0,PROVISIONAL_SMALL_REQUEST_N,1.0,1.0,NOT_PRIMARY; use physical units and frozen spans
5,f5-fac1f3ff42e4,FORMAL_10K,HELDOUT_TRIPLE_AUDIT,STRICT_LUMPED,f12d43eace12231077007dc497fee8dad00fbe58cb2f1fe2c6159c47636b97a0,selected_q_proxy,all_finite_diagnostic,emx_minus_frozen_proxy,Qmin,dimensionless,2,0.10379934241207511,0.11172745196462121,0.04133666698377514,0.10379934241207511,0.13686867599909525,0.14100234269747275,PROVISIONAL_SMALL_REQUEST_N,2,0.062462675428299974,0.14513600939585025,0.062462675428299974,0.14513600939585025,-0.062462675428299974,0.14513600939585025,0.062462675428299974,0.14513600939585025,0.062462675428299974,0.14513600939585025,0.062462675428299974,0.14513600939585025,20,2,2,0,0,0,0,0,18,2,2,2,2,,1.0,0.1,1.0,NOT_ESTIMABLE,,,PROVISIONAL_SMALL_REQUEST_N,1.0,1.0,PROVISIONAL_SMALL_REQUEST_N,1.0,1.0,NOT_PRIMARY; use physical units and frozen spans
5,f5-fac1f3ff42e4,FORMAL_10K,HELDOUT_TRIPLE_AUDIT,STRICT_LUMPED,f12d43eace12231077007dc497fee8dad00fbe58cb2f1fe2c6159c47636b97a0,selected_q_proxy,all_finite_diagnostic,emx_minus_frozen_proxy,K_abs,dimensionless,2,0.0013212624402874074,0.0013272895738772213,0.00012634546611944852,0.0013212624402874074,0.0014223388131829663,0.001434973359794911,PROVISIONAL_SMALL_REQUEST_N,2,0.0011949169741679588,0.0014476079064068559,0.0011949169741679588,0.0014476079064068559,-0.0011949169741679588,0.0014476079064068559,0.0011949169741679588,0.0014476079064068559,0.0011949169741679588,0.0014476079064068559,0.0011949169741679588,0.0014476079064068559,20,2,2,0,0,0,0,0,18,2,2,2,2,,1.0,0.1,1.0,NOT_ESTIMABLE,,,PROVISIONAL_SMALL_REQUEST_N,1.0,1.0,PROVISIONAL_SMALL_REQUEST_N,1.0,1.0,NOT_PRIMARY; use physical units and frozen spans
10,f10-d26d41688df1,FORMAL_10K,HELDOUT_TRIPLE_AUDIT,STRICT_LUMPED,f12d43eace12231077007dc497fee8dad00fbe58cb2f1fe2c6159c47636b97a0,all_candidates,strict_valid,emx_minus_target,Lp_nH,nH,18,0.11663153849552498,0.21063513940217662,-0.10785280409187675,0.01738119137188232,0.3624013220878181,0.5000812483817911,PROVISIONAL_SMALL_REQUEST_N,2,0.062210822236210675,0.1710522547548393,0.1106587950478419,0.27656636632191645,-0.16235889384396568,-0.05334671433978783,0.012065062278387773,0.020931424553079614,0.2012273167351284,0.5158900151270627,0.2747798462497981,0.5896642599383293,220,18,18,0,0,3,1,0,198,10,18,18,22,,0.45454545454545453,0.045454545454545456,0.5555555555555556,NOT_ESTIMABLE,,,PROVISIONAL_SMALL_REQUEST_N,0.36363636363636365,0.5454545454545454,PROVISIONAL_SMALL_REQUEST_N,0.4444444444444444,0.6666666666666666,NOT_PRIMARY; use physical units and frozen spans
10,f10-d26d41688df1,FORMAL_10K,HELDOUT_TRIPLE_AUDIT,STRICT_LUMPED,f12d43eace12231077007dc497fee8dad00fbe58cb2f1fe2c6159c47636b97a0,all_candidates,strict_valid,emx_minus_target,Ls_nH,nH,18,0.03748123529616465,0.056255998330751185,-0.009975321936198532,0.011542214866554823,0.10257116497050954,0.13084878313564247,PROVISIONAL_SMALL_REQUEST_N,2,0.024629705329832625,0.05033276526249667,0.034214171755639664,0.07182524032298498,-0.043994027715370136,0.02404338384297307,0.010241893130971125,0.020006959585487927,0.06201624739269984,0.1310174230751212,0.06282159628427086,0.13180440945935534,220,18,18,0,0,3,1,0,198,10,18,18,22,,0.45454545454545453,0.045454545454545456,0.5555555555555556,NOT_ESTIMABLE,,,PROVISIONAL_SMALL_REQUEST_N,0.36363636363636365,0.5454545454545454,PROVISIONAL_SMALL_REQUEST_N,0.4444444444444444,0.6666666666666666,NOT_PRIMARY; use physical units and frozen spans
10,f10-d26d41688df1,FORMAL_10K,HELDOUT_TRIPLE_AUDIT,STRICT_LUMPED,f12d43eace12231077007dc497fee8dad00fbe58cb2f1fe2c6159c47636b97a0,all_candidates,strict_valid,emx_minus_target,Qmin,dimensionless,18,1.5093454359002518,2.321008780087705,-1.4622262461219893,0.3892231458126103,4.492589116954329,4.982520446418157,PROVISIONAL_SMALL_REQUEST_N,2,1.0417060473497832,1.9769848244507202,1.8599323542357735,2.7045914945062237,-1.969043272644024,-0.9554092195999545,0.2956635500424287,2.01070616716477,3.0582406971759992,4.566403817926654,4.945613095931995,5.1916620991730795,220,18,18,0,0,3,1,0,198,10,18,18,22,,0.45454545454545453,0.045454545454545456,0.5555555555555556,NOT_ESTIMABLE,,,PROVISIONAL_SMALL_REQUEST_N,0.36363636363636365,0.5454545454545454,PROVISIONAL_SMALL_REQUEST_N,0.4444444444444444,0.6666666666666666,NOT_PRIMARY; use physical units and frozen spans
10,f10-d26d41688df1,FORMAL_10K,HELDOUT_TRIPLE_AUDIT,STRICT_LUMPED,f12d43eace12231077007dc497fee8dad00fbe58cb2f1fe2c6159c47636b97a0,all_candidates,strict_valid,emx_minus_target,K_abs,dimensionless,18,0.024125753368632354,0.04544526065121507,-0.005046604811390928,0.0032077970178149007,0.08790381317887672,0.10670652998417011,PROVISIONAL_SMALL_REQUEST_N,2,0.0034654727000499336,0.044786034037214775,0.005689489014052875,0.0640169754523964,-0.009238770059963283,-0.0008544395628185742,0.0017772274342309213,0.027184372447235955,0.0073559199584526825,0.11081641090861095,0.01579017512214316,0.1299958552226679,220,18,18,0,0,3,1,0,198,10,18,18,22,,0.45454545454545453,0.045454545454545456,0.5555555555555556,NOT_ESTIMABLE,,,PROVISIONAL_SMALL_REQUEST_N,0.36363636363636365,0.5454545454545454,PROVISIONAL_SMALL_REQUEST_N,0.4444444444444444,0.6666666666666666,NOT_PRIMARY; use physical units and frozen spans
10,f10-d26d41688df1,FORMAL_10K,HELDOUT_TRIPLE_AUDIT,STRICT_LUMPED,f12d43eace12231077007dc497fee8dad00fbe58cb2f1fe2c6159c47636b97a0,all_candidates,strict_valid,emx_minus_frozen_proxy,Lp_nH,nH,18,0.009900083468720103,0.01253180539749648,0.008848958571524616,0.008445164668529626,0.01745957945348129,0.021538142785509334,PROVISIONAL_SMALL_REQUEST_N,2,0.008578526344925595,0.011221640592514614,0.009866064075248366,0.014722536218482785,0.0077423070899468194,0.009955610053102415,0.008364781584554004,0.011180312241966472,0.01573616629247283,0.023379067303995957,0.016500591390534947,0.031970048390266737,220,18,18,0,0,3,1,0,198,10,18,18,22,,0.45454545454545453,0.045454545454545456,0.5555555555555556,NOT_ESTIMABLE,,,PROVISIONAL_SMALL_REQUEST_N,0.36363636363636365,0.5454545454545454,PROVISIONAL_SMALL_REQUEST_N,0.4444444444444444,0.6666666666666666,NOT_PRIMARY; use physical units and frozen spans
10,f10-d26d41688df1,FORMAL_10K,HELDOUT_TRIPLE_AUDIT,STRICT_LUMPED,f12d43eace12231077007dc497fee8dad00fbe58cb2f1fe2c6159c47636b97a0,all_candidates,strict_valid,emx_minus_frozen_proxy,Ls_nH,nH,18,0.014535023844897244,0.01854481125262206,0.013427377292857985,0.014040142016753188,0.030555574041797436,0.03648170986103029,PROVISIONAL_SMALL_REQUEST_N,2,0.013310523195831358,0.01575952449396313,0.017653739395805185,0.019394987345594,0.013153575385183124,0.013701179200532845,0.013973646978670429,0.01629731048634353,0.027249408229523455,0.030555574041797436,0.03583031761720634,0.040172932576032716,220,18,18,0,0,3,1,0,198,10,18,18,22,,0.45454545454545453,0.045454545454545456,0.5555555555555556,NOT_ESTIMABLE,,,PROVISIONAL_SMALL_REQUEST_N,0.36363636363636365,0.5454545454545454,PROVISIONAL_SMALL_REQUEST_N,0.4444444444444444,0.6666666666666666,NOT_PRIMARY; use physical units and frozen spans
10,f10-d26d41688df1,FORMAL_10K,HELDOUT_TRIPLE_AUDIT,STRICT_LUMPED,f12d43eace12231077007dc497fee8dad00fbe58cb2f1fe2c6159c47636b97a0,all_candidates,strict_valid,emx_minus_frozen_proxy,Qmin,dimensionless,18,0.14686858871264905,0.18082827900914278,-0.09854455887291153,0.14570819941124125,0.2990398388019747,0.31657442996808394,PROVISIONAL_SMALL_REQUEST_N,2,0.14634961419148318,0.1473875632338149,0.1794753811339433,0.18217112983577438,-0.140029872036385,-0.057059245709438024,0.14340492678563344,0.1509202584895455,0.2831132812769088,0.2990398388019747,0.3101013820444649,0.35325503486859233,220,18,18,0,0,3,1,0,198,10,18,18,22,,0.45454545454545453,0.045454545454545456,0.5555555555555556,NOT_ESTIMABLE,,,PROVISIONAL_SMALL_REQUEST_N,0.36363636363636365,0.5454545454545454,PROVISIONAL_SMALL_REQUEST_N,0.4444444444444444,0.6666666666666666,NOT_PRIMARY; use physical units and frozen spans
10,f10-d26d41688df1,FORMAL_10K,HELDOUT_TRIPLE_AUDIT,STRICT_LUMPED,f12d43eace12231077007dc497fee8dad00fbe58cb2f1fe2c6159c47636b97a0,all_candidates,strict_valid,emx_minus_frozen_proxy,K_abs,dimensionless,18,0.0030432986823882655,0.004356857261349095,0.0012863734869177287,0.0021370310752767546,0.006396459964944554,0.0080730263185538,PROVISIONAL_SMALL_REQUEST_N,2,0.0013469082899710966,0.0047396890748054345,0.0018713427560008511,0.005870475847927816,4.405455812807324e-05,0.0025286924157073842,0.000758599876352184,0.0037133784204886333,0.0033043368958681563,0.00883975794306472,0.004373219020886346,0.01241783885744896,220,18,18,0,0,3,1,0,198,10,18,18,22,,0.45454545454545453,0.045454545454545456,0.5555555555555556,NOT_ESTIMABLE,,,PROVISIONAL_SMALL_REQUEST_N,0.36363636363636365,0.5454545454545454,PROVISIONAL_SMALL_REQUEST_N,0.4444444444444444,0.6666666666666666,NOT_PRIMARY; use physical units and frozen spans
10,f10-d26d41688df1,FORMAL_10K,HELDOUT_TRIPLE_AUDIT,STRICT_LUMPED,f12d43eace12231077007dc497fee8dad00fbe58cb2f1fe2c6159c47636b97a0,all_candidates,all_finite_diagnostic,emx_minus_target,Lp_nH,nH,18,0.11663153849552498,0.21063513940217662,-0.10785280409187675,0.01738119137188232,0.3624013220878181,0.5000812483817911,PROVISIONAL_SMALL_REQUEST_N,2,0.062210822236210675,0.1710522547548393,0.1106587950478419,0.27656636632191645,-0.16235889384396568,-0.05334671433978783,0.012065062278387773,0.020931424553079614,0.2012273167351284,0.5158900151270627,0.2747798462497981,0.5896642599383293,220,18,18,0,0,3,1,0,198,10,18,18,22,,0.45454545454545453,0.045454545454545456,0.5555555555555556,NOT_ESTIMABLE,,,PROVISIONAL_SMALL_REQUEST_N,0.36363636363636365,0.5454545454545454,PROVISIONAL_SMALL_REQUEST_N,0.4444444444444444,0.6666666666666666,NOT_PRIMARY; use physical units and frozen spans
10,f10-d26d41688df1,FORMAL_10K,HELDOUT_TRIPLE_AUDIT,STRICT_LUMPED,f12d43eace12231077007dc497fee8dad00fbe58cb2f1fe2c6159c47636b97a0,all_candidates,all_finite_diagnostic,emx_minus_target,Ls_nH,nH,18,0.03748123529616465,0.056255998330751185,-0.009975321936198532,0.011542214866554823,0.10257116497050954,0.13084878313564247,PROVISIONAL_SMALL_REQUEST_N,2,0.024629705329832625,0.05033276526249667,0.034214171755639664,0.07182524032298498,-0.043994027715370136,0.02404338384297307,0.010241893130971125,0.020006959585487927,0.06201624739269984,0.1310174230751212,0.06282159628427086,0.13180440945935534,220,18,18,0,0,3,1,0,198,10,18,18,22,,0.45454545454545453,0.045454545454545456,0.5555555555555556,NOT_ESTIMABLE,,,PROVISIONAL_SMALL_REQUEST_N,0.36363636363636365,0.5454545454545454,PROVISIONAL_SMALL_REQUEST_N,0.4444444444444444,0.6666666666666666,NOT_PRIMARY; use physical units and frozen spans
10,f10-d26d41688df1,FORMAL_10K,HELDOUT_TRIPLE_AUDIT,STRICT_LUMPED,f12d43eace12231077007dc497fee8dad00fbe58cb2f1fe2c6159c47636b97a0,all_candidates,all_finite_diagnostic,emx_minus_target,Qmin,dimensionless,18,1.5093454359002518,2.321008780087705,-1.4622262461219893,0.3892231458126103,4.492589116954329,4.982520446418157,PROVISIONAL_SMALL_REQUEST_N,2,1.0417060473497832,1.9769848244507202,1.8599323542357735,2.7045914945062237,-1.969043272644024,-0.9554092195999545,0.2956635500424287,2.01070616716477,3.0582406971759992,4.566403817926654,4.945613095931995,5.1916620991730795,220,18,18,0,0,3,1,0,198,10,18,18,22,,0.45454545454545453,0.045454545454545456,0.5555555555555556,NOT_ESTIMABLE,,,PROVISIONAL_SMALL_REQUEST_N,0.36363636363636365,0.5454545454545454,PROVISIONAL_SMALL_REQUEST_N,0.4444444444444444,0.6666666666666666,NOT_PRIMARY; use physical units and frozen spans
10,f10-d26d41688df1,FORMAL_10K,HELDOUT_TRIPLE_AUDIT,STRICT_LUMPED,f12d43eace12231077007dc497fee8dad00fbe58cb2f1fe2c6159c47636b97a0,all_candidates,all_finite_diagnostic,emx_minus_target,K_abs,dimensionless,18,0.024125753368632354,0.04544526065121507,-0.005046604811390928,0.0032077970178149007,0.08790381317887672,0.10670652998417011,PROVISIONAL_SMALL_REQUEST_N,2,0.0034654727000499336,0.044786034037214775,0.005689489014052875,0.0640169754523964,-0.009238770059963283,-0.0008544395628185742,0.0017772274342309213,0.027184372447235955,0.0073559199584526825,0.11081641090861095,0.01579017512214316,0.1299958552226679,220,18,18,0,0,3,1,0,198,10,18,18,22,,0.45454545454545453,0.045454545454545456,0.5555555555555556,NOT_ESTIMABLE,,,PROVISIONAL_SMALL_REQUEST_N,0.36363636363636365,0.5454545454545454,PROVISIONAL_SMALL_REQUEST_N,0.4444444444444444,0.6666666666666666,NOT_PRIMARY; use physical units and frozen spans
10,f10-d26d41688df1,FORMAL_10K,HELDOUT_TRIPLE_AUDIT,STRICT_LUMPED,f12d43eace12231077007dc497fee8dad00fbe58cb2f1fe2c6159c47636b97a0,all_candidates,all_finite_diagnostic,emx_minus_frozen_proxy,Lp_nH,nH,18,0.009900083468720103,0.01253180539749648,0.008848958571524616,0.008445164668529626,0.01745957945348129,0.021538142785509334,PROVISIONAL_SMALL_REQUEST_N,2,0.008578526344925595,0.011221640592514614,0.009866064075248366,0.014722536218482785,0.0077423070899468194,0.009955610053102415,0.008364781584554004,0.011180312241966472,0.01573616629247283,0.023379067303995957,0.016500591390534947,0.031970048390266737,220,18,18,0,0,3,1,0,198,10,18,18,22,,0.45454545454545453,0.045454545454545456,0.5555555555555556,NOT_ESTIMABLE,,,PROVISIONAL_SMALL_REQUEST_N,0.36363636363636365,0.5454545454545454,PROVISIONAL_SMALL_REQUEST_N,0.4444444444444444,0.6666666666666666,NOT_PRIMARY; use physical units and frozen spans
10,f10-d26d41688df1,FORMAL_10K,HELDOUT_TRIPLE_AUDIT,STRICT_LUMPED,f12d43eace12231077007dc497fee8dad00fbe58cb2f1fe2c6159c47636b97a0,all_candidates,all_finite_diagnostic,emx_minus_frozen_proxy,Ls_nH,nH,18,0.014535023844897244,0.01854481125262206,0.013427377292857985,0.014040142016753188,0.030555574041797436,0.03648170986103029,PROVISIONAL_SMALL_REQUEST_N,2,0.013310523195831358,0.01575952449396313,0.017653739395805185,0.019394987345594,0.013153575385183124,0.013701179200532845,0.013973646978670429,0.01629731048634353,0.027249408229523455,0.030555574041797436,0.03583031761720634,0.040172932576032716,220,18,18,0,0,3,1,0,198,10,18,18,22,,0.45454545454545453,0.045454545454545456,0.5555555555555556,NOT_ESTIMABLE,,,PROVISIONAL_SMALL_REQUEST_N,0.36363636363636365,0.5454545454545454,PROVISIONAL_SMALL_REQUEST_N,0.4444444444444444,0.6666666666666666,NOT_PRIMARY; use physical units and frozen spans
10,f10-d26d41688df1,FORMAL_10K,HELDOUT_TRIPLE_AUDIT,STRICT_LUMPED,f12d43eace12231077007dc497fee8dad00fbe58cb2f1fe2c6159c47636b97a0,all_candidates,all_finite_diagnostic,emx_minus_frozen_proxy,Qmin,dimensionless,18,0.14686858871264905,0.18082827900914278,-0.09854455887291153,0.14570819941124125,0.2990398388019747,0.31657442996808394,PROVISIONAL_SMALL_REQUEST_N,2,0.14634961419148318,0.1473875632338149,0.1794753811339433,0.18217112983577438,-0.140029872036385,-0.057059245709438024,0.14340492678563344,0.1509202584895455,0.2831132812769088,0.2990398388019747,0.3101013820444649,0.35325503486859233,220,18,18,0,0,3,1,0,198,10,18,18,22,,0.45454545454545453,0.045454545454545456,0.5555555555555556,NOT_ESTIMABLE,,,PROVISIONAL_SMALL_REQUEST_N,0.36363636363636365,0.5454545454545454,PROVISIONAL_SMALL_REQUEST_N,0.4444444444444444,0.6666666666666666,NOT_PRIMARY; use physical units and frozen spans
10,f10-d26d41688df1,FORMAL_10K,HELDOUT_TRIPLE_AUDIT,STRICT_LUMPED,f12d43eace12231077007dc497fee8dad00fbe58cb2f1fe2c6159c47636b97a0,all_candidates,all_finite_diagnostic,emx_minus_frozen_proxy,K_abs,dimensionless,18,0.0030432986823882655,0.004356857261349095,0.0012863734869177287,0.0021370310752767546,0.006396459964944554,0.0080730263185538,PROVISIONAL_SMALL_REQUEST_N,2,0.0013469082899710966,0.0047396890748054345,0.0018713427560008511,0.005870475847927816,4.405455812807324e-05,0.0025286924157073842,0.000758599876352184,0.0037133784204886333,0.0033043368958681563,0.00883975794306472,0.004373219020886346,0.01241783885744896,220,18,18,0,0,3,1,0,198,10,18,18,22,,0.45454545454545453,0.045454545454545456,0.5555555555555556,NOT_ESTIMABLE,,,PROVISIONAL_SMALL_REQUEST_N,0.36363636363636365,0.5454545454545454,PROVISIONAL_SMALL_REQUEST_N,0.4444444444444444,0.6666666666666666,NOT_PRIMARY; use physical units and frozen spans
10,f10-d26d41688df1,FORMAL_10K,HELDOUT_TRIPLE_AUDIT,STRICT_LUMPED,f12d43eace12231077007dc497fee8dad00fbe58cb2f1fe2c6159c47636b97a0,selected_q_proxy,strict_valid,emx_minus_target,Lp_nH,nH,2,0.0025349238603536994,0.0029786182787363753,0.0015640741263226454,0.0025349238603536994,0.003786183161411816,0.003942590574044081,PROVISIONAL_SMALL_REQUEST_N,2,0.000970849734031054,0.004098997986676345,0.000970849734031054,0.004098997986676345,-0.000970849734031054,0.004098997986676345,0.000970849734031054,0.004098997986676345,0.000970849734031054,0.004098997986676345,0.000970849734031054,0.004098997986676345,20,2,2,0,0,0,0,0,18,2,2,2,2,,1.0,0.1,1.0,NOT_ESTIMABLE,,,PROVISIONAL_SMALL_REQUEST_N,1.0,1.0,PROVISIONAL_SMALL_REQUEST_N,1.0,1.0,NOT_PRIMARY; use physical units and frozen spans
10,f10-d26d41688df1,FORMAL_10K,HELDOUT_TRIPLE_AUDIT,STRICT_LUMPED,f12d43eace12231077007dc497fee8dad00fbe58cb2f1fe2c6159c47636b97a0,selected_q_proxy,strict_valid,emx_minus_target,Ls_nH,nH,2,0.006094416734313435,0.007371802750502233,0.006094416734313435,0.006094416734313435,0.009412397851639588,0.009827145491305355,PROVISIONAL_SMALL_REQUEST_N,2,0.0019469403376557448,0.010241893130971125,0.0019469403376557448,0.010241893130971125,0.0019469403376557448,0.010241893130971125,0.0019469403376557448,0.010241893130971125,0.0019469403376557448,0.010241893130971125,0.0019469403376557448,0.010241893130971125,20,2,2,0,0,0,0,0,18,2,2,2,2,,1.0,0.1,1.0,NOT_ESTIMABLE,,,PROVISIONAL_SMALL_REQUEST_N,1.0,1.0,PROVISIONAL_SMALL_REQUEST_N,1.0,1.0,NOT_PRIMARY; use physical units and frozen spans
10,f10-d26d41688df1,FORMAL_10K,HELDOUT_TRIPLE_AUDIT,STRICT_LUMPED,f12d43eace12231077007dc497fee8dad00fbe58cb2f1fe2c6159c47636b97a0,selected_q_proxy,strict_valid,emx_minus_target,Qmin,dimensionless,2,0.08351586892744667,0.09060405256155436,-0.08351586892744667,0.08351586892744667,0.11162074654392261,0.11513385624598209,PROVISIONAL_SMALL_REQUEST_N,2,0.04838477190685175,0.11864696594804158,0.04838477190685175,0.11864696594804158,-0.11864696594804158,-0.04838477190685175,0.04838477190685175,0.11864696594804158,0.04838477190685175,0.11864696594804158,0.04838477190685175,0.11864696594804158,20,2,2,0,0,0,0,0,18,2,2,2,2,,1.0,0.1,1.0,NOT_ESTIMABLE,,,PROVISIONAL_SMALL_REQUEST_N,1.0,1.0,PROVISIONAL_SMALL_REQUEST_N,1.0,1.0,NOT_PRIMARY; use physical units and frozen spans
10,f10-d26d41688df1,FORMAL_10K,HELDOUT_TRIPLE_AUDIT,STRICT_LUMPED,f12d43eace12231077007dc497fee8dad00fbe58cb2f1fe2c6159c47636b97a0,selected_q_proxy,strict_valid,emx_minus_target,K_abs,dimensionless,2,0.002279843830979386,0.0023345901430305007,0.0005026163967484648,0.002279843830979386,0.002681936948378158,0.0027321985880530046,PROVISIONAL_SMALL_REQUEST_N,2,0.0017772274342309213,0.002782460227727851,0.0017772274342309213,0.002782460227727851,-0.0017772274342309213,0.002782460227727851,0.0017772274342309213,0.002782460227727851,0.0017772274342309213,0.002782460227727851,0.0017772274342309213,0.002782460227727851,20,2,2,0,0,0,0,0,18,2,2,2,2,,1.0,0.1,1.0,NOT_ESTIMABLE,,,PROVISIONAL_SMALL_REQUEST_N,1.0,1.0,PROVISIONAL_SMALL_REQUEST_N,1.0,1.0,NOT_PRIMARY; use physical units and frozen spans
10,f10-d26d41688df1,FORMAL_10K,HELDOUT_TRIPLE_AUDIT,STRICT_LUMPED,f12d43eace12231077007dc497fee8dad00fbe58cb2f1fe2c6159c47636b97a0,selected_q_proxy,strict_valid,emx_minus_frozen_proxy,Lp_nH,nH,2,0.003231650843053213,0.0032317457425586095,-2.4766371134132825e-05,0.003231650843053213,0.0032514639399605196,0.0032539405770739328,PROVISIONAL_SMALL_REQUEST_N,2,0.0032068844719190803,0.003256417214187346,0.0032068844719190803,0.003256417214187346,-0.003256417214187346,0.0032068844719190803,0.0032068844719190803,0.003256417214187346,0.0032068844719190803,0.003256417214187346,0.0032068844719190803,0.003256417214187346,20,2,2,0,0,0,0,0,18,2,2,2,2,,1.0,0.1,1.0,NOT_ESTIMABLE,,,PROVISIONAL_SMALL_REQUEST_N,1.0,1.0,PROVISIONAL_SMALL_REQUEST_N,1.0,1.0,NOT_PRIMARY; use physical units and frozen spans
10,f10-d26d41688df1,FORMAL_10K,HELDOUT_TRIPLE_AUDIT,STRICT_LUMPED,f12d43eace12231077007dc497fee8dad00fbe58cb2f1fe2c6159c47636b97a0,selected_q_proxy,strict_valid,emx_minus_frozen_proxy,Ls_nH,nH,2,0.006400382340289168,0.007072477924627547,0.006400382340289168,0.006400382340289168,0.008807711136106944,0.009108627235584164,PROVISIONAL_SMALL_REQUEST_N,2,0.003391221345516948,0.009409543335061388,0.003391221345516948,0.009409543335061388,0.003391221345516948,0.009409543335061388,0.003391221345516948,0.009409543335061388,0.003391221345516948,0.009409543335061388,0.003391221345516948,0.009409543335061388,20,2,2,0,0,0,0,0,18,2,2,2,2,,1.0,0.1,1.0,NOT_ESTIMABLE,,,PROVISIONAL_SMALL_REQUEST_N,1.0,1.0,PROVISIONAL_SMALL_REQUEST_N,1.0,1.0,NOT_PRIMARY; use physical units and frozen spans
10,f10-d26d41688df1,FORMAL_10K,HELDOUT_TRIPLE_AUDIT,STRICT_LUMPED,f12d43eace12231077007dc497fee8dad00fbe58cb2f1fe2c6159c47636b97a0,selected_q_proxy,strict_valid,emx_minus_frozen_proxy,Qmin,dimensionless,2,0.09281896188398964,0.10950397414006624,-0.09281896188398964,0.09281896188398964,0.13929999916843433,0.14511012882898988,PROVISIONAL_SMALL_REQUEST_N,2,0.034717665278433785,0.1509202584895455,0.034717665278433785,0.1509202584895455,-0.1509202584895455,-0.034717665278433785,0.034717665278433785,0.1509202584895455,0.034717665278433785,0.1509202584895455,0.034717665278433785,0.1509202584895455,20,2,2,0,0,0,0,0,18,2,2,2,2,,1.0,0.1,1.0,NOT_ESTIMABLE,,,PROVISIONAL_SMALL_REQUEST_N,1.0,1.0,PROVISIONAL_SMALL_REQUEST_N,1.0,1.0,NOT_PRIMARY; use physical units and frozen spans
10,f10-d26d41688df1,FORMAL_10K,HELDOUT_TRIPLE_AUDIT,STRICT_LUMPED,f12d43eace12231077007dc497fee8dad00fbe58cb2f1fe2c6159c47636b97a0,selected_q_proxy,strict_valid,emx_minus_frozen_proxy,K_abs,dimensionless,2,0.00305495924828543,0.0030620806376091088,0.0002087146917107846,0.00305495924828543,0.0032219310016540575,0.003242802470825136,PROVISIONAL_SMALL_REQUEST_N,2,0.0028462445565746453,0.0032636739399962145,0.0028462445565746453,0.0032636739399962145,-0.0028462445565746453,0.0032636739399962145,0.0028462445565746453,0.0032636739399962145,0.0028462445565746453,0.0032636739399962145,0.0028462445565746453,0.0032636739399962145,20,2,2,0,0,0,0,0,18,2,2,2,2,,1.0,0.1,1.0,NOT_ESTIMABLE,,,PROVISIONAL_SMALL_REQUEST_N,1.0,1.0,PROVISIONAL_SMALL_REQUEST_N,1.0,1.0,NOT_PRIMARY; use physical units and frozen spans
10,f10-d26d41688df1,FORMAL_10K,HELDOUT_TRIPLE_AUDIT,STRICT_LUMPED,f12d43eace12231077007dc497fee8dad00fbe58cb2f1fe2c6159c47636b97a0,selected_q_proxy,all_finite_diagnostic,emx_minus_target,Lp_nH,nH,2,0.0025349238603536994,0.0029786182787363753,0.0015640741263226454,0.0025349238603536994,0.003786183161411816,0.003942590574044081,PROVISIONAL_SMALL_REQUEST_N,2,0.000970849734031054,0.004098997986676345,0.000970849734031054,0.004098997986676345,-0.000970849734031054,0.004098997986676345,0.000970849734031054,0.004098997986676345,0.000970849734031054,0.004098997986676345,0.000970849734031054,0.004098997986676345,20,2,2,0,0,0,0,0,18,2,2,2,2,,1.0,0.1,1.0,NOT_ESTIMABLE,,,PROVISIONAL_SMALL_REQUEST_N,1.0,1.0,PROVISIONAL_SMALL_REQUEST_N,1.0,1.0,NOT_PRIMARY; use physical units and frozen spans
10,f10-d26d41688df1,FORMAL_10K,HELDOUT_TRIPLE_AUDIT,STRICT_LUMPED,f12d43eace12231077007dc497fee8dad00fbe58cb2f1fe2c6159c47636b97a0,selected_q_proxy,all_finite_diagnostic,emx_minus_target,Ls_nH,nH,2,0.006094416734313435,0.007371802750502233,0.006094416734313435,0.006094416734313435,0.009412397851639588,0.009827145491305355,PROVISIONAL_SMALL_REQUEST_N,2,0.0019469403376557448,0.010241893130971125,0.0019469403376557448,0.010241893130971125,0.0019469403376557448,0.010241893130971125,0.0019469403376557448,0.010241893130971125,0.0019469403376557448,0.010241893130971125,0.0019469403376557448,0.010241893130971125,20,2,2,0,0,0,0,0,18,2,2,2,2,,1.0,0.1,1.0,NOT_ESTIMABLE,,,PROVISIONAL_SMALL_REQUEST_N,1.0,1.0,PROVISIONAL_SMALL_REQUEST_N,1.0,1.0,NOT_PRIMARY; use physical units and frozen spans
10,f10-d26d41688df1,FORMAL_10K,HELDOUT_TRIPLE_AUDIT,STRICT_LUMPED,f12d43eace12231077007dc497fee8dad00fbe58cb2f1fe2c6159c47636b97a0,selected_q_proxy,all_finite_diagnostic,emx_minus_target,Qmin,dimensionless,2,0.08351586892744667,0.09060405256155436,-0.08351586892744667,0.08351586892744667,0.11162074654392261,0.11513385624598209,PROVISIONAL_SMALL_REQUEST_N,2,0.04838477190685175,0.11864696594804158,0.04838477190685175,0.11864696594804158,-0.11864696594804158,-0.04838477190685175,0.04838477190685175,0.11864696594804158,0.04838477190685175,0.11864696594804158,0.04838477190685175,0.11864696594804158,20,2,2,0,0,0,0,0,18,2,2,2,2,,1.0,0.1,1.0,NOT_ESTIMABLE,,,PROVISIONAL_SMALL_REQUEST_N,1.0,1.0,PROVISIONAL_SMALL_REQUEST_N,1.0,1.0,NOT_PRIMARY; use physical units and frozen spans
10,f10-d26d41688df1,FORMAL_10K,HELDOUT_TRIPLE_AUDIT,STRICT_LUMPED,f12d43eace12231077007dc497fee8dad00fbe58cb2f1fe2c6159c47636b97a0,selected_q_proxy,all_finite_diagnostic,emx_minus_target,K_abs,dimensionless,2,0.002279843830979386,0.0023345901430305007,0.0005026163967484648,0.002279843830979386,0.002681936948378158,0.0027321985880530046,PROVISIONAL_SMALL_REQUEST_N,2,0.0017772274342309213,0.002782460227727851,0.0017772274342309213,0.002782460227727851,-0.0017772274342309213,0.002782460227727851,0.0017772274342309213,0.002782460227727851,0.0017772274342309213,0.002782460227727851,0.0017772274342309213,0.002782460227727851,20,2,2,0,0,0,0,0,18,2,2,2,2,,1.0,0.1,1.0,NOT_ESTIMABLE,,,PROVISIONAL_SMALL_REQUEST_N,1.0,1.0,PROVISIONAL_SMALL_REQUEST_N,1.0,1.0,NOT_PRIMARY; use physical units and frozen spans
10,f10-d26d41688df1,FORMAL_10K,HELDOUT_TRIPLE_AUDIT,STRICT_LUMPED,f12d43eace12231077007dc497fee8dad00fbe58cb2f1fe2c6159c47636b97a0,selected_q_proxy,all_finite_diagnostic,emx_minus_frozen_proxy,Lp_nH,nH,2,0.003231650843053213,0.0032317457425586095,-2.4766371134132825e-05,0.003231650843053213,0.0032514639399605196,0.0032539405770739328,PROVISIONAL_SMALL_REQUEST_N,2,0.0032068844719190803,0.003256417214187346,0.0032068844719190803,0.003256417214187346,-0.003256417214187346,0.0032068844719190803,0.0032068844719190803,0.003256417214187346,0.0032068844719190803,0.003256417214187346,0.0032068844719190803,0.003256417214187346,20,2,2,0,0,0,0,0,18,2,2,2,2,,1.0,0.1,1.0,NOT_ESTIMABLE,,,PROVISIONAL_SMALL_REQUEST_N,1.0,1.0,PROVISIONAL_SMALL_REQUEST_N,1.0,1.0,NOT_PRIMARY; use physical units and frozen spans
10,f10-d26d41688df1,FORMAL_10K,HELDOUT_TRIPLE_AUDIT,STRICT_LUMPED,f12d43eace12231077007dc497fee8dad00fbe58cb2f1fe2c6159c47636b97a0,selected_q_proxy,all_finite_diagnostic,emx_minus_frozen_proxy,Ls_nH,nH,2,0.006400382340289168,0.007072477924627547,0.006400382340289168,0.006400382340289168,0.008807711136106944,0.009108627235584164,PROVISIONAL_SMALL_REQUEST_N,2,0.003391221345516948,0.009409543335061388,0.003391221345516948,0.009409543335061388,0.003391221345516948,0.009409543335061388,0.003391221345516948,0.009409543335061388,0.003391221345516948,0.009409543335061388,0.003391221345516948,0.009409543335061388,20,2,2,0,0,0,0,0,18,2,2,2,2,,1.0,0.1,1.0,NOT_ESTIMABLE,,,PROVISIONAL_SMALL_REQUEST_N,1.0,1.0,PROVISIONAL_SMALL_REQUEST_N,1.0,1.0,NOT_PRIMARY; use physical units and frozen spans
10,f10-d26d41688df1,FORMAL_10K,HELDOUT_TRIPLE_AUDIT,STRICT_LUMPED,f12d43eace12231077007dc497fee8dad00fbe58cb2f1fe2c6159c47636b97a0,selected_q_proxy,all_finite_diagnostic,emx_minus_frozen_proxy,Qmin,dimensionless,2,0.09281896188398964,0.10950397414006624,-0.09281896188398964,0.09281896188398964,0.13929999916843433,0.14511012882898988,PROVISIONAL_SMALL_REQUEST_N,2,0.034717665278433785,0.1509202584895455,0.034717665278433785,0.1509202584895455,-0.1509202584895455,-0.034717665278433785,0.034717665278433785,0.1509202584895455,0.034717665278433785,0.1509202584895455,0.034717665278433785,0.1509202584895455,20,2,2,0,0,0,0,0,18,2,2,2,2,,1.0,0.1,1.0,NOT_ESTIMABLE,,,PROVISIONAL_SMALL_REQUEST_N,1.0,1.0,PROVISIONAL_SMALL_REQUEST_N,1.0,1.0,NOT_PRIMARY; use physical units and frozen spans
10,f10-d26d41688df1,FORMAL_10K,HELDOUT_TRIPLE_AUDIT,STRICT_LUMPED,f12d43eace12231077007dc497fee8dad00fbe58cb2f1fe2c6159c47636b97a0,selected_q_proxy,all_finite_diagnostic,emx_minus_frozen_proxy,K_abs,dimensionless,2,0.00305495924828543,0.0030620806376091088,0.0002087146917107846,0.00305495924828543,0.0032219310016540575,0.003242802470825136,PROVISIONAL_SMALL_REQUEST_N,2,0.0028462445565746453,0.0032636739399962145,0.0028462445565746453,0.0032636739399962145,-0.0028462445565746453,0.0032636739399962145,0.0028462445565746453,0.0032636739399962145,0.0028462445565746453,0.0032636739399962145,0.0028462445565746453,0.0032636739399962145,20,2,2,0,0,0,0,0,18,2,2,2,2,,1.0,0.1,1.0,NOT_ESTIMABLE,,,PROVISIONAL_SMALL_REQUEST_N,1.0,1.0,PROVISIONAL_SMALL_REQUEST_N,1.0,1.0,NOT_PRIMARY; use physical units and frozen spans
20,f20-4d6b0c6066ee,FORMAL_10K,HELDOUT_TRIPLE_AUDIT,STRICT_LUMPED,f12d43eace12231077007dc497fee8dad00fbe58cb2f1fe2c6159c47636b97a0,all_candidates,strict_valid,emx_minus_target,Lp_nH,nH,18,0.039027023311815345,0.05005315005702813,0.037616876196608515,0.038471274355629914,0.06783274542836072,0.09619514363528549,PROVISIONAL_SMALL_REQUEST_N,2,0.034386049309273824,0.044828240814992246,0.041673187790656895,0.05887399165273576,0.03184778450190153,0.044828240814992246,0.034466351554269026,0.03891912887050197,0.05287621843440789,0.09815664306080135,0.08890408955654017,0.13751111674817607,220,19,18,1,5,3,0,0,193,6,19,19,22,,0.2727272727272727,0.02727272727272727,0.3333333333333333,NOT_ESTIMABLE,,,PROVISIONAL_SMALL_REQUEST_N,0.18181818181818182,0.36363636363636365,PROVISIONAL_SMALL_REQUEST_N,0.25,0.4,NOT_PRIMARY; use physical units and frozen spans
20,f20-4d6b0c6066ee,FORMAL_10K,HELDOUT_TRIPLE_AUDIT,STRICT_LUMPED,f12d43eace12231077007dc497fee8dad00fbe58cb2f1fe2c6159c47636b97a0,all_candidates,strict_valid,emx_minus_target,Ls_nH,nH,18,0.029014988064342093,0.03802095191968191,-0.014052704269243939,0.02290463244905505,0.058803173792066246,0.06697741998965866,PROVISIONAL_SMALL_REQUEST_N,2,0.028825388586803967,0.02925198741126475,0.03335730756236463,0.04137510167399742,-0.026758356523710235,0.0018293610488389345,0.0198239827215968,0.02861038533178084,0.0514176168308117,0.06292596402935109,0.06019621638123196,0.10540424043741037,220,19,18,1,5,3,0,0,193,6,19,19,22,,0.2727272727272727,0.02727272727272727,0.3333333333333333,NOT_ESTIMABLE,,,PROVISIONAL_SMALL_REQUEST_N,0.18181818181818182,0.36363636363636365,PROVISIONAL_SMALL_REQUEST_N,0.25,0.4,NOT_PRIMARY; use physical units and frozen spans
20,f20-4d6b0c6066ee,FORMAL_10K,HELDOUT_TRIPLE_AUDIT,STRICT_LUMPED,f12d43eace12231077007dc497fee8dad00fbe58cb2f1fe2c6159c47636b97a0,all_candidates,strict_valid,emx_minus_target,Qmin,dimensionless,18,1.8042574007851844,2.4788018019908256,0.6672200988197018,1.245224692826664,4.046437100869189,5.268251812224577,PROVISIONAL_SMALL_REQUEST_N,2,1.5042502879244364,2.1792662918611194,2.2105296152772933,2.7779452596247634,0.20301232369301303,1.038586318921053,0.8357694258811108,2.0167140310982195,3.7146882833574204,4.56415954475462,5.207557962160381,5.612183629255025,220,19,18,1,5,3,0,0,193,6,19,19,22,,0.2727272727272727,0.02727272727272727,0.3333333333333333,NOT_ESTIMABLE,,,PROVISIONAL_SMALL_REQUEST_N,0.18181818181818182,0.36363636363636365,PROVISIONAL_SMALL_REQUEST_N,0.25,0.4,NOT_PRIMARY; use physical units and frozen spans
20,f20-4d6b0c6066ee,FORMAL_10K,HELDOUT_TRIPLE_AUDIT,STRICT_LUMPED,f12d43eace12231077007dc497fee8dad00fbe58cb2f1fe2c6159c47636b97a0,all_candidates,strict_valid,emx_minus_target,K_abs,dimensionless,18,0.027094988049219972,0.03728281135447628,0.0030827534112013106,0.01988165191677048,0.056032184501777126,0.07735445495325137,PROVISIONAL_SMALL_REQUEST_N,2,0.023230627931388075,0.031925438196509844,0.02811681629896655,0.04625282534205893,-0.01265746481381973,0.02275802619247761,0.01612802082492429,0.02080077345231851,0.04689800060640189,0.08639505773103195,0.048554587471553945,0.09931020455643275,220,19,18,1,5,3,0,0,193,6,19,19,22,,0.2727272727272727,0.02727272727272727,0.3333333333333333,NOT_ESTIMABLE,,,PROVISIONAL_SMALL_REQUEST_N,0.18181818181818182,0.36363636363636365,PROVISIONAL_SMALL_REQUEST_N,0.25,0.4,NOT_PRIMARY; use physical units and frozen spans
20,f20-4d6b0c6066ee,FORMAL_10K,HELDOUT_TRIPLE_AUDIT,STRICT_LUMPED,f12d43eace12231077007dc497fee8dad00fbe58cb2f1fe2c6159c47636b97a0,all_candidates,strict_valid,emx_minus_frozen_proxy,Lp_nH,nH,18,0.012586703627211156,0.015892683350200606,0.0031397627307057393,0.014217573480143242,0.023744773587652424,0.025993758468505313,PROVISIONAL_SMALL_REQUEST_N,2,0.010164167042925687,0.01561487435756799,0.01375922027976663,0.018211368311387158,-0.0016825124698399835,0.0069975828911423175,0.005382106533348474,0.014854640441523737,0.023626007401675364,0.02691812732279708,0.02416045523857213,0.036382476771460115,220,19,18,1,5,3,0,0,193,6,19,19,22,,0.2727272727272727,0.02727272727272727,0.3333333333333333,NOT_ESTIMABLE,,,PROVISIONAL_SMALL_REQUEST_N,0.18181818181818182,0.36363636363636365,PROVISIONAL_SMALL_REQUEST_N,0.25,0.4,NOT_PRIMARY; use physical units and frozen spans
20,f20-4d6b0c6066ee,FORMAL_10K,HELDOUT_TRIPLE_AUDIT,STRICT_LUMPED,f12d43eace12231077007dc497fee8dad00fbe58cb2f1fe2c6159c47636b97a0,all_candidates,strict_valid,emx_minus_frozen_proxy,Ls_nH,nH,18,0.010661912653533124,0.013990464829743175,-0.003911841695347196,0.00874488609377505,0.025945672500327914,0.028870409571325983,PROVISIONAL_SMALL_REQUEST_N,2,0.008730633562980011,0.012206935925975614,0.012390431052741716,0.015149302483477855,-0.006968948958816029,-0.0014661558845721289,0.005532006296896985,0.012211980111728138,0.02158060502065373,0.025945672500327914,0.028765161159280295,0.029466817239584886,220,19,18,1,5,3,0,0,193,6,19,19,22,,0.2727272727272727,0.02727272727272727,0.3333333333333333,NOT_ESTIMABLE,,,PROVISIONAL_SMALL_REQUEST_N,0.18181818181818182,0.36363636363636365,PROVISIONAL_SMALL_REQUEST_N,0.25,0.4,NOT_PRIMARY; use physical units and frozen spans
20,f20-4d6b0c6066ee,FORMAL_10K,HELDOUT_TRIPLE_AUDIT,STRICT_LUMPED,f12d43eace12231077007dc497fee8dad00fbe58cb2f1fe2c6159c47636b97a0,all_candidates,strict_valid,emx_minus_frozen_proxy,Qmin,dimensionless,18,0.39443379060816675,0.45288366153646803,-0.14491612741049564,0.45275794650880297,0.5696638537281052,0.6350415569401792,PROVISIONAL_SMALL_REQUEST_N,2,0.27021871926115215,0.549702629791935,0.3246404173620715,0.5742332921067455,-0.340948366805339,0.011909664105379036,0.2411720050973294,0.559030741947188,0.49638285705316915,0.7484662462078724,0.5624779442578127,0.9105015165902905,220,19,18,1,5,3,0,0,193,6,19,19,22,,0.2727272727272727,0.02727272727272727,0.3333333333333333,NOT_ESTIMABLE,,,PROVISIONAL_SMALL_REQUEST_N,0.18181818181818182,0.36363636363636365,PROVISIONAL_SMALL_REQUEST_N,0.25,0.4,NOT_PRIMARY; use physical units and frozen spans
20,f20-4d6b0c6066ee,FORMAL_10K,HELDOUT_TRIPLE_AUDIT,STRICT_LUMPED,f12d43eace12231077007dc497fee8dad00fbe58cb2f1fe2c6159c47636b97a0,all_candidates,strict_valid,emx_minus_frozen_proxy,K_abs,dimensionless,18,0.02508897741968168,0.03478570678274485,0.003883061241378364,0.021276767994928433,0.05260200152870369,0.07811874040255093,PROVISIONAL_SMALL_REQUEST_N,2,0.02095625530518761,0.03025488006279927,0.024210647511204032,0.04460838290842053,-0.010919024327315613,0.022385668202245836,0.01601005522406601,0.021988887798880294,0.033843708259530515,0.08369560402360848,0.042690578186636824,0.09166255205369067,220,19,18,1,5,3,0,0,193,6,19,19,22,,0.2727272727272727,0.02727272727272727,0.3333333333333333,NOT_ESTIMABLE,,,PROVISIONAL_SMALL_REQUEST_N,0.18181818181818182,0.36363636363636365,PROVISIONAL_SMALL_REQUEST_N,0.25,0.4,NOT_PRIMARY; use physical units and frozen spans
20,f20-4d6b0c6066ee,FORMAL_10K,HELDOUT_TRIPLE_AUDIT,STRICT_LUMPED,f12d43eace12231077007dc497fee8dad00fbe58cb2f1fe2c6159c47636b97a0,all_candidates,all_finite_diagnostic,emx_minus_target,Lp_nH,nH,19,0.03956879734675436,0.05001486902948613,0.038232868500768936,0.03873797008294033,0.06482255341004932,0.09376479227570365,PROVISIONAL_SMALL_REQUEST_N,2,0.034386049309273824,0.045327406277288276,0.041673187790656895,0.057890422879343366,0.03184778450190153,0.045327406277288276,0.03873797008294033,0.03891912887050197,0.05287621843440789,0.08241485358585152,0.08890408955654017,0.13751111674817607,220,19,18,1,5,3,0,0,193,6,19,19,22,,0.2727272727272727,0.02727272727272727,0.3333333333333333,NOT_ESTIMABLE,,,PROVISIONAL_SMALL_REQUEST_N,0.18181818181818182,0.36363636363636365,PROVISIONAL_SMALL_REQUEST_N,0.25,0.4,NOT_PRIMARY; use physical units and frozen spans
20,f20-4d6b0c6066ee,FORMAL_10K,HELDOUT_TRIPLE_AUDIT,STRICT_LUMPED,f12d43eace12231077007dc497fee8dad00fbe58cb2f1fe2c6159c47636b97a0,all_candidates,all_finite_diagnostic,emx_minus_target,Ls_nH,nH,19,0.02847939295578964,0.03725839081031352,-0.012321578728660285,0.02078516847477041,0.05860416770789971,0.0647170187868497,PROVISIONAL_SMALL_REQUEST_N,2,0.028094953365773723,0.028825388586803967,0.0320703664608013,0.04137510167399742,-0.026758356523710235,0.0037192854880618853,0.0198239827215968,0.027053372806961518,0.047906177010643605,0.06292596402935109,0.06019621638123196,0.10540424043741037,220,19,18,1,5,3,0,0,193,6,19,19,22,,0.2727272727272727,0.02727272727272727,0.3333333333333333,NOT_ESTIMABLE,,,PROVISIONAL_SMALL_REQUEST_N,0.18181818181818182,0.36363636363636365,PROVISIONAL_SMALL_REQUEST_N,0.25,0.4,NOT_PRIMARY; use physical units and frozen spans
20,f20-4d6b0c6066ee,FORMAL_10K,HELDOUT_TRIPLE_AUDIT,STRICT_LUMPED,f12d43eace12231077007dc497fee8dad00fbe58cb2f1fe2c6159c47636b97a0,all_candidates,all_finite_diagnostic,emx_minus_target,Qmin,dimensionless,19,1.7415467768272606,2.416780373300048,0.5998529596405263,1.1151313859020924,3.8805626921133016,5.248020528869844,PROVISIONAL_SMALL_REQUEST_N,2,1.5042502879244364,2.005209542274843,2.2105296152772933,2.6270242625115308,0.11237144932883009,1.038586318921053,0.8357694258811108,1.3753179997512355,3.7146882833574204,4.14494991095446,5.207557962160381,5.612183629255025,220,19,18,1,5,3,0,0,193,6,19,19,22,,0.2727272727272727,0.02727272727272727,0.3333333333333333,NOT_ESTIMABLE,,,PROVISIONAL_SMALL_REQUEST_N,0.18181818181818182,0.36363636363636365,PROVISIONAL_SMALL_REQUEST_N,0.25,0.4,NOT_PRIMARY; use physical units and frozen spans
20,f20-4d6b0c6066ee,FORMAL_10K,HELDOUT_TRIPLE_AUDIT,STRICT_LUMPED,f12d43eace12231077007dc497fee8dad00fbe58cb2f1fe2c6159c47636b97a0,all_candidates,all_finite_diagnostic,emx_minus_target,K_abs,dimensionless,19,0.029062634890828505,0.03918770662564176,0.006314202075863456,0.020092691220532144,0.06628020461295188,0.07606294027071127,PROVISIONAL_SMALL_REQUEST_N,2,0.023230627931388075,0.035542642623540094,0.02811681629896655,0.048616751883220566,-0.01265746481381973,0.02739383195328922,0.020092691220532144,0.02080077345231851,0.04689800060640189,0.08122899900087166,0.048554587471553945,0.09931020455643275,220,19,18,1,5,3,0,0,193,6,19,19,22,,0.2727272727272727,0.02727272727272727,0.3333333333333333,NOT_ESTIMABLE,,,PROVISIONAL_SMALL_REQUEST_N,0.18181818181818182,0.36363636363636365,PROVISIONAL_SMALL_REQUEST_N,0.25,0.4,NOT_PRIMARY; use physical units and frozen spans
20,f20-4d6b0c6066ee,FORMAL_10K,HELDOUT_TRIPLE_AUDIT,STRICT_LUMPED,f12d43eace12231077007dc497fee8dad00fbe58cb2f1fe2c6159c47636b97a0,all_candidates,all_finite_diagnostic,emx_minus_frozen_proxy,Lp_nH,nH,19,0.013874789773061447,0.017651392883309736,0.004925056292161579,0.014355988219009741,0.02660485954514972,0.03645026313415077,PROVISIONAL_SMALL_REQUEST_N,2,0.010164167042925687,0.017997703917656736,0.01375922027976663,0.021152095553203815,0.002622248959960759,0.0069975828911423175,0.005382106533348474,0.015353292664037732,0.023626007401675364,0.03658583585953209,0.02416045523857213,0.0370603403983667,220,19,18,1,5,3,0,0,193,6,19,19,22,,0.2727272727272727,0.02727272727272727,0.3333333333333333,NOT_ESTIMABLE,,,PROVISIONAL_SMALL_REQUEST_N,0.18181818181818182,0.36363636363636365,PROVISIONAL_SMALL_REQUEST_N,0.25,0.4,NOT_PRIMARY; use physical units and frozen spans
20,f20-4d6b0c6066ee,FORMAL_10K,HELDOUT_TRIPLE_AUDIT,STRICT_LUMPED,f12d43eace12231077007dc497fee8dad00fbe58cb2f1fe2c6159c47636b97a0,all_candidates,all_finite_diagnostic,emx_minus_frozen_proxy,Ls_nH,nH,19,0.010491376127746801,0.013723352779425175,-0.004096572062096974,0.00742171866359298,0.02554288840619185,0.02883532676731075,PROVISIONAL_SMALL_REQUEST_N,2,0.00858519857415923,0.012206935925975614,0.011940892211702579,0.015149302483477855,-0.0070192567037912455,-0.0014661558845721289,0.006986134152265233,0.012211980111728138,0.018706782565203115,0.02554288840619185,0.028765161159280295,0.029466817239584886,220,19,18,1,5,3,0,0,193,6,19,19,22,,0.2727272727272727,0.02727272727272727,0.3333333333333333,NOT_ESTIMABLE,,,PROVISIONAL_SMALL_REQUEST_N,0.18181818181818182,0.36363636363636365,PROVISIONAL_SMALL_REQUEST_N,0.25,0.4,NOT_PRIMARY; use physical units and frozen spans
20,f20-4d6b0c6066ee,FORMAL_10K,HELDOUT_TRIPLE_AUDIT,STRICT_LUMPED,f12d43eace12231077007dc497fee8dad00fbe58cb2f1fe2c6159c47636b97a0,all_candidates,all_finite_diagnostic,emx_minus_frozen_proxy,Qmin,dimensionless,19,0.405765246067069,0.4624669222971902,-0.169380091458749,0.46100301959010714,0.5910910695258252,0.6398084515536067,PROVISIONAL_SMALL_REQUEST_N,2,0.27021871926115215,0.5563724980736432,0.3246404173620715,0.5782851492234483,-0.370813153196669,0.011909664105379036,0.2411720050973294,0.5590698072094966,0.49638285705316915,0.6999624660062038,0.5624779442578127,0.9105015165902905,220,19,18,1,5,3,0,0,193,6,19,19,22,,0.2727272727272727,0.02727272727272727,0.3333333333333333,NOT_ESTIMABLE,,,PROVISIONAL_SMALL_REQUEST_N,0.18181818181818182,0.36363636363636365,PROVISIONAL_SMALL_REQUEST_N,0.25,0.4,NOT_PRIMARY; use physical units and frozen spans
20,f20-4d6b0c6066ee,FORMAL_10K,HELDOUT_TRIPLE_AUDIT,STRICT_LUMPED,f12d43eace12231077007dc497fee8dad00fbe58cb2f1fe2c6159c47636b97a0,all_candidates,all_finite_diagnostic,emx_minus_frozen_proxy,K_abs,dimensionless,19,0.0271754914694279,0.03697164299394171,0.00708567614261423,0.02339435545263724,0.0669319266905931,0.0773220455995427,PROVISIONAL_SMALL_REQUEST_N,2,0.02095625530518761,0.034085753874139334,0.024210647511204032,0.047269429630858804,-0.010919024327315613,0.027090898886980724,0.021988887798880294,0.02339435545263724,0.033843708259530515,0.08050882481157562,0.042690578186636824,0.09166255205369067,220,19,18,1,5,3,0,0,193,6,19,19,22,,0.2727272727272727,0.02727272727272727,0.3333333333333333,NOT_ESTIMABLE,,,PROVISIONAL_SMALL_REQUEST_N,0.18181818181818182,0.36363636363636365,PROVISIONAL_SMALL_REQUEST_N,0.25,0.4,NOT_PRIMARY; use physical units and frozen spans
20,f20-4d6b0c6066ee,FORMAL_10K,HELDOUT_TRIPLE_AUDIT,STRICT_LUMPED,f12d43eace12231077007dc497fee8dad00fbe58cb2f1fe2c6159c47636b97a0,selected_q_proxy,strict_valid,emx_minus_target,Lp_nH,nH,1,0.006691219885880062,0.006691219885880062,-0.006691219885880062,0.006691219885880062,0.006691219885880062,0.006691219885880062,NOT_ESTIMABLE,1,,,,,,,,,,,,,20,2,1,1,0,0,0,0,18,1,2,2,2,,0.5,0.05,1.0,NOT_ESTIMABLE,,,PROVISIONAL_SMALL_REQUEST_N,0.0,1.0,NOT_ESTIMABLE,,,NOT_PRIMARY; use physical units and frozen spans
20,f20-4d6b0c6066ee,FORMAL_10K,HELDOUT_TRIPLE_AUDIT,STRICT_LUMPED,f12d43eace12231077007dc497fee8dad00fbe58cb2f1fe2c6159c47636b97a0,selected_q_proxy,strict_valid,emx_minus_target,Ls_nH,nH,1,0.030784540044985098,0.030784540044985098,-0.030784540044985098,0.030784540044985098,0.030784540044985098,0.030784540044985098,NOT_ESTIMABLE,1,,,,,,,,,,,,,20,2,1,1,0,0,0,0,18,1,2,2,2,,0.5,0.05,1.0,NOT_ESTIMABLE,,,PROVISIONAL_SMALL_REQUEST_N,0.0,1.0,NOT_ESTIMABLE,,,NOT_PRIMARY; use physical units and frozen spans
20,f20-4d6b0c6066ee,FORMAL_10K,HELDOUT_TRIPLE_AUDIT,STRICT_LUMPED,f12d43eace12231077007dc497fee8dad00fbe58cb2f1fe2c6159c47636b97a0,selected_q_proxy,strict_valid,emx_minus_target,Qmin,dimensionless,1,0.06261353174018858,0.06261353174018858,-0.06261353174018858,0.06261353174018858,0.06261353174018858,0.06261353174018858,NOT_ESTIMABLE,1,,,,,,,,,,,,,20,2,1,1,0,0,0,0,18,1,2,2,2,,0.5,0.05,1.0,NOT_ESTIMABLE,,,PROVISIONAL_SMALL_REQUEST_N,0.0,1.0,NOT_ESTIMABLE,,,NOT_PRIMARY; use physical units and frozen spans
20,f20-4d6b0c6066ee,FORMAL_10K,HELDOUT_TRIPLE_AUDIT,STRICT_LUMPED,f12d43eace12231077007dc497fee8dad00fbe58cb2f1fe2c6159c47636b97a0,selected_q_proxy,strict_valid,emx_minus_target,K_abs,dimensionless,1,0.004581202853477767,0.004581202853477767,-0.004581202853477767,0.004581202853477767,0.004581202853477767,0.004581202853477767,NOT_ESTIMABLE,1,,,,,,,,,,,,,20,2,1,1,0,0,0,0,18,1,2,2,2,,0.5,0.05,1.0,NOT_ESTIMABLE,,,PROVISIONAL_SMALL_REQUEST_N,0.0,1.0,NOT_ESTIMABLE,,,NOT_PRIMARY; use physical units and frozen spans
20,f20-4d6b0c6066ee,FORMAL_10K,HELDOUT_TRIPLE_AUDIT,STRICT_LUMPED,f12d43eace12231077007dc497fee8dad00fbe58cb2f1fe2c6159c47636b97a0,selected_q_proxy,strict_valid,emx_minus_frozen_proxy,Lp_nH,nH,1,0.007625361764202143,0.007625361764202143,-0.007625361764202143,0.007625361764202143,0.007625361764202143,0.007625361764202143,NOT_ESTIMABLE,1,,,,,,,,,,,,,20,2,1,1,0,0,0,0,18,1,2,2,2,,0.5,0.05,1.0,NOT_ESTIMABLE,,,PROVISIONAL_SMALL_REQUEST_N,0.0,1.0,NOT_ESTIMABLE,,,NOT_PRIMARY; use physical units and frozen spans
20,f20-4d6b0c6066ee,FORMAL_10K,HELDOUT_TRIPLE_AUDIT,STRICT_LUMPED,f12d43eace12231077007dc497fee8dad00fbe58cb2f1fe2c6159c47636b97a0,selected_q_proxy,strict_valid,emx_minus_frozen_proxy,Ls_nH,nH,1,0.024737320217919745,0.024737320217919745,-0.024737320217919745,0.024737320217919745,0.024737320217919745,0.024737320217919745,NOT_ESTIMABLE,1,,,,,,,,,,,,,20,2,1,1,0,0,0,0,18,1,2,2,2,,0.5,0.05,1.0,NOT_ESTIMABLE,,,PROVISIONAL_SMALL_REQUEST_N,0.0,1.0,NOT_ESTIMABLE,,,NOT_PRIMARY; use physical units and frozen spans
20,f20-4d6b0c6066ee,FORMAL_10K,HELDOUT_TRIPLE_AUDIT,STRICT_LUMPED,f12d43eace12231077007dc497fee8dad00fbe58cb2f1fe2c6159c47636b97a0,selected_q_proxy,strict_valid,emx_minus_frozen_proxy,Qmin,dimensionless,1,0.09724144616889951,0.09724144616889951,-0.09724144616889951,0.09724144616889951,0.09724144616889951,0.09724144616889951,NOT_ESTIMABLE,1,,,,,,,,,,,,,20,2,1,1,0,0,0,0,18,1,2,2,2,,0.5,0.05,1.0,NOT_ESTIMABLE,,,PROVISIONAL_SMALL_REQUEST_N,0.0,1.0,NOT_ESTIMABLE,,,NOT_PRIMARY; use physical units and frozen spans
20,f20-4d6b0c6066ee,FORMAL_10K,HELDOUT_TRIPLE_AUDIT,STRICT_LUMPED,f12d43eace12231077007dc497fee8dad00fbe58cb2f1fe2c6159c47636b97a0,selected_q_proxy,strict_valid,emx_minus_frozen_proxy,K_abs,dimensionless,1,0.006302549735748064,0.006302549735748064,-0.006302549735748064,0.006302549735748064,0.006302549735748064,0.006302549735748064,NOT_ESTIMABLE,1,,,,,,,,,,,,,20,2,1,1,0,0,0,0,18,1,2,2,2,,0.5,0.05,1.0,NOT_ESTIMABLE,,,PROVISIONAL_SMALL_REQUEST_N,0.0,1.0,NOT_ESTIMABLE,,,NOT_PRIMARY; use physical units and frozen spans
20,f20-4d6b0c6066ee,FORMAL_10K,HELDOUT_TRIPLE_AUDIT,STRICT_LUMPED,f12d43eace12231077007dc497fee8dad00fbe58cb2f1fe2c6159c47636b97a0,selected_q_proxy,all_finite_diagnostic,emx_minus_target,Lp_nH,nH,2,0.028005974930768285,0.03519450829954028,0.021314755044888223,0.028005974930768285,0.04505777896667886,0.04718925447116768,PROVISIONAL_SMALL_REQUEST_N,2,0.006691219885880062,0.04932072997565651,0.006691219885880062,0.04932072997565651,-0.006691219885880062,0.04932072997565651,0.006691219885880062,0.04932072997565651,0.006691219885880062,0.04932072997565651,0.006691219885880062,0.04932072997565651,20,2,1,1,0,0,0,0,18,1,2,2,2,,0.5,0.05,1.0,NOT_ESTIMABLE,,,PROVISIONAL_SMALL_REQUEST_N,0.0,1.0,NOT_ESTIMABLE,,,NOT_PRIMARY; use physical units and frozen spans
20,f20-4d6b0c6066ee,FORMAL_10K,HELDOUT_TRIPLE_AUDIT,STRICT_LUMPED,f12d43eace12231077007dc497fee8dad00fbe58cb2f1fe2c6159c47636b97a0,selected_q_proxy,all_finite_diagnostic,emx_minus_target,Ls_nH,nH,2,0.024811610523415295,0.02552042130990969,-0.005972929521569803,0.024811610523415295,0.029589954140671136,0.030187247092828117,PROVISIONAL_SMALL_REQUEST_N,2,0.018838681001845492,0.030784540044985098,0.018838681001845492,0.030784540044985098,-0.030784540044985098,0.018838681001845492,0.018838681001845492,0.030784540044985098,0.018838681001845492,0.030784540044985098,0.018838681001845492,0.030784540044985098,20,2,1,1,0,0,0,0,18,1,2,2,2,,0.5,0.05,1.0,NOT_ESTIMABLE,,,PROVISIONAL_SMALL_REQUEST_N,0.0,1.0,NOT_ESTIMABLE,,,NOT_PRIMARY; use physical units and frozen spans
20,f20-4d6b0c6066ee,FORMAL_10K,HELDOUT_TRIPLE_AUDIT,STRICT_LUMPED,f12d43eace12231077007dc497fee8dad00fbe58cb2f1fe2c6159c47636b97a0,selected_q_proxy,all_finite_diagnostic,emx_minus_target,Qmin,dimensionless,2,0.337684538662411,0.43553978750609074,-0.337684538662411,0.337684538662411,0.557741344200189,0.5852484448924111,PROVISIONAL_SMALL_REQUEST_N,2,0.06261353174018858,0.6127555455846334,0.06261353174018858,0.6127555455846334,-0.6127555455846334,-0.06261353174018858,0.06261353174018858,0.6127555455846334,0.06261353174018858,0.6127555455846334,0.06261353174018858,0.6127555455846334,20,2,1,1,0,0,0,0,18,1,2,2,2,,0.5,0.05,1.0,NOT_ESTIMABLE,,,PROVISIONAL_SMALL_REQUEST_N,0.0,1.0,NOT_ESTIMABLE,,,NOT_PRIMARY; use physical units and frozen spans
20,f20-4d6b0c6066ee,FORMAL_10K,HELDOUT_TRIPLE_AUDIT,STRICT_LUMPED,f12d43eace12231077007dc497fee8dad00fbe58cb2f1fe2c6159c47636b97a0,selected_q_proxy,all_finite_diagnostic,emx_minus_target,K_abs,dimensionless,2,0.03453074044662992,0.04570937363206979,0.02994953759315215,0.03453074044662992,0.05849037052115164,0.06148532428046685,PROVISIONAL_SMALL_REQUEST_N,2,0.004581202853477767,0.06448027803978207,0.004581202853477767,0.06448027803978207,-0.004581202853477767,0.06448027803978207,0.004581202853477767,0.06448027803978207,0.004581202853477767,0.06448027803978207,0.004581202853477767,0.06448027803978207,20,2,1,1,0,0,0,0,18,1,2,2,2,,0.5,0.05,1.0,NOT_ESTIMABLE,,,PROVISIONAL_SMALL_REQUEST_N,0.0,1.0,NOT_ESTIMABLE,,,NOT_PRIMARY; use physical units and frozen spans
20,f20-4d6b0c6066ee,FORMAL_10K,HELDOUT_TRIPLE_AUDIT,STRICT_LUMPED,f12d43eace12231077007dc497fee8dad00fbe58cb2f1fe2c6159c47636b97a0,selected_q_proxy,all_finite_diagnostic,emx_minus_frozen_proxy,Lp_nH,nH,2,0.02234285108128442,0.026754578790160077,0.014717489317082277,0.02234285108128442,0.034116842534950245,0.035588591466658465,PROVISIONAL_SMALL_REQUEST_N,2,0.007625361764202143,0.0370603403983667,0.007625361764202143,0.0370603403983667,-0.007625361764202143,0.0370603403983667,0.007625361764202143,0.0370603403983667,0.007625361764202143,0.0370603403983667,0.007625361764202143,0.0370603403983667,20,2,1,1,0,0,0,0,18,1,2,2,2,,0.5,0.05,1.0,NOT_ESTIMABLE,,,PROVISIONAL_SMALL_REQUEST_N,0.0,1.0,NOT_ESTIMABLE,,,NOT_PRIMARY; use physical units and frozen spans
20,f20-4d6b0c6066ee,FORMAL_10K,HELDOUT_TRIPLE_AUDIT,STRICT_LUMPED,f12d43eace12231077007dc497fee8dad00fbe58cb2f1fe2c6159c47636b97a0,selected_q_proxy,all_finite_diagnostic,emx_minus_frozen_proxy,Ls_nH,nH,2,0.016079519440756362,0.018262213987978365,-0.016079519440756362,0.016079519440756362,0.02300576006248707,0.023871540140203405,PROVISIONAL_SMALL_REQUEST_N,2,0.00742171866359298,0.024737320217919745,0.00742171866359298,0.024737320217919745,-0.024737320217919745,-0.00742171866359298,0.00742171866359298,0.024737320217919745,0.00742171866359298,0.024737320217919745,0.00742171866359298,0.024737320217919745,20,2,1,1,0,0,0,0,18,1,2,2,2,,0.5,0.05,1.0,NOT_ESTIMABLE,,,PROVISIONAL_SMALL_REQUEST_N,0.0,1.0,NOT_ESTIMABLE,,,NOT_PRIMARY; use physical units and frozen spans
20,f20-4d6b0c6066ee,FORMAL_10K,HELDOUT_TRIPLE_AUDIT,STRICT_LUMPED,f12d43eace12231077007dc497fee8dad00fbe58cb2f1fe2c6159c47636b97a0,selected_q_proxy,all_finite_diagnostic,emx_minus_frozen_proxy,Qmin,dimensionless,2,0.35348644524810435,0.4365938232811394,-0.35348644524810435,0.35348644524810435,0.5584824445114682,0.5841069444193887,PROVISIONAL_SMALL_REQUEST_N,2,0.09724144616889951,0.6097314443273092,0.09724144616889951,0.6097314443273092,-0.6097314443273092,-0.09724144616889951,0.09724144616889951,0.6097314443273092,0.09724144616889951,0.6097314443273092,0.09724144616889951,0.6097314443273092,20,2,1,1,0,0,0,0,18,1,2,2,2,,0.5,0.05,1.0,NOT_ESTIMABLE,,,PROVISIONAL_SMALL_REQUEST_N,0.0,1.0,NOT_ESTIMABLE,,,NOT_PRIMARY; use physical units and frozen spans
20,f20-4d6b0c6066ee,FORMAL_10K,HELDOUT_TRIPLE_AUDIT,STRICT_LUMPED,f12d43eace12231077007dc497fee8dad00fbe58cb2f1fe2c6159c47636b97a0,selected_q_proxy,all_finite_diagnostic,emx_minus_frozen_proxy,K_abs,dimensionless,2,0.03551764705030394,0.045989402725942576,0.029215097314555877,0.03551764705030394,0.058889724901948645,0.061811234633404225,PROVISIONAL_SMALL_REQUEST_N,2,0.006302549735748064,0.06473274436485982,0.006302549735748064,0.06473274436485982,-0.006302549735748064,0.06473274436485982,0.006302549735748064,0.06473274436485982,0.006302549735748064,0.06473274436485982,0.006302549735748064,0.06473274436485982,20,2,1,1,0,0,0,0,18,1,2,2,2,,0.5,0.05,1.0,NOT_ESTIMABLE,,,PROVISIONAL_SMALL_REQUEST_N,0.0,1.0,NOT_ESTIMABLE,,,NOT_PRIMARY; use physical units and frozen spans
6,f6-ba844c981dd6,FORMAL_10K,HELDOUT_TRIPLE_AUDIT,STRICT_LUMPED,f12d43eace12231077007dc497fee8dad00fbe58cb2f1fe2c6159c47636b97a0,all_candidates,strict_valid,emx_minus_target,Lp_nH,nH,18,0.07730122465081188,0.12679361503083422,-0.07324541698833582,0.013831378263415184,0.20379196761610754,0.27559290667527025,PROVISIONAL_SMALL_REQUEST_N,2,0.07113461743172692,0.0850094836746681,0.09943868193683854,0.15431245088019294,-0.07965634900395241,-0.06811667137584257,0.007040659269289762,0.04573089205048719,0.1693077101378425,0.30393476472467995,0.17822578398758226,0.3444231333666936,220,18,18,0,0,1,3,0,198,10,18,18,22,,0.45454545454545453,0.045454545454545456,0.5555555555555556,NOT_ESTIMABLE,,,PROVISIONAL_SMALL_REQUEST_N,0.36363636363636365,0.5454545454545454,PROVISIONAL_SMALL_REQUEST_N,0.4,0.75,NOT_PRIMARY; use physical units and frozen spans
6,f6-ba844c981dd6,FORMAL_10K,HELDOUT_TRIPLE_AUDIT,STRICT_LUMPED,f12d43eace12231077007dc497fee8dad00fbe58cb2f1fe2c6159c47636b97a0,all_candidates,strict_valid,emx_minus_target,Ls_nH,nH,18,0.17232069795604604,0.2724226572656201,0.17044955365178446,0.06951446047198856,0.5191746941532558,0.5969762269851079,PROVISIONAL_SMALL_REQUEST_N,2,0.04770046665329919,0.2720168829982435,0.0735186241501881,0.3595294105736573,0.04770046665329919,0.2686488232505727,0.01256786008081201,0.2557943251974891,0.1390226245718551,0.5953235033050976,0.1409459196719931,0.6250725295452829,220,18,18,0,0,1,3,0,198,10,18,18,22,,0.45454545454545453,0.045454545454545456,0.5555555555555556,NOT_ESTIMABLE,,,PROVISIONAL_SMALL_REQUEST_N,0.36363636363636365,0.5454545454545454,PROVISIONAL_SMALL_REQUEST_N,0.4,0.75,NOT_PRIMARY; use physical units and frozen spans
6,f6-ba844c981dd6,FORMAL_10K,HELDOUT_TRIPLE_AUDIT,STRICT_LUMPED,f12d43eace12231077007dc497fee8dad00fbe58cb2f1fe2c6159c47636b97a0,all_candidates,strict_valid,emx_minus_target,Qmin,dimensionless,18,1.586758672684959,2.4607652830309377,-1.5559560072808631,0.7946889412719891,4.6650675559480135,5.326328933105253,PROVISIONAL_SMALL_REQUEST_N,2,1.2927545636625253,1.821961959902906,2.367759108105658,2.5327123495361166,-1.7868504982156062,-1.2673378936124344,0.11152383356150519,1.2255064306387267,4.48656489692651,4.6650675559480135,5.289826862523274,5.533173999736471,220,18,18,0,0,1,3,0,198,10,18,18,22,,0.45454545454545453,0.045454545454545456,0.5555555555555556,NOT_ESTIMABLE,,,PROVISIONAL_SMALL_REQUEST_N,0.36363636363636365,0.5454545454545454,PROVISIONAL_SMALL_REQUEST_N,0.4,0.75,NOT_PRIMARY; use physical units and frozen spans
6,f6-ba844c981dd6,FORMAL_10K,HELDOUT_TRIPLE_AUDIT,STRICT_LUMPED,f12d43eace12231077007dc497fee8dad00fbe58cb2f1fe2c6159c47636b97a0,all_candidates,strict_valid,emx_minus_target,K_abs,dimensionless,18,0.04367524654258923,0.06867086085280702,-0.040234009599198095,0.022586722878849774,0.13622042459475625,0.15536914905883425,PROVISIONAL_SMALL_REQUEST_N,2,0.015044899768308057,0.06657952396201418,0.020452633760518278,0.09029722394561494,-0.06049533487251106,-0.014907353007556884,0.008547293550219603,0.043890485313923505,0.037651456181914275,0.15507471709500298,0.03877970159352086,0.16037449244396618,220,18,18,0,0,1,3,0,198,10,18,18,22,,0.45454545454545453,0.045454545454545456,0.5555555555555556,NOT_ESTIMABLE,,,PROVISIONAL_SMALL_REQUEST_N,0.36363636363636365,0.5454545454545454,PROVISIONAL_SMALL_REQUEST_N,0.4,0.75,NOT_PRIMARY; use physical units and frozen spans
6,f6-ba844c981dd6,FORMAL_10K,HELDOUT_TRIPLE_AUDIT,STRICT_LUMPED,f12d43eace12231077007dc497fee8dad00fbe58cb2f1fe2c6159c47636b97a0,all_candidates,strict_valid,emx_minus_frozen_proxy,Lp_nH,nH,18,0.012308537404202593,0.01410385643512489,0.011691847976946494,0.015137478541119131,0.018787256307186386,0.01968217233762025,PROVISIONAL_SMALL_REQUEST_N,2,0.011364166663520026,0.013064033996748648,0.013103475135328715,0.01485573730647397,0.011280686211621205,0.012020777389206727,0.013441815648571942,0.016175020153057384,0.018591066272029222,0.018945723399739326,0.019247307081309506,0.02214640879004781,220,18,18,0,0,1,3,0,198,10,18,18,22,,0.45454545454545453,0.045454545454545456,0.5555555555555556,NOT_ESTIMABLE,,,PROVISIONAL_SMALL_REQUEST_N,0.36363636363636365,0.5454545454545454,PROVISIONAL_SMALL_REQUEST_N,0.4,0.75,NOT_PRIMARY; use physical units and frozen spans
6,f6-ba844c981dd6,FORMAL_10K,HELDOUT_TRIPLE_AUDIT,STRICT_LUMPED,f12d43eace12231077007dc497fee8dad00fbe58cb2f1fe2c6159c47636b97a0,all_candidates,strict_valid,emx_minus_frozen_proxy,Ls_nH,nH,18,0.014927522092982962,0.01878919459300184,0.0099289122446685,0.01100084248717792,0.032149057708042265,0.03317652350224377,PROVISIONAL_SMALL_REQUEST_N,2,0.013444441424344089,0.01611398662789406,0.01840517843941567,0.019090846641971013,0.0076445822529341515,0.012784324734336439,0.008950832389144181,0.012816830426457482,0.03188267211275695,0.03255057015823293,0.033081407291540854,0.03371551536289363,220,18,18,0,0,1,3,0,198,10,18,18,22,,0.45454545454545453,0.045454545454545456,0.5555555555555556,NOT_ESTIMABLE,,,PROVISIONAL_SMALL_REQUEST_N,0.36363636363636365,0.5454545454545454,PROVISIONAL_SMALL_REQUEST_N,0.4,0.75,NOT_PRIMARY; use physical units and frozen spans
6,f6-ba844c981dd6,FORMAL_10K,HELDOUT_TRIPLE_AUDIT,STRICT_LUMPED,f12d43eace12231077007dc497fee8dad00fbe58cb2f1fe2c6159c47636b97a0,all_candidates,strict_valid,emx_minus_frozen_proxy,Qmin,dimensionless,18,0.22422708688519372,0.30578111463411517,0.19645636488439294,0.1583953228418249,0.4901770941321065,0.6675908809603269,PROVISIONAL_SMALL_REQUEST_N,2,0.1364836732874386,0.2944218177633978,0.19058387606989566,0.3731567915315586,0.07399954878563686,0.2944218177633978,0.11258583936026856,0.20728192792446176,0.32277004797923325,0.6655721918491256,0.4167380714915563,0.7019085958507496,220,18,18,0,0,1,3,0,198,10,18,18,22,,0.45454545454545453,0.045454545454545456,0.5555555555555556,NOT_ESTIMABLE,,,PROVISIONAL_SMALL_REQUEST_N,0.36363636363636365,0.5454545454545454,PROVISIONAL_SMALL_REQUEST_N,0.4,0.75,NOT_PRIMARY; use physical units and frozen spans
6,f6-ba844c981dd6,FORMAL_10K,HELDOUT_TRIPLE_AUDIT,STRICT_LUMPED,f12d43eace12231077007dc497fee8dad00fbe58cb2f1fe2c6159c47636b97a0,all_candidates,strict_valid,emx_minus_frozen_proxy,K_abs,dimensionless,18,0.002613162876328266,0.0031056785786661677,-0.0020818990753414235,0.0025807239727390283,0.004876368165677761,0.005286905522543247,PROVISIONAL_SMALL_REQUEST_N,2,0.002522879223629838,0.0027260174422013006,0.0029225038341348752,0.003320467271454725,-0.0027260174422013006,-0.0015666043818535215,0.002381378919241013,0.0026466204110486558,0.0032906766070152516,0.004947373070447167,0.005124885332370682,0.006205019933521128,220,18,18,0,0,1,3,0,198,10,18,18,22,,0.45454545454545453,0.045454545454545456,0.5555555555555556,NOT_ESTIMABLE,,,PROVISIONAL_SMALL_REQUEST_N,0.36363636363636365,0.5454545454545454,PROVISIONAL_SMALL_REQUEST_N,0.4,0.75,NOT_PRIMARY; use physical units and frozen spans
6,f6-ba844c981dd6,FORMAL_10K,HELDOUT_TRIPLE_AUDIT,STRICT_LUMPED,f12d43eace12231077007dc497fee8dad00fbe58cb2f1fe2c6159c47636b97a0,all_candidates,all_finite_diagnostic,emx_minus_target,Lp_nH,nH,18,0.07730122465081188,0.12679361503083422,-0.07324541698833582,0.013831378263415184,0.20379196761610754,0.27559290667527025,PROVISIONAL_SMALL_REQUEST_N,2,0.07113461743172692,0.0850094836746681,0.09943868193683854,0.15431245088019294,-0.07965634900395241,-0.06811667137584257,0.007040659269289762,0.04573089205048719,0.1693077101378425,0.30393476472467995,0.17822578398758226,0.3444231333666936,220,18,18,0,0,1,3,0,198,10,18,18,22,,0.45454545454545453,0.045454545454545456,0.5555555555555556,NOT_ESTIMABLE,,,PROVISIONAL_SMALL_REQUEST_N,0.36363636363636365,0.5454545454545454,PROVISIONAL_SMALL_REQUEST_N,0.4,0.75,NOT_PRIMARY; use physical units and frozen spans
6,f6-ba844c981dd6,FORMAL_10K,HELDOUT_TRIPLE_AUDIT,STRICT_LUMPED,f12d43eace12231077007dc497fee8dad00fbe58cb2f1fe2c6159c47636b97a0,all_candidates,all_finite_diagnostic,emx_minus_target,Ls_nH,nH,18,0.17232069795604604,0.2724226572656201,0.17044955365178446,0.06951446047198856,0.5191746941532558,0.5969762269851079,PROVISIONAL_SMALL_REQUEST_N,2,0.04770046665329919,0.2720168829982435,0.0735186241501881,0.3595294105736573,0.04770046665329919,0.2686488232505727,0.01256786008081201,0.2557943251974891,0.1390226245718551,0.5953235033050976,0.1409459196719931,0.6250725295452829,220,18,18,0,0,1,3,0,198,10,18,18,22,,0.45454545454545453,0.045454545454545456,0.5555555555555556,NOT_ESTIMABLE,,,PROVISIONAL_SMALL_REQUEST_N,0.36363636363636365,0.5454545454545454,PROVISIONAL_SMALL_REQUEST_N,0.4,0.75,NOT_PRIMARY; use physical units and frozen spans
6,f6-ba844c981dd6,FORMAL_10K,HELDOUT_TRIPLE_AUDIT,STRICT_LUMPED,f12d43eace12231077007dc497fee8dad00fbe58cb2f1fe2c6159c47636b97a0,all_candidates,all_finite_diagnostic,emx_minus_target,Qmin,dimensionless,18,1.586758672684959,2.4607652830309377,-1.5559560072808631,0.7946889412719891,4.6650675559480135,5.326328933105253,PROVISIONAL_SMALL_REQUEST_N,2,1.2927545636625253,1.821961959902906,2.367759108105658,2.5327123495361166,-1.7868504982156062,-1.2673378936124344,0.11152383356150519,1.2255064306387267,4.48656489692651,4.6650675559480135,5.289826862523274,5.533173999736471,220,18,18,0,0,1,3,0,198,10,18,18,22,,0.45454545454545453,0.045454545454545456,0.5555555555555556,NOT_ESTIMABLE,,,PROVISIONAL_SMALL_REQUEST_N,0.36363636363636365,0.5454545454545454,PROVISIONAL_SMALL_REQUEST_N,0.4,0.75,NOT_PRIMARY; use physical units and frozen spans
6,f6-ba844c981dd6,FORMAL_10K,HELDOUT_TRIPLE_AUDIT,STRICT_LUMPED,f12d43eace12231077007dc497fee8dad00fbe58cb2f1fe2c6159c47636b97a0,all_candidates,all_finite_diagnostic,emx_minus_target,K_abs,dimensionless,18,0.04367524654258923,0.06867086085280702,-0.040234009599198095,0.022586722878849774,0.13622042459475625,0.15536914905883425,PROVISIONAL_SMALL_REQUEST_N,2,0.015044899768308057,0.06657952396201418,0.020452633760518278,0.09029722394561494,-0.06049533487251106,-0.014907353007556884,0.008547293550219603,0.043890485313923505,0.037651456181914275,0.15507471709500298,0.03877970159352086,0.16037449244396618,220,18,18,0,0,1,3,0,198,10,18,18,22,,0.45454545454545453,0.045454545454545456,0.5555555555555556,NOT_ESTIMABLE,,,PROVISIONAL_SMALL_REQUEST_N,0.36363636363636365,0.5454545454545454,PROVISIONAL_SMALL_REQUEST_N,0.4,0.75,NOT_PRIMARY; use physical units and frozen spans
6,f6-ba844c981dd6,FORMAL_10K,HELDOUT_TRIPLE_AUDIT,STRICT_LUMPED,f12d43eace12231077007dc497fee8dad00fbe58cb2f1fe2c6159c47636b97a0,all_candidates,all_finite_diagnostic,emx_minus_frozen_proxy,Lp_nH,nH,18,0.012308537404202593,0.01410385643512489,0.011691847976946494,0.015137478541119131,0.018787256307186386,0.01968217233762025,PROVISIONAL_SMALL_REQUEST_N,2,0.011364166663520026,0.013064033996748648,0.013103475135328715,0.01485573730647397,0.011280686211621205,0.012020777389206727,0.013441815648571942,0.016175020153057384,0.018591066272029222,0.018945723399739326,0.019247307081309506,0.02214640879004781,220,18,18,0,0,1,3,0,198,10,18,18,22,,0.45454545454545453,0.045454545454545456,0.5555555555555556,NOT_ESTIMABLE,,,PROVISIONAL_SMALL_REQUEST_N,0.36363636363636365,0.5454545454545454,PROVISIONAL_SMALL_REQUEST_N,0.4,0.75,NOT_PRIMARY; use physical units and frozen spans
6,f6-ba844c981dd6,FORMAL_10K,HELDOUT_TRIPLE_AUDIT,STRICT_LUMPED,f12d43eace12231077007dc497fee8dad00fbe58cb2f1fe2c6159c47636b97a0,all_candidates,all_finite_diagnostic,emx_minus_frozen_proxy,Ls_nH,nH,18,0.014927522092982962,0.01878919459300184,0.0099289122446685,0.01100084248717792,0.032149057708042265,0.03317652350224377,PROVISIONAL_SMALL_REQUEST_N,2,0.013444441424344089,0.01611398662789406,0.01840517843941567,0.019090846641971013,0.0076445822529341515,0.012784324734336439,0.008950832389144181,0.012816830426457482,0.03188267211275695,0.03255057015823293,0.033081407291540854,0.03371551536289363,220,18,18,0,0,1,3,0,198,10,18,18,22,,0.45454545454545453,0.045454545454545456,0.5555555555555556,NOT_ESTIMABLE,,,PROVISIONAL_SMALL_REQUEST_N,0.36363636363636365,0.5454545454545454,PROVISIONAL_SMALL_REQUEST_N,0.4,0.75,NOT_PRIMARY; use physical units and frozen spans
6,f6-ba844c981dd6,FORMAL_10K,HELDOUT_TRIPLE_AUDIT,STRICT_LUMPED,f12d43eace12231077007dc497fee8dad00fbe58cb2f1fe2c6159c47636b97a0,all_candidates,all_finite_diagnostic,emx_minus_frozen_proxy,Qmin,dimensionless,18,0.22422708688519372,0.30578111463411517,0.19645636488439294,0.1583953228418249,0.4901770941321065,0.6675908809603269,PROVISIONAL_SMALL_REQUEST_N,2,0.1364836732874386,0.2944218177633978,0.19058387606989566,0.3731567915315586,0.07399954878563686,0.2944218177633978,0.11258583936026856,0.20728192792446176,0.32277004797923325,0.6655721918491256,0.4167380714915563,0.7019085958507496,220,18,18,0,0,1,3,0,198,10,18,18,22,,0.45454545454545453,0.045454545454545456,0.5555555555555556,NOT_ESTIMABLE,,,PROVISIONAL_SMALL_REQUEST_N,0.36363636363636365,0.5454545454545454,PROVISIONAL_SMALL_REQUEST_N,0.4,0.75,NOT_PRIMARY; use physical units and frozen spans
6,f6-ba844c981dd6,FORMAL_10K,HELDOUT_TRIPLE_AUDIT,STRICT_LUMPED,f12d43eace12231077007dc497fee8dad00fbe58cb2f1fe2c6159c47636b97a0,all_candidates,all_finite_diagnostic,emx_minus_frozen_proxy,K_abs,dimensionless,18,0.002613162876328266,0.0031056785786661677,-0.0020818990753414235,0.0025807239727390283,0.004876368165677761,0.005286905522543247,PROVISIONAL_SMALL_REQUEST_N,2,0.002522879223629838,0.0027260174422013006,0.0029225038341348752,0.003320467271454725,-0.0027260174422013006,-0.0015666043818535215,0.002381378919241013,0.0026466204110486558,0.0032906766070152516,0.004947373070447167,0.005124885332370682,0.006205019933521128,220,18,18,0,0,1,3,0,198,10,18,18,22,,0.45454545454545453,0.045454545454545456,0.5555555555555556,NOT_ESTIMABLE,,,PROVISIONAL_SMALL_REQUEST_N,0.36363636363636365,0.5454545454545454,PROVISIONAL_SMALL_REQUEST_N,0.4,0.75,NOT_PRIMARY; use physical units and frozen spans
6,f6-ba844c981dd6,FORMAL_10K,HELDOUT_TRIPLE_AUDIT,STRICT_LUMPED,f12d43eace12231077007dc497fee8dad00fbe58cb2f1fe2c6159c47636b97a0,selected_q_proxy,strict_valid,emx_minus_target,Lp_nH,nH,2,0.0024152040825062837,0.002584137425936266,-0.0009189969945377907,0.0024152040825062837,0.0031504016781365163,0.0032423013775902954,PROVISIONAL_SMALL_REQUEST_N,2,0.001496207087968493,0.0033342010770440744,0.001496207087968493,0.0033342010770440744,-0.0033342010770440744,0.001496207087968493,0.001496207087968493,0.0033342010770440744,0.001496207087968493,0.0033342010770440744,0.001496207087968493,0.0033342010770440744,20,2,2,0,0,0,0,0,18,2,2,2,2,,1.0,0.1,1.0,NOT_ESTIMABLE,,,PROVISIONAL_SMALL_REQUEST_N,1.0,1.0,PROVISIONAL_SMALL_REQUEST_N,1.0,1.0,NOT_PRIMARY; use physical units and frozen spans
6,f6-ba844c981dd6,FORMAL_10K,HELDOUT_TRIPLE_AUDIT,STRICT_LUMPED,f12d43eace12231077007dc497fee8dad00fbe58cb2f1fe2c6159c47636b97a0,selected_q_proxy,strict_valid,emx_minus_target,Ls_nH,nH,2,0.00591853168003148,0.006131151114136797,-0.001600623858639072,0.00591853168003148,0.007199030766942738,0.007359093152806645,PROVISIONAL_SMALL_REQUEST_N,2,0.004317907821392408,0.007519155538670552,0.004317907821392408,0.007519155538670552,-0.007519155538670552,0.004317907821392408,0.004317907821392408,0.007519155538670552,0.004317907821392408,0.007519155538670552,0.004317907821392408,0.007519155538670552,20,2,2,0,0,0,0,0,18,2,2,2,2,,1.0,0.1,1.0,NOT_ESTIMABLE,,,PROVISIONAL_SMALL_REQUEST_N,1.0,1.0,PROVISIONAL_SMALL_REQUEST_N,1.0,1.0,NOT_PRIMARY; use physical units and frozen spans
6,f6-ba844c981dd6,FORMAL_10K,HELDOUT_TRIPLE_AUDIT,STRICT_LUMPED,f12d43eace12231077007dc497fee8dad00fbe58cb2f1fe2c6159c47636b97a0,selected_q_proxy,strict_valid,emx_minus_target,Qmin,dimensionless,2,0.05368663093798087,0.06107607470006751,0.0291209985971852,0.05368663093798087,0.07698342981572903,0.07989552967544755,PROVISIONAL_SMALL_REQUEST_N,2,0.024565632340795673,0.08280762953516607,0.024565632340795673,0.08280762953516607,-0.024565632340795673,0.08280762953516607,0.024565632340795673,0.08280762953516607,0.024565632340795673,0.08280762953516607,0.024565632340795673,0.08280762953516607,20,2,2,0,0,0,0,0,18,2,2,2,2,,1.0,0.1,1.0,NOT_ESTIMABLE,,,PROVISIONAL_SMALL_REQUEST_N,1.0,1.0,PROVISIONAL_SMALL_REQUEST_N,1.0,1.0,NOT_PRIMARY; use physical units and frozen spans
6,f6-ba844c981dd6,FORMAL_10K,HELDOUT_TRIPLE_AUDIT,STRICT_LUMPED,f12d43eace12231077007dc497fee8dad00fbe58cb2f1fe2c6159c47636b97a0,selected_q_proxy,strict_valid,emx_minus_target,K_abs,dimensionless,2,0.002707530446528661,0.0027394545882872563,-0.0004170015856185816,0.002707530446528661,0.0030411317150235264,0.0030828318735853844,PROVISIONAL_SMALL_REQUEST_N,2,0.0022905288609100793,0.0031245320321472425,0.0022905288609100793,0.0031245320321472425,-0.0031245320321472425,0.0022905288609100793,0.0022905288609100793,0.0031245320321472425,0.0022905288609100793,0.0031245320321472425,0.0022905288609100793,0.0031245320321472425,20,2,2,0,0,0,0,0,18,2,2,2,2,,1.0,0.1,1.0,NOT_ESTIMABLE,,,PROVISIONAL_SMALL_REQUEST_N,1.0,1.0,PROVISIONAL_SMALL_REQUEST_N,1.0,1.0,NOT_PRIMARY; use physical units and frozen spans
6,f6-ba844c981dd6,FORMAL_10K,HELDOUT_TRIPLE_AUDIT,STRICT_LUMPED,f12d43eace12231077007dc497fee8dad00fbe58cb2f1fe2c6159c47636b97a0,selected_q_proxy,strict_valid,emx_minus_frozen_proxy,Lp_nH,nH,2,0.0023334414461246844,0.0030729509868133607,-0.0023334414461246844,0.0023334414461246844,0.0039330571569482055,0.004133009120801145,PROVISIONAL_SMALL_REQUEST_N,2,0.0003339218075952832,0.004332961084654086,0.0003339218075952832,0.004332961084654086,-0.004332961084654086,-0.0003339218075952832,0.0003339218075952832,0.004332961084654086,0.0003339218075952832,0.004332961084654086,0.0003339218075952832,0.004332961084654086,20,2,2,0,0,0,0,0,18,2,2,2,2,,1.0,0.1,1.0,NOT_ESTIMABLE,,,PROVISIONAL_SMALL_REQUEST_N,1.0,1.0,PROVISIONAL_SMALL_REQUEST_N,1.0,1.0,NOT_PRIMARY; use physical units and frozen spans
6,f6-ba844c981dd6,FORMAL_10K,HELDOUT_TRIPLE_AUDIT,STRICT_LUMPED,f12d43eace12231077007dc497fee8dad00fbe58cb2f1fe2c6159c47636b97a0,selected_q_proxy,strict_valid,emx_minus_frozen_proxy,Ls_nH,nH,2,0.004933315736556421,0.006255011625363213,-0.004933315736556421,0.004933315736556421,0.008009684117813644,0.008394230165470796,PROVISIONAL_SMALL_REQUEST_N,2,0.0010878552599848934,0.008778776213127948,0.0010878552599848934,0.008778776213127948,-0.008778776213127948,-0.0010878552599848934,0.0010878552599848934,0.008778776213127948,0.0010878552599848934,0.008778776213127948,0.0010878552599848934,0.008778776213127948,20,2,2,0,0,0,0,0,18,2,2,2,2,,1.0,0.1,1.0,NOT_ESTIMABLE,,,PROVISIONAL_SMALL_REQUEST_N,1.0,1.0,PROVISIONAL_SMALL_REQUEST_N,1.0,1.0,NOT_PRIMARY; use physical units and frozen spans
6,f6-ba844c981dd6,FORMAL_10K,HELDOUT_TRIPLE_AUDIT,STRICT_LUMPED,f12d43eace12231077007dc497fee8dad00fbe58cb2f1fe2c6159c47636b97a0,selected_q_proxy,strict_valid,emx_minus_frozen_proxy,Qmin,dimensionless,2,0.08085013649218009,0.0808819210228782,-0.002267284178693707,0.08085013649218009,0.08266396383513505,0.08289069225300442,PROVISIONAL_SMALL_REQUEST_N,2,0.07858285231348638,0.0831174206708738,0.07858285231348638,0.0831174206708738,-0.0831174206708738,0.07858285231348638,0.07858285231348638,0.0831174206708738,0.07858285231348638,0.0831174206708738,0.07858285231348638,0.0831174206708738,20,2,2,0,0,0,0,0,18,2,2,2,2,,1.0,0.1,1.0,NOT_ESTIMABLE,,,PROVISIONAL_SMALL_REQUEST_N,1.0,1.0,PROVISIONAL_SMALL_REQUEST_N,1.0,1.0,NOT_PRIMARY; use physical units and frozen spans
6,f6-ba844c981dd6,FORMAL_10K,HELDOUT_TRIPLE_AUDIT,STRICT_LUMPED,f12d43eace12231077007dc497fee8dad00fbe58cb2f1fe2c6159c47636b97a0,selected_q_proxy,strict_valid,emx_minus_frozen_proxy,K_abs,dimensionless,2,0.0027609349483272566,0.0027686038352608086,0.00020592573352067045,0.0027609349483272566,0.002925675535143793,0.00294626810849586,PROVISIONAL_SMALL_REQUEST_N,2,0.002555009214806586,0.002966860681847927,0.002555009214806586,0.002966860681847927,-0.002555009214806586,0.002966860681847927,0.002555009214806586,0.002966860681847927,0.002555009214806586,0.002966860681847927,0.002555009214806586,0.002966860681847927,20,2,2,0,0,0,0,0,18,2,2,2,2,,1.0,0.1,1.0,NOT_ESTIMABLE,,,PROVISIONAL_SMALL_REQUEST_N,1.0,1.0,PROVISIONAL_SMALL_REQUEST_N,1.0,1.0,NOT_PRIMARY; use physical units and frozen spans
6,f6-ba844c981dd6,FORMAL_10K,HELDOUT_TRIPLE_AUDIT,STRICT_LUMPED,f12d43eace12231077007dc497fee8dad00fbe58cb2f1fe2c6159c47636b97a0,selected_q_proxy,all_finite_diagnostic,emx_minus_target,Lp_nH,nH,2,0.0024152040825062837,0.002584137425936266,-0.0009189969945377907,0.0024152040825062837,0.0031504016781365163,0.0032423013775902954,PROVISIONAL_SMALL_REQUEST_N,2,0.001496207087968493,0.0033342010770440744,0.001496207087968493,0.0033342010770440744,-0.0033342010770440744,0.001496207087968493,0.001496207087968493,0.0033342010770440744,0.001496207087968493,0.0033342010770440744,0.001496207087968493,0.0033342010770440744,20,2,2,0,0,0,0,0,18,2,2,2,2,,1.0,0.1,1.0,NOT_ESTIMABLE,,,PROVISIONAL_SMALL_REQUEST_N,1.0,1.0,PROVISIONAL_SMALL_REQUEST_N,1.0,1.0,NOT_PRIMARY; use physical units and frozen spans
6,f6-ba844c981dd6,FORMAL_10K,HELDOUT_TRIPLE_AUDIT,STRICT_LUMPED,f12d43eace12231077007dc497fee8dad00fbe58cb2f1fe2c6159c47636b97a0,selected_q_proxy,all_finite_diagnostic,emx_minus_target,Ls_nH,nH,2,0.00591853168003148,0.006131151114136797,-0.001600623858639072,0.00591853168003148,0.007199030766942738,0.007359093152806645,PROVISIONAL_SMALL_REQUEST_N,2,0.004317907821392408,0.007519155538670552,0.004317907821392408,0.007519155538670552,-0.007519155538670552,0.004317907821392408,0.004317907821392408,0.007519155538670552,0.004317907821392408,0.007519155538670552,0.004317907821392408,0.007519155538670552,20,2,2,0,0,0,0,0,18,2,2,2,2,,1.0,0.1,1.0,NOT_ESTIMABLE,,,PROVISIONAL_SMALL_REQUEST_N,1.0,1.0,PROVISIONAL_SMALL_REQUEST_N,1.0,1.0,NOT_PRIMARY; use physical units and frozen spans
6,f6-ba844c981dd6,FORMAL_10K,HELDOUT_TRIPLE_AUDIT,STRICT_LUMPED,f12d43eace12231077007dc497fee8dad00fbe58cb2f1fe2c6159c47636b97a0,selected_q_proxy,all_finite_diagnostic,emx_minus_target,Qmin,dimensionless,2,0.05368663093798087,0.06107607470006751,0.0291209985971852,0.05368663093798087,0.07698342981572903,0.07989552967544755,PROVISIONAL_SMALL_REQUEST_N,2,0.024565632340795673,0.08280762953516607,0.024565632340795673,0.08280762953516607,-0.024565632340795673,0.08280762953516607,0.024565632340795673,0.08280762953516607,0.024565632340795673,0.08280762953516607,0.024565632340795673,0.08280762953516607,20,2,2,0,0,0,0,0,18,2,2,2,2,,1.0,0.1,1.0,NOT_ESTIMABLE,,,PROVISIONAL_SMALL_REQUEST_N,1.0,1.0,PROVISIONAL_SMALL_REQUEST_N,1.0,1.0,NOT_PRIMARY; use physical units and frozen spans
6,f6-ba844c981dd6,FORMAL_10K,HELDOUT_TRIPLE_AUDIT,STRICT_LUMPED,f12d43eace12231077007dc497fee8dad00fbe58cb2f1fe2c6159c47636b97a0,selected_q_proxy,all_finite_diagnostic,emx_minus_target,K_abs,dimensionless,2,0.002707530446528661,0.0027394545882872563,-0.0004170015856185816,0.002707530446528661,0.0030411317150235264,0.0030828318735853844,PROVISIONAL_SMALL_REQUEST_N,2,0.0022905288609100793,0.0031245320321472425,0.0022905288609100793,0.0031245320321472425,-0.0031245320321472425,0.0022905288609100793,0.0022905288609100793,0.0031245320321472425,0.0022905288609100793,0.0031245320321472425,0.0022905288609100793,0.0031245320321472425,20,2,2,0,0,0,0,0,18,2,2,2,2,,1.0,0.1,1.0,NOT_ESTIMABLE,,,PROVISIONAL_SMALL_REQUEST_N,1.0,1.0,PROVISIONAL_SMALL_REQUEST_N,1.0,1.0,NOT_PRIMARY; use physical units and frozen spans
6,f6-ba844c981dd6,FORMAL_10K,HELDOUT_TRIPLE_AUDIT,STRICT_LUMPED,f12d43eace12231077007dc497fee8dad00fbe58cb2f1fe2c6159c47636b97a0,selected_q_proxy,all_finite_diagnostic,emx_minus_frozen_proxy,Lp_nH,nH,2,0.0023334414461246844,0.0030729509868133607,-0.0023334414461246844,0.0023334414461246844,0.0039330571569482055,0.004133009120801145,PROVISIONAL_SMALL_REQUEST_N,2,0.0003339218075952832,0.004332961084654086,0.0003339218075952832,0.004332961084654086,-0.004332961084654086,-0.0003339218075952832,0.0003339218075952832,0.004332961084654086,0.0003339218075952832,0.004332961084654086,0.0003339218075952832,0.004332961084654086,20,2,2,0,0,0,0,0,18,2,2,2,2,,1.0,0.1,1.0,NOT_ESTIMABLE,,,PROVISIONAL_SMALL_REQUEST_N,1.0,1.0,PROVISIONAL_SMALL_REQUEST_N,1.0,1.0,NOT_PRIMARY; use physical units and frozen spans
6,f6-ba844c981dd6,FORMAL_10K,HELDOUT_TRIPLE_AUDIT,STRICT_LUMPED,f12d43eace12231077007dc497fee8dad00fbe58cb2f1fe2c6159c47636b97a0,selected_q_proxy,all_finite_diagnostic,emx_minus_frozen_proxy,Ls_nH,nH,2,0.004933315736556421,0.006255011625363213,-0.004933315736556421,0.004933315736556421,0.008009684117813644,0.008394230165470796,PROVISIONAL_SMALL_REQUEST_N,2,0.0010878552599848934,0.008778776213127948,0.0010878552599848934,0.008778776213127948,-0.008778776213127948,-0.0010878552599848934,0.0010878552599848934,0.008778776213127948,0.0010878552599848934,0.008778776213127948,0.0010878552599848934,0.008778776213127948,20,2,2,0,0,0,0,0,18,2,2,2,2,,1.0,0.1,1.0,NOT_ESTIMABLE,,,PROVISIONAL_SMALL_REQUEST_N,1.0,1.0,PROVISIONAL_SMALL_REQUEST_N,1.0,1.0,NOT_PRIMARY; use physical units and frozen spans
6,f6-ba844c981dd6,FORMAL_10K,HELDOUT_TRIPLE_AUDIT,STRICT_LUMPED,f12d43eace12231077007dc497fee8dad00fbe58cb2f1fe2c6159c47636b97a0,selected_q_proxy,all_finite_diagnostic,emx_minus_frozen_proxy,Qmin,dimensionless,2,0.08085013649218009,0.0808819210228782,-0.002267284178693707,0.08085013649218009,0.08266396383513505,0.08289069225300442,PROVISIONAL_SMALL_REQUEST_N,2,0.07858285231348638,0.0831174206708738,0.07858285231348638,0.0831174206708738,-0.0831174206708738,0.07858285231348638,0.07858285231348638,0.0831174206708738,0.07858285231348638,0.0831174206708738,0.07858285231348638,0.0831174206708738,20,2,2,0,0,0,0,0,18,2,2,2,2,,1.0,0.1,1.0,NOT_ESTIMABLE,,,PROVISIONAL_SMALL_REQUEST_N,1.0,1.0,PROVISIONAL_SMALL_REQUEST_N,1.0,1.0,NOT_PRIMARY; use physical units and frozen spans
6,f6-ba844c981dd6,FORMAL_10K,HELDOUT_TRIPLE_AUDIT,STRICT_LUMPED,f12d43eace12231077007dc497fee8dad00fbe58cb2f1fe2c6159c47636b97a0,selected_q_proxy,all_finite_diagnostic,emx_minus_frozen_proxy,K_abs,dimensionless,2,0.0027609349483272566,0.0027686038352608086,0.00020592573352067045,0.0027609349483272566,0.002925675535143793,0.00294626810849586,PROVISIONAL_SMALL_REQUEST_N,2,0.002555009214806586,0.002966860681847927,0.002555009214806586,0.002966860681847927,-0.002555009214806586,0.002966860681847927,0.002555009214806586,0.002966860681847927,0.002555009214806586,0.002966860681847927,0.002555009214806586,0.002966860681847927,20,2,2,0,0,0,0,0,18,2,2,2,2,,1.0,0.1,1.0,NOT_ESTIMABLE,,,PROVISIONAL_SMALL_REQUEST_N,1.0,1.0,PROVISIONAL_SMALL_REQUEST_N,1.0,1.0,NOT_PRIMARY; use physical units and frozen spans
7,f7-d0ffa9b31525,FORMAL_10K,HELDOUT_TRIPLE_AUDIT,STRICT_LUMPED,f12d43eace12231077007dc497fee8dad00fbe58cb2f1fe2c6159c47636b97a0,all_candidates,strict_valid,emx_minus_target,Lp_nH,nH,17,0.03356493068192116,0.05410225456169344,-0.03126347547017868,0.012831471889062085,0.08194545796831783,0.10796871526958571,PROVISIONAL_SMALL_REQUEST_N,2,0.024918892176032985,0.03961715763604288,0.04023662657618786,0.061989526776359265,-0.036288958917070666,-0.02408421340319013,0.012831471889062085,0.01530742563150278,0.0781685576902433,0.08194545796831783,0.09521168860651108,0.15899682192188447,220,17,17,0,0,3,2,0,198,9,17,17,22,,0.4090909090909091,0.04090909090909091,0.5294117647058824,NOT_ESTIMABLE,,,PROVISIONAL_SMALL_REQUEST_N,0.36363636363636365,0.45454545454545453,PROVISIONAL_SMALL_REQUEST_N,0.5,0.5714285714285714,NOT_PRIMARY; use physical units and frozen spans
7,f7-d0ffa9b31525,FORMAL_10K,HELDOUT_TRIPLE_AUDIT,STRICT_LUMPED,f12d43eace12231077007dc497fee8dad00fbe58cb2f1fe2c6159c47636b97a0,all_candidates,strict_valid,emx_minus_target,Ls_nH,nH,17,0.18642712814468973,0.2819668405265356,0.18642712814468973,0.05489108515972929,0.506412744507651,0.5581272954370204,PROVISIONAL_SMALL_REQUEST_N,2,0.1848200264053925,0.1875520993621978,0.2776796653522636,0.2879806839155644,0.1848200264053925,0.1875520993621978,0.010408343059578384,0.09478890835658743,0.48140023760497075,0.5207120193673463,0.5564377583130117,0.5648854439330554,220,17,17,0,0,3,2,0,198,9,17,17,22,,0.4090909090909091,0.04090909090909091,0.5294117647058824,NOT_ESTIMABLE,,,PROVISIONAL_SMALL_REQUEST_N,0.36363636363636365,0.45454545454545453,PROVISIONAL_SMALL_REQUEST_N,0.5,0.5714285714285714,NOT_PRIMARY; use physical units and frozen spans
7,f7-d0ffa9b31525,FORMAL_10K,HELDOUT_TRIPLE_AUDIT,STRICT_LUMPED,f12d43eace12231077007dc497fee8dad00fbe58cb2f1fe2c6159c47636b97a0,all_candidates,strict_valid,emx_minus_target,Qmin,dimensionless,17,1.2959084924472775,2.0186674232618755,-1.2627770604927793,0.4763903755512118,3.445484415442441,4.384584493559234,PROVISIONAL_SMALL_REQUEST_N,2,1.1483139480114288,1.3992246735523715,1.8682995907789701,2.117581292211104,-1.3757097236182847,-1.1014446845991999,0.09044991027496607,0.9425182923774216,3.1862135135647645,3.6096415605865366,4.174305356378516,5.225701042282106,220,17,17,0,0,3,2,0,198,9,17,17,22,,0.4090909090909091,0.04090909090909091,0.5294117647058824,NOT_ESTIMABLE,,,PROVISIONAL_SMALL_REQUEST_N,0.36363636363636365,0.45454545454545453,PROVISIONAL_SMALL_REQUEST_N,0.5,0.5714285714285714,NOT_PRIMARY; use physical units and frozen spans
7,f7-d0ffa9b31525,FORMAL_10K,HELDOUT_TRIPLE_AUDIT,STRICT_LUMPED,f12d43eace12231077007dc497fee8dad00fbe58cb2f1fe2c6159c47636b97a0,all_candidates,strict_valid,emx_minus_target,K_abs,dimensionless,17,0.026145164986867538,0.04154782468311917,-0.023588575513264452,0.005310786564988623,0.07332494664126507,0.08382168327347739,PROVISIONAL_SMALL_REQUEST_N,2,0.023571525581533966,0.029821792708772638,0.03769466562012253,0.04650175318992674,-0.029810985456794285,-0.019232888552793568,0.005310786564988623,0.005999209833856961,0.06932794168411044,0.0869947351689036,0.08101454320296661,0.09505024355552052,220,17,17,0,0,3,2,0,198,9,17,17,22,,0.4090909090909091,0.04090909090909091,0.5294117647058824,NOT_ESTIMABLE,,,PROVISIONAL_SMALL_REQUEST_N,0.36363636363636365,0.45454545454545453,PROVISIONAL_SMALL_REQUEST_N,0.5,0.5714285714285714,NOT_PRIMARY; use physical units and frozen spans
7,f7-d0ffa9b31525,FORMAL_10K,HELDOUT_TRIPLE_AUDIT,STRICT_LUMPED,f12d43eace12231077007dc497fee8dad00fbe58cb2f1fe2c6159c47636b97a0,all_candidates,strict_valid,emx_minus_frozen_proxy,Lp_nH,nH,17,0.003999980198558445,0.004932950744749082,0.00308214743180593,0.0022650912326627193,0.008137291269001423,0.008858724539325102,PROVISIONAL_SMALL_REQUEST_N,2,0.003676918418058855,0.004226123444908159,0.004638702361252984,0.00512889008146978,0.0015508666995247555,0.004154043944402752,0.002048678942663029,0.004356783519915308,0.007826375447914426,0.008512499424433509,0.008759122911175421,0.009257131051923828,220,17,17,0,0,3,2,0,198,9,17,17,22,,0.4090909090909091,0.04090909090909091,0.5294117647058824,NOT_ESTIMABLE,,,PROVISIONAL_SMALL_REQUEST_N,0.36363636363636365,0.45454545454545453,PROVISIONAL_SMALL_REQUEST_N,0.5,0.5714285714285714,NOT_PRIMARY; use physical units and frozen spans
7,f7-d0ffa9b31525,FORMAL_10K,HELDOUT_TRIPLE_AUDIT,STRICT_LUMPED,f12d43eace12231077007dc497fee8dad00fbe58cb2f1fe2c6159c47636b97a0,all_candidates,strict_valid,emx_minus_frozen_proxy,Ls_nH,nH,17,0.006084264168896403,0.009810333754204863,0.004996541565926112,0.003669467137905169,0.018692548698506697,0.02312954347445277,PROVISIONAL_SMALL_REQUEST_N,2,0.0052049431153903735,0.006699788906350623,0.009285383800383906,0.010161675826496968,0.003915526629204326,0.005753252021631361,0.0007669257934466156,0.0043232540992242385,0.01712778439320363,0.018692548698506697,0.022475810391782813,0.025744475805132616,220,17,17,0,0,3,2,0,198,9,17,17,22,,0.4090909090909091,0.04090909090909091,0.5294117647058824,NOT_ESTIMABLE,,,PROVISIONAL_SMALL_REQUEST_N,0.36363636363636365,0.45454545454545453,PROVISIONAL_SMALL_REQUEST_N,0.5,0.5714285714285714,NOT_PRIMARY; use physical units and frozen spans
7,f7-d0ffa9b31525,FORMAL_10K,HELDOUT_TRIPLE_AUDIT,STRICT_LUMPED,f12d43eace12231077007dc497fee8dad00fbe58cb2f1fe2c6159c47636b97a0,all_candidates,strict_valid,emx_minus_frozen_proxy,Qmin,dimensionless,17,0.14288266181704537,0.15441582962484654,0.029731401403331754,0.1284509669157199,0.22131380726802521,0.26621961172441677,PROVISIONAL_SMALL_REQUEST_N,2,0.11926491999193368,0.15941508109462355,0.1268164023726924,0.17110681578567682,0.001624585005982837,0.06988399625668736,0.09047215693064814,0.13866882232280542,0.18671385408168267,0.26508700394831414,0.19288674799856764,0.27528047393323796,220,17,17,0,0,3,2,0,198,9,17,17,22,,0.4090909090909091,0.04090909090909091,0.5294117647058824,NOT_ESTIMABLE,,,PROVISIONAL_SMALL_REQUEST_N,0.36363636363636365,0.45454545454545453,PROVISIONAL_SMALL_REQUEST_N,0.5,0.5714285714285714,NOT_PRIMARY; use physical units and frozen spans
7,f7-d0ffa9b31525,FORMAL_10K,HELDOUT_TRIPLE_AUDIT,STRICT_LUMPED,f12d43eace12231077007dc497fee8dad00fbe58cb2f1fe2c6159c47636b97a0,all_candidates,strict_valid,emx_minus_frozen_proxy,K_abs,dimensionless,17,0.0035771667718491294,0.004179812397664941,0.000774941528953859,0.003518521670174024,0.006639434000052419,0.006705456349877853,PROVISIONAL_SMALL_REQUEST_N,2,0.0035626995875619764,0.003597834177973634,0.004091265905349565,0.004303147875545667,0.0007211190935622534,0.000812617233727983,0.003518521670174024,0.0036450333342479824,0.006497326223530256,0.00668615973033582,0.006621147926224841,0.006859829306214121,220,17,17,0,0,3,2,0,198,9,17,17,22,,0.4090909090909091,0.04090909090909091,0.5294117647058824,NOT_ESTIMABLE,,,PROVISIONAL_SMALL_REQUEST_N,0.36363636363636365,0.45454545454545453,PROVISIONAL_SMALL_REQUEST_N,0.5,0.5714285714285714,NOT_PRIMARY; use physical units and frozen spans
7,f7-d0ffa9b31525,FORMAL_10K,HELDOUT_TRIPLE_AUDIT,STRICT_LUMPED,f12d43eace12231077007dc497fee8dad00fbe58cb2f1fe2c6159c47636b97a0,all_candidates,all_finite_diagnostic,emx_minus_target,Lp_nH,nH,17,0.03356493068192116,0.05410225456169344,-0.03126347547017868,0.012831471889062085,0.08194545796831783,0.10796871526958571,PROVISIONAL_SMALL_REQUEST_N,2,0.024918892176032985,0.03961715763604288,0.04023662657618786,0.061989526776359265,-0.036288958917070666,-0.02408421340319013,0.012831471889062085,0.01530742563150278,0.0781685576902433,0.08194545796831783,0.09521168860651108,0.15899682192188447,220,17,17,0,0,3,2,0,198,9,17,17,22,,0.4090909090909091,0.04090909090909091,0.5294117647058824,NOT_ESTIMABLE,,,PROVISIONAL_SMALL_REQUEST_N,0.36363636363636365,0.45454545454545453,PROVISIONAL_SMALL_REQUEST_N,0.5,0.5714285714285714,NOT_PRIMARY; use physical units and frozen spans
7,f7-d0ffa9b31525,FORMAL_10K,HELDOUT_TRIPLE_AUDIT,STRICT_LUMPED,f12d43eace12231077007dc497fee8dad00fbe58cb2f1fe2c6159c47636b97a0,all_candidates,all_finite_diagnostic,emx_minus_target,Ls_nH,nH,17,0.18642712814468973,0.2819668405265356,0.18642712814468973,0.05489108515972929,0.506412744507651,0.5581272954370204,PROVISIONAL_SMALL_REQUEST_N,2,0.1848200264053925,0.1875520993621978,0.2776796653522636,0.2879806839155644,0.1848200264053925,0.1875520993621978,0.010408343059578384,0.09478890835658743,0.48140023760497075,0.5207120193673463,0.5564377583130117,0.5648854439330554,220,17,17,0,0,3,2,0,198,9,17,17,22,,0.4090909090909091,0.04090909090909091,0.5294117647058824,NOT_ESTIMABLE,,,PROVISIONAL_SMALL_REQUEST_N,0.36363636363636365,0.45454545454545453,PROVISIONAL_SMALL_REQUEST_N,0.5,0.5714285714285714,NOT_PRIMARY; use physical units and frozen spans
7,f7-d0ffa9b31525,FORMAL_10K,HELDOUT_TRIPLE_AUDIT,STRICT_LUMPED,f12d43eace12231077007dc497fee8dad00fbe58cb2f1fe2c6159c47636b97a0,all_candidates,all_finite_diagnostic,emx_minus_target,Qmin,dimensionless,17,1.2959084924472775,2.0186674232618755,-1.2627770604927793,0.4763903755512118,3.445484415442441,4.384584493559234,PROVISIONAL_SMALL_REQUEST_N,2,1.1483139480114288,1.3992246735523715,1.8682995907789701,2.117581292211104,-1.3757097236182847,-1.1014446845991999,0.09044991027496607,0.9425182923774216,3.1862135135647645,3.6096415605865366,4.174305356378516,5.225701042282106,220,17,17,0,0,3,2,0,198,9,17,17,22,,0.4090909090909091,0.04090909090909091,0.5294117647058824,NOT_ESTIMABLE,,,PROVISIONAL_SMALL_REQUEST_N,0.36363636363636365,0.45454545454545453,PROVISIONAL_SMALL_REQUEST_N,0.5,0.5714285714285714,NOT_PRIMARY; use physical units and frozen spans
7,f7-d0ffa9b31525,FORMAL_10K,HELDOUT_TRIPLE_AUDIT,STRICT_LUMPED,f12d43eace12231077007dc497fee8dad00fbe58cb2f1fe2c6159c47636b97a0,all_candidates,all_finite_diagnostic,emx_minus_target,K_abs,dimensionless,17,0.026145164986867538,0.04154782468311917,-0.023588575513264452,0.005310786564988623,0.07332494664126507,0.08382168327347739,PROVISIONAL_SMALL_REQUEST_N,2,0.023571525581533966,0.029821792708772638,0.03769466562012253,0.04650175318992674,-0.029810985456794285,-0.019232888552793568,0.005310786564988623,0.005999209833856961,0.06932794168411044,0.0869947351689036,0.08101454320296661,0.09505024355552052,220,17,17,0,0,3,2,0,198,9,17,17,22,,0.4090909090909091,0.04090909090909091,0.5294117647058824,NOT_ESTIMABLE,,,PROVISIONAL_SMALL_REQUEST_N,0.36363636363636365,0.45454545454545453,PROVISIONAL_SMALL_REQUEST_N,0.5,0.5714285714285714,NOT_PRIMARY; use physical units and frozen spans
7,f7-d0ffa9b31525,FORMAL_10K,HELDOUT_TRIPLE_AUDIT,STRICT_LUMPED,f12d43eace12231077007dc497fee8dad00fbe58cb2f1fe2c6159c47636b97a0,all_candidates,all_finite_diagnostic,emx_minus_frozen_proxy,Lp_nH,nH,17,0.003999980198558445,0.004932950744749082,0.00308214743180593,0.0022650912326627193,0.008137291269001423,0.008858724539325102,PROVISIONAL_SMALL_REQUEST_N,2,0.003676918418058855,0.004226123444908159,0.004638702361252984,0.00512889008146978,0.0015508666995247555,0.004154043944402752,0.002048678942663029,0.004356783519915308,0.007826375447914426,0.008512499424433509,0.008759122911175421,0.009257131051923828,220,17,17,0,0,3,2,0,198,9,17,17,22,,0.4090909090909091,0.04090909090909091,0.5294117647058824,NOT_ESTIMABLE,,,PROVISIONAL_SMALL_REQUEST_N,0.36363636363636365,0.45454545454545453,PROVISIONAL_SMALL_REQUEST_N,0.5,0.5714285714285714,NOT_PRIMARY; use physical units and frozen spans
7,f7-d0ffa9b31525,FORMAL_10K,HELDOUT_TRIPLE_AUDIT,STRICT_LUMPED,f12d43eace12231077007dc497fee8dad00fbe58cb2f1fe2c6159c47636b97a0,all_candidates,all_finite_diagnostic,emx_minus_frozen_proxy,Ls_nH,nH,17,0.006084264168896403,0.009810333754204863,0.004996541565926112,0.003669467137905169,0.018692548698506697,0.02312954347445277,PROVISIONAL_SMALL_REQUEST_N,2,0.0052049431153903735,0.006699788906350623,0.009285383800383906,0.010161675826496968,0.003915526629204326,0.005753252021631361,0.0007669257934466156,0.0043232540992242385,0.01712778439320363,0.018692548698506697,0.022475810391782813,0.025744475805132616,220,17,17,0,0,3,2,0,198,9,17,17,22,,0.4090909090909091,0.04090909090909091,0.5294117647058824,NOT_ESTIMABLE,,,PROVISIONAL_SMALL_REQUEST_N,0.36363636363636365,0.45454545454545453,PROVISIONAL_SMALL_REQUEST_N,0.5,0.5714285714285714,NOT_PRIMARY; use physical units and frozen spans
7,f7-d0ffa9b31525,FORMAL_10K,HELDOUT_TRIPLE_AUDIT,STRICT_LUMPED,f12d43eace12231077007dc497fee8dad00fbe58cb2f1fe2c6159c47636b97a0,all_candidates,all_finite_diagnostic,emx_minus_frozen_proxy,Qmin,dimensionless,17,0.14288266181704537,0.15441582962484654,0.029731401403331754,0.1284509669157199,0.22131380726802521,0.26621961172441677,PROVISIONAL_SMALL_REQUEST_N,2,0.11926491999193368,0.15941508109462355,0.1268164023726924,0.17110681578567682,0.001624585005982837,0.06988399625668736,0.09047215693064814,0.13866882232280542,0.18671385408168267,0.26508700394831414,0.19288674799856764,0.27528047393323796,220,17,17,0,0,3,2,0,198,9,17,17,22,,0.4090909090909091,0.04090909090909091,0.5294117647058824,NOT_ESTIMABLE,,,PROVISIONAL_SMALL_REQUEST_N,0.36363636363636365,0.45454545454545453,PROVISIONAL_SMALL_REQUEST_N,0.5,0.5714285714285714,NOT_PRIMARY; use physical units and frozen spans
7,f7-d0ffa9b31525,FORMAL_10K,HELDOUT_TRIPLE_AUDIT,STRICT_LUMPED,f12d43eace12231077007dc497fee8dad00fbe58cb2f1fe2c6159c47636b97a0,all_candidates,all_finite_diagnostic,emx_minus_frozen_proxy,K_abs,dimensionless,17,0.0035771667718491294,0.004179812397664941,0.000774941528953859,0.003518521670174024,0.006639434000052419,0.006705456349877853,PROVISIONAL_SMALL_REQUEST_N,2,0.0035626995875619764,0.003597834177973634,0.004091265905349565,0.004303147875545667,0.0007211190935622534,0.000812617233727983,0.003518521670174024,0.0036450333342479824,0.006497326223530256,0.00668615973033582,0.006621147926224841,0.006859829306214121,220,17,17,0,0,3,2,0,198,9,17,17,22,,0.4090909090909091,0.04090909090909091,0.5294117647058824,NOT_ESTIMABLE,,,PROVISIONAL_SMALL_REQUEST_N,0.36363636363636365,0.45454545454545453,PROVISIONAL_SMALL_REQUEST_N,0.5,0.5714285714285714,NOT_PRIMARY; use physical units and frozen spans
7,f7-d0ffa9b31525,FORMAL_10K,HELDOUT_TRIPLE_AUDIT,STRICT_LUMPED,f12d43eace12231077007dc497fee8dad00fbe58cb2f1fe2c6159c47636b97a0,selected_q_proxy,strict_valid,emx_minus_target,Lp_nH,nH,2,0.00366498227192813,0.005090118381212559,0.00366498227192813,0.00366498227192813,0.0064908298353990816,0.006844060780832949,PROVISIONAL_SMALL_REQUEST_N,2,0.00013267281758944094,0.007197291726266819,0.00013267281758944094,0.007197291726266819,0.00013267281758944094,0.007197291726266819,0.00013267281758944094,0.007197291726266819,0.00013267281758944094,0.007197291726266819,0.00013267281758944094,0.007197291726266819,20,2,2,0,0,0,0,0,18,2,2,2,2,,1.0,0.1,1.0,NOT_ESTIMABLE,,,PROVISIONAL_SMALL_REQUEST_N,1.0,1.0,PROVISIONAL_SMALL_REQUEST_N,1.0,1.0,NOT_PRIMARY; use physical units and frozen spans
7,f7-d0ffa9b31525,FORMAL_10K,HELDOUT_TRIPLE_AUDIT,STRICT_LUMPED,f12d43eace12231077007dc497fee8dad00fbe58cb2f1fe2c6159c47636b97a0,selected_q_proxy,strict_valid,emx_minus_target,Ls_nH,nH,2,0.0026106387123526753,0.002690908687765351,0.0026106387123526753,0.0026106387123526753,0.0031325153748431814,0.0031977499576544945,PROVISIONAL_SMALL_REQUEST_N,2,0.001958292884239543,0.0032629845404658075,0.001958292884239543,0.0032629845404658075,0.001958292884239543,0.0032629845404658075,0.001958292884239543,0.0032629845404658075,0.001958292884239543,0.0032629845404658075,0.001958292884239543,0.0032629845404658075,20,2,2,0,0,0,0,0,18,2,2,2,2,,1.0,0.1,1.0,NOT_ESTIMABLE,,,PROVISIONAL_SMALL_REQUEST_N,1.0,1.0,PROVISIONAL_SMALL_REQUEST_N,1.0,1.0,NOT_PRIMARY; use physical units and frozen spans
7,f7-d0ffa9b31525,FORMAL_10K,HELDOUT_TRIPLE_AUDIT,STRICT_LUMPED,f12d43eace12231077007dc497fee8dad00fbe58cb2f1fe2c6159c47636b97a0,selected_q_proxy,strict_valid,emx_minus_target,Qmin,dimensionless,2,0.10823574574008266,0.10968734019522955,-0.017785835465116584,0.10823574574008266,0.12246441411217593,0.12424299765868757,PROVISIONAL_SMALL_REQUEST_N,2,0.09044991027496607,0.12602158120519924,0.09044991027496607,0.12602158120519924,-0.12602158120519924,0.09044991027496607,0.09044991027496607,0.12602158120519924,0.09044991027496607,0.12602158120519924,0.09044991027496607,0.12602158120519924,20,2,2,0,0,0,0,0,18,2,2,2,2,,1.0,0.1,1.0,NOT_ESTIMABLE,,,PROVISIONAL_SMALL_REQUEST_N,1.0,1.0,PROVISIONAL_SMALL_REQUEST_N,1.0,1.0,NOT_PRIMARY; use physical units and frozen spans
7,f7-d0ffa9b31525,FORMAL_10K,HELDOUT_TRIPLE_AUDIT,STRICT_LUMPED,f12d43eace12231077007dc497fee8dad00fbe58cb2f1fe2c6159c47636b97a0,selected_q_proxy,strict_valid,emx_minus_target,K_abs,dimensionless,2,0.0014205433182590405,0.001448015462636102,-0.0014205433182590405,0.0014205433182590405,0.0016451218012644626,0.00167319411164014,PROVISIONAL_SMALL_REQUEST_N,2,0.001139820214502263,0.001701266422015818,0.001139820214502263,0.001701266422015818,-0.001701266422015818,-0.001139820214502263,0.001139820214502263,0.001701266422015818,0.001139820214502263,0.001701266422015818,0.001139820214502263,0.001701266422015818,20,2,2,0,0,0,0,0,18,2,2,2,2,,1.0,0.1,1.0,NOT_ESTIMABLE,,,PROVISIONAL_SMALL_REQUEST_N,1.0,1.0,PROVISIONAL_SMALL_REQUEST_N,1.0,1.0,NOT_PRIMARY; use physical units and frozen spans
7,f7-d0ffa9b31525,FORMAL_10K,HELDOUT_TRIPLE_AUDIT,STRICT_LUMPED,f12d43eace12231077007dc497fee8dad00fbe58cb2f1fe2c6159c47636b97a0,selected_q_proxy,strict_valid,emx_minus_frozen_proxy,Lp_nH,nH,2,0.002718032650287694,0.002799238445352741,0.0006693537076246647,0.002718032650287694,0.0032535156163874257,0.003320450987149892,PROVISIONAL_SMALL_REQUEST_N,2,0.002048678942663029,0.0033873863579123586,0.002048678942663029,0.0033873863579123586,-0.002048678942663029,0.0033873863579123586,0.002048678942663029,0.0033873863579123586,0.002048678942663029,0.0033873863579123586,0.002048678942663029,0.0033873863579123586,20,2,2,0,0,0,0,0,18,2,2,2,2,,1.0,0.1,1.0,NOT_ESTIMABLE,,,PROVISIONAL_SMALL_REQUEST_N,1.0,1.0,PROVISIONAL_SMALL_REQUEST_N,1.0,1.0,NOT_PRIMARY; use physical units and frozen spans
7,f7-d0ffa9b31525,FORMAL_10K,HELDOUT_TRIPLE_AUDIT,STRICT_LUMPED,f12d43eace12231077007dc497fee8dad00fbe58cb2f1fe2c6159c47636b97a0,selected_q_proxy,strict_valid,emx_minus_frozen_proxy,Ls_nH,nH,2,0.0005375994965127751,0.0005844687922517141,-0.00022932629693384055,0.0005375994965127751,0.0007210605340598475,0.0007439931637532315,PROVISIONAL_SMALL_REQUEST_N,2,0.0003082731995789345,0.0007669257934466156,0.0003082731995789345,0.0007669257934466156,-0.0007669257934466156,0.0003082731995789345,0.0003082731995789345,0.0007669257934466156,0.0003082731995789345,0.0007669257934466156,0.0003082731995789345,0.0007669257934466156,20,2,2,0,0,0,0,0,18,2,2,2,2,,1.0,0.1,1.0,NOT_ESTIMABLE,,,PROVISIONAL_SMALL_REQUEST_N,1.0,1.0,PROVISIONAL_SMALL_REQUEST_N,1.0,1.0,NOT_PRIMARY; use physical units and frozen spans
7,f7-d0ffa9b31525,FORMAL_10K,HELDOUT_TRIPLE_AUDIT,STRICT_LUMPED,f12d43eace12231077007dc497fee8dad00fbe58cb2f1fe2c6159c47636b97a0,selected_q_proxy,strict_valid,emx_minus_frozen_proxy,Qmin,dimensionless,2,0.10994043858065883,0.11398472500746479,-0.030093479355497443,0.10994043858065883,0.13401522206505678,0.13702457000060653,PROVISIONAL_SMALL_REQUEST_N,2,0.07984695922516138,0.14003391793615627,0.07984695922516138,0.14003391793615627,-0.14003391793615627,0.07984695922516138,0.07984695922516138,0.14003391793615627,0.07984695922516138,0.14003391793615627,0.07984695922516138,0.14003391793615627,20,2,2,0,0,0,0,0,18,2,2,2,2,,1.0,0.1,1.0,NOT_ESTIMABLE,,,PROVISIONAL_SMALL_REQUEST_N,1.0,1.0,PROVISIONAL_SMALL_REQUEST_N,1.0,1.0,NOT_PRIMARY; use physical units and frozen spans
7,f7-d0ffa9b31525,FORMAL_10K,HELDOUT_TRIPLE_AUDIT,STRICT_LUMPED,f12d43eace12231077007dc497fee8dad00fbe58cb2f1fe2c6159c47636b97a0,selected_q_proxy,strict_valid,emx_minus_frozen_proxy,K_abs,dimensionless,2,0.002005628402869983,0.0020375796814793463,-0.002005628402869983,0.002005628402869983,0.00229316766541747,0.0023291100732359057,PROVISIONAL_SMALL_REQUEST_N,2,0.001646204324685624,0.0023650524810543416,0.001646204324685624,0.0023650524810543416,-0.0023650524810543416,-0.001646204324685624,0.001646204324685624,0.0023650524810543416,0.001646204324685624,0.0023650524810543416,0.001646204324685624,0.0023650524810543416,20,2,2,0,0,0,0,0,18,2,2,2,2,,1.0,0.1,1.0,NOT_ESTIMABLE,,,PROVISIONAL_SMALL_REQUEST_N,1.0,1.0,PROVISIONAL_SMALL_REQUEST_N,1.0,1.0,NOT_PRIMARY; use physical units and frozen spans
7,f7-d0ffa9b31525,FORMAL_10K,HELDOUT_TRIPLE_AUDIT,STRICT_LUMPED,f12d43eace12231077007dc497fee8dad00fbe58cb2f1fe2c6159c47636b97a0,selected_q_proxy,all_finite_diagnostic,emx_minus_target,Lp_nH,nH,2,0.00366498227192813,0.005090118381212559,0.00366498227192813,0.00366498227192813,0.0064908298353990816,0.006844060780832949,PROVISIONAL_SMALL_REQUEST_N,2,0.00013267281758944094,0.007197291726266819,0.00013267281758944094,0.007197291726266819,0.00013267281758944094,0.007197291726266819,0.00013267281758944094,0.007197291726266819,0.00013267281758944094,0.007197291726266819,0.00013267281758944094,0.007197291726266819,20,2,2,0,0,0,0,0,18,2,2,2,2,,1.0,0.1,1.0,NOT_ESTIMABLE,,,PROVISIONAL_SMALL_REQUEST_N,1.0,1.0,PROVISIONAL_SMALL_REQUEST_N,1.0,1.0,NOT_PRIMARY; use physical units and frozen spans
7,f7-d0ffa9b31525,FORMAL_10K,HELDOUT_TRIPLE_AUDIT,STRICT_LUMPED,f12d43eace12231077007dc497fee8dad00fbe58cb2f1fe2c6159c47636b97a0,selected_q_proxy,all_finite_diagnostic,emx_minus_target,Ls_nH,nH,2,0.0026106387123526753,0.002690908687765351,0.0026106387123526753,0.0026106387123526753,0.0031325153748431814,0.0031977499576544945,PROVISIONAL_SMALL_REQUEST_N,2,0.001958292884239543,0.0032629845404658075,0.001958292884239543,0.0032629845404658075,0.001958292884239543,0.0032629845404658075,0.001958292884239543,0.0032629845404658075,0.001958292884239543,0.0032629845404658075,0.001958292884239543,0.0032629845404658075,20,2,2,0,0,0,0,0,18,2,2,2,2,,1.0,0.1,1.0,NOT_ESTIMABLE,,,PROVISIONAL_SMALL_REQUEST_N,1.0,1.0,PROVISIONAL_SMALL_REQUEST_N,1.0,1.0,NOT_PRIMARY; use physical units and frozen spans
7,f7-d0ffa9b31525,FORMAL_10K,HELDOUT_TRIPLE_AUDIT,STRICT_LUMPED,f12d43eace12231077007dc497fee8dad00fbe58cb2f1fe2c6159c47636b97a0,selected_q_proxy,all_finite_diagnostic,emx_minus_target,Qmin,dimensionless,2,0.10823574574008266,0.10968734019522955,-0.017785835465116584,0.10823574574008266,0.12246441411217593,0.12424299765868757,PROVISIONAL_SMALL_REQUEST_N,2,0.09044991027496607,0.12602158120519924,0.09044991027496607,0.12602158120519924,-0.12602158120519924,0.09044991027496607,0.09044991027496607,0.12602158120519924,0.09044991027496607,0.12602158120519924,0.09044991027496607,0.12602158120519924,20,2,2,0,0,0,0,0,18,2,2,2,2,,1.0,0.1,1.0,NOT_ESTIMABLE,,,PROVISIONAL_SMALL_REQUEST_N,1.0,1.0,PROVISIONAL_SMALL_REQUEST_N,1.0,1.0,NOT_PRIMARY; use physical units and frozen spans
7,f7-d0ffa9b31525,FORMAL_10K,HELDOUT_TRIPLE_AUDIT,STRICT_LUMPED,f12d43eace12231077007dc497fee8dad00fbe58cb2f1fe2c6159c47636b97a0,selected_q_proxy,all_finite_diagnostic,emx_minus_target,K_abs,dimensionless,2,0.0014205433182590405,0.001448015462636102,-0.0014205433182590405,0.0014205433182590405,0.0016451218012644626,0.00167319411164014,PROVISIONAL_SMALL_REQUEST_N,2,0.001139820214502263,0.001701266422015818,0.001139820214502263,0.001701266422015818,-0.001701266422015818,-0.001139820214502263,0.001139820214502263,0.001701266422015818,0.001139820214502263,0.001701266422015818,0.001139820214502263,0.001701266422015818,20,2,2,0,0,0,0,0,18,2,2,2,2,,1.0,0.1,1.0,NOT_ESTIMABLE,,,PROVISIONAL_SMALL_REQUEST_N,1.0,1.0,PROVISIONAL_SMALL_REQUEST_N,1.0,1.0,NOT_PRIMARY; use physical units and frozen spans
7,f7-d0ffa9b31525,FORMAL_10K,HELDOUT_TRIPLE_AUDIT,STRICT_LUMPED,f12d43eace12231077007dc497fee8dad00fbe58cb2f1fe2c6159c47636b97a0,selected_q_proxy,all_finite_diagnostic,emx_minus_frozen_proxy,Lp_nH,nH,2,0.002718032650287694,0.002799238445352741,0.0006693537076246647,0.002718032650287694,0.0032535156163874257,0.003320450987149892,PROVISIONAL_SMALL_REQUEST_N,2,0.002048678942663029,0.0033873863579123586,0.002048678942663029,0.0033873863579123586,-0.002048678942663029,0.0033873863579123586,0.002048678942663029,0.0033873863579123586,0.002048678942663029,0.0033873863579123586,0.002048678942663029,0.0033873863579123586,20,2,2,0,0,0,0,0,18,2,2,2,2,,1.0,0.1,1.0,NOT_ESTIMABLE,,,PROVISIONAL_SMALL_REQUEST_N,1.0,1.0,PROVISIONAL_SMALL_REQUEST_N,1.0,1.0,NOT_PRIMARY; use physical units and frozen spans
7,f7-d0ffa9b31525,FORMAL_10K,HELDOUT_TRIPLE_AUDIT,STRICT_LUMPED,f12d43eace12231077007dc497fee8dad00fbe58cb2f1fe2c6159c47636b97a0,selected_q_proxy,all_finite_diagnostic,emx_minus_frozen_proxy,Ls_nH,nH,2,0.0005375994965127751,0.0005844687922517141,-0.00022932629693384055,0.0005375994965127751,0.0007210605340598475,0.0007439931637532315,PROVISIONAL_SMALL_REQUEST_N,2,0.0003082731995789345,0.0007669257934466156,0.0003082731995789345,0.0007669257934466156,-0.0007669257934466156,0.0003082731995789345,0.0003082731995789345,0.0007669257934466156,0.0003082731995789345,0.0007669257934466156,0.0003082731995789345,0.0007669257934466156,20,2,2,0,0,0,0,0,18,2,2,2,2,,1.0,0.1,1.0,NOT_ESTIMABLE,,,PROVISIONAL_SMALL_REQUEST_N,1.0,1.0,PROVISIONAL_SMALL_REQUEST_N,1.0,1.0,NOT_PRIMARY; use physical units and frozen spans
7,f7-d0ffa9b31525,FORMAL_10K,HELDOUT_TRIPLE_AUDIT,STRICT_LUMPED,f12d43eace12231077007dc497fee8dad00fbe58cb2f1fe2c6159c47636b97a0,selected_q_proxy,all_finite_diagnostic,emx_minus_frozen_proxy,Qmin,dimensionless,2,0.10994043858065883,0.11398472500746479,-0.030093479355497443,0.10994043858065883,0.13401522206505678,0.13702457000060653,PROVISIONAL_SMALL_REQUEST_N,2,0.07984695922516138,0.14003391793615627,0.07984695922516138,0.14003391793615627,-0.14003391793615627,0.07984695922516138,0.07984695922516138,0.14003391793615627,0.07984695922516138,0.14003391793615627,0.07984695922516138,0.14003391793615627,20,2,2,0,0,0,0,0,18,2,2,2,2,,1.0,0.1,1.0,NOT_ESTIMABLE,,,PROVISIONAL_SMALL_REQUEST_N,1.0,1.0,PROVISIONAL_SMALL_REQUEST_N,1.0,1.0,NOT_PRIMARY; use physical units and frozen spans
7,f7-d0ffa9b31525,FORMAL_10K,HELDOUT_TRIPLE_AUDIT,STRICT_LUMPED,f12d43eace12231077007dc497fee8dad00fbe58cb2f1fe2c6159c47636b97a0,selected_q_proxy,all_finite_diagnostic,emx_minus_frozen_proxy,K_abs,dimensionless,2,0.002005628402869983,0.0020375796814793463,-0.002005628402869983,0.002005628402869983,0.00229316766541747,0.0023291100732359057,PROVISIONAL_SMALL_REQUEST_N,2,0.001646204324685624,0.0023650524810543416,0.001646204324685624,0.0023650524810543416,-0.0023650524810543416,-0.001646204324685624,0.001646204324685624,0.0023650524810543416,0.001646204324685624,0.0023650524810543416,0.001646204324685624,0.0023650524810543416,20,2,2,0,0,0,0,0,18,2,2,2,2,,1.0,0.1,1.0,NOT_ESTIMABLE,,,PROVISIONAL_SMALL_REQUEST_N,1.0,1.0,PROVISIONAL_SMALL_REQUEST_N,1.0,1.0,NOT_PRIMARY; use physical units and frozen spans
8,f8-dc2e68a2a478,FORMAL_10K,HELDOUT_TRIPLE_AUDIT,STRICT_LUMPED,f12d43eace12231077007dc497fee8dad00fbe58cb2f1fe2c6159c47636b97a0,all_candidates,strict_valid,emx_minus_target,Lp_nH,nH,17,0.016022161177084653,0.025567457121601304,0.01066100779718135,0.006850435036915847,0.049045201390242356,0.05845715852514143,PROVISIONAL_SMALL_REQUEST_N,2,0.012987602510945384,0.018719546658097337,0.022491437263010523,0.02801962542587319,0.010404187817083126,0.010949930274791853,0.0025096241044959555,0.008105314634491156,0.04151537675282291,0.05081349496282547,0.05645498666810167,0.06646584595330052,220,17,17,0,35,1,4,0,163,12,17,17,22,,0.5454545454545454,0.05454545454545454,0.7058823529411765,NOT_ESTIMABLE,,,PROVISIONAL_SMALL_REQUEST_N,0.45454545454545453,0.6363636363636364,PROVISIONAL_SMALL_REQUEST_N,0.5555555555555556,0.875,NOT_PRIMARY; use physical units and frozen spans
8,f8-dc2e68a2a478,FORMAL_10K,HELDOUT_TRIPLE_AUDIT,STRICT_LUMPED,f12d43eace12231077007dc497fee8dad00fbe58cb2f1fe2c6159c47636b97a0,all_candidates,strict_valid,emx_minus_target,Ls_nH,nH,17,0.07283237144554949,0.13103763500146928,0.07209669550273962,0.0033002111559288227,0.21300312056492363,0.28223359654736613,PROVISIONAL_SMALL_REQUEST_N,2,0.04391025603345586,0.0985409184785216,0.07893239809943595,0.1639993437037709,0.043171997443967075,0.09780753822164853,0.001834844268474245,0.003806610186798398,0.1520014456232106,0.2940985992407993,0.18266947350120577,0.3771536180948297,220,17,17,0,35,1,4,0,163,12,17,17,22,,0.5454545454545454,0.05454545454545454,0.7058823529411765,NOT_ESTIMABLE,,,PROVISIONAL_SMALL_REQUEST_N,0.45454545454545453,0.6363636363636364,PROVISIONAL_SMALL_REQUEST_N,0.5555555555555556,0.875,NOT_PRIMARY; use physical units and frozen spans
8,f8-dc2e68a2a478,FORMAL_10K,HELDOUT_TRIPLE_AUDIT,STRICT_LUMPED,f12d43eace12231077007dc497fee8dad00fbe58cb2f1fe2c6159c47636b97a0,all_candidates,strict_valid,emx_minus_target,Qmin,dimensionless,17,0.5142621332595209,0.9884392258249639,-0.49124049899781486,0.11912353386947316,1.443760675752889,2.0440149583513607,PROVISIONAL_SMALL_REQUEST_N,2,0.4149285558034723,0.6025586465537862,0.7090520770560037,1.1826132536661367,-0.5599376727922851,-0.41395617847903576,0.11074248520676377,0.11912353386947316,1.3296880363885197,1.8566848819481812,1.73623500637434,3.27513476625945,220,17,17,0,35,1,4,0,163,12,17,17,22,,0.5454545454545454,0.05454545454545454,0.7058823529411765,NOT_ESTIMABLE,,,PROVISIONAL_SMALL_REQUEST_N,0.45454545454545453,0.6363636363636364,PROVISIONAL_SMALL_REQUEST_N,0.5555555555555556,0.875,NOT_PRIMARY; use physical units and frozen spans
8,f8-dc2e68a2a478,FORMAL_10K,HELDOUT_TRIPLE_AUDIT,STRICT_LUMPED,f12d43eace12231077007dc497fee8dad00fbe58cb2f1fe2c6159c47636b97a0,all_candidates,strict_valid,emx_minus_target,K_abs,dimensionless,17,0.029102084872079027,0.047685602935685446,-0.023810649903611595,0.009851817839891475,0.08649648718791511,0.10885843344828934,PROVISIONAL_SMALL_REQUEST_N,2,0.011009356622931551,0.04518450998243234,0.014914983004892433,0.06401122351283202,-0.03945821570025722,-0.00620713838238527,0.009399219560022237,0.021660542517301096,0.02699331487708566,0.11182614605305449,0.031121223116153784,0.13260013428641018,220,17,17,0,35,1,4,0,163,12,17,17,22,,0.5454545454545454,0.05454545454545454,0.7058823529411765,NOT_ESTIMABLE,,,PROVISIONAL_SMALL_REQUEST_N,0.45454545454545453,0.6363636363636364,PROVISIONAL_SMALL_REQUEST_N,0.5555555555555556,0.875,NOT_PRIMARY; use physical units and frozen spans
8,f8-dc2e68a2a478,FORMAL_10K,HELDOUT_TRIPLE_AUDIT,STRICT_LUMPED,f12d43eace12231077007dc497fee8dad00fbe58cb2f1fe2c6159c47636b97a0,all_candidates,strict_valid,emx_minus_frozen_proxy,Lp_nH,nH,17,0.0060001000743108435,0.006962612185660669,0.0017521639463522216,0.00483229173653843,0.01110034009466867,0.011280374596202103,PROVISIONAL_SMALL_REQUEST_N,2,0.005590263762967174,0.006364399017727439,0.006720227432728624,0.007171190894697187,0.0009420659239451901,0.002663524221560132,0.003805549061839053,0.006098500248249872,0.010902128749174622,0.011361885474659173,0.011105443918054458,0.011980097308792681,220,17,17,0,35,1,4,0,163,12,17,17,22,,0.5454545454545454,0.05454545454545454,0.7058823529411765,NOT_ESTIMABLE,,,PROVISIONAL_SMALL_REQUEST_N,0.45454545454545453,0.6363636363636364,PROVISIONAL_SMALL_REQUEST_N,0.5555555555555556,0.875,NOT_PRIMARY; use physical units and frozen spans
8,f8-dc2e68a2a478,FORMAL_10K,HELDOUT_TRIPLE_AUDIT,STRICT_LUMPED,f12d43eace12231077007dc497fee8dad00fbe58cb2f1fe2c6159c47636b97a0,all_candidates,strict_valid,emx_minus_frozen_proxy,Ls_nH,nH,17,0.007674740852555099,0.012216566584820971,0.006657175692322322,0.0028610092585721336,0.023749776059531727,0.028913378418220812,PROVISIONAL_SMALL_REQUEST_N,2,0.006778030129076431,0.0086835404164686,0.01119241392856377,0.013274624849352707,0.00605028140092434,0.007339931770145053,0.002827367555272464,0.0028885888557996786,0.019620046798414968,0.025137485861597142,0.028687474385813427,0.029816994547850362,220,17,17,0,35,1,4,0,163,12,17,17,22,,0.5454545454545454,0.05454545454545454,0.7058823529411765,NOT_ESTIMABLE,,,PROVISIONAL_SMALL_REQUEST_N,0.45454545454545453,0.6363636363636364,PROVISIONAL_SMALL_REQUEST_N,0.5555555555555556,0.875,NOT_PRIMARY; use physical units and frozen spans
8,f8-dc2e68a2a478,FORMAL_10K,HELDOUT_TRIPLE_AUDIT,STRICT_LUMPED,f12d43eace12231077007dc497fee8dad00fbe58cb2f1fe2c6159c47636b97a0,all_candidates,strict_valid,emx_minus_frozen_proxy,Qmin,dimensionless,17,0.08250924046241907,0.10396179453737191,-0.05208800580143963,0.06119059879783251,0.16211965825933383,0.1857585888714304,PROVISIONAL_SMALL_REQUEST_N,2,0.07613272729657616,0.08968281777399234,0.09740292556265508,0.11087772607970306,-0.08629669075473156,-0.021680285842957916,0.06119059879783251,0.09250602985127099,0.15888570162484775,0.16873909994728464,0.1815233980662505,0.20269935209215006,220,17,17,0,35,1,4,0,163,12,17,17,22,,0.5454545454545454,0.05454545454545454,0.7058823529411765,NOT_ESTIMABLE,,,PROVISIONAL_SMALL_REQUEST_N,0.45454545454545453,0.6363636363636364,PROVISIONAL_SMALL_REQUEST_N,0.5555555555555556,0.875,NOT_PRIMARY; use physical units and frozen spans
8,f8-dc2e68a2a478,FORMAL_10K,HELDOUT_TRIPLE_AUDIT,STRICT_LUMPED,f12d43eace12231077007dc497fee8dad00fbe58cb2f1fe2c6159c47636b97a0,all_candidates,strict_valid,emx_minus_frozen_proxy,K_abs,dimensionless,17,0.005389348670826696,0.006784640037705794,0.0031537401831937557,0.005254299739776758,0.011598260267805794,0.012550304151718683,PROVISIONAL_SMALL_REQUEST_N,2,0.004224038728704131,0.006425179730491198,0.006007453322089951,0.007407329884530827,0.002564516268104478,0.0038166170876691927,0.002703263009473378,0.005509087305179183,0.011016826104526034,0.012648788717158821,0.011094877099117384,0.013338180675239786,220,17,17,0,35,1,4,0,163,12,17,17,22,,0.5454545454545454,0.05454545454545454,0.7058823529411765,NOT_ESTIMABLE,,,PROVISIONAL_SMALL_REQUEST_N,0.45454545454545453,0.6363636363636364,PROVISIONAL_SMALL_REQUEST_N,0.5555555555555556,0.875,NOT_PRIMARY; use physical units and frozen spans
8,f8-dc2e68a2a478,FORMAL_10K,HELDOUT_TRIPLE_AUDIT,STRICT_LUMPED,f12d43eace12231077007dc497fee8dad00fbe58cb2f1fe2c6159c47636b97a0,all_candidates,all_finite_diagnostic,emx_minus_target,Lp_nH,nH,17,0.016022161177084653,0.025567457121601304,0.01066100779718135,0.006850435036915847,0.049045201390242356,0.05845715852514143,PROVISIONAL_SMALL_REQUEST_N,2,0.012987602510945384,0.018719546658097337,0.022491437263010523,0.02801962542587319,0.010404187817083126,0.010949930274791853,0.0025096241044959555,0.008105314634491156,0.04151537675282291,0.05081349496282547,0.05645498666810167,0.06646584595330052,220,17,17,0,35,1,4,0,163,12,17,17,22,,0.5454545454545454,0.05454545454545454,0.7058823529411765,NOT_ESTIMABLE,,,PROVISIONAL_SMALL_REQUEST_N,0.45454545454545453,0.6363636363636364,PROVISIONAL_SMALL_REQUEST_N,0.5555555555555556,0.875,NOT_PRIMARY; use physical units and frozen spans
8,f8-dc2e68a2a478,FORMAL_10K,HELDOUT_TRIPLE_AUDIT,STRICT_LUMPED,f12d43eace12231077007dc497fee8dad00fbe58cb2f1fe2c6159c47636b97a0,all_candidates,all_finite_diagnostic,emx_minus_target,Ls_nH,nH,17,0.07283237144554949,0.13103763500146928,0.07209669550273962,0.0033002111559288227,0.21300312056492363,0.28223359654736613,PROVISIONAL_SMALL_REQUEST_N,2,0.04391025603345586,0.0985409184785216,0.07893239809943595,0.1639993437037709,0.043171997443967075,0.09780753822164853,0.001834844268474245,0.003806610186798398,0.1520014456232106,0.2940985992407993,0.18266947350120577,0.3771536180948297,220,17,17,0,35,1,4,0,163,12,17,17,22,,0.5454545454545454,0.05454545454545454,0.7058823529411765,NOT_ESTIMABLE,,,PROVISIONAL_SMALL_REQUEST_N,0.45454545454545453,0.6363636363636364,PROVISIONAL_SMALL_REQUEST_N,0.5555555555555556,0.875,NOT_PRIMARY; use physical units and frozen spans
8,f8-dc2e68a2a478,FORMAL_10K,HELDOUT_TRIPLE_AUDIT,STRICT_LUMPED,f12d43eace12231077007dc497fee8dad00fbe58cb2f1fe2c6159c47636b97a0,all_candidates,all_finite_diagnostic,emx_minus_target,Qmin,dimensionless,17,0.5142621332595209,0.9884392258249639,-0.49124049899781486,0.11912353386947316,1.443760675752889,2.0440149583513607,PROVISIONAL_SMALL_REQUEST_N,2,0.4149285558034723,0.6025586465537862,0.7090520770560037,1.1826132536661367,-0.5599376727922851,-0.41395617847903576,0.11074248520676377,0.11912353386947316,1.3296880363885197,1.8566848819481812,1.73623500637434,3.27513476625945,220,17,17,0,35,1,4,0,163,12,17,17,22,,0.5454545454545454,0.05454545454545454,0.7058823529411765,NOT_ESTIMABLE,,,PROVISIONAL_SMALL_REQUEST_N,0.45454545454545453,0.6363636363636364,PROVISIONAL_SMALL_REQUEST_N,0.5555555555555556,0.875,NOT_PRIMARY; use physical units and frozen spans
8,f8-dc2e68a2a478,FORMAL_10K,HELDOUT_TRIPLE_AUDIT,STRICT_LUMPED,f12d43eace12231077007dc497fee8dad00fbe58cb2f1fe2c6159c47636b97a0,all_candidates,all_finite_diagnostic,emx_minus_target,K_abs,dimensionless,17,0.029102084872079027,0.047685602935685446,-0.023810649903611595,0.009851817839891475,0.08649648718791511,0.10885843344828934,PROVISIONAL_SMALL_REQUEST_N,2,0.011009356622931551,0.04518450998243234,0.014914983004892433,0.06401122351283202,-0.03945821570025722,-0.00620713838238527,0.009399219560022237,0.021660542517301096,0.02699331487708566,0.11182614605305449,0.031121223116153784,0.13260013428641018,220,17,17,0,35,1,4,0,163,12,17,17,22,,0.5454545454545454,0.05454545454545454,0.7058823529411765,NOT_ESTIMABLE,,,PROVISIONAL_SMALL_REQUEST_N,0.45454545454545453,0.6363636363636364,PROVISIONAL_SMALL_REQUEST_N,0.5555555555555556,0.875,NOT_PRIMARY; use physical units and frozen spans
8,f8-dc2e68a2a478,FORMAL_10K,HELDOUT_TRIPLE_AUDIT,STRICT_LUMPED,f12d43eace12231077007dc497fee8dad00fbe58cb2f1fe2c6159c47636b97a0,all_candidates,all_finite_diagnostic,emx_minus_frozen_proxy,Lp_nH,nH,17,0.0060001000743108435,0.006962612185660669,0.0017521639463522216,0.00483229173653843,0.01110034009466867,0.011280374596202103,PROVISIONAL_SMALL_REQUEST_N,2,0.005590263762967174,0.006364399017727439,0.006720227432728624,0.007171190894697187,0.0009420659239451901,0.002663524221560132,0.003805549061839053,0.006098500248249872,0.010902128749174622,0.011361885474659173,0.011105443918054458,0.011980097308792681,220,17,17,0,35,1,4,0,163,12,17,17,22,,0.5454545454545454,0.05454545454545454,0.7058823529411765,NOT_ESTIMABLE,,,PROVISIONAL_SMALL_REQUEST_N,0.45454545454545453,0.6363636363636364,PROVISIONAL_SMALL_REQUEST_N,0.5555555555555556,0.875,NOT_PRIMARY; use physical units and frozen spans
8,f8-dc2e68a2a478,FORMAL_10K,HELDOUT_TRIPLE_AUDIT,STRICT_LUMPED,f12d43eace12231077007dc497fee8dad00fbe58cb2f1fe2c6159c47636b97a0,all_candidates,all_finite_diagnostic,emx_minus_frozen_proxy,Ls_nH,nH,17,0.007674740852555099,0.012216566584820971,0.006657175692322322,0.0028610092585721336,0.023749776059531727,0.028913378418220812,PROVISIONAL_SMALL_REQUEST_N,2,0.006778030129076431,0.0086835404164686,0.01119241392856377,0.013274624849352707,0.00605028140092434,0.007339931770145053,0.002827367555272464,0.0028885888557996786,0.019620046798414968,0.025137485861597142,0.028687474385813427,0.029816994547850362,220,17,17,0,35,1,4,0,163,12,17,17,22,,0.5454545454545454,0.05454545454545454,0.7058823529411765,NOT_ESTIMABLE,,,PROVISIONAL_SMALL_REQUEST_N,0.45454545454545453,0.6363636363636364,PROVISIONAL_SMALL_REQUEST_N,0.5555555555555556,0.875,NOT_PRIMARY; use physical units and frozen spans
8,f8-dc2e68a2a478,FORMAL_10K,HELDOUT_TRIPLE_AUDIT,STRICT_LUMPED,f12d43eace12231077007dc497fee8dad00fbe58cb2f1fe2c6159c47636b97a0,all_candidates,all_finite_diagnostic,emx_minus_frozen_proxy,Qmin,dimensionless,17,0.08250924046241907,0.10396179453737191,-0.05208800580143963,0.06119059879783251,0.16211965825933383,0.1857585888714304,PROVISIONAL_SMALL_REQUEST_N,2,0.07613272729657616,0.08968281777399234,0.09740292556265508,0.11087772607970306,-0.08629669075473156,-0.021680285842957916,0.06119059879783251,0.09250602985127099,0.15888570162484775,0.16873909994728464,0.1815233980662505,0.20269935209215006,220,17,17,0,35,1,4,0,163,12,17,17,22,,0.5454545454545454,0.05454545454545454,0.7058823529411765,NOT_ESTIMABLE,,,PROVISIONAL_SMALL_REQUEST_N,0.45454545454545453,0.6363636363636364,PROVISIONAL_SMALL_REQUEST_N,0.5555555555555556,0.875,NOT_PRIMARY; use physical units and frozen spans
8,f8-dc2e68a2a478,FORMAL_10K,HELDOUT_TRIPLE_AUDIT,STRICT_LUMPED,f12d43eace12231077007dc497fee8dad00fbe58cb2f1fe2c6159c47636b97a0,all_candidates,all_finite_diagnostic,emx_minus_frozen_proxy,K_abs,dimensionless,17,0.005389348670826696,0.006784640037705794,0.0031537401831937557,0.005254299739776758,0.011598260267805794,0.012550304151718683,PROVISIONAL_SMALL_REQUEST_N,2,0.004224038728704131,0.006425179730491198,0.006007453322089951,0.007407329884530827,0.002564516268104478,0.0038166170876691927,0.002703263009473378,0.005509087305179183,0.011016826104526034,0.012648788717158821,0.011094877099117384,0.013338180675239786,220,17,17,0,35,1,4,0,163,12,17,17,22,,0.5454545454545454,0.05454545454545454,0.7058823529411765,NOT_ESTIMABLE,,,PROVISIONAL_SMALL_REQUEST_N,0.45454545454545453,0.6363636363636364,PROVISIONAL_SMALL_REQUEST_N,0.5555555555555556,0.875,NOT_PRIMARY; use physical units and frozen spans
8,f8-dc2e68a2a478,FORMAL_10K,HELDOUT_TRIPLE_AUDIT,STRICT_LUMPED,f12d43eace12231077007dc497fee8dad00fbe58cb2f1fe2c6159c47636b97a0,selected_q_proxy,strict_valid,emx_minus_target,Lp_nH,nH,1,0.006850435036915847,0.006850435036915847,-0.006850435036915847,0.006850435036915847,0.006850435036915847,0.006850435036915847,NOT_ESTIMABLE,1,,,,,,,,,,,,,20,1,1,0,2,1,0,0,16,1,1,1,2,,0.5,0.05,1.0,NOT_ESTIMABLE,,,PROVISIONAL_SMALL_REQUEST_N,0.0,1.0,NOT_ESTIMABLE,,,NOT_PRIMARY; use physical units and frozen spans
8,f8-dc2e68a2a478,FORMAL_10K,HELDOUT_TRIPLE_AUDIT,STRICT_LUMPED,f12d43eace12231077007dc497fee8dad00fbe58cb2f1fe2c6159c47636b97a0,selected_q_proxy,strict_valid,emx_minus_target,Ls_nH,nH,1,0.0030379677712530917,0.0030379677712530917,0.0030379677712530917,0.0030379677712530917,0.0030379677712530917,0.0030379677712530917,NOT_ESTIMABLE,1,,,,,,,,,,,,,20,1,1,0,2,1,0,0,16,1,1,1,2,,0.5,0.05,1.0,NOT_ESTIMABLE,,,PROVISIONAL_SMALL_REQUEST_N,0.0,1.0,NOT_ESTIMABLE,,,NOT_PRIMARY; use physical units and frozen spans
8,f8-dc2e68a2a478,FORMAL_10K,HELDOUT_TRIPLE_AUDIT,STRICT_LUMPED,f12d43eace12231077007dc497fee8dad00fbe58cb2f1fe2c6159c47636b97a0,selected_q_proxy,strict_valid,emx_minus_target,Qmin,dimensionless,1,0.05509471256736376,0.05509471256736376,0.05509471256736376,0.05509471256736376,0.05509471256736376,0.05509471256736376,NOT_ESTIMABLE,1,,,,,,,,,,,,,20,1,1,0,2,1,0,0,16,1,1,1,2,,0.5,0.05,1.0,NOT_ESTIMABLE,,,PROVISIONAL_SMALL_REQUEST_N,0.0,1.0,NOT_ESTIMABLE,,,NOT_PRIMARY; use physical units and frozen spans
8,f8-dc2e68a2a478,FORMAL_10K,HELDOUT_TRIPLE_AUDIT,STRICT_LUMPED,f12d43eace12231077007dc497fee8dad00fbe58cb2f1fe2c6159c47636b97a0,selected_q_proxy,strict_valid,emx_minus_target,K_abs,dimensionless,1,0.01163795636359155,0.01163795636359155,0.01163795636359155,0.01163795636359155,0.01163795636359155,0.01163795636359155,NOT_ESTIMABLE,1,,,,,,,,,,,,,20,1,1,0,2,1,0,0,16,1,1,1,2,,0.5,0.05,1.0,NOT_ESTIMABLE,,,PROVISIONAL_SMALL_REQUEST_N,0.0,1.0,NOT_ESTIMABLE,,,NOT_PRIMARY; use physical units and frozen spans
8,f8-dc2e68a2a478,FORMAL_10K,HELDOUT_TRIPLE_AUDIT,STRICT_LUMPED,f12d43eace12231077007dc497fee8dad00fbe58cb2f1fe2c6159c47636b97a0,selected_q_proxy,strict_valid,emx_minus_frozen_proxy,Lp_nH,nH,1,0.00483229173653843,0.00483229173653843,-0.00483229173653843,0.00483229173653843,0.00483229173653843,0.00483229173653843,NOT_ESTIMABLE,1,,,,,,,,,,,,,20,1,1,0,2,1,0,0,16,1,1,1,2,,0.5,0.05,1.0,NOT_ESTIMABLE,,,PROVISIONAL_SMALL_REQUEST_N,0.0,1.0,NOT_ESTIMABLE,,,NOT_PRIMARY; use physical units and frozen spans
8,f8-dc2e68a2a478,FORMAL_10K,HELDOUT_TRIPLE_AUDIT,STRICT_LUMPED,f12d43eace12231077007dc497fee8dad00fbe58cb2f1fe2c6159c47636b97a0,selected_q_proxy,strict_valid,emx_minus_frozen_proxy,Ls_nH,nH,1,0.003001265514263163,0.003001265514263163,0.003001265514263163,0.003001265514263163,0.003001265514263163,0.003001265514263163,NOT_ESTIMABLE,1,,,,,,,,,,,,,20,1,1,0,2,1,0,0,16,1,1,1,2,,0.5,0.05,1.0,NOT_ESTIMABLE,,,PROVISIONAL_SMALL_REQUEST_N,0.0,1.0,NOT_ESTIMABLE,,,NOT_PRIMARY; use physical units and frozen spans
8,f8-dc2e68a2a478,FORMAL_10K,HELDOUT_TRIPLE_AUDIT,STRICT_LUMPED,f12d43eace12231077007dc497fee8dad00fbe58cb2f1fe2c6159c47636b97a0,selected_q_proxy,strict_valid,emx_minus_frozen_proxy,Qmin,dimensionless,1,0.06119059879783251,0.06119059879783251,0.06119059879783251,0.06119059879783251,0.06119059879783251,0.06119059879783251,NOT_ESTIMABLE,1,,,,,,,,,,,,,20,1,1,0,2,1,0,0,16,1,1,1,2,,0.5,0.05,1.0,NOT_ESTIMABLE,,,PROVISIONAL_SMALL_REQUEST_N,0.0,1.0,NOT_ESTIMABLE,,,NOT_PRIMARY; use physical units and frozen spans
8,f8-dc2e68a2a478,FORMAL_10K,HELDOUT_TRIPLE_AUDIT,STRICT_LUMPED,f12d43eace12231077007dc497fee8dad00fbe58cb2f1fe2c6159c47636b97a0,selected_q_proxy,strict_valid,emx_minus_frozen_proxy,K_abs,dimensionless,1,0.012353335020838407,0.012353335020838407,0.012353335020838407,0.012353335020838407,0.012353335020838407,0.012353335020838407,NOT_ESTIMABLE,1,,,,,,,,,,,,,20,1,1,0,2,1,0,0,16,1,1,1,2,,0.5,0.05,1.0,NOT_ESTIMABLE,,,PROVISIONAL_SMALL_REQUEST_N,0.0,1.0,NOT_ESTIMABLE,,,NOT_PRIMARY; use physical units and frozen spans
8,f8-dc2e68a2a478,FORMAL_10K,HELDOUT_TRIPLE_AUDIT,STRICT_LUMPED,f12d43eace12231077007dc497fee8dad00fbe58cb2f1fe2c6159c47636b97a0,selected_q_proxy,all_finite_diagnostic,emx_minus_target,Lp_nH,nH,1,0.006850435036915847,0.006850435036915847,-0.006850435036915847,0.006850435036915847,0.006850435036915847,0.006850435036915847,NOT_ESTIMABLE,1,,,,,,,,,,,,,20,1,1,0,2,1,0,0,16,1,1,1,2,,0.5,0.05,1.0,NOT_ESTIMABLE,,,PROVISIONAL_SMALL_REQUEST_N,0.0,1.0,NOT_ESTIMABLE,,,NOT_PRIMARY; use physical units and frozen spans
8,f8-dc2e68a2a478,FORMAL_10K,HELDOUT_TRIPLE_AUDIT,STRICT_LUMPED,f12d43eace12231077007dc497fee8dad00fbe58cb2f1fe2c6159c47636b97a0,selected_q_proxy,all_finite_diagnostic,emx_minus_target,Ls_nH,nH,1,0.0030379677712530917,0.0030379677712530917,0.0030379677712530917,0.0030379677712530917,0.0030379677712530917,0.0030379677712530917,NOT_ESTIMABLE,1,,,,,,,,,,,,,20,1,1,0,2,1,0,0,16,1,1,1,2,,0.5,0.05,1.0,NOT_ESTIMABLE,,,PROVISIONAL_SMALL_REQUEST_N,0.0,1.0,NOT_ESTIMABLE,,,NOT_PRIMARY; use physical units and frozen spans
8,f8-dc2e68a2a478,FORMAL_10K,HELDOUT_TRIPLE_AUDIT,STRICT_LUMPED,f12d43eace12231077007dc497fee8dad00fbe58cb2f1fe2c6159c47636b97a0,selected_q_proxy,all_finite_diagnostic,emx_minus_target,Qmin,dimensionless,1,0.05509471256736376,0.05509471256736376,0.05509471256736376,0.05509471256736376,0.05509471256736376,0.05509471256736376,NOT_ESTIMABLE,1,,,,,,,,,,,,,20,1,1,0,2,1,0,0,16,1,1,1,2,,0.5,0.05,1.0,NOT_ESTIMABLE,,,PROVISIONAL_SMALL_REQUEST_N,0.0,1.0,NOT_ESTIMABLE,,,NOT_PRIMARY; use physical units and frozen spans
8,f8-dc2e68a2a478,FORMAL_10K,HELDOUT_TRIPLE_AUDIT,STRICT_LUMPED,f12d43eace12231077007dc497fee8dad00fbe58cb2f1fe2c6159c47636b97a0,selected_q_proxy,all_finite_diagnostic,emx_minus_target,K_abs,dimensionless,1,0.01163795636359155,0.01163795636359155,0.01163795636359155,0.01163795636359155,0.01163795636359155,0.01163795636359155,NOT_ESTIMABLE,1,,,,,,,,,,,,,20,1,1,0,2,1,0,0,16,1,1,1,2,,0.5,0.05,1.0,NOT_ESTIMABLE,,,PROVISIONAL_SMALL_REQUEST_N,0.0,1.0,NOT_ESTIMABLE,,,NOT_PRIMARY; use physical units and frozen spans
8,f8-dc2e68a2a478,FORMAL_10K,HELDOUT_TRIPLE_AUDIT,STRICT_LUMPED,f12d43eace12231077007dc497fee8dad00fbe58cb2f1fe2c6159c47636b97a0,selected_q_proxy,all_finite_diagnostic,emx_minus_frozen_proxy,Lp_nH,nH,1,0.00483229173653843,0.00483229173653843,-0.00483229173653843,0.00483229173653843,0.00483229173653843,0.00483229173653843,NOT_ESTIMABLE,1,,,,,,,,,,,,,20,1,1,0,2,1,0,0,16,1,1,1,2,,0.5,0.05,1.0,NOT_ESTIMABLE,,,PROVISIONAL_SMALL_REQUEST_N,0.0,1.0,NOT_ESTIMABLE,,,NOT_PRIMARY; use physical units and frozen spans
8,f8-dc2e68a2a478,FORMAL_10K,HELDOUT_TRIPLE_AUDIT,STRICT_LUMPED,f12d43eace12231077007dc497fee8dad00fbe58cb2f1fe2c6159c47636b97a0,selected_q_proxy,all_finite_diagnostic,emx_minus_frozen_proxy,Ls_nH,nH,1,0.003001265514263163,0.003001265514263163,0.003001265514263163,0.003001265514263163,0.003001265514263163,0.003001265514263163,NOT_ESTIMABLE,1,,,,,,,,,,,,,20,1,1,0,2,1,0,0,16,1,1,1,2,,0.5,0.05,1.0,NOT_ESTIMABLE,,,PROVISIONAL_SMALL_REQUEST_N,0.0,1.0,NOT_ESTIMABLE,,,NOT_PRIMARY; use physical units and frozen spans
8,f8-dc2e68a2a478,FORMAL_10K,HELDOUT_TRIPLE_AUDIT,STRICT_LUMPED,f12d43eace12231077007dc497fee8dad00fbe58cb2f1fe2c6159c47636b97a0,selected_q_proxy,all_finite_diagnostic,emx_minus_frozen_proxy,Qmin,dimensionless,1,0.06119059879783251,0.06119059879783251,0.06119059879783251,0.06119059879783251,0.06119059879783251,0.06119059879783251,NOT_ESTIMABLE,1,,,,,,,,,,,,,20,1,1,0,2,1,0,0,16,1,1,1,2,,0.5,0.05,1.0,NOT_ESTIMABLE,,,PROVISIONAL_SMALL_REQUEST_N,0.0,1.0,NOT_ESTIMABLE,,,NOT_PRIMARY; use physical units and frozen spans
8,f8-dc2e68a2a478,FORMAL_10K,HELDOUT_TRIPLE_AUDIT,STRICT_LUMPED,f12d43eace12231077007dc497fee8dad00fbe58cb2f1fe2c6159c47636b97a0,selected_q_proxy,all_finite_diagnostic,emx_minus_frozen_proxy,K_abs,dimensionless,1,0.012353335020838407,0.012353335020838407,0.012353335020838407,0.012353335020838407,0.012353335020838407,0.012353335020838407,NOT_ESTIMABLE,1,,,,,,,,,,,,,20,1,1,0,2,1,0,0,16,1,1,1,2,,0.5,0.05,1.0,NOT_ESTIMABLE,,,PROVISIONAL_SMALL_REQUEST_N,0.0,1.0,NOT_ESTIMABLE,,,NOT_PRIMARY; use physical units and frozen spans
9,f9-0cd8cd2dd857,FORMAL_10K,HELDOUT_TRIPLE_AUDIT,STRICT_LUMPED,f12d43eace12231077007dc497fee8dad00fbe58cb2f1fe2c6159c47636b97a0,all_candidates,strict_valid,emx_minus_target,Lp_nH,nH,19,0.019373757442751962,0.028835738773360327,0.008995039986088351,0.006512598318908047,0.051795277519442656,0.0601930755630893,PROVISIONAL_SMALL_REQUEST_N,2,0.008678205735846128,0.02715234050231984,0.014317225266327284,0.035876851573238396,-0.006729252121922963,0.02043088879191476,0.005663775212957356,0.015520777374835815,0.023021388503173146,0.059989480970100706,0.03820184239160529,0.06192362960349239,220,19,19,0,0,1,2,0,198,13,19,19,22,,0.5909090909090909,0.05909090909090909,0.6842105263157895,NOT_ESTIMABLE,,,PROVISIONAL_SMALL_REQUEST_N,0.5454545454545454,0.6363636363636364,PROVISIONAL_SMALL_REQUEST_N,0.6363636363636364,0.75,NOT_PRIMARY; use physical units and frozen spans
9,f9-0cd8cd2dd857,FORMAL_10K,HELDOUT_TRIPLE_AUDIT,STRICT_LUMPED,f12d43eace12231077007dc497fee8dad00fbe58cb2f1fe2c6159c47636b97a0,all_candidates,strict_valid,emx_minus_target,Ls_nH,nH,19,0.11260927095406428,0.1959218991691832,0.10343597816720065,0.015840988337679218,0.4070676029994855,0.4343718029761618,PROVISIONAL_SMALL_REQUEST_N,2,0.09027241861191027,0.12885425447563084,0.1669764971608768,0.2145340015590243,0.07902582783055007,0.12118881477567381,0.013347936697053031,0.015840988337679218,0.3084177649920914,0.4070676029994855,0.4281382390861155,0.48604018128614246,220,19,19,0,0,1,2,0,198,13,19,19,22,,0.5909090909090909,0.05909090909090909,0.6842105263157895,NOT_ESTIMABLE,,,PROVISIONAL_SMALL_REQUEST_N,0.5454545454545454,0.6363636363636364,PROVISIONAL_SMALL_REQUEST_N,0.6363636363636364,0.75,NOT_PRIMARY; use physical units and frozen spans
9,f9-0cd8cd2dd857,FORMAL_10K,HELDOUT_TRIPLE_AUDIT,STRICT_LUMPED,f12d43eace12231077007dc497fee8dad00fbe58cb2f1fe2c6159c47636b97a0,all_candidates,strict_valid,emx_minus_target,Qmin,dimensionless,19,0.9966245809544253,1.7900175175472979,-0.9157130770266345,0.22713456786466857,3.6117000122215654,4.244468826643875,PROVISIONAL_SMALL_REQUEST_N,2,0.7435741729521483,1.1806612413197177,1.5165254538461281,1.9651577760413121,-1.1053157235905415,-0.6550094380012625,0.15068162071432045,0.388203931361657,2.5499853871936553,3.6117000122215654,4.161581679630759,4.9146419720423005,220,19,19,0,0,1,2,0,198,13,19,19,22,,0.5909090909090909,0.05909090909090909,0.6842105263157895,NOT_ESTIMABLE,,,PROVISIONAL_SMALL_REQUEST_N,0.5454545454545454,0.6363636363636364,PROVISIONAL_SMALL_REQUEST_N,0.6363636363636364,0.75,NOT_PRIMARY; use physical units and frozen spans
9,f9-0cd8cd2dd857,FORMAL_10K,HELDOUT_TRIPLE_AUDIT,STRICT_LUMPED,f12d43eace12231077007dc497fee8dad00fbe58cb2f1fe2c6159c47636b97a0,all_candidates,strict_valid,emx_minus_target,K_abs,dimensionless,19,0.03725534261644701,0.060881981253000254,-0.036252698581090266,0.011234379097029679,0.10071447681047827,0.11927627473076448,PROVISIONAL_SMALL_REQUEST_N,2,0.032579889753713974,0.04368409030270493,0.051709848993954914,0.0716001954185261,-0.04368409030270493,-0.030848050056279594,0.007836893209369145,0.011972240431401826,0.09771469685907866,0.13203206997410558,0.11196365162822686,0.1783403777629552,220,19,19,0,0,1,2,0,198,13,19,19,22,,0.5909090909090909,0.05909090909090909,0.6842105263157895,NOT_ESTIMABLE,,,PROVISIONAL_SMALL_REQUEST_N,0.5454545454545454,0.6363636363636364,PROVISIONAL_SMALL_REQUEST_N,0.6363636363636364,0.75,NOT_PRIMARY; use physical units and frozen spans
9,f9-0cd8cd2dd857,FORMAL_10K,HELDOUT_TRIPLE_AUDIT,STRICT_LUMPED,f12d43eace12231077007dc497fee8dad00fbe58cb2f1fe2c6159c47636b97a0,all_candidates,strict_valid,emx_minus_frozen_proxy,Lp_nH,nH,19,0.006063065357242507,0.0077829281627820705,0.0033038025981263893,0.004798323318775388,0.012440812208508723,0.012789512100539973,PROVISIONAL_SMALL_REQUEST_N,2,0.004551620221223213,0.007162298183438357,0.005849823728909156,0.008929735533491105,0.0006483880038658241,0.0052350132121340735,0.0039696483946837224,0.006383931932623987,0.009878411658748032,0.01254089719626772,0.012312781844062037,0.014902738786854185,220,19,19,0,0,1,2,0,198,13,19,19,22,,0.5909090909090909,0.05909090909090909,0.6842105263157895,NOT_ESTIMABLE,,,PROVISIONAL_SMALL_REQUEST_N,0.5454545454545454,0.6363636363636364,PROVISIONAL_SMALL_REQUEST_N,0.6363636363636364,0.75,NOT_PRIMARY; use physical units and frozen spans
9,f9-0cd8cd2dd857,FORMAL_10K,HELDOUT_TRIPLE_AUDIT,STRICT_LUMPED,f12d43eace12231077007dc497fee8dad00fbe58cb2f1fe2c6159c47636b97a0,all_candidates,strict_valid,emx_minus_frozen_proxy,Ls_nH,nH,19,0.009693089056629783,0.010964841719434584,-0.003536721169631148,0.008916515756303145,0.016668234858011163,0.020021381937250067,PROVISIONAL_SMALL_REQUEST_N,2,0.008379925869738014,0.010648116828914705,0.00942876831555379,0.011958693867284405,-0.007232521446682572,-0.0008488664226846586,0.008916515756303145,0.00900378812408964,0.013856644913456506,0.019797758754270367,0.015885853883946366,0.021922178992577555,220,19,19,0,0,1,2,0,198,13,19,19,22,,0.5909090909090909,0.05909090909090909,0.6842105263157895,NOT_ESTIMABLE,,,PROVISIONAL_SMALL_REQUEST_N,0.5454545454545454,0.6363636363636364,PROVISIONAL_SMALL_REQUEST_N,0.6363636363636364,0.75,NOT_PRIMARY; use physical units and frozen spans
9,f9-0cd8cd2dd857,FORMAL_10K,HELDOUT_TRIPLE_AUDIT,STRICT_LUMPED,f12d43eace12231077007dc497fee8dad00fbe58cb2f1fe2c6159c47636b97a0,all_candidates,strict_valid,emx_minus_frozen_proxy,Qmin,dimensionless,19,0.1041216249930609,0.123829713921458,0.02862933542003999,0.07452240786619413,0.20686739500347356,0.23416107742002834,PROVISIONAL_SMALL_REQUEST_N,2,0.09276620702408289,0.11238011078868126,0.10522450544010047,0.1357687173055114,0.01714836970446918,0.04441566327894986,0.07267894932248176,0.0758650095646578,0.17191008244028883,0.23319769037509985,0.200284821160567,0.24234986730192068,220,19,19,0,0,1,2,0,198,13,19,19,22,,0.5909090909090909,0.05909090909090909,0.6842105263157895,NOT_ESTIMABLE,,,PROVISIONAL_SMALL_REQUEST_N,0.5454545454545454,0.6363636363636364,PROVISIONAL_SMALL_REQUEST_N,0.6363636363636364,0.75,NOT_PRIMARY; use physical units and frozen spans
9,f9-0cd8cd2dd857,FORMAL_10K,HELDOUT_TRIPLE_AUDIT,STRICT_LUMPED,f12d43eace12231077007dc497fee8dad00fbe58cb2f1fe2c6159c47636b97a0,all_candidates,strict_valid,emx_minus_frozen_proxy,K_abs,dimensionless,19,0.004662772013990011,0.005823533129199381,-0.002987275938372723,0.0037111437874658426,0.00914488895054377,0.010543843683505957,PROVISIONAL_SMALL_REQUEST_N,2,0.0027470387654865047,0.007296905230682334,0.003748556613033265,0.007824550949882861,-0.007296905230682334,0.0001469999105797214,0.001907856757638049,0.00761328420248511,0.006744635155830181,0.010996279128567155,0.00848461029695492,0.011561823434893648,220,19,19,0,0,1,2,0,198,13,19,19,22,,0.5909090909090909,0.05909090909090909,0.6842105263157895,NOT_ESTIMABLE,,,PROVISIONAL_SMALL_REQUEST_N,0.5454545454545454,0.6363636363636364,PROVISIONAL_SMALL_REQUEST_N,0.6363636363636364,0.75,NOT_PRIMARY; use physical units and frozen spans
9,f9-0cd8cd2dd857,FORMAL_10K,HELDOUT_TRIPLE_AUDIT,STRICT_LUMPED,f12d43eace12231077007dc497fee8dad00fbe58cb2f1fe2c6159c47636b97a0,all_candidates,all_finite_diagnostic,emx_minus_target,Lp_nH,nH,19,0.019373757442751962,0.028835738773360327,0.008995039986088351,0.006512598318908047,0.051795277519442656,0.0601930755630893,PROVISIONAL_SMALL_REQUEST_N,2,0.008678205735846128,0.02715234050231984,0.014317225266327284,0.035876851573238396,-0.006729252121922963,0.02043088879191476,0.005663775212957356,0.015520777374835815,0.023021388503173146,0.059989480970100706,0.03820184239160529,0.06192362960349239,220,19,19,0,0,1,2,0,198,13,19,19,22,,0.5909090909090909,0.05909090909090909,0.6842105263157895,NOT_ESTIMABLE,,,PROVISIONAL_SMALL_REQUEST_N,0.5454545454545454,0.6363636363636364,PROVISIONAL_SMALL_REQUEST_N,0.6363636363636364,0.75,NOT_PRIMARY; use physical units and frozen spans
9,f9-0cd8cd2dd857,FORMAL_10K,HELDOUT_TRIPLE_AUDIT,STRICT_LUMPED,f12d43eace12231077007dc497fee8dad00fbe58cb2f1fe2c6159c47636b97a0,all_candidates,all_finite_diagnostic,emx_minus_target,Ls_nH,nH,19,0.11260927095406428,0.1959218991691832,0.10343597816720065,0.015840988337679218,0.4070676029994855,0.4343718029761618,PROVISIONAL_SMALL_REQUEST_N,2,0.09027241861191027,0.12885425447563084,0.1669764971608768,0.2145340015590243,0.07902582783055007,0.12118881477567381,0.013347936697053031,0.015840988337679218,0.3084177649920914,0.4070676029994855,0.4281382390861155,0.48604018128614246,220,19,19,0,0,1,2,0,198,13,19,19,22,,0.5909090909090909,0.05909090909090909,0.6842105263157895,NOT_ESTIMABLE,,,PROVISIONAL_SMALL_REQUEST_N,0.5454545454545454,0.6363636363636364,PROVISIONAL_SMALL_REQUEST_N,0.6363636363636364,0.75,NOT_PRIMARY; use physical units and frozen spans
9,f9-0cd8cd2dd857,FORMAL_10K,HELDOUT_TRIPLE_AUDIT,STRICT_LUMPED,f12d43eace12231077007dc497fee8dad00fbe58cb2f1fe2c6159c47636b97a0,all_candidates,all_finite_diagnostic,emx_minus_target,Qmin,dimensionless,19,0.9966245809544253,1.7900175175472979,-0.9157130770266345,0.22713456786466857,3.6117000122215654,4.244468826643875,PROVISIONAL_SMALL_REQUEST_N,2,0.7435741729521483,1.1806612413197177,1.5165254538461281,1.9651577760413121,-1.1053157235905415,-0.6550094380012625,0.15068162071432045,0.388203931361657,2.5499853871936553,3.6117000122215654,4.161581679630759,4.9146419720423005,220,19,19,0,0,1,2,0,198,13,19,19,22,,0.5909090909090909,0.05909090909090909,0.6842105263157895,NOT_ESTIMABLE,,,PROVISIONAL_SMALL_REQUEST_N,0.5454545454545454,0.6363636363636364,PROVISIONAL_SMALL_REQUEST_N,0.6363636363636364,0.75,NOT_PRIMARY; use physical units and frozen spans
9,f9-0cd8cd2dd857,FORMAL_10K,HELDOUT_TRIPLE_AUDIT,STRICT_LUMPED,f12d43eace12231077007dc497fee8dad00fbe58cb2f1fe2c6159c47636b97a0,all_candidates,all_finite_diagnostic,emx_minus_target,K_abs,dimensionless,19,0.03725534261644701,0.060881981253000254,-0.036252698581090266,0.011234379097029679,0.10071447681047827,0.11927627473076448,PROVISIONAL_SMALL_REQUEST_N,2,0.032579889753713974,0.04368409030270493,0.051709848993954914,0.0716001954185261,-0.04368409030270493,-0.030848050056279594,0.007836893209369145,0.011972240431401826,0.09771469685907866,0.13203206997410558,0.11196365162822686,0.1783403777629552,220,19,19,0,0,1,2,0,198,13,19,19,22,,0.5909090909090909,0.05909090909090909,0.6842105263157895,NOT_ESTIMABLE,,,PROVISIONAL_SMALL_REQUEST_N,0.5454545454545454,0.6363636363636364,PROVISIONAL_SMALL_REQUEST_N,0.6363636363636364,0.75,NOT_PRIMARY; use physical units and frozen spans
9,f9-0cd8cd2dd857,FORMAL_10K,HELDOUT_TRIPLE_AUDIT,STRICT_LUMPED,f12d43eace12231077007dc497fee8dad00fbe58cb2f1fe2c6159c47636b97a0,all_candidates,all_finite_diagnostic,emx_minus_frozen_proxy,Lp_nH,nH,19,0.006063065357242507,0.0077829281627820705,0.0033038025981263893,0.004798323318775388,0.012440812208508723,0.012789512100539973,PROVISIONAL_SMALL_REQUEST_N,2,0.004551620221223213,0.007162298183438357,0.005849823728909156,0.008929735533491105,0.0006483880038658241,0.0052350132121340735,0.0039696483946837224,0.006383931932623987,0.009878411658748032,0.01254089719626772,0.012312781844062037,0.014902738786854185,220,19,19,0,0,1,2,0,198,13,19,19,22,,0.5909090909090909,0.05909090909090909,0.6842105263157895,NOT_ESTIMABLE,,,PROVISIONAL_SMALL_REQUEST_N,0.5454545454545454,0.6363636363636364,PROVISIONAL_SMALL_REQUEST_N,0.6363636363636364,0.75,NOT_PRIMARY; use physical units and frozen spans
9,f9-0cd8cd2dd857,FORMAL_10K,HELDOUT_TRIPLE_AUDIT,STRICT_LUMPED,f12d43eace12231077007dc497fee8dad00fbe58cb2f1fe2c6159c47636b97a0,all_candidates,all_finite_diagnostic,emx_minus_frozen_proxy,Ls_nH,nH,19,0.009693089056629783,0.010964841719434584,-0.003536721169631148,0.008916515756303145,0.016668234858011163,0.020021381937250067,PROVISIONAL_SMALL_REQUEST_N,2,0.008379925869738014,0.010648116828914705,0.00942876831555379,0.011958693867284405,-0.007232521446682572,-0.0008488664226846586,0.008916515756303145,0.00900378812408964,0.013856644913456506,0.019797758754270367,0.015885853883946366,0.021922178992577555,220,19,19,0,0,1,2,0,198,13,19,19,22,,0.5909090909090909,0.05909090909090909,0.6842105263157895,NOT_ESTIMABLE,,,PROVISIONAL_SMALL_REQUEST_N,0.5454545454545454,0.6363636363636364,PROVISIONAL_SMALL_REQUEST_N,0.6363636363636364,0.75,NOT_PRIMARY; use physical units and frozen spans
9,f9-0cd8cd2dd857,FORMAL_10K,HELDOUT_TRIPLE_AUDIT,STRICT_LUMPED,f12d43eace12231077007dc497fee8dad00fbe58cb2f1fe2c6159c47636b97a0,all_candidates,all_finite_diagnostic,emx_minus_frozen_proxy,Qmin,dimensionless,19,0.1041216249930609,0.123829713921458,0.02862933542003999,0.07452240786619413,0.20686739500347356,0.23416107742002834,PROVISIONAL_SMALL_REQUEST_N,2,0.09276620702408289,0.11238011078868126,0.10522450544010047,0.1357687173055114,0.01714836970446918,0.04441566327894986,0.07267894932248176,0.0758650095646578,0.17191008244028883,0.23319769037509985,0.200284821160567,0.24234986730192068,220,19,19,0,0,1,2,0,198,13,19,19,22,,0.5909090909090909,0.05909090909090909,0.6842105263157895,NOT_ESTIMABLE,,,PROVISIONAL_SMALL_REQUEST_N,0.5454545454545454,0.6363636363636364,PROVISIONAL_SMALL_REQUEST_N,0.6363636363636364,0.75,NOT_PRIMARY; use physical units and frozen spans
9,f9-0cd8cd2dd857,FORMAL_10K,HELDOUT_TRIPLE_AUDIT,STRICT_LUMPED,f12d43eace12231077007dc497fee8dad00fbe58cb2f1fe2c6159c47636b97a0,all_candidates,all_finite_diagnostic,emx_minus_frozen_proxy,K_abs,dimensionless,19,0.004662772013990011,0.005823533129199381,-0.002987275938372723,0.0037111437874658426,0.00914488895054377,0.010543843683505957,PROVISIONAL_SMALL_REQUEST_N,2,0.0027470387654865047,0.007296905230682334,0.003748556613033265,0.007824550949882861,-0.007296905230682334,0.0001469999105797214,0.001907856757638049,0.00761328420248511,0.006744635155830181,0.010996279128567155,0.00848461029695492,0.011561823434893648,220,19,19,0,0,1,2,0,198,13,19,19,22,,0.5909090909090909,0.05909090909090909,0.6842105263157895,NOT_ESTIMABLE,,,PROVISIONAL_SMALL_REQUEST_N,0.5454545454545454,0.6363636363636364,PROVISIONAL_SMALL_REQUEST_N,0.6363636363636364,0.75,NOT_PRIMARY; use physical units and frozen spans
9,f9-0cd8cd2dd857,FORMAL_10K,HELDOUT_TRIPLE_AUDIT,STRICT_LUMPED,f12d43eace12231077007dc497fee8dad00fbe58cb2f1fe2c6159c47636b97a0,selected_q_proxy,strict_valid,emx_minus_target,Lp_nH,nH,2,0.003965620805112313,0.004538338157633919,-0.0022068903151485353,0.003965620805112313,0.005731133057231142,0.005951822088745995,PROVISIONAL_SMALL_REQUEST_N,2,0.001758730489963778,0.0061725111202608485,0.001758730489963778,0.0061725111202608485,-0.0061725111202608485,0.001758730489963778,0.001758730489963778,0.0061725111202608485,0.001758730489963778,0.0061725111202608485,0.001758730489963778,0.0061725111202608485,20,2,2,0,0,0,0,0,18,2,2,2,2,,1.0,0.1,1.0,NOT_ESTIMABLE,,,PROVISIONAL_SMALL_REQUEST_N,1.0,1.0,PROVISIONAL_SMALL_REQUEST_N,1.0,1.0,NOT_PRIMARY; use physical units and frozen spans
9,f9-0cd8cd2dd857,FORMAL_10K,HELDOUT_TRIPLE_AUDIT,STRICT_LUMPED,f12d43eace12231077007dc497fee8dad00fbe58cb2f1fe2c6159c47636b97a0,selected_q_proxy,strict_valid,emx_minus_target,Ls_nH,nH,2,0.011343413546402226,0.012626038111181268,-0.011343413546402226,0.011343413546402226,0.01577918143935968,0.01633365242597936,PROVISIONAL_SMALL_REQUEST_N,2,0.005798703680205408,0.016888123412599043,0.005798703680205408,0.016888123412599043,-0.016888123412599043,-0.005798703680205408,0.005798703680205408,0.016888123412599043,0.005798703680205408,0.016888123412599043,0.005798703680205408,0.016888123412599043,20,2,2,0,0,0,0,0,18,2,2,2,2,,1.0,0.1,1.0,NOT_ESTIMABLE,,,PROVISIONAL_SMALL_REQUEST_N,1.0,1.0,PROVISIONAL_SMALL_REQUEST_N,1.0,1.0,NOT_PRIMARY; use physical units and frozen spans
9,f9-0cd8cd2dd857,FORMAL_10K,HELDOUT_TRIPLE_AUDIT,STRICT_LUMPED,f12d43eace12231077007dc497fee8dad00fbe58cb2f1fe2c6159c47636b97a0,selected_q_proxy,strict_valid,emx_minus_target,Qmin,dimensionless,2,0.05565038348074225,0.0586695665909534,-0.018578290083230087,0.05565038348074225,0.07051301554732632,0.07237084455564932,PROVISIONAL_SMALL_REQUEST_N,2,0.03707209339751216,0.07422867356397234,0.03707209339751216,0.07422867356397234,-0.07422867356397234,0.03707209339751216,0.03707209339751216,0.07422867356397234,0.03707209339751216,0.07422867356397234,0.03707209339751216,0.07422867356397234,20,2,2,0,0,0,0,0,18,2,2,2,2,,1.0,0.1,1.0,NOT_ESTIMABLE,,,PROVISIONAL_SMALL_REQUEST_N,1.0,1.0,PROVISIONAL_SMALL_REQUEST_N,1.0,1.0,NOT_PRIMARY; use physical units and frozen spans
9,f9-0cd8cd2dd857,FORMAL_10K,HELDOUT_TRIPLE_AUDIT,STRICT_LUMPED,f12d43eace12231077007dc497fee8dad00fbe58cb2f1fe2c6159c47636b97a0,selected_q_proxy,strict_valid,emx_minus_target,K_abs,dimensionless,2,0.006984043220246844,0.008175708823566505,-0.006984043220246844,0.006984043220246844,0.010384311921673113,0.010809345509351394,PROVISIONAL_SMALL_REQUEST_N,2,0.002733707343464009,0.011234379097029679,0.002733707343464009,0.011234379097029679,-0.011234379097029679,-0.002733707343464009,0.002733707343464009,0.011234379097029679,0.002733707343464009,0.011234379097029679,0.002733707343464009,0.011234379097029679,20,2,2,0,0,0,0,0,18,2,2,2,2,,1.0,0.1,1.0,NOT_ESTIMABLE,,,PROVISIONAL_SMALL_REQUEST_N,1.0,1.0,PROVISIONAL_SMALL_REQUEST_N,1.0,1.0,NOT_PRIMARY; use physical units and frozen spans
9,f9-0cd8cd2dd857,FORMAL_10K,HELDOUT_TRIPLE_AUDIT,STRICT_LUMPED,f12d43eace12231077007dc497fee8dad00fbe58cb2f1fe2c6159c47636b97a0,selected_q_proxy,strict_valid,emx_minus_frozen_proxy,Lp_nH,nH,2,0.0018077437240512362,0.0022462054511793736,-0.0013332297465408205,0.0018077437240512362,0.0028743275212838927,0.0030076504959379744,PROVISIONAL_SMALL_REQUEST_N,2,0.0004745139775104157,0.0031409734705920567,0.0004745139775104157,0.0031409734705920567,-0.0031409734705920567,0.0004745139775104157,0.0004745139775104157,0.0031409734705920567,0.0004745139775104157,0.0031409734705920567,0.0004745139775104157,0.0031409734705920567,20,2,2,0,0,0,0,0,18,2,2,2,2,,1.0,0.1,1.0,NOT_ESTIMABLE,,,PROVISIONAL_SMALL_REQUEST_N,1.0,1.0,PROVISIONAL_SMALL_REQUEST_N,1.0,1.0,NOT_PRIMARY; use physical units and frozen spans
9,f9-0cd8cd2dd857,FORMAL_10K,HELDOUT_TRIPLE_AUDIT,STRICT_LUMPED,f12d43eace12231077007dc497fee8dad00fbe58cb2f1fe2c6159c47636b97a0,selected_q_proxy,strict_valid,emx_minus_frozen_proxy,Ls_nH,nH,2,0.010724654200251205,0.01190194059344697,-0.010724654200251205,0.010724654200251205,0.014853613947207333,0.015369733915576849,PROVISIONAL_SMALL_REQUEST_N,2,0.005563454516556043,0.015885853883946366,0.005563454516556043,0.015885853883946366,-0.015885853883946366,-0.005563454516556043,0.005563454516556043,0.015885853883946366,0.005563454516556043,0.015885853883946366,0.005563454516556043,0.015885853883946366,20,2,2,0,0,0,0,0,18,2,2,2,2,,1.0,0.1,1.0,NOT_ESTIMABLE,,,PROVISIONAL_SMALL_REQUEST_N,1.0,1.0,PROVISIONAL_SMALL_REQUEST_N,1.0,1.0,NOT_PRIMARY; use physical units and frozen spans
9,f9-0cd8cd2dd857,FORMAL_10K,HELDOUT_TRIPLE_AUDIT,STRICT_LUMPED,f12d43eace12231077007dc497fee8dad00fbe58cb2f1fe2c6159c47636b97a0,selected_q_proxy,strict_valid,emx_minus_frozen_proxy,Qmin,dimensionless,2,0.045846611508086,0.046961619140634216,-0.0101726046584254,0.045846611508086,0.053984695234826324,0.05500195570066886,PROVISIONAL_SMALL_REQUEST_N,2,0.0356740068496606,0.0560192161665114,0.0356740068496606,0.0560192161665114,-0.0560192161665114,0.0356740068496606,0.0356740068496606,0.0560192161665114,0.0356740068496606,0.0560192161665114,0.0356740068496606,0.0560192161665114,20,2,2,0,0,0,0,0,18,2,2,2,2,,1.0,0.1,1.0,NOT_ESTIMABLE,,,PROVISIONAL_SMALL_REQUEST_N,1.0,1.0,PROVISIONAL_SMALL_REQUEST_N,1.0,1.0,NOT_PRIMARY; use physical units and frozen spans
9,f9-0cd8cd2dd857,FORMAL_10K,HELDOUT_TRIPLE_AUDIT,STRICT_LUMPED,f12d43eace12231077007dc497fee8dad00fbe58cb2f1fe2c6159c47636b97a0,selected_q_proxy,strict_valid,emx_minus_frozen_proxy,K_abs,dimensionless,2,0.006306942773396801,0.007535462030228138,-0.006306942773396801,0.006306942773396801,0.009605976412471889,0.010018355617356275,PROVISIONAL_SMALL_REQUEST_N,2,0.0021831507245529402,0.010430734822240662,0.0021831507245529402,0.010430734822240662,-0.010430734822240662,-0.0021831507245529402,0.0021831507245529402,0.010430734822240662,0.0021831507245529402,0.010430734822240662,0.0021831507245529402,0.010430734822240662,20,2,2,0,0,0,0,0,18,2,2,2,2,,1.0,0.1,1.0,NOT_ESTIMABLE,,,PROVISIONAL_SMALL_REQUEST_N,1.0,1.0,PROVISIONAL_SMALL_REQUEST_N,1.0,1.0,NOT_PRIMARY; use physical units and frozen spans
9,f9-0cd8cd2dd857,FORMAL_10K,HELDOUT_TRIPLE_AUDIT,STRICT_LUMPED,f12d43eace12231077007dc497fee8dad00fbe58cb2f1fe2c6159c47636b97a0,selected_q_proxy,all_finite_diagnostic,emx_minus_target,Lp_nH,nH,2,0.003965620805112313,0.004538338157633919,-0.0022068903151485353,0.003965620805112313,0.005731133057231142,0.005951822088745995,PROVISIONAL_SMALL_REQUEST_N,2,0.001758730489963778,0.0061725111202608485,0.001758730489963778,0.0061725111202608485,-0.0061725111202608485,0.001758730489963778,0.001758730489963778,0.0061725111202608485,0.001758730489963778,0.0061725111202608485,0.001758730489963778,0.0061725111202608485,20,2,2,0,0,0,0,0,18,2,2,2,2,,1.0,0.1,1.0,NOT_ESTIMABLE,,,PROVISIONAL_SMALL_REQUEST_N,1.0,1.0,PROVISIONAL_SMALL_REQUEST_N,1.0,1.0,NOT_PRIMARY; use physical units and frozen spans
9,f9-0cd8cd2dd857,FORMAL_10K,HELDOUT_TRIPLE_AUDIT,STRICT_LUMPED,f12d43eace12231077007dc497fee8dad00fbe58cb2f1fe2c6159c47636b97a0,selected_q_proxy,all_finite_diagnostic,emx_minus_target,Ls_nH,nH,2,0.011343413546402226,0.012626038111181268,-0.011343413546402226,0.011343413546402226,0.01577918143935968,0.01633365242597936,PROVISIONAL_SMALL_REQUEST_N,2,0.005798703680205408,0.016888123412599043,0.005798703680205408,0.016888123412599043,-0.016888123412599043,-0.005798703680205408,0.005798703680205408,0.016888123412599043,0.005798703680205408,0.016888123412599043,0.005798703680205408,0.016888123412599043,20,2,2,0,0,0,0,0,18,2,2,2,2,,1.0,0.1,1.0,NOT_ESTIMABLE,,,PROVISIONAL_SMALL_REQUEST_N,1.0,1.0,PROVISIONAL_SMALL_REQUEST_N,1.0,1.0,NOT_PRIMARY; use physical units and frozen spans
9,f9-0cd8cd2dd857,FORMAL_10K,HELDOUT_TRIPLE_AUDIT,STRICT_LUMPED,f12d43eace12231077007dc497fee8dad00fbe58cb2f1fe2c6159c47636b97a0,selected_q_proxy,all_finite_diagnostic,emx_minus_target,Qmin,dimensionless,2,0.05565038348074225,0.0586695665909534,-0.018578290083230087,0.05565038348074225,0.07051301554732632,0.07237084455564932,PROVISIONAL_SMALL_REQUEST_N,2,0.03707209339751216,0.07422867356397234,0.03707209339751216,0.07422867356397234,-0.07422867356397234,0.03707209339751216,0.03707209339751216,0.07422867356397234,0.03707209339751216,0.07422867356397234,0.03707209339751216,0.07422867356397234,20,2,2,0,0,0,0,0,18,2,2,2,2,,1.0,0.1,1.0,NOT_ESTIMABLE,,,PROVISIONAL_SMALL_REQUEST_N,1.0,1.0,PROVISIONAL_SMALL_REQUEST_N,1.0,1.0,NOT_PRIMARY; use physical units and frozen spans
9,f9-0cd8cd2dd857,FORMAL_10K,HELDOUT_TRIPLE_AUDIT,STRICT_LUMPED,f12d43eace12231077007dc497fee8dad00fbe58cb2f1fe2c6159c47636b97a0,selected_q_proxy,all_finite_diagnostic,emx_minus_target,K_abs,dimensionless,2,0.006984043220246844,0.008175708823566505,-0.006984043220246844,0.006984043220246844,0.010384311921673113,0.010809345509351394,PROVISIONAL_SMALL_REQUEST_N,2,0.002733707343464009,0.011234379097029679,0.002733707343464009,0.011234379097029679,-0.011234379097029679,-0.002733707343464009,0.002733707343464009,0.011234379097029679,0.002733707343464009,0.011234379097029679,0.002733707343464009,0.011234379097029679,20,2,2,0,0,0,0,0,18,2,2,2,2,,1.0,0.1,1.0,NOT_ESTIMABLE,,,PROVISIONAL_SMALL_REQUEST_N,1.0,1.0,PROVISIONAL_SMALL_REQUEST_N,1.0,1.0,NOT_PRIMARY; use physical units and frozen spans
9,f9-0cd8cd2dd857,FORMAL_10K,HELDOUT_TRIPLE_AUDIT,STRICT_LUMPED,f12d43eace12231077007dc497fee8dad00fbe58cb2f1fe2c6159c47636b97a0,selected_q_proxy,all_finite_diagnostic,emx_minus_frozen_proxy,Lp_nH,nH,2,0.0018077437240512362,0.0022462054511793736,-0.0013332297465408205,0.0018077437240512362,0.0028743275212838927,0.0030076504959379744,PROVISIONAL_SMALL_REQUEST_N,2,0.0004745139775104157,0.0031409734705920567,0.0004745139775104157,0.0031409734705920567,-0.0031409734705920567,0.0004745139775104157,0.0004745139775104157,0.0031409734705920567,0.0004745139775104157,0.0031409734705920567,0.0004745139775104157,0.0031409734705920567,20,2,2,0,0,0,0,0,18,2,2,2,2,,1.0,0.1,1.0,NOT_ESTIMABLE,,,PROVISIONAL_SMALL_REQUEST_N,1.0,1.0,PROVISIONAL_SMALL_REQUEST_N,1.0,1.0,NOT_PRIMARY; use physical units and frozen spans
9,f9-0cd8cd2dd857,FORMAL_10K,HELDOUT_TRIPLE_AUDIT,STRICT_LUMPED,f12d43eace12231077007dc497fee8dad00fbe58cb2f1fe2c6159c47636b97a0,selected_q_proxy,all_finite_diagnostic,emx_minus_frozen_proxy,Ls_nH,nH,2,0.010724654200251205,0.01190194059344697,-0.010724654200251205,0.010724654200251205,0.014853613947207333,0.015369733915576849,PROVISIONAL_SMALL_REQUEST_N,2,0.005563454516556043,0.015885853883946366,0.005563454516556043,0.015885853883946366,-0.015885853883946366,-0.005563454516556043,0.005563454516556043,0.015885853883946366,0.005563454516556043,0.015885853883946366,0.005563454516556043,0.015885853883946366,20,2,2,0,0,0,0,0,18,2,2,2,2,,1.0,0.1,1.0,NOT_ESTIMABLE,,,PROVISIONAL_SMALL_REQUEST_N,1.0,1.0,PROVISIONAL_SMALL_REQUEST_N,1.0,1.0,NOT_PRIMARY; use physical units and frozen spans
9,f9-0cd8cd2dd857,FORMAL_10K,HELDOUT_TRIPLE_AUDIT,STRICT_LUMPED,f12d43eace12231077007dc497fee8dad00fbe58cb2f1fe2c6159c47636b97a0,selected_q_proxy,all_finite_diagnostic,emx_minus_frozen_proxy,Qmin,dimensionless,2,0.045846611508086,0.046961619140634216,-0.0101726046584254,0.045846611508086,0.053984695234826324,0.05500195570066886,PROVISIONAL_SMALL_REQUEST_N,2,0.0356740068496606,0.0560192161665114,0.0356740068496606,0.0560192161665114,-0.0560192161665114,0.0356740068496606,0.0356740068496606,0.0560192161665114,0.0356740068496606,0.0560192161665114,0.0356740068496606,0.0560192161665114,20,2,2,0,0,0,0,0,18,2,2,2,2,,1.0,0.1,1.0,NOT_ESTIMABLE,,,PROVISIONAL_SMALL_REQUEST_N,1.0,1.0,PROVISIONAL_SMALL_REQUEST_N,1.0,1.0,NOT_PRIMARY; use physical units and frozen spans
9,f9-0cd8cd2dd857,FORMAL_10K,HELDOUT_TRIPLE_AUDIT,STRICT_LUMPED,f12d43eace12231077007dc497fee8dad00fbe58cb2f1fe2c6159c47636b97a0,selected_q_proxy,all_finite_diagnostic,emx_minus_frozen_proxy,K_abs,dimensionless,2,0.006306942773396801,0.007535462030228138,-0.006306942773396801,0.006306942773396801,0.009605976412471889,0.010018355617356275,PROVISIONAL_SMALL_REQUEST_N,2,0.0021831507245529402,0.010430734822240662,0.0021831507245529402,0.010430734822240662,-0.010430734822240662,-0.0021831507245529402,0.0021831507245529402,0.010430734822240662,0.0021831507245529402,0.010430734822240662,0.0021831507245529402,0.010430734822240662,20,2,2,0,0,0,0,0,18,2,2,2,2,,1.0,0.1,1.0,NOT_ESTIMABLE,,,PROVISIONAL_SMALL_REQUEST_N,1.0,1.0,PROVISIONAL_SMALL_REQUEST_N,1.0,1.0,NOT_PRIMARY; use physical units and frozen spans
11,f11-07165966aa39,FORMAL_10K,HELDOUT_TRIPLE_AUDIT,STRICT_LUMPED,f12d43eace12231077007dc497fee8dad00fbe58cb2f1fe2c6159c47636b97a0,all_candidates,strict_valid,emx_minus_target,Lp_nH,nH,17,0.08867264435385769,0.13653021247374544,-0.08166319991074499,0.03067856123397461,0.23178763314614517,0.25987693147295193,PROVISIONAL_SMALL_REQUEST_N,2,0.05436007048088887,0.1272742899609476,0.09355463946633549,0.17252400069159188,-0.11610528528367411,-0.05104801291258575,0.015296279190285533,0.09773796661962819,0.17866926579199638,0.2868153867522798,0.22503408105241962,0.3317128122178261,220,18,17,1,0,4,0,0,198,9,18,18,22,,0.4090909090909091,0.04090909090909091,0.5294117647058824,NOT_ESTIMABLE,,,PROVISIONAL_SMALL_REQUEST_N,0.2727272727272727,0.5454545454545454,PROVISIONAL_SMALL_REQUEST_N,0.375,0.6666666666666666,NOT_PRIMARY; use physical units and frozen spans
11,f11-07165966aa39,FORMAL_10K,HELDOUT_TRIPLE_AUDIT,STRICT_LUMPED,f12d43eace12231077007dc497fee8dad00fbe58cb2f1fe2c6159c47636b97a0,all_candidates,strict_valid,emx_minus_target,Ls_nH,nH,17,0.04573050230750876,0.06726453520625071,0.04216752795293444,0.032880767647487597,0.09008947784299637,0.11872590890216313,PROVISIONAL_SMALL_REQUEST_N,2,0.042612372302886885,0.04923839856270837,0.056876053980111946,0.07530509552622963,0.04055725505456293,0.043979084963602394,0.0063997997774472015,0.05208457080130213,0.08241451879076611,0.12756120531134435,0.08277891901579326,0.18940828017561184,220,18,17,1,0,4,0,0,198,9,18,18,22,,0.4090909090909091,0.04090909090909091,0.5294117647058824,NOT_ESTIMABLE,,,PROVISIONAL_SMALL_REQUEST_N,0.2727272727272727,0.5454545454545454,PROVISIONAL_SMALL_REQUEST_N,0.375,0.6666666666666666,NOT_PRIMARY; use physical units and frozen spans
11,f11-07165966aa39,FORMAL_10K,HELDOUT_TRIPLE_AUDIT,STRICT_LUMPED,f12d43eace12231077007dc497fee8dad00fbe58cb2f1fe2c6159c47636b97a0,all_candidates,strict_valid,emx_minus_target,Qmin,dimensionless,17,1.4630732075453157,2.4132557973965727,-1.4027246887030071,0.3442506438406969,4.024704964029558,5.080233606708894,PROVISIONAL_SMALL_REQUEST_N,2,0.7715147629521331,2.241076457712646,1.2670909605469451,3.2510572265353317,-2.241076457712646,-0.6575231162499949,0.3442506438406969,1.3206567694067273,1.8562803593336654,5.660854126566601,3.3492764248732207,6.628554992996111,220,18,17,1,0,4,0,0,198,9,18,18,22,,0.4090909090909091,0.04090909090909091,0.5294117647058824,NOT_ESTIMABLE,,,PROVISIONAL_SMALL_REQUEST_N,0.2727272727272727,0.5454545454545454,PROVISIONAL_SMALL_REQUEST_N,0.375,0.6666666666666666,NOT_PRIMARY; use physical units and frozen spans
11,f11-07165966aa39,FORMAL_10K,HELDOUT_TRIPLE_AUDIT,STRICT_LUMPED,f12d43eace12231077007dc497fee8dad00fbe58cb2f1fe2c6159c47636b97a0,all_candidates,strict_valid,emx_minus_target,K_abs,dimensionless,17,0.02153360202634033,0.03244533559766028,-0.0064015226349059375,0.0104846525160881,0.046834954620160615,0.056648901509779616,PROVISIONAL_SMALL_REQUEST_N,2,0.00904918722865585,0.03557856867373537,0.014484853516464492,0.04473197654114548,-0.007224038339356691,-0.005670397564283046,0.004889931750300169,0.0334909241281546,0.022477107380462963,0.07047278838155921,0.03800199833272311,0.09351259983452515,220,18,17,1,0,4,0,0,198,9,18,18,22,,0.4090909090909091,0.04090909090909091,0.5294117647058824,NOT_ESTIMABLE,,,PROVISIONAL_SMALL_REQUEST_N,0.2727272727272727,0.5454545454545454,PROVISIONAL_SMALL_REQUEST_N,0.375,0.6666666666666666,NOT_PRIMARY; use physical units and frozen spans
11,f11-07165966aa39,FORMAL_10K,HELDOUT_TRIPLE_AUDIT,STRICT_LUMPED,f12d43eace12231077007dc497fee8dad00fbe58cb2f1fe2c6159c47636b97a0,all_candidates,strict_valid,emx_minus_frozen_proxy,Lp_nH,nH,17,0.010088313249085134,0.012421867425945306,-0.0017231290356801775,0.009081710011421551,0.019940973329556577,0.022556990633551516,PROVISIONAL_SMALL_REQUEST_N,2,0.007430712806581585,0.013078113746901626,0.009048596420908396,0.015355184634251602,-0.002981867795234362,-0.0003070479311817198,0.007568760603824831,0.011080809669876901,0.013026423220048551,0.025193968321877036,0.019368951877260177,0.029588931135752894,220,18,17,1,0,4,0,0,198,9,18,18,22,,0.4090909090909091,0.04090909090909091,0.5294117647058824,NOT_ESTIMABLE,,,PROVISIONAL_SMALL_REQUEST_N,0.2727272727272727,0.5454545454545454,PROVISIONAL_SMALL_REQUEST_N,0.375,0.6666666666666666,NOT_PRIMARY; use physical units and frozen spans
11,f11-07165966aa39,FORMAL_10K,HELDOUT_TRIPLE_AUDIT,STRICT_LUMPED,f12d43eace12231077007dc497fee8dad00fbe58cb2f1fe2c6159c47636b97a0,all_candidates,strict_valid,emx_minus_frozen_proxy,Ls_nH,nH,17,0.011764817066286463,0.016525698919860728,0.00801982983765318,0.009447175930012097,0.02516695708800785,0.0351808617147618,PROVISIONAL_SMALL_REQUEST_N,2,0.004957389508232509,0.01942317306909716,0.007292099818675193,0.022814759048525902,0.0026091464119275295,0.014106848691594537,0.0034311377683300393,0.01778930483273089,0.01364551990004568,0.0376169677998377,0.016501758620819595,0.04167714460829752,220,18,17,1,0,4,0,0,198,9,18,18,22,,0.4090909090909091,0.04090909090909091,0.5294117647058824,NOT_ESTIMABLE,,,PROVISIONAL_SMALL_REQUEST_N,0.2727272727272727,0.5454545454545454,PROVISIONAL_SMALL_REQUEST_N,0.375,0.6666666666666666,NOT_PRIMARY; use physical units and frozen spans
11,f11-07165966aa39,FORMAL_10K,HELDOUT_TRIPLE_AUDIT,STRICT_LUMPED,f12d43eace12231077007dc497fee8dad00fbe58cb2f1fe2c6159c47636b97a0,all_candidates,strict_valid,emx_minus_frozen_proxy,Qmin,dimensionless,17,0.18885483291532346,0.23493847596314776,-0.07752157851300838,0.12130134995357267,0.3555193207496611,0.3973610838424739,PROVISIONAL_SMALL_REQUEST_N,2,0.13289648784496588,0.23859558408897463,0.1585990283583465,0.2861825899131102,-0.1290948273873287,-0.03167869062472365,0.10871692639840802,0.24641019234318406,0.27094855797532524,0.4153121776778606,0.2996968636952335,0.5409698345255656,220,18,17,1,0,4,0,0,198,9,18,18,22,,0.4090909090909091,0.04090909090909091,0.5294117647058824,NOT_ESTIMABLE,,,PROVISIONAL_SMALL_REQUEST_N,0.2727272727272727,0.5454545454545454,PROVISIONAL_SMALL_REQUEST_N,0.375,0.6666666666666666,NOT_PRIMARY; use physical units and frozen spans
11,f11-07165966aa39,FORMAL_10K,HELDOUT_TRIPLE_AUDIT,STRICT_LUMPED,f12d43eace12231077007dc497fee8dad00fbe58cb2f1fe2c6159c47636b97a0,all_candidates,strict_valid,emx_minus_frozen_proxy,K_abs,dimensionless,17,0.010529151830696219,0.01674834575140963,0.008580038923847304,0.005368531108563002,0.030480075471147,0.04049922893208526,PROVISIONAL_SMALL_REQUEST_N,2,0.004220562489158931,0.017626314839925668,0.005886812160424827,0.023602779061054992,0.0005389047762220933,0.017626314839925668,0.0021228167808981513,0.009444111030620095,0.009640419572271717,0.042359405202311656,0.012607239832245681,0.04545969898602231,220,18,17,1,0,4,0,0,198,9,18,18,22,,0.4090909090909091,0.04090909090909091,0.5294117647058824,NOT_ESTIMABLE,,,PROVISIONAL_SMALL_REQUEST_N,0.2727272727272727,0.5454545454545454,PROVISIONAL_SMALL_REQUEST_N,0.375,0.6666666666666666,NOT_PRIMARY; use physical units and frozen spans
11,f11-07165966aa39,FORMAL_10K,HELDOUT_TRIPLE_AUDIT,STRICT_LUMPED,f12d43eace12231077007dc497fee8dad00fbe58cb2f1fe2c6159c47636b97a0,all_candidates,all_finite_diagnostic,emx_minus_target,Lp_nH,nH,18,0.087278994771164,0.13352731348880403,-0.08065896390822422,0.0318139892339252,0.2300992451227138,0.2553871889263972,PROVISIONAL_SMALL_REQUEST_N,2,0.05436007048088887,0.12019791906143913,0.09355463946633549,0.16403236366460944,-0.11026991490386269,-0.05104801291258575,0.015296279190285533,0.06358695186537133,0.17866926579199638,0.26885641656606135,0.22503408105241962,0.3317128122178261,220,18,17,1,0,4,0,0,198,9,18,18,22,,0.4090909090909091,0.04090909090909091,0.5294117647058824,NOT_ESTIMABLE,,,PROVISIONAL_SMALL_REQUEST_N,0.2727272727272727,0.5454545454545454,PROVISIONAL_SMALL_REQUEST_N,0.375,0.6666666666666666,NOT_PRIMARY; use physical units and frozen spans
11,f11-07165966aa39,FORMAL_10K,HELDOUT_TRIPLE_AUDIT,STRICT_LUMPED,f12d43eace12231077007dc497fee8dad00fbe58cb2f1fe2c6159c47636b97a0,all_candidates,all_finite_diagnostic,emx_minus_target,Ls_nH,nH,18,0.04681347770573222,0.06715280203270564,0.04344844637085648,0.03622169520744278,0.0882618381361956,0.11430826069757252,PROVISIONAL_SMALL_REQUEST_N,2,0.042612372302886885,0.051014583108577566,0.05786311631318298,0.07530509552622963,0.04055725505456293,0.04633963768715003,0.0063997997774472015,0.0646065188352063,0.08226875870075526,0.12756120531134435,0.08277891901579326,0.18940828017561184,220,18,17,1,0,4,0,0,198,9,18,18,22,,0.4090909090909091,0.04090909090909091,0.5294117647058824,NOT_ESTIMABLE,,,PROVISIONAL_SMALL_REQUEST_N,0.2727272727272727,0.5454545454545454,PROVISIONAL_SMALL_REQUEST_N,0.375,0.6666666666666666,NOT_PRIMARY; use physical units and frozen spans
11,f11-07165966aa39,FORMAL_10K,HELDOUT_TRIPLE_AUDIT,STRICT_LUMPED,f12d43eace12231077007dc497fee8dad00fbe58cb2f1fe2c6159c47636b97a0,all_candidates,all_finite_diagnostic,emx_minus_target,Qmin,dimensionless,18,1.4673124525622914,2.37316420102189,-1.4103166292112224,0.36236055799870126,3.9132969146783037,4.983463520065941,PROVISIONAL_SMALL_REQUEST_N,2,0.7715147629521331,2.16311014217245,1.2670909605469451,3.1077800996408915,-2.16311014217245,-0.6575231162499949,0.3442506438406969,1.53937961785088,1.8562803593336654,5.273773779994799,3.3492764248732207,6.628554992996111,220,18,17,1,0,4,0,0,198,9,18,18,22,,0.4090909090909091,0.04090909090909091,0.5294117647058824,NOT_ESTIMABLE,,,PROVISIONAL_SMALL_REQUEST_N,0.2727272727272727,0.5454545454545454,PROVISIONAL_SMALL_REQUEST_N,0.375,0.6666666666666666,NOT_PRIMARY; use physical units and frozen spans
11,f11-07165966aa39,FORMAL_10K,HELDOUT_TRIPLE_AUDIT,STRICT_LUMPED,f12d43eace12231077007dc497fee8dad00fbe58cb2f1fe2c6159c47636b97a0,all_candidates,all_finite_diagnostic,emx_minus_target,K_abs,dimensionless,18,0.02254389844277993,0.03289164925483727,-0.0038392748483971,0.013154117601362633,0.046735284235421844,0.05434492036448299,PROVISIONAL_SMALL_REQUEST_N,2,0.00904918722865585,0.03603860965690401,0.014484853516464492,0.04420305645555566,-0.005670397564283046,-0.002008152132511154,0.004889931750300169,0.03693630020456484,0.022477107380462963,0.06125686380037287,0.03800199833272311,0.09351259983452515,220,18,17,1,0,4,0,0,198,9,18,18,22,,0.4090909090909091,0.04090909090909091,0.5294117647058824,NOT_ESTIMABLE,,,PROVISIONAL_SMALL_REQUEST_N,0.2727272727272727,0.5454545454545454,PROVISIONAL_SMALL_REQUEST_N,0.375,0.6666666666666666,NOT_PRIMARY; use physical units and frozen spans
11,f11-07165966aa39,FORMAL_10K,HELDOUT_TRIPLE_AUDIT,STRICT_LUMPED,f12d43eace12231077007dc497fee8dad00fbe58cb2f1fe2c6159c47636b97a0,all_candidates,all_finite_diagnostic,emx_minus_frozen_proxy,Lp_nH,nH,18,0.010055667135449475,0.012277826484375825,-0.0010995839112733189,0.009291196607532415,0.019797967966482477,0.022117494352163924,PROVISIONAL_SMALL_REQUEST_N,2,0.007430712806581585,0.012680621464317365,0.009048596420908396,0.014819343749721329,-0.002981867795234362,0.0007826999726877245,0.007568760603824831,0.011037758010931764,0.013026423220048551,0.0234359831963267,0.019368951877260177,0.029588931135752894,220,18,17,1,0,4,0,0,198,9,18,18,22,,0.4090909090909091,0.04090909090909091,0.5294117647058824,NOT_ESTIMABLE,,,PROVISIONAL_SMALL_REQUEST_N,0.2727272727272727,0.5454545454545454,PROVISIONAL_SMALL_REQUEST_N,0.375,0.6666666666666666,NOT_PRIMARY; use physical units and frozen spans
11,f11-07165966aa39,FORMAL_10K,HELDOUT_TRIPLE_AUDIT,STRICT_LUMPED,f12d43eace12231077007dc497fee8dad00fbe58cb2f1fe2c6159c47636b97a0,all_candidates,all_finite_diagnostic,emx_minus_frozen_proxy,Ls_nH,nH,18,0.012675811300496541,0.017377854267294757,0.009138878917898441,0.010934296760577333,0.029780936594860877,0.03477484403391581,PROVISIONAL_SMALL_REQUEST_N,2,0.004957389508232509,0.020394233092760575,0.007292099818675193,0.02346923343667506,0.0026091464119275295,0.015668611423869352,0.0034311377683300393,0.018419052666496016,0.01364551990004568,0.03599289707645377,0.016501758620819595,0.04167714460829752,220,18,17,1,0,4,0,0,198,9,18,18,22,,0.4090909090909091,0.04090909090909091,0.5294117647058824,NOT_ESTIMABLE,,,PROVISIONAL_SMALL_REQUEST_N,0.2727272727272727,0.5454545454545454,PROVISIONAL_SMALL_REQUEST_N,0.375,0.6666666666666666,NOT_PRIMARY; use physical units and frozen spans
11,f11-07165966aa39,FORMAL_10K,HELDOUT_TRIPLE_AUDIT,STRICT_LUMPED,f12d43eace12231077007dc497fee8dad00fbe58cb2f1fe2c6159c47636b97a0,all_candidates,all_finite_diagnostic,emx_minus_frozen_proxy,Qmin,dimensionless,18,0.20424146079545094,0.2533460847047484,-0.09909338719326449,0.1631125095285313,0.39276546774747634,0.47708748972281034,PROVISIONAL_SMALL_REQUEST_N,2,0.16988733750192728,0.23859558408897463,0.21556438133670347,0.2861825899131102,-0.16650808376180531,-0.03167869062472365,0.11611656830669759,0.24641019234318406,0.3495320450139491,0.4153121776778606,0.46581413475761835,0.5409698345255656,220,18,17,1,0,4,0,0,198,9,18,18,22,,0.4090909090909091,0.04090909090909091,0.5294117647058824,NOT_ESTIMABLE,,,PROVISIONAL_SMALL_REQUEST_N,0.2727272727272727,0.5454545454545454,PROVISIONAL_SMALL_REQUEST_N,0.375,0.6666666666666666,NOT_PRIMARY; use physical units and frozen spans
11,f11-07165966aa39,FORMAL_10K,HELDOUT_TRIPLE_AUDIT,STRICT_LUMPED,f12d43eace12231077007dc497fee8dad00fbe58cb2f1fe2c6159c47636b97a0,all_candidates,all_finite_diagnostic,emx_minus_frozen_proxy,K_abs,dimensionless,18,0.011988467730061918,0.018443047079178012,0.010147638873593498,0.006115381913651824,0.03753552003907546,0.04018919955371419,PROVISIONAL_SMALL_REQUEST_N,2,0.004220562489158931,0.019756372970964903,0.005886812160424827,0.02540939616987046,0.0005389047762220933,0.019756372970964903,0.0021228167808981513,0.01101590334906527,0.009640419572271717,0.041119287688827395,0.012607239832245681,0.04545969898602231,220,18,17,1,0,4,0,0,198,9,18,18,22,,0.4090909090909091,0.04090909090909091,0.5294117647058824,NOT_ESTIMABLE,,,PROVISIONAL_SMALL_REQUEST_N,0.2727272727272727,0.5454545454545454,PROVISIONAL_SMALL_REQUEST_N,0.375,0.6666666666666666,NOT_PRIMARY; use physical units and frozen spans
11,f11-07165966aa39,FORMAL_10K,HELDOUT_TRIPLE_AUDIT,STRICT_LUMPED,f12d43eace12231077007dc497fee8dad00fbe58cb2f1fe2c6159c47636b97a0,selected_q_proxy,strict_valid,emx_minus_target,Lp_nH,nH,2,0.011295725178097071,0.011614334449458115,0.002701732297022308,0.011295725178097071,0.013457111015714918,0.013727284245417148,PROVISIONAL_SMALL_REQUEST_N,2,0.008593992881074763,0.01399745747511938,0.008593992881074763,0.01399745747511938,-0.008593992881074763,0.01399745747511938,0.008593992881074763,0.01399745747511938,0.008593992881074763,0.01399745747511938,0.008593992881074763,0.01399745747511938,20,2,2,0,0,0,0,0,18,1,2,2,2,,0.5,0.05,0.5,NOT_ESTIMABLE,,,PROVISIONAL_SMALL_REQUEST_N,0.0,1.0,PROVISIONAL_SMALL_REQUEST_N,0.0,1.0,NOT_PRIMARY; use physical units and frozen spans
11,f11-07165966aa39,FORMAL_10K,HELDOUT_TRIPLE_AUDIT,STRICT_LUMPED,f12d43eace12231077007dc497fee8dad00fbe58cb2f1fe2c6159c47636b97a0,selected_q_proxy,strict_valid,emx_minus_target,Ls_nH,nH,2,0.017352486606705075,0.023285967953198875,0.015528281040782521,0.017352486606705075,0.029775111439331092,0.031327939543409344,PROVISIONAL_SMALL_REQUEST_N,2,0.0018242055659225542,0.032880767647487597,0.0018242055659225542,0.032880767647487597,-0.0018242055659225542,0.032880767647487597,0.0018242055659225542,0.032880767647487597,0.0018242055659225542,0.032880767647487597,0.0018242055659225542,0.032880767647487597,20,2,2,0,0,0,0,0,18,1,2,2,2,,0.5,0.05,0.5,NOT_ESTIMABLE,,,PROVISIONAL_SMALL_REQUEST_N,0.0,1.0,PROVISIONAL_SMALL_REQUEST_N,0.0,1.0,NOT_PRIMARY; use physical units and frozen spans
11,f11-07165966aa39,FORMAL_10K,HELDOUT_TRIPLE_AUDIT,STRICT_LUMPED,f12d43eace12231077007dc497fee8dad00fbe58cb2f1fe2c6159c47636b97a0,selected_q_proxy,strict_valid,emx_minus_target,Qmin,dimensionless,2,0.10589204402732655,0.10716622121318135,-0.016476467486304713,0.10589204402732655,0.11907321801637032,0.1207208647650008,PROVISIONAL_SMALL_REQUEST_N,2,0.08941557654102184,0.12236851151363126,0.08941557654102184,0.12236851151363126,-0.12236851151363126,0.08941557654102184,0.08941557654102184,0.12236851151363126,0.08941557654102184,0.12236851151363126,0.08941557654102184,0.12236851151363126,20,2,2,0,0,0,0,0,18,1,2,2,2,,0.5,0.05,0.5,NOT_ESTIMABLE,,,PROVISIONAL_SMALL_REQUEST_N,0.0,1.0,PROVISIONAL_SMALL_REQUEST_N,0.0,1.0,NOT_PRIMARY; use physical units and frozen spans
11,f11-07165966aa39,FORMAL_10K,HELDOUT_TRIPLE_AUDIT,STRICT_LUMPED,f12d43eace12231077007dc497fee8dad00fbe58cb2f1fe2c6159c47636b97a0,selected_q_proxy,strict_valid,emx_minus_target,K_abs,dimensionless,2,0.02685508178129098,0.03323580103147321,0.02685508178129098,0.02685508178129098,0.04252003482122261,0.04447815395121406,PROVISIONAL_SMALL_REQUEST_N,2,0.007273890481376444,0.046436273081205515,0.007273890481376444,0.046436273081205515,0.007273890481376444,0.046436273081205515,0.007273890481376444,0.046436273081205515,0.007273890481376444,0.046436273081205515,0.007273890481376444,0.046436273081205515,20,2,2,0,0,0,0,0,18,1,2,2,2,,0.5,0.05,0.5,NOT_ESTIMABLE,,,PROVISIONAL_SMALL_REQUEST_N,0.0,1.0,PROVISIONAL_SMALL_REQUEST_N,0.0,1.0,NOT_PRIMARY; use physical units and frozen spans
11,f11-07165966aa39,FORMAL_10K,HELDOUT_TRIPLE_AUDIT,STRICT_LUMPED,f12d43eace12231077007dc497fee8dad00fbe58cb2f1fe2c6159c47636b97a0,selected_q_proxy,strict_valid,emx_minus_frozen_proxy,Lp_nH,nH,2,0.014183883055913005,0.015650635245891366,0.0066151224520881735,0.014183883055913005,0.019475981017583542,0.02013749326279236,PROVISIONAL_SMALL_REQUEST_N,2,0.007568760603824831,0.020799005508001178,0.007568760603824831,0.020799005508001178,-0.007568760603824831,0.020799005508001178,0.007568760603824831,0.020799005508001178,0.007568760603824831,0.020799005508001178,0.007568760603824831,0.020799005508001178,20,2,2,0,0,0,0,0,18,1,2,2,2,,0.5,0.05,0.5,NOT_ESTIMABLE,,,PROVISIONAL_SMALL_REQUEST_N,0.0,1.0,PROVISIONAL_SMALL_REQUEST_N,0.0,1.0,NOT_PRIMARY; use physical units and frozen spans
11,f11-07165966aa39,FORMAL_10K,HELDOUT_TRIPLE_AUDIT,STRICT_LUMPED,f12d43eace12231077007dc497fee8dad00fbe58cb2f1fe2c6159c47636b97a0,selected_q_proxy,strict_valid,emx_minus_frozen_proxy,Ls_nH,nH,2,0.017797132774308055,0.02377193223331259,0.015759658217069816,0.017797132774308055,0.03040485934796391,0.03198082516967089,PROVISIONAL_SMALL_REQUEST_N,2,0.002037474557238239,0.03355679099137787,0.002037474557238239,0.03355679099137787,-0.002037474557238239,0.03355679099137787,0.002037474557238239,0.03355679099137787,0.002037474557238239,0.03355679099137787,0.002037474557238239,0.03355679099137787,20,2,2,0,0,0,0,0,18,1,2,2,2,,0.5,0.05,0.5,NOT_ESTIMABLE,,,PROVISIONAL_SMALL_REQUEST_N,0.0,1.0,PROVISIONAL_SMALL_REQUEST_N,0.0,1.0,NOT_PRIMARY; use physical units and frozen spans
11,f11-07165966aa39,FORMAL_10K,HELDOUT_TRIPLE_AUDIT,STRICT_LUMPED,f12d43eace12231077007dc497fee8dad00fbe58cb2f1fe2c6159c47636b97a0,selected_q_proxy,strict_valid,emx_minus_frozen_proxy,Qmin,dimensionless,2,0.10671554179954335,0.10770771866990884,-0.014585808154029323,0.10671554179954335,0.1183841883227668,0.11984276913816974,PROVISIONAL_SMALL_REQUEST_N,2,0.09212973364551402,0.12130134995357267,0.09212973364551402,0.12130134995357267,-0.12130134995357267,0.09212973364551402,0.09212973364551402,0.12130134995357267,0.09212973364551402,0.12130134995357267,0.09212973364551402,0.12130134995357267,20,2,2,0,0,0,0,0,18,1,2,2,2,,0.5,0.05,0.5,NOT_ESTIMABLE,,,PROVISIONAL_SMALL_REQUEST_N,0.0,1.0,PROVISIONAL_SMALL_REQUEST_N,0.0,1.0,NOT_PRIMARY; use physical units and frozen spans
11,f11-07165966aa39,FORMAL_10K,HELDOUT_TRIPLE_AUDIT,STRICT_LUMPED,f12d43eace12231077007dc497fee8dad00fbe58cb2f1fe2c6159c47636b97a0,selected_q_proxy,strict_valid,emx_minus_frozen_proxy,K_abs,dimensionless,2,0.02616096585238148,0.03250903312762403,0.02616096585238148,0.02616096585238148,0.041599952359294146,0.04352982567265823,PROVISIONAL_SMALL_REQUEST_N,2,0.006862232718740646,0.04545969898602231,0.006862232718740646,0.04545969898602231,0.006862232718740646,0.04545969898602231,0.006862232718740646,0.04545969898602231,0.006862232718740646,0.04545969898602231,0.006862232718740646,0.04545969898602231,20,2,2,0,0,0,0,0,18,1,2,2,2,,0.5,0.05,0.5,NOT_ESTIMABLE,,,PROVISIONAL_SMALL_REQUEST_N,0.0,1.0,PROVISIONAL_SMALL_REQUEST_N,0.0,1.0,NOT_PRIMARY; use physical units and frozen spans
11,f11-07165966aa39,FORMAL_10K,HELDOUT_TRIPLE_AUDIT,STRICT_LUMPED,f12d43eace12231077007dc497fee8dad00fbe58cb2f1fe2c6159c47636b97a0,selected_q_proxy,all_finite_diagnostic,emx_minus_target,Lp_nH,nH,2,0.011295725178097071,0.011614334449458115,0.002701732297022308,0.011295725178097071,0.013457111015714918,0.013727284245417148,PROVISIONAL_SMALL_REQUEST_N,2,0.008593992881074763,0.01399745747511938,0.008593992881074763,0.01399745747511938,-0.008593992881074763,0.01399745747511938,0.008593992881074763,0.01399745747511938,0.008593992881074763,0.01399745747511938,0.008593992881074763,0.01399745747511938,20,2,2,0,0,0,0,0,18,1,2,2,2,,0.5,0.05,0.5,NOT_ESTIMABLE,,,PROVISIONAL_SMALL_REQUEST_N,0.0,1.0,PROVISIONAL_SMALL_REQUEST_N,0.0,1.0,NOT_PRIMARY; use physical units and frozen spans
11,f11-07165966aa39,FORMAL_10K,HELDOUT_TRIPLE_AUDIT,STRICT_LUMPED,f12d43eace12231077007dc497fee8dad00fbe58cb2f1fe2c6159c47636b97a0,selected_q_proxy,all_finite_diagnostic,emx_minus_target,Ls_nH,nH,2,0.017352486606705075,0.023285967953198875,0.015528281040782521,0.017352486606705075,0.029775111439331092,0.031327939543409344,PROVISIONAL_SMALL_REQUEST_N,2,0.0018242055659225542,0.032880767647487597,0.0018242055659225542,0.032880767647487597,-0.0018242055659225542,0.032880767647487597,0.0018242055659225542,0.032880767647487597,0.0018242055659225542,0.032880767647487597,0.0018242055659225542,0.032880767647487597,20,2,2,0,0,0,0,0,18,1,2,2,2,,0.5,0.05,0.5,NOT_ESTIMABLE,,,PROVISIONAL_SMALL_REQUEST_N,0.0,1.0,PROVISIONAL_SMALL_REQUEST_N,0.0,1.0,NOT_PRIMARY; use physical units and frozen spans
11,f11-07165966aa39,FORMAL_10K,HELDOUT_TRIPLE_AUDIT,STRICT_LUMPED,f12d43eace12231077007dc497fee8dad00fbe58cb2f1fe2c6159c47636b97a0,selected_q_proxy,all_finite_diagnostic,emx_minus_target,Qmin,dimensionless,2,0.10589204402732655,0.10716622121318135,-0.016476467486304713,0.10589204402732655,0.11907321801637032,0.1207208647650008,PROVISIONAL_SMALL_REQUEST_N,2,0.08941557654102184,0.12236851151363126,0.08941557654102184,0.12236851151363126,-0.12236851151363126,0.08941557654102184,0.08941557654102184,0.12236851151363126,0.08941557654102184,0.12236851151363126,0.08941557654102184,0.12236851151363126,20,2,2,0,0,0,0,0,18,1,2,2,2,,0.5,0.05,0.5,NOT_ESTIMABLE,,,PROVISIONAL_SMALL_REQUEST_N,0.0,1.0,PROVISIONAL_SMALL_REQUEST_N,0.0,1.0,NOT_PRIMARY; use physical units and frozen spans
11,f11-07165966aa39,FORMAL_10K,HELDOUT_TRIPLE_AUDIT,STRICT_LUMPED,f12d43eace12231077007dc497fee8dad00fbe58cb2f1fe2c6159c47636b97a0,selected_q_proxy,all_finite_diagnostic,emx_minus_target,K_abs,dimensionless,2,0.02685508178129098,0.03323580103147321,0.02685508178129098,0.02685508178129098,0.04252003482122261,0.04447815395121406,PROVISIONAL_SMALL_REQUEST_N,2,0.007273890481376444,0.046436273081205515,0.007273890481376444,0.046436273081205515,0.007273890481376444,0.046436273081205515,0.007273890481376444,0.046436273081205515,0.007273890481376444,0.046436273081205515,0.007273890481376444,0.046436273081205515,20,2,2,0,0,0,0,0,18,1,2,2,2,,0.5,0.05,0.5,NOT_ESTIMABLE,,,PROVISIONAL_SMALL_REQUEST_N,0.0,1.0,PROVISIONAL_SMALL_REQUEST_N,0.0,1.0,NOT_PRIMARY; use physical units and frozen spans
11,f11-07165966aa39,FORMAL_10K,HELDOUT_TRIPLE_AUDIT,STRICT_LUMPED,f12d43eace12231077007dc497fee8dad00fbe58cb2f1fe2c6159c47636b97a0,selected_q_proxy,all_finite_diagnostic,emx_minus_frozen_proxy,Lp_nH,nH,2,0.014183883055913005,0.015650635245891366,0.0066151224520881735,0.014183883055913005,0.019475981017583542,0.02013749326279236,PROVISIONAL_SMALL_REQUEST_N,2,0.007568760603824831,0.020799005508001178,0.007568760603824831,0.020799005508001178,-0.007568760603824831,0.020799005508001178,0.007568760603824831,0.020799005508001178,0.007568760603824831,0.020799005508001178,0.007568760603824831,0.020799005508001178,20,2,2,0,0,0,0,0,18,1,2,2,2,,0.5,0.05,0.5,NOT_ESTIMABLE,,,PROVISIONAL_SMALL_REQUEST_N,0.0,1.0,PROVISIONAL_SMALL_REQUEST_N,0.0,1.0,NOT_PRIMARY; use physical units and frozen spans
11,f11-07165966aa39,FORMAL_10K,HELDOUT_TRIPLE_AUDIT,STRICT_LUMPED,f12d43eace12231077007dc497fee8dad00fbe58cb2f1fe2c6159c47636b97a0,selected_q_proxy,all_finite_diagnostic,emx_minus_frozen_proxy,Ls_nH,nH,2,0.017797132774308055,0.02377193223331259,0.015759658217069816,0.017797132774308055,0.03040485934796391,0.03198082516967089,PROVISIONAL_SMALL_REQUEST_N,2,0.002037474557238239,0.03355679099137787,0.002037474557238239,0.03355679099137787,-0.002037474557238239,0.03355679099137787,0.002037474557238239,0.03355679099137787,0.002037474557238239,0.03355679099137787,0.002037474557238239,0.03355679099137787,20,2,2,0,0,0,0,0,18,1,2,2,2,,0.5,0.05,0.5,NOT_ESTIMABLE,,,PROVISIONAL_SMALL_REQUEST_N,0.0,1.0,PROVISIONAL_SMALL_REQUEST_N,0.0,1.0,NOT_PRIMARY; use physical units and frozen spans
11,f11-07165966aa39,FORMAL_10K,HELDOUT_TRIPLE_AUDIT,STRICT_LUMPED,f12d43eace12231077007dc497fee8dad00fbe58cb2f1fe2c6159c47636b97a0,selected_q_proxy,all_finite_diagnostic,emx_minus_frozen_proxy,Qmin,dimensionless,2,0.10671554179954335,0.10770771866990884,-0.014585808154029323,0.10671554179954335,0.1183841883227668,0.11984276913816974,PROVISIONAL_SMALL_REQUEST_N,2,0.09212973364551402,0.12130134995357267,0.09212973364551402,0.12130134995357267,-0.12130134995357267,0.09212973364551402,0.09212973364551402,0.12130134995357267,0.09212973364551402,0.12130134995357267,0.09212973364551402,0.12130134995357267,20,2,2,0,0,0,0,0,18,1,2,2,2,,0.5,0.05,0.5,NOT_ESTIMABLE,,,PROVISIONAL_SMALL_REQUEST_N,0.0,1.0,PROVISIONAL_SMALL_REQUEST_N,0.0,1.0,NOT_PRIMARY; use physical units and frozen spans
11,f11-07165966aa39,FORMAL_10K,HELDOUT_TRIPLE_AUDIT,STRICT_LUMPED,f12d43eace12231077007dc497fee8dad00fbe58cb2f1fe2c6159c47636b97a0,selected_q_proxy,all_finite_diagnostic,emx_minus_frozen_proxy,K_abs,dimensionless,2,0.02616096585238148,0.03250903312762403,0.02616096585238148,0.02616096585238148,0.041599952359294146,0.04352982567265823,PROVISIONAL_SMALL_REQUEST_N,2,0.006862232718740646,0.04545969898602231,0.006862232718740646,0.04545969898602231,0.006862232718740646,0.04545969898602231,0.006862232718740646,0.04545969898602231,0.006862232718740646,0.04545969898602231,0.006862232718740646,0.04545969898602231,20,2,2,0,0,0,0,0,18,1,2,2,2,,0.5,0.05,0.5,NOT_ESTIMABLE,,,PROVISIONAL_SMALL_REQUEST_N,0.0,1.0,PROVISIONAL_SMALL_REQUEST_N,0.0,1.0,NOT_PRIMARY; use physical units and frozen spans
12,f12-bbbcad303b3e,FORMAL_10K,HELDOUT_TRIPLE_AUDIT,STRICT_LUMPED,f12d43eace12231077007dc497fee8dad00fbe58cb2f1fe2c6159c47636b97a0,all_candidates,strict_valid,emx_minus_target,Lp_nH,nH,20,0.08872590107628302,0.12492954848632758,0.010410908190620493,0.040897137706035314,0.21189143427778565,0.22228733451171154,PROVISIONAL_SMALL_REQUEST_N,2,0.07653883039874163,0.10091297175382441,0.10899636094925365,0.1390488312421768,-0.07449713729213041,0.0953189536733714,0.03512041615162742,0.05871265299161221,0.18701918086005123,0.22403115121286385,0.210930091663033,0.2554198518336046,220,20,20,0,3,2,0,0,195,12,20,20,22,,0.5454545454545454,0.05454545454545454,0.6,NOT_ESTIMABLE,,,PROVISIONAL_SMALL_REQUEST_N,0.5454545454545454,0.5454545454545454,PROVISIONAL_SMALL_REQUEST_N,0.6,0.6,NOT_PRIMARY; use physical units and frozen spans
12,f12-bbbcad303b3e,FORMAL_10K,HELDOUT_TRIPLE_AUDIT,STRICT_LUMPED,f12d43eace12231077007dc497fee8dad00fbe58cb2f1fe2c6159c47636b97a0,all_candidates,strict_valid,emx_minus_target,Ls_nH,nH,20,0.09711738226890082,0.14044410685952768,-0.02726359284714337,0.10131904582990714,0.2659699612849543,0.32426774509201906,PROVISIONAL_SMALL_REQUEST_N,2,0.05741440054876279,0.13682036398903885,0.07590217738248847,0.18354278458097478,-0.1119168249347259,0.05738963924043916,0.05533197276366719,0.11062411837902297,0.11129005936535681,0.3242800781088086,0.11184924625500703,0.324502072411021,220,20,20,0,3,2,0,0,195,12,20,20,22,,0.5454545454545454,0.05454545454545454,0.6,NOT_ESTIMABLE,,,PROVISIONAL_SMALL_REQUEST_N,0.5454545454545454,0.5454545454545454,PROVISIONAL_SMALL_REQUEST_N,0.6,0.6,NOT_PRIMARY; use physical units and frozen spans
12,f12-bbbcad303b3e,FORMAL_10K,HELDOUT_TRIPLE_AUDIT,STRICT_LUMPED,f12d43eace12231077007dc497fee8dad00fbe58cb2f1fe2c6159c47636b97a0,all_candidates,strict_valid,emx_minus_target,Qmin,dimensionless,20,1.1825597480369474,1.734641258262428,-1.0756251086073616,0.63465841960085,3.103008193519719,3.722568396711683,PROVISIONAL_SMALL_REQUEST_N,2,1.126946862455985,1.23817263361791,1.6786305144806168,1.7888991546722408,-1.178966035541856,-0.9722841816728669,0.5893650560286696,0.6764145698304489,2.9387551988857696,3.114932053876557,3.716606466533264,3.835845070101641,220,20,20,0,3,2,0,0,195,12,20,20,22,,0.5454545454545454,0.05454545454545454,0.6,NOT_ESTIMABLE,,,PROVISIONAL_SMALL_REQUEST_N,0.5454545454545454,0.5454545454545454,PROVISIONAL_SMALL_REQUEST_N,0.6,0.6,NOT_PRIMARY; use physical units and frozen spans
12,f12-bbbcad303b3e,FORMAL_10K,HELDOUT_TRIPLE_AUDIT,STRICT_LUMPED,f12d43eace12231077007dc497fee8dad00fbe58cb2f1fe2c6159c47636b97a0,all_candidates,strict_valid,emx_minus_target,K_abs,dimensionless,20,0.023536645033134317,0.04463267875137472,0.020469106389005825,0.008575435116024335,0.06756453765307617,0.12530770595409987,PROVISIONAL_SMALL_REQUEST_N,2,0.007719646582433427,0.0393536434838352,0.010520122924791969,0.062237280135736164,0.002314725406797201,0.038623487371214446,0.008041758463770907,0.010133712807496004,0.01209169722768435,0.12547292825492762,0.025680956432576438,0.12844692966982665,220,20,20,0,3,2,0,0,195,12,20,20,22,,0.5454545454545454,0.05454545454545454,0.6,NOT_ESTIMABLE,,,PROVISIONAL_SMALL_REQUEST_N,0.5454545454545454,0.5454545454545454,PROVISIONAL_SMALL_REQUEST_N,0.6,0.6,NOT_PRIMARY; use physical units and frozen spans
12,f12-bbbcad303b3e,FORMAL_10K,HELDOUT_TRIPLE_AUDIT,STRICT_LUMPED,f12d43eace12231077007dc497fee8dad00fbe58cb2f1fe2c6159c47636b97a0,all_candidates,strict_valid,emx_minus_frozen_proxy,Lp_nH,nH,20,0.011503159617601576,0.013430310831161262,0.006146051065493241,0.012120868255278694,0.020277939833637373,0.020705658477190615,PROVISIONAL_SMALL_REQUEST_N,2,0.009330044512851554,0.0136762747223516,0.011174734604969313,0.015358118522518192,0.005747405795604977,0.006544696335381506,0.006799575633354649,0.01580556081142348,0.01705504687748603,0.020314603501077368,0.020687326643470616,0.021053963317870572,220,20,20,0,3,2,0,0,195,12,20,20,22,,0.5454545454545454,0.05454545454545454,0.6,NOT_ESTIMABLE,,,PROVISIONAL_SMALL_REQUEST_N,0.5454545454545454,0.5454545454545454,PROVISIONAL_SMALL_REQUEST_N,0.6,0.6,NOT_PRIMARY; use physical units and frozen spans
12,f12-bbbcad303b3e,FORMAL_10K,HELDOUT_TRIPLE_AUDIT,STRICT_LUMPED,f12d43eace12231077007dc497fee8dad00fbe58cb2f1fe2c6159c47636b97a0,all_candidates,strict_valid,emx_minus_frozen_proxy,Ls_nH,nH,20,0.014650171053943317,0.017058638296678922,0.01337422643604912,0.015371439586806535,0.025973443272700857,0.0259819962305227,PROVISIONAL_SMALL_REQUEST_N,2,0.014158193025846578,0.015142149082040058,0.016334787873784548,0.017752999357638216,0.01160630379005818,0.015142149082040058,0.014331674034406272,0.015371439586806535,0.022496045528301915,0.025984395565480666,0.025163120603451494,0.026027583594724124,220,20,20,0,3,2,0,0,195,12,20,20,22,,0.5454545454545454,0.05454545454545454,0.6,NOT_ESTIMABLE,,,PROVISIONAL_SMALL_REQUEST_N,0.5454545454545454,0.5454545454545454,PROVISIONAL_SMALL_REQUEST_N,0.6,0.6,NOT_PRIMARY; use physical units and frozen spans
12,f12-bbbcad303b3e,FORMAL_10K,HELDOUT_TRIPLE_AUDIT,STRICT_LUMPED,f12d43eace12231077007dc497fee8dad00fbe58cb2f1fe2c6159c47636b97a0,all_candidates,strict_valid,emx_minus_frozen_proxy,Qmin,dimensionless,20,0.17909692743731886,0.21470471377031222,-0.02767770183856273,0.18492996316576882,0.3021146551600183,0.3365950212521825,PROVISIONAL_SMALL_REQUEST_N,2,0.16013896822316748,0.19805488665147025,0.1894595570989852,0.2372789591477503,-0.0866050320451814,0.031249628368055938,0.16732047994786825,0.20261506952110864,0.25954615623245025,0.34431594841924584,0.29914138416834035,0.4832926374263842,220,20,20,0,3,2,0,0,195,12,20,20,22,,0.5454545454545454,0.05454545454545454,0.6,NOT_ESTIMABLE,,,PROVISIONAL_SMALL_REQUEST_N,0.5454545454545454,0.5454545454545454,PROVISIONAL_SMALL_REQUEST_N,0.6,0.6,NOT_PRIMARY; use physical units and frozen spans
12,f12-bbbcad303b3e,FORMAL_10K,HELDOUT_TRIPLE_AUDIT,STRICT_LUMPED,f12d43eace12231077007dc497fee8dad00fbe58cb2f1fe2c6159c47636b97a0,all_candidates,strict_valid,emx_minus_frozen_proxy,K_abs,dimensionless,20,0.004327894906481453,0.005499929469510704,0.0011819805158798957,0.003672634314294501,0.009244232841091828,0.01011048333081222,PROVISIONAL_SMALL_REQUEST_N,2,0.0035323262988727635,0.005123463514090143,0.00409321429245219,0.006613928113855617,0.0009471721952795276,0.0014167888364802635,0.003672634314294501,0.0036741323317701635,0.005414241585722928,0.010265313511736384,0.0075314568847674596,0.013052256768371295,220,20,20,0,3,2,0,0,195,12,20,20,22,,0.5454545454545454,0.05454545454545454,0.6,NOT_ESTIMABLE,,,PROVISIONAL_SMALL_REQUEST_N,0.5454545454545454,0.5454545454545454,PROVISIONAL_SMALL_REQUEST_N,0.6,0.6,NOT_PRIMARY; use physical units and frozen spans
12,f12-bbbcad303b3e,FORMAL_10K,HELDOUT_TRIPLE_AUDIT,STRICT_LUMPED,f12d43eace12231077007dc497fee8dad00fbe58cb2f1fe2c6159c47636b97a0,all_candidates,all_finite_diagnostic,emx_minus_target,Lp_nH,nH,20,0.08872590107628302,0.12492954848632758,0.010410908190620493,0.040897137706035314,0.21189143427778565,0.22228733451171154,PROVISIONAL_SMALL_REQUEST_N,2,0.07653883039874163,0.10091297175382441,0.10899636094925365,0.1390488312421768,-0.07449713729213041,0.0953189536733714,0.03512041615162742,0.05871265299161221,0.18701918086005123,0.22403115121286385,0.210930091663033,0.2554198518336046,220,20,20,0,3,2,0,0,195,12,20,20,22,,0.5454545454545454,0.05454545454545454,0.6,NOT_ESTIMABLE,,,PROVISIONAL_SMALL_REQUEST_N,0.5454545454545454,0.5454545454545454,PROVISIONAL_SMALL_REQUEST_N,0.6,0.6,NOT_PRIMARY; use physical units and frozen spans
12,f12-bbbcad303b3e,FORMAL_10K,HELDOUT_TRIPLE_AUDIT,STRICT_LUMPED,f12d43eace12231077007dc497fee8dad00fbe58cb2f1fe2c6159c47636b97a0,all_candidates,all_finite_diagnostic,emx_minus_target,Ls_nH,nH,20,0.09711738226890082,0.14044410685952768,-0.02726359284714337,0.10131904582990714,0.2659699612849543,0.32426774509201906,PROVISIONAL_SMALL_REQUEST_N,2,0.05741440054876279,0.13682036398903885,0.07590217738248847,0.18354278458097478,-0.1119168249347259,0.05738963924043916,0.05533197276366719,0.11062411837902297,0.11129005936535681,0.3242800781088086,0.11184924625500703,0.324502072411021,220,20,20,0,3,2,0,0,195,12,20,20,22,,0.5454545454545454,0.05454545454545454,0.6,NOT_ESTIMABLE,,,PROVISIONAL_SMALL_REQUEST_N,0.5454545454545454,0.5454545454545454,PROVISIONAL_SMALL_REQUEST_N,0.6,0.6,NOT_PRIMARY; use physical units and frozen spans
12,f12-bbbcad303b3e,FORMAL_10K,HELDOUT_TRIPLE_AUDIT,STRICT_LUMPED,f12d43eace12231077007dc497fee8dad00fbe58cb2f1fe2c6159c47636b97a0,all_candidates,all_finite_diagnostic,emx_minus_target,Qmin,dimensionless,20,1.1825597480369474,1.734641258262428,-1.0756251086073616,0.63465841960085,3.103008193519719,3.722568396711683,PROVISIONAL_SMALL_REQUEST_N,2,1.126946862455985,1.23817263361791,1.6786305144806168,1.7888991546722408,-1.178966035541856,-0.9722841816728669,0.5893650560286696,0.6764145698304489,2.9387551988857696,3.114932053876557,3.716606466533264,3.835845070101641,220,20,20,0,3,2,0,0,195,12,20,20,22,,0.5454545454545454,0.05454545454545454,0.6,NOT_ESTIMABLE,,,PROVISIONAL_SMALL_REQUEST_N,0.5454545454545454,0.5454545454545454,PROVISIONAL_SMALL_REQUEST_N,0.6,0.6,NOT_PRIMARY; use physical units and frozen spans
12,f12-bbbcad303b3e,FORMAL_10K,HELDOUT_TRIPLE_AUDIT,STRICT_LUMPED,f12d43eace12231077007dc497fee8dad00fbe58cb2f1fe2c6159c47636b97a0,all_candidates,all_finite_diagnostic,emx_minus_target,K_abs,dimensionless,20,0.023536645033134317,0.04463267875137472,0.020469106389005825,0.008575435116024335,0.06756453765307617,0.12530770595409987,PROVISIONAL_SMALL_REQUEST_N,2,0.007719646582433427,0.0393536434838352,0.010520122924791969,0.062237280135736164,0.002314725406797201,0.038623487371214446,0.008041758463770907,0.010133712807496004,0.01209169722768435,0.12547292825492762,0.025680956432576438,0.12844692966982665,220,20,20,0,3,2,0,0,195,12,20,20,22,,0.5454545454545454,0.05454545454545454,0.6,NOT_ESTIMABLE,,,PROVISIONAL_SMALL_REQUEST_N,0.5454545454545454,0.5454545454545454,PROVISIONAL_SMALL_REQUEST_N,0.6,0.6,NOT_PRIMARY; use physical units and frozen spans
12,f12-bbbcad303b3e,FORMAL_10K,HELDOUT_TRIPLE_AUDIT,STRICT_LUMPED,f12d43eace12231077007dc497fee8dad00fbe58cb2f1fe2c6159c47636b97a0,all_candidates,all_finite_diagnostic,emx_minus_frozen_proxy,Lp_nH,nH,20,0.011503159617601576,0.013430310831161262,0.006146051065493241,0.012120868255278694,0.020277939833637373,0.020705658477190615,PROVISIONAL_SMALL_REQUEST_N,2,0.009330044512851554,0.0136762747223516,0.011174734604969313,0.015358118522518192,0.005747405795604977,0.006544696335381506,0.006799575633354649,0.01580556081142348,0.01705504687748603,0.020314603501077368,0.020687326643470616,0.021053963317870572,220,20,20,0,3,2,0,0,195,12,20,20,22,,0.5454545454545454,0.05454545454545454,0.6,NOT_ESTIMABLE,,,PROVISIONAL_SMALL_REQUEST_N,0.5454545454545454,0.5454545454545454,PROVISIONAL_SMALL_REQUEST_N,0.6,0.6,NOT_PRIMARY; use physical units and frozen spans
12,f12-bbbcad303b3e,FORMAL_10K,HELDOUT_TRIPLE_AUDIT,STRICT_LUMPED,f12d43eace12231077007dc497fee8dad00fbe58cb2f1fe2c6159c47636b97a0,all_candidates,all_finite_diagnostic,emx_minus_frozen_proxy,Ls_nH,nH,20,0.014650171053943317,0.017058638296678922,0.01337422643604912,0.015371439586806535,0.025973443272700857,0.0259819962305227,PROVISIONAL_SMALL_REQUEST_N,2,0.014158193025846578,0.015142149082040058,0.016334787873784548,0.017752999357638216,0.01160630379005818,0.015142149082040058,0.014331674034406272,0.015371439586806535,0.022496045528301915,0.025984395565480666,0.025163120603451494,0.026027583594724124,220,20,20,0,3,2,0,0,195,12,20,20,22,,0.5454545454545454,0.05454545454545454,0.6,NOT_ESTIMABLE,,,PROVISIONAL_SMALL_REQUEST_N,0.5454545454545454,0.5454545454545454,PROVISIONAL_SMALL_REQUEST_N,0.6,0.6,NOT_PRIMARY; use physical units and frozen spans
12,f12-bbbcad303b3e,FORMAL_10K,HELDOUT_TRIPLE_AUDIT,STRICT_LUMPED,f12d43eace12231077007dc497fee8dad00fbe58cb2f1fe2c6159c47636b97a0,all_candidates,all_finite_diagnostic,emx_minus_frozen_proxy,Qmin,dimensionless,20,0.17909692743731886,0.21470471377031222,-0.02767770183856273,0.18492996316576882,0.3021146551600183,0.3365950212521825,PROVISIONAL_SMALL_REQUEST_N,2,0.16013896822316748,0.19805488665147025,0.1894595570989852,0.2372789591477503,-0.0866050320451814,0.031249628368055938,0.16732047994786825,0.20261506952110864,0.25954615623245025,0.34431594841924584,0.29914138416834035,0.4832926374263842,220,20,20,0,3,2,0,0,195,12,20,20,22,,0.5454545454545454,0.05454545454545454,0.6,NOT_ESTIMABLE,,,PROVISIONAL_SMALL_REQUEST_N,0.5454545454545454,0.5454545454545454,PROVISIONAL_SMALL_REQUEST_N,0.6,0.6,NOT_PRIMARY; use physical units and frozen spans
12,f12-bbbcad303b3e,FORMAL_10K,HELDOUT_TRIPLE_AUDIT,STRICT_LUMPED,f12d43eace12231077007dc497fee8dad00fbe58cb2f1fe2c6159c47636b97a0,all_candidates,all_finite_diagnostic,emx_minus_frozen_proxy,K_abs,dimensionless,20,0.004327894906481453,0.005499929469510704,0.0011819805158798957,0.003672634314294501,0.009244232841091828,0.01011048333081222,PROVISIONAL_SMALL_REQUEST_N,2,0.0035323262988727635,0.005123463514090143,0.00409321429245219,0.006613928113855617,0.0009471721952795276,0.0014167888364802635,0.003672634314294501,0.0036741323317701635,0.005414241585722928,0.010265313511736384,0.0075314568847674596,0.013052256768371295,220,20,20,0,3,2,0,0,195,12,20,20,22,,0.5454545454545454,0.05454545454545454,0.6,NOT_ESTIMABLE,,,PROVISIONAL_SMALL_REQUEST_N,0.5454545454545454,0.5454545454545454,PROVISIONAL_SMALL_REQUEST_N,0.6,0.6,NOT_PRIMARY; use physical units and frozen spans
12,f12-bbbcad303b3e,FORMAL_10K,HELDOUT_TRIPLE_AUDIT,STRICT_LUMPED,f12d43eace12231077007dc497fee8dad00fbe58cb2f1fe2c6159c47636b97a0,selected_q_proxy,strict_valid,emx_minus_target,Lp_nH,nH,2,0.009411739062872404,0.010040153439740223,-0.009411739062872404,0.009411739062872404,0.012208748769647594,0.012558374982994492,PROVISIONAL_SMALL_REQUEST_N,2,0.005915476929403418,0.01290800119634139,0.005915476929403418,0.01290800119634139,-0.01290800119634139,-0.005915476929403418,0.005915476929403418,0.01290800119634139,0.005915476929403418,0.01290800119634139,0.005915476929403418,0.01290800119634139,20,2,2,0,0,0,0,0,18,2,2,2,2,,1.0,0.1,1.0,NOT_ESTIMABLE,,,PROVISIONAL_SMALL_REQUEST_N,1.0,1.0,PROVISIONAL_SMALL_REQUEST_N,1.0,1.0,NOT_PRIMARY; use physical units and frozen spans
12,f12-bbbcad303b3e,FORMAL_10K,HELDOUT_TRIPLE_AUDIT,STRICT_LUMPED,f12d43eace12231077007dc497fee8dad00fbe58cb2f1fe2c6159c47636b97a0,selected_q_proxy,strict_valid,emx_minus_target,Ls_nH,nH,2,0.007175597250856869,0.007187863632577562,-0.00041974717869980305,0.007175597250856869,0.0075113949938167114,0.007553369711686691,PROVISIONAL_SMALL_REQUEST_N,2,0.006755850072157066,0.007595344429556672,0.006755850072157066,0.007595344429556672,-0.007595344429556672,0.006755850072157066,0.006755850072157066,0.007595344429556672,0.006755850072157066,0.007595344429556672,0.006755850072157066,0.007595344429556672,20,2,2,0,0,0,0,0,18,2,2,2,2,,1.0,0.1,1.0,NOT_ESTIMABLE,,,PROVISIONAL_SMALL_REQUEST_N,1.0,1.0,PROVISIONAL_SMALL_REQUEST_N,1.0,1.0,NOT_PRIMARY; use physical units and frozen spans
12,f12-bbbcad303b3e,FORMAL_10K,HELDOUT_TRIPLE_AUDIT,STRICT_LUMPED,f12d43eace12231077007dc497fee8dad00fbe58cb2f1fe2c6159c47636b97a0,selected_q_proxy,strict_valid,emx_minus_target,Qmin,dimensionless,2,0.08480008707343334,0.10056124548126111,-0.08480008707343334,0.08480008707343334,0.12804087763109512,0.1334459764508028,PROVISIONAL_SMALL_REQUEST_N,2,0.03074909887635613,0.13885107527051055,0.03074909887635613,0.13885107527051055,-0.13885107527051055,-0.03074909887635613,0.03074909887635613,0.13885107527051055,0.03074909887635613,0.13885107527051055,0.03074909887635613,0.13885107527051055,20,2,2,0,0,0,0,0,18,2,2,2,2,,1.0,0.1,1.0,NOT_ESTIMABLE,,,PROVISIONAL_SMALL_REQUEST_N,1.0,1.0,PROVISIONAL_SMALL_REQUEST_N,1.0,1.0,NOT_PRIMARY; use physical units and frozen spans
12,f12-bbbcad303b3e,FORMAL_10K,HELDOUT_TRIPLE_AUDIT,STRICT_LUMPED,f12d43eace12231077007dc497fee8dad00fbe58cb2f1fe2c6159c47636b97a0,selected_q_proxy,strict_valid,emx_minus_target,K_abs,dimensionless,2,0.0007953666418370198,0.0010552071050548527,-0.0007953666418370198,0.0007953666418370198,0.0013501157034415735,0.0014194593361421426,PROVISIONAL_SMALL_REQUEST_N,2,0.00010193031483132775,0.0014888029688427118,0.00010193031483132775,0.0014888029688427118,-0.0014888029688427118,-0.00010193031483132775,0.00010193031483132775,0.0014888029688427118,0.00010193031483132775,0.0014888029688427118,0.00010193031483132775,0.0014888029688427118,20,2,2,0,0,0,0,0,18,2,2,2,2,,1.0,0.1,1.0,NOT_ESTIMABLE,,,PROVISIONAL_SMALL_REQUEST_N,1.0,1.0,PROVISIONAL_SMALL_REQUEST_N,1.0,1.0,NOT_PRIMARY; use physical units and frozen spans
12,f12-bbbcad303b3e,FORMAL_10K,HELDOUT_TRIPLE_AUDIT,STRICT_LUMPED,f12d43eace12231077007dc497fee8dad00fbe58cb2f1fe2c6159c47636b97a0,selected_q_proxy,strict_valid,emx_minus_frozen_proxy,Lp_nH,nH,2,0.011152399086406639,0.012365180351582765,-0.011152399086406639,0.011152399086406639,0.015424854473721794,0.015958911397136188,PROVISIONAL_SMALL_REQUEST_N,2,0.0058118298522626954,0.016492968320550583,0.0058118298522626954,0.016492968320550583,-0.016492968320550583,-0.0058118298522626954,0.0058118298522626954,0.016492968320550583,0.0058118298522626954,0.016492968320550583,0.0058118298522626954,0.016492968320550583,20,2,2,0,0,0,0,0,18,2,2,2,2,,1.0,0.1,1.0,NOT_ESTIMABLE,,,PROVISIONAL_SMALL_REQUEST_N,1.0,1.0,PROVISIONAL_SMALL_REQUEST_N,1.0,1.0,NOT_PRIMARY; use physical units and frozen spans
12,f12-bbbcad303b3e,FORMAL_10K,HELDOUT_TRIPLE_AUDIT,STRICT_LUMPED,f12d43eace12231077007dc497fee8dad00fbe58cb2f1fe2c6159c47636b97a0,selected_q_proxy,strict_valid,emx_minus_frozen_proxy,Ls_nH,nH,2,0.0036497983502274955,0.004081766946423175,0.0018275101662068582,0.0036497983502274955,0.005111806483192982,0.005294557499813668,PROVISIONAL_SMALL_REQUEST_N,2,0.0018222881840206373,0.005477308516434354,0.0018222881840206373,0.005477308516434354,-0.0018222881840206373,0.005477308516434354,0.0018222881840206373,0.005477308516434354,0.0018222881840206373,0.005477308516434354,0.0018222881840206373,0.005477308516434354,20,2,2,0,0,0,0,0,18,2,2,2,2,,1.0,0.1,1.0,NOT_ESTIMABLE,,,PROVISIONAL_SMALL_REQUEST_N,1.0,1.0,PROVISIONAL_SMALL_REQUEST_N,1.0,1.0,NOT_PRIMARY; use physical units and frozen spans
12,f12-bbbcad303b3e,FORMAL_10K,HELDOUT_TRIPLE_AUDIT,STRICT_LUMPED,f12d43eace12231077007dc497fee8dad00fbe58cb2f1fe2c6159c47636b97a0,selected_q_proxy,strict_valid,emx_minus_frozen_proxy,Qmin,dimensionless,2,0.09935744867621654,0.11575248382149544,-0.09935744867621654,0.09935744867621654,0.1468665040043861,0.15280513592040731,PROVISIONAL_SMALL_REQUEST_N,2,0.03997112951600457,0.15874376783642852,0.03997112951600457,0.15874376783642852,-0.15874376783642852,-0.03997112951600457,0.03997112951600457,0.15874376783642852,0.03997112951600457,0.15874376783642852,0.03997112951600457,0.15874376783642852,20,2,2,0,0,0,0,0,18,2,2,2,2,,1.0,0.1,1.0,NOT_ESTIMABLE,,,PROVISIONAL_SMALL_REQUEST_N,1.0,1.0,PROVISIONAL_SMALL_REQUEST_N,1.0,1.0,NOT_PRIMARY; use physical units and frozen spans
12,f12-bbbcad303b3e,FORMAL_10K,HELDOUT_TRIPLE_AUDIT,STRICT_LUMPED,f12d43eace12231077007dc497fee8dad00fbe58cb2f1fe2c6159c47636b97a0,selected_q_proxy,strict_valid,emx_minus_frozen_proxy,K_abs,dimensionless,2,0.0004645117097221013,0.0004666237291184401,4.434609461327621e-05,0.0004645117097221013,0.0004999885854127222,0.0005044231948740499,PROVISIONAL_SMALL_REQUEST_N,2,0.0004201656151088251,0.0005088578043353775,0.0004201656151088251,0.0005088578043353775,-0.0004201656151088251,0.0005088578043353775,0.0004201656151088251,0.0005088578043353775,0.0004201656151088251,0.0005088578043353775,0.0004201656151088251,0.0005088578043353775,20,2,2,0,0,0,0,0,18,2,2,2,2,,1.0,0.1,1.0,NOT_ESTIMABLE,,,PROVISIONAL_SMALL_REQUEST_N,1.0,1.0,PROVISIONAL_SMALL_REQUEST_N,1.0,1.0,NOT_PRIMARY; use physical units and frozen spans
12,f12-bbbcad303b3e,FORMAL_10K,HELDOUT_TRIPLE_AUDIT,STRICT_LUMPED,f12d43eace12231077007dc497fee8dad00fbe58cb2f1fe2c6159c47636b97a0,selected_q_proxy,all_finite_diagnostic,emx_minus_target,Lp_nH,nH,2,0.009411739062872404,0.010040153439740223,-0.009411739062872404,0.009411739062872404,0.012208748769647594,0.012558374982994492,PROVISIONAL_SMALL_REQUEST_N,2,0.005915476929403418,0.01290800119634139,0.005915476929403418,0.01290800119634139,-0.01290800119634139,-0.005915476929403418,0.005915476929403418,0.01290800119634139,0.005915476929403418,0.01290800119634139,0.005915476929403418,0.01290800119634139,20,2,2,0,0,0,0,0,18,2,2,2,2,,1.0,0.1,1.0,NOT_ESTIMABLE,,,PROVISIONAL_SMALL_REQUEST_N,1.0,1.0,PROVISIONAL_SMALL_REQUEST_N,1.0,1.0,NOT_PRIMARY; use physical units and frozen spans
12,f12-bbbcad303b3e,FORMAL_10K,HELDOUT_TRIPLE_AUDIT,STRICT_LUMPED,f12d43eace12231077007dc497fee8dad00fbe58cb2f1fe2c6159c47636b97a0,selected_q_proxy,all_finite_diagnostic,emx_minus_target,Ls_nH,nH,2,0.007175597250856869,0.007187863632577562,-0.00041974717869980305,0.007175597250856869,0.0075113949938167114,0.007553369711686691,PROVISIONAL_SMALL_REQUEST_N,2,0.006755850072157066,0.007595344429556672,0.006755850072157066,0.007595344429556672,-0.007595344429556672,0.006755850072157066,0.006755850072157066,0.007595344429556672,0.006755850072157066,0.007595344429556672,0.006755850072157066,0.007595344429556672,20,2,2,0,0,0,0,0,18,2,2,2,2,,1.0,0.1,1.0,NOT_ESTIMABLE,,,PROVISIONAL_SMALL_REQUEST_N,1.0,1.0,PROVISIONAL_SMALL_REQUEST_N,1.0,1.0,NOT_PRIMARY; use physical units and frozen spans
12,f12-bbbcad303b3e,FORMAL_10K,HELDOUT_TRIPLE_AUDIT,STRICT_LUMPED,f12d43eace12231077007dc497fee8dad00fbe58cb2f1fe2c6159c47636b97a0,selected_q_proxy,all_finite_diagnostic,emx_minus_target,Qmin,dimensionless,2,0.08480008707343334,0.10056124548126111,-0.08480008707343334,0.08480008707343334,0.12804087763109512,0.1334459764508028,PROVISIONAL_SMALL_REQUEST_N,2,0.03074909887635613,0.13885107527051055,0.03074909887635613,0.13885107527051055,-0.13885107527051055,-0.03074909887635613,0.03074909887635613,0.13885107527051055,0.03074909887635613,0.13885107527051055,0.03074909887635613,0.13885107527051055,20,2,2,0,0,0,0,0,18,2,2,2,2,,1.0,0.1,1.0,NOT_ESTIMABLE,,,PROVISIONAL_SMALL_REQUEST_N,1.0,1.0,PROVISIONAL_SMALL_REQUEST_N,1.0,1.0,NOT_PRIMARY; use physical units and frozen spans
12,f12-bbbcad303b3e,FORMAL_10K,HELDOUT_TRIPLE_AUDIT,STRICT_LUMPED,f12d43eace12231077007dc497fee8dad00fbe58cb2f1fe2c6159c47636b97a0,selected_q_proxy,all_finite_diagnostic,emx_minus_target,K_abs,dimensionless,2,0.0007953666418370198,0.0010552071050548527,-0.0007953666418370198,0.0007953666418370198,0.0013501157034415735,0.0014194593361421426,PROVISIONAL_SMALL_REQUEST_N,2,0.00010193031483132775,0.0014888029688427118,0.00010193031483132775,0.0014888029688427118,-0.0014888029688427118,-0.00010193031483132775,0.00010193031483132775,0.0014888029688427118,0.00010193031483132775,0.0014888029688427118,0.00010193031483132775,0.0014888029688427118,20,2,2,0,0,0,0,0,18,2,2,2,2,,1.0,0.1,1.0,NOT_ESTIMABLE,,,PROVISIONAL_SMALL_REQUEST_N,1.0,1.0,PROVISIONAL_SMALL_REQUEST_N,1.0,1.0,NOT_PRIMARY; use physical units and frozen spans
12,f12-bbbcad303b3e,FORMAL_10K,HELDOUT_TRIPLE_AUDIT,STRICT_LUMPED,f12d43eace12231077007dc497fee8dad00fbe58cb2f1fe2c6159c47636b97a0,selected_q_proxy,all_finite_diagnostic,emx_minus_frozen_proxy,Lp_nH,nH,2,0.011152399086406639,0.012365180351582765,-0.011152399086406639,0.011152399086406639,0.015424854473721794,0.015958911397136188,PROVISIONAL_SMALL_REQUEST_N,2,0.0058118298522626954,0.016492968320550583,0.0058118298522626954,0.016492968320550583,-0.016492968320550583,-0.0058118298522626954,0.0058118298522626954,0.016492968320550583,0.0058118298522626954,0.016492968320550583,0.0058118298522626954,0.016492968320550583,20,2,2,0,0,0,0,0,18,2,2,2,2,,1.0,0.1,1.0,NOT_ESTIMABLE,,,PROVISIONAL_SMALL_REQUEST_N,1.0,1.0,PROVISIONAL_SMALL_REQUEST_N,1.0,1.0,NOT_PRIMARY; use physical units and frozen spans
12,f12-bbbcad303b3e,FORMAL_10K,HELDOUT_TRIPLE_AUDIT,STRICT_LUMPED,f12d43eace12231077007dc497fee8dad00fbe58cb2f1fe2c6159c47636b97a0,selected_q_proxy,all_finite_diagnostic,emx_minus_frozen_proxy,Ls_nH,nH,2,0.0036497983502274955,0.004081766946423175,0.0018275101662068582,0.0036497983502274955,0.005111806483192982,0.005294557499813668,PROVISIONAL_SMALL_REQUEST_N,2,0.0018222881840206373,0.005477308516434354,0.0018222881840206373,0.005477308516434354,-0.0018222881840206373,0.005477308516434354,0.0018222881840206373,0.005477308516434354,0.0018222881840206373,0.005477308516434354,0.0018222881840206373,0.005477308516434354,20,2,2,0,0,0,0,0,18,2,2,2,2,,1.0,0.1,1.0,NOT_ESTIMABLE,,,PROVISIONAL_SMALL_REQUEST_N,1.0,1.0,PROVISIONAL_SMALL_REQUEST_N,1.0,1.0,NOT_PRIMARY; use physical units and frozen spans
12,f12-bbbcad303b3e,FORMAL_10K,HELDOUT_TRIPLE_AUDIT,STRICT_LUMPED,f12d43eace12231077007dc497fee8dad00fbe58cb2f1fe2c6159c47636b97a0,selected_q_proxy,all_finite_diagnostic,emx_minus_frozen_proxy,Qmin,dimensionless,2,0.09935744867621654,0.11575248382149544,-0.09935744867621654,0.09935744867621654,0.1468665040043861,0.15280513592040731,PROVISIONAL_SMALL_REQUEST_N,2,0.03997112951600457,0.15874376783642852,0.03997112951600457,0.15874376783642852,-0.15874376783642852,-0.03997112951600457,0.03997112951600457,0.15874376783642852,0.03997112951600457,0.15874376783642852,0.03997112951600457,0.15874376783642852,20,2,2,0,0,0,0,0,18,2,2,2,2,,1.0,0.1,1.0,NOT_ESTIMABLE,,,PROVISIONAL_SMALL_REQUEST_N,1.0,1.0,PROVISIONAL_SMALL_REQUEST_N,1.0,1.0,NOT_PRIMARY; use physical units and frozen spans
12,f12-bbbcad303b3e,FORMAL_10K,HELDOUT_TRIPLE_AUDIT,STRICT_LUMPED,f12d43eace12231077007dc497fee8dad00fbe58cb2f1fe2c6159c47636b97a0,selected_q_proxy,all_finite_diagnostic,emx_minus_frozen_proxy,K_abs,dimensionless,2,0.0004645117097221013,0.0004666237291184401,4.434609461327621e-05,0.0004645117097221013,0.0004999885854127222,0.0005044231948740499,PROVISIONAL_SMALL_REQUEST_N,2,0.0004201656151088251,0.0005088578043353775,0.0004201656151088251,0.0005088578043353775,-0.0004201656151088251,0.0005088578043353775,0.0004201656151088251,0.0005088578043353775,0.0004201656151088251,0.0005088578043353775,0.0004201656151088251,0.0005088578043353775,20,2,2,0,0,0,0,0,18,2,2,2,2,,1.0,0.1,1.0,NOT_ESTIMABLE,,,PROVISIONAL_SMALL_REQUEST_N,1.0,1.0,PROVISIONAL_SMALL_REQUEST_N,1.0,1.0,NOT_PRIMARY; use physical units and frozen spans
13,f13-940260e5c34c,FORMAL_10K,HELDOUT_TRIPLE_AUDIT,STRICT_LUMPED,f12d43eace12231077007dc497fee8dad00fbe58cb2f1fe2c6159c47636b97a0,all_candidates,strict_valid,emx_minus_target,Lp_nH,nH,16,0.02838732507901294,0.043302725782184026,0.016180264508908512,0.01528215294397628,0.08873804620440573,0.0952551045287201,PROVISIONAL_SMALL_REQUEST_N,2,0.012653213904203455,0.04062496710386476,0.013909288248569875,0.05641880977278547,-0.0077885938508493536,0.0348227098998313,0.013568633466347846,0.016995672421604713,0.019603133931491958,0.09547283017958712,0.020510922536101317,0.09852098929172537,220,16,16,0,8,6,0,0,190,8,16,16,22,,0.36363636363636365,0.03636363636363636,0.5,NOT_ESTIMABLE,,,PROVISIONAL_SMALL_REQUEST_N,0.36363636363636365,0.36363636363636365,PROVISIONAL_SMALL_REQUEST_N,0.4444444444444444,0.5714285714285714,NOT_PRIMARY; use physical units and frozen spans
13,f13-940260e5c34c,FORMAL_10K,HELDOUT_TRIPLE_AUDIT,STRICT_LUMPED,f12d43eace12231077007dc497fee8dad00fbe58cb2f1fe2c6159c47636b97a0,all_candidates,strict_valid,emx_minus_target,Ls_nH,nH,16,0.1097417015587064,0.18250144048747877,-0.06875730955932517,0.02141519921897983,0.3610214494085746,0.3971342084261233,PROVISIONAL_SMALL_REQUEST_N,2,0.03756121091934639,0.16588208316709752,0.05918557030624666,0.23767108232287618,-0.1513214673525091,0.03739660760333988,0.017274901119686215,0.04396899495651385,0.11444586994256506,0.39884981895383664,0.12457296577219079,0.42286836634182356,220,16,16,0,8,6,0,0,190,8,16,16,22,,0.36363636363636365,0.03636363636363636,0.5,NOT_ESTIMABLE,,,PROVISIONAL_SMALL_REQUEST_N,0.36363636363636365,0.36363636363636365,PROVISIONAL_SMALL_REQUEST_N,0.4444444444444444,0.5714285714285714,NOT_PRIMARY; use physical units and frozen spans
13,f13-940260e5c34c,FORMAL_10K,HELDOUT_TRIPLE_AUDIT,STRICT_LUMPED,f12d43eace12231077007dc497fee8dad00fbe58cb2f1fe2c6159c47636b97a0,all_candidates,strict_valid,emx_minus_target,Qmin,dimensionless,16,0.9791414435471955,1.4749166890320864,-0.717038363663159,0.4276397325692072,2.6823085513257636,3.192812938598266,PROVISIONAL_SMALL_REQUEST_N,2,0.43298683778838154,1.4039283591373841,0.690276394872926,1.8699583276442469,-1.066138259244915,-0.2681956407723298,0.14891858672070768,1.0589678663514661,1.3606414380263554,3.223194160040755,1.565190642707602,3.6485312602355933,220,16,16,0,8,6,0,0,190,8,16,16,22,,0.36363636363636365,0.03636363636363636,0.5,NOT_ESTIMABLE,,,PROVISIONAL_SMALL_REQUEST_N,0.36363636363636365,0.36363636363636365,PROVISIONAL_SMALL_REQUEST_N,0.4444444444444444,0.5714285714285714,NOT_PRIMARY; use physical units and frozen spans
13,f13-940260e5c34c,FORMAL_10K,HELDOUT_TRIPLE_AUDIT,STRICT_LUMPED,f12d43eace12231077007dc497fee8dad00fbe58cb2f1fe2c6159c47636b97a0,all_candidates,strict_valid,emx_minus_target,K_abs,dimensionless,16,0.04711330003760706,0.07163136627375984,-0.041833087573403795,0.012097142559199386,0.11999871781258749,0.14052205451862212,PROVISIONAL_SMALL_REQUEST_N,2,0.047087127920095374,0.04714694990297923,0.06756828349152787,0.07653905234958286,-0.04309823510928773,-0.040849083934382954,0.011513699546139011,0.012680585572259762,0.11676004008439747,0.15054174425082406,0.12809541213306255,0.17780198167530087,220,16,16,0,8,6,0,0,190,8,16,16,22,,0.36363636363636365,0.03636363636363636,0.5,NOT_ESTIMABLE,,,PROVISIONAL_SMALL_REQUEST_N,0.36363636363636365,0.36363636363636365,PROVISIONAL_SMALL_REQUEST_N,0.4444444444444444,0.5714285714285714,NOT_PRIMARY; use physical units and frozen spans
13,f13-940260e5c34c,FORMAL_10K,HELDOUT_TRIPLE_AUDIT,STRICT_LUMPED,f12d43eace12231077007dc497fee8dad00fbe58cb2f1fe2c6159c47636b97a0,all_candidates,strict_valid,emx_minus_frozen_proxy,Lp_nH,nH,16,0.007698497545139085,0.009349206329244046,-0.0059064276440164015,0.006682074396273552,0.015436715643676768,0.016619727795133266,PROVISIONAL_SMALL_REQUEST_N,2,0.005599941532082308,0.010396640990497799,0.007115938890550455,0.011605376014970668,-0.006300481216503094,-0.005599941532082308,0.0035954572243781513,0.010685937400096268,0.01055706367567218,0.01610877422448625,0.016536872078372067,0.016868294945416862,220,16,16,0,8,6,0,0,190,8,16,16,22,,0.36363636363636365,0.03636363636363636,0.5,NOT_ESTIMABLE,,,PROVISIONAL_SMALL_REQUEST_N,0.36363636363636365,0.36363636363636365,PROVISIONAL_SMALL_REQUEST_N,0.4444444444444444,0.5714285714285714,NOT_PRIMARY; use physical units and frozen spans
13,f13-940260e5c34c,FORMAL_10K,HELDOUT_TRIPLE_AUDIT,STRICT_LUMPED,f12d43eace12231077007dc497fee8dad00fbe58cb2f1fe2c6159c47636b97a0,all_candidates,strict_valid,emx_minus_frozen_proxy,Ls_nH,nH,16,0.003094655649314257,0.005072953881580066,0.0018053736852372687,0.001547222162006201,0.005621593097755895,0.008501789455858999,PROVISIONAL_SMALL_REQUEST_N,2,0.002043121945997317,0.0044466275535788935,0.002970283313940622,0.006890516574752218,0.0006367242662213988,0.003307922938257673,0.000556724369569439,0.0026223293272873427,0.005537641306958463,0.013177138338748307,0.0058314725747494744,0.016512740099187573,220,16,16,0,8,6,0,0,190,8,16,16,22,,0.36363636363636365,0.03636363636363636,0.5,NOT_ESTIMABLE,,,PROVISIONAL_SMALL_REQUEST_N,0.36363636363636365,0.36363636363636365,PROVISIONAL_SMALL_REQUEST_N,0.4444444444444444,0.5714285714285714,NOT_PRIMARY; use physical units and frozen spans
13,f13-940260e5c34c,FORMAL_10K,HELDOUT_TRIPLE_AUDIT,STRICT_LUMPED,f12d43eace12231077007dc497fee8dad00fbe58cb2f1fe2c6159c47636b97a0,all_candidates,strict_valid,emx_minus_frozen_proxy,Qmin,dimensionless,16,0.09493080903646978,0.11577472699237493,0.03956362560609761,0.09310144199259796,0.18121564158304881,0.21045744224585317,PROVISIONAL_SMALL_REQUEST_N,2,0.07342044560532715,0.12258699059079602,0.09137311990300057,0.14107706870221684,0.035827556946699195,0.04246945678562971,0.05744866864877629,0.10315437781957115,0.14827646420228985,0.22164661783162248,0.15819004957900518,0.2291060682221353,220,16,16,0,8,6,0,0,190,8,16,16,22,,0.36363636363636365,0.03636363636363636,0.5,NOT_ESTIMABLE,,,PROVISIONAL_SMALL_REQUEST_N,0.36363636363636365,0.36363636363636365,PROVISIONAL_SMALL_REQUEST_N,0.4444444444444444,0.5714285714285714,NOT_PRIMARY; use physical units and frozen spans
13,f13-940260e5c34c,FORMAL_10K,HELDOUT_TRIPLE_AUDIT,STRICT_LUMPED,f12d43eace12231077007dc497fee8dad00fbe58cb2f1fe2c6159c47636b97a0,all_candidates,strict_valid,emx_minus_frozen_proxy,K_abs,dimensionless,16,0.004914782528168153,0.005933620069302774,0.00027017576697274844,0.0036872694259577066,0.009328216397763281,0.010974362718028728,PROVISIONAL_SMALL_REQUEST_N,2,0.004259497884608637,0.005757291355601816,0.00506576603299219,0.006890652929047805,8.568332166319605e-05,0.0005073803395136015,0.0035879626836289313,0.003786576168286482,0.007767312974786225,0.011619084686590302,0.010294191984395046,0.013014874918929775,220,16,16,0,8,6,0,0,190,8,16,16,22,,0.36363636363636365,0.03636363636363636,0.5,NOT_ESTIMABLE,,,PROVISIONAL_SMALL_REQUEST_N,0.36363636363636365,0.36363636363636365,PROVISIONAL_SMALL_REQUEST_N,0.4444444444444444,0.5714285714285714,NOT_PRIMARY; use physical units and frozen spans
13,f13-940260e5c34c,FORMAL_10K,HELDOUT_TRIPLE_AUDIT,STRICT_LUMPED,f12d43eace12231077007dc497fee8dad00fbe58cb2f1fe2c6159c47636b97a0,all_candidates,all_finite_diagnostic,emx_minus_target,Lp_nH,nH,16,0.02838732507901294,0.043302725782184026,0.016180264508908512,0.01528215294397628,0.08873804620440573,0.0952551045287201,PROVISIONAL_SMALL_REQUEST_N,2,0.012653213904203455,0.04062496710386476,0.013909288248569875,0.05641880977278547,-0.0077885938508493536,0.0348227098998313,0.013568633466347846,0.016995672421604713,0.019603133931491958,0.09547283017958712,0.020510922536101317,0.09852098929172537,220,16,16,0,8,6,0,0,190,8,16,16,22,,0.36363636363636365,0.03636363636363636,0.5,NOT_ESTIMABLE,,,PROVISIONAL_SMALL_REQUEST_N,0.36363636363636365,0.36363636363636365,PROVISIONAL_SMALL_REQUEST_N,0.4444444444444444,0.5714285714285714,NOT_PRIMARY; use physical units and frozen spans
13,f13-940260e5c34c,FORMAL_10K,HELDOUT_TRIPLE_AUDIT,STRICT_LUMPED,f12d43eace12231077007dc497fee8dad00fbe58cb2f1fe2c6159c47636b97a0,all_candidates,all_finite_diagnostic,emx_minus_target,Ls_nH,nH,16,0.1097417015587064,0.18250144048747877,-0.06875730955932517,0.02141519921897983,0.3610214494085746,0.3971342084261233,PROVISIONAL_SMALL_REQUEST_N,2,0.03756121091934639,0.16588208316709752,0.05918557030624666,0.23767108232287618,-0.1513214673525091,0.03739660760333988,0.017274901119686215,0.04396899495651385,0.11444586994256506,0.39884981895383664,0.12457296577219079,0.42286836634182356,220,16,16,0,8,6,0,0,190,8,16,16,22,,0.36363636363636365,0.03636363636363636,0.5,NOT_ESTIMABLE,,,PROVISIONAL_SMALL_REQUEST_N,0.36363636363636365,0.36363636363636365,PROVISIONAL_SMALL_REQUEST_N,0.4444444444444444,0.5714285714285714,NOT_PRIMARY; use physical units and frozen spans
13,f13-940260e5c34c,FORMAL_10K,HELDOUT_TRIPLE_AUDIT,STRICT_LUMPED,f12d43eace12231077007dc497fee8dad00fbe58cb2f1fe2c6159c47636b97a0,all_candidates,all_finite_diagnostic,emx_minus_target,Qmin,dimensionless,16,0.9791414435471955,1.4749166890320864,-0.717038363663159,0.4276397325692072,2.6823085513257636,3.192812938598266,PROVISIONAL_SMALL_REQUEST_N,2,0.43298683778838154,1.4039283591373841,0.690276394872926,1.8699583276442469,-1.066138259244915,-0.2681956407723298,0.14891858672070768,1.0589678663514661,1.3606414380263554,3.223194160040755,1.565190642707602,3.6485312602355933,220,16,16,0,8,6,0,0,190,8,16,16,22,,0.36363636363636365,0.03636363636363636,0.5,NOT_ESTIMABLE,,,PROVISIONAL_SMALL_REQUEST_N,0.36363636363636365,0.36363636363636365,PROVISIONAL_SMALL_REQUEST_N,0.4444444444444444,0.5714285714285714,NOT_PRIMARY; use physical units and frozen spans
13,f13-940260e5c34c,FORMAL_10K,HELDOUT_TRIPLE_AUDIT,STRICT_LUMPED,f12d43eace12231077007dc497fee8dad00fbe58cb2f1fe2c6159c47636b97a0,all_candidates,all_finite_diagnostic,emx_minus_target,K_abs,dimensionless,16,0.04711330003760706,0.07163136627375984,-0.041833087573403795,0.012097142559199386,0.11999871781258749,0.14052205451862212,PROVISIONAL_SMALL_REQUEST_N,2,0.047087127920095374,0.04714694990297923,0.06756828349152787,0.07653905234958286,-0.04309823510928773,-0.040849083934382954,0.011513699546139011,0.012680585572259762,0.11676004008439747,0.15054174425082406,0.12809541213306255,0.17780198167530087,220,16,16,0,8,6,0,0,190,8,16,16,22,,0.36363636363636365,0.03636363636363636,0.5,NOT_ESTIMABLE,,,PROVISIONAL_SMALL_REQUEST_N,0.36363636363636365,0.36363636363636365,PROVISIONAL_SMALL_REQUEST_N,0.4444444444444444,0.5714285714285714,NOT_PRIMARY; use physical units and frozen spans
13,f13-940260e5c34c,FORMAL_10K,HELDOUT_TRIPLE_AUDIT,STRICT_LUMPED,f12d43eace12231077007dc497fee8dad00fbe58cb2f1fe2c6159c47636b97a0,all_candidates,all_finite_diagnostic,emx_minus_frozen_proxy,Lp_nH,nH,16,0.007698497545139085,0.009349206329244046,-0.0059064276440164015,0.006682074396273552,0.015436715643676768,0.016619727795133266,PROVISIONAL_SMALL_REQUEST_N,2,0.005599941532082308,0.010396640990497799,0.007115938890550455,0.011605376014970668,-0.006300481216503094,-0.005599941532082308,0.0035954572243781513,0.010685937400096268,0.01055706367567218,0.01610877422448625,0.016536872078372067,0.016868294945416862,220,16,16,0,8,6,0,0,190,8,16,16,22,,0.36363636363636365,0.03636363636363636,0.5,NOT_ESTIMABLE,,,PROVISIONAL_SMALL_REQUEST_N,0.36363636363636365,0.36363636363636365,PROVISIONAL_SMALL_REQUEST_N,0.4444444444444444,0.5714285714285714,NOT_PRIMARY; use physical units and frozen spans
13,f13-940260e5c34c,FORMAL_10K,HELDOUT_TRIPLE_AUDIT,STRICT_LUMPED,f12d43eace12231077007dc497fee8dad00fbe58cb2f1fe2c6159c47636b97a0,all_candidates,all_finite_diagnostic,emx_minus_frozen_proxy,Ls_nH,nH,16,0.003094655649314257,0.005072953881580066,0.0018053736852372687,0.001547222162006201,0.005621593097755895,0.008501789455858999,PROVISIONAL_SMALL_REQUEST_N,2,0.002043121945997317,0.0044466275535788935,0.002970283313940622,0.006890516574752218,0.0006367242662213988,0.003307922938257673,0.000556724369569439,0.0026223293272873427,0.005537641306958463,0.013177138338748307,0.0058314725747494744,0.016512740099187573,220,16,16,0,8,6,0,0,190,8,16,16,22,,0.36363636363636365,0.03636363636363636,0.5,NOT_ESTIMABLE,,,PROVISIONAL_SMALL_REQUEST_N,0.36363636363636365,0.36363636363636365,PROVISIONAL_SMALL_REQUEST_N,0.4444444444444444,0.5714285714285714,NOT_PRIMARY; use physical units and frozen spans
13,f13-940260e5c34c,FORMAL_10K,HELDOUT_TRIPLE_AUDIT,STRICT_LUMPED,f12d43eace12231077007dc497fee8dad00fbe58cb2f1fe2c6159c47636b97a0,all_candidates,all_finite_diagnostic,emx_minus_frozen_proxy,Qmin,dimensionless,16,0.09493080903646978,0.11577472699237493,0.03956362560609761,0.09310144199259796,0.18121564158304881,0.21045744224585317,PROVISIONAL_SMALL_REQUEST_N,2,0.07342044560532715,0.12258699059079602,0.09137311990300057,0.14107706870221684,0.035827556946699195,0.04246945678562971,0.05744866864877629,0.10315437781957115,0.14827646420228985,0.22164661783162248,0.15819004957900518,0.2291060682221353,220,16,16,0,8,6,0,0,190,8,16,16,22,,0.36363636363636365,0.03636363636363636,0.5,NOT_ESTIMABLE,,,PROVISIONAL_SMALL_REQUEST_N,0.36363636363636365,0.36363636363636365,PROVISIONAL_SMALL_REQUEST_N,0.4444444444444444,0.5714285714285714,NOT_PRIMARY; use physical units and frozen spans
13,f13-940260e5c34c,FORMAL_10K,HELDOUT_TRIPLE_AUDIT,STRICT_LUMPED,f12d43eace12231077007dc497fee8dad00fbe58cb2f1fe2c6159c47636b97a0,all_candidates,all_finite_diagnostic,emx_minus_frozen_proxy,K_abs,dimensionless,16,0.004914782528168153,0.005933620069302774,0.00027017576697274844,0.0036872694259577066,0.009328216397763281,0.010974362718028728,PROVISIONAL_SMALL_REQUEST_N,2,0.004259497884608637,0.005757291355601816,0.00506576603299219,0.006890652929047805,8.568332166319605e-05,0.0005073803395136015,0.0035879626836289313,0.003786576168286482,0.007767312974786225,0.011619084686590302,0.010294191984395046,0.013014874918929775,220,16,16,0,8,6,0,0,190,8,16,16,22,,0.36363636363636365,0.03636363636363636,0.5,NOT_ESTIMABLE,,,PROVISIONAL_SMALL_REQUEST_N,0.36363636363636365,0.36363636363636365,PROVISIONAL_SMALL_REQUEST_N,0.4444444444444444,0.5714285714285714,NOT_PRIMARY; use physical units and frozen spans
13,f13-940260e5c34c,FORMAL_10K,HELDOUT_TRIPLE_AUDIT,STRICT_LUMPED,f12d43eace12231077007dc497fee8dad00fbe58cb2f1fe2c6159c47636b97a0,selected_q_proxy,strict_valid,emx_minus_target,Lp_nH,nH,1,0.007683009906276794,0.007683009906276794,-0.007683009906276794,0.007683009906276794,0.007683009906276794,0.007683009906276794,NOT_ESTIMABLE,1,,,,,,,,,,,,,20,1,1,0,0,1,0,0,18,1,1,1,2,,0.5,0.05,1.0,NOT_ESTIMABLE,,,PROVISIONAL_SMALL_REQUEST_N,0.0,1.0,NOT_ESTIMABLE,,,NOT_PRIMARY; use physical units and frozen spans
13,f13-940260e5c34c,FORMAL_10K,HELDOUT_TRIPLE_AUDIT,STRICT_LUMPED,f12d43eace12231077007dc497fee8dad00fbe58cb2f1fe2c6159c47636b97a0,selected_q_proxy,strict_valid,emx_minus_target,Ls_nH,nH,1,0.004350135666308708,0.004350135666308708,0.004350135666308708,0.004350135666308708,0.004350135666308708,0.004350135666308708,NOT_ESTIMABLE,1,,,,,,,,,,,,,20,1,1,0,0,1,0,0,18,1,1,1,2,,0.5,0.05,1.0,NOT_ESTIMABLE,,,PROVISIONAL_SMALL_REQUEST_N,0.0,1.0,NOT_ESTIMABLE,,,NOT_PRIMARY; use physical units and frozen spans
13,f13-940260e5c34c,FORMAL_10K,HELDOUT_TRIPLE_AUDIT,STRICT_LUMPED,f12d43eace12231077007dc497fee8dad00fbe58cb2f1fe2c6159c47636b97a0,selected_q_proxy,strict_valid,emx_minus_target,Qmin,dimensionless,1,0.14381818311410832,0.14381818311410832,0.14381818311410832,0.14381818311410832,0.14381818311410832,0.14381818311410832,NOT_ESTIMABLE,1,,,,,,,,,,,,,20,1,1,0,0,1,0,0,18,1,1,1,2,,0.5,0.05,1.0,NOT_ESTIMABLE,,,PROVISIONAL_SMALL_REQUEST_N,0.0,1.0,NOT_ESTIMABLE,,,NOT_PRIMARY; use physical units and frozen spans
13,f13-940260e5c34c,FORMAL_10K,HELDOUT_TRIPLE_AUDIT,STRICT_LUMPED,f12d43eace12231077007dc497fee8dad00fbe58cb2f1fe2c6159c47636b97a0,selected_q_proxy,strict_valid,emx_minus_target,K_abs,dimensionless,1,0.0043280446792202665,0.0043280446792202665,-0.0043280446792202665,0.0043280446792202665,0.0043280446792202665,0.0043280446792202665,NOT_ESTIMABLE,1,,,,,,,,,,,,,20,1,1,0,0,1,0,0,18,1,1,1,2,,0.5,0.05,1.0,NOT_ESTIMABLE,,,PROVISIONAL_SMALL_REQUEST_N,0.0,1.0,NOT_ESTIMABLE,,,NOT_PRIMARY; use physical units and frozen spans
13,f13-940260e5c34c,FORMAL_10K,HELDOUT_TRIPLE_AUDIT,STRICT_LUMPED,f12d43eace12231077007dc497fee8dad00fbe58cb2f1fe2c6159c47636b97a0,selected_q_proxy,strict_valid,emx_minus_frozen_proxy,Lp_nH,nH,1,0.006472876600709387,0.006472876600709387,-0.006472876600709387,0.006472876600709387,0.006472876600709387,0.006472876600709387,NOT_ESTIMABLE,1,,,,,,,,,,,,,20,1,1,0,0,1,0,0,18,1,1,1,2,,0.5,0.05,1.0,NOT_ESTIMABLE,,,PROVISIONAL_SMALL_REQUEST_N,0.0,1.0,NOT_ESTIMABLE,,,NOT_PRIMARY; use physical units and frozen spans
13,f13-940260e5c34c,FORMAL_10K,HELDOUT_TRIPLE_AUDIT,STRICT_LUMPED,f12d43eace12231077007dc497fee8dad00fbe58cb2f1fe2c6159c47636b97a0,selected_q_proxy,strict_valid,emx_minus_frozen_proxy,Ls_nH,nH,1,0.0058314725747494744,0.0058314725747494744,-0.0058314725747494744,0.0058314725747494744,0.0058314725747494744,0.0058314725747494744,NOT_ESTIMABLE,1,,,,,,,,,,,,,20,1,1,0,0,1,0,0,18,1,1,1,2,,0.5,0.05,1.0,NOT_ESTIMABLE,,,PROVISIONAL_SMALL_REQUEST_N,0.0,1.0,NOT_ESTIMABLE,,,NOT_PRIMARY; use physical units and frozen spans
13,f13-940260e5c34c,FORMAL_10K,HELDOUT_TRIPLE_AUDIT,STRICT_LUMPED,f12d43eace12231077007dc497fee8dad00fbe58cb2f1fe2c6159c47636b97a0,selected_q_proxy,strict_valid,emx_minus_frozen_proxy,Qmin,dimensionless,1,0.05744866864877629,0.05744866864877629,0.05744866864877629,0.05744866864877629,0.05744866864877629,0.05744866864877629,NOT_ESTIMABLE,1,,,,,,,,,,,,,20,1,1,0,0,1,0,0,18,1,1,1,2,,0.5,0.05,1.0,NOT_ESTIMABLE,,,PROVISIONAL_SMALL_REQUEST_N,0.0,1.0,NOT_ESTIMABLE,,,NOT_PRIMARY; use physical units and frozen spans
13,f13-940260e5c34c,FORMAL_10K,HELDOUT_TRIPLE_AUDIT,STRICT_LUMPED,f12d43eace12231077007dc497fee8dad00fbe58cb2f1fe2c6159c47636b97a0,selected_q_proxy,strict_valid,emx_minus_frozen_proxy,K_abs,dimensionless,1,0.0035879626836289313,0.0035879626836289313,-0.0035879626836289313,0.0035879626836289313,0.0035879626836289313,0.0035879626836289313,NOT_ESTIMABLE,1,,,,,,,,,,,,,20,1,1,0,0,1,0,0,18,1,1,1,2,,0.5,0.05,1.0,NOT_ESTIMABLE,,,PROVISIONAL_SMALL_REQUEST_N,0.0,1.0,NOT_ESTIMABLE,,,NOT_PRIMARY; use physical units and frozen spans
13,f13-940260e5c34c,FORMAL_10K,HELDOUT_TRIPLE_AUDIT,STRICT_LUMPED,f12d43eace12231077007dc497fee8dad00fbe58cb2f1fe2c6159c47636b97a0,selected_q_proxy,all_finite_diagnostic,emx_minus_target,Lp_nH,nH,1,0.007683009906276794,0.007683009906276794,-0.007683009906276794,0.007683009906276794,0.007683009906276794,0.007683009906276794,NOT_ESTIMABLE,1,,,,,,,,,,,,,20,1,1,0,0,1,0,0,18,1,1,1,2,,0.5,0.05,1.0,NOT_ESTIMABLE,,,PROVISIONAL_SMALL_REQUEST_N,0.0,1.0,NOT_ESTIMABLE,,,NOT_PRIMARY; use physical units and frozen spans
13,f13-940260e5c34c,FORMAL_10K,HELDOUT_TRIPLE_AUDIT,STRICT_LUMPED,f12d43eace12231077007dc497fee8dad00fbe58cb2f1fe2c6159c47636b97a0,selected_q_proxy,all_finite_diagnostic,emx_minus_target,Ls_nH,nH,1,0.004350135666308708,0.004350135666308708,0.004350135666308708,0.004350135666308708,0.004350135666308708,0.004350135666308708,NOT_ESTIMABLE,1,,,,,,,,,,,,,20,1,1,0,0,1,0,0,18,1,1,1,2,,0.5,0.05,1.0,NOT_ESTIMABLE,,,PROVISIONAL_SMALL_REQUEST_N,0.0,1.0,NOT_ESTIMABLE,,,NOT_PRIMARY; use physical units and frozen spans
13,f13-940260e5c34c,FORMAL_10K,HELDOUT_TRIPLE_AUDIT,STRICT_LUMPED,f12d43eace12231077007dc497fee8dad00fbe58cb2f1fe2c6159c47636b97a0,selected_q_proxy,all_finite_diagnostic,emx_minus_target,Qmin,dimensionless,1,0.14381818311410832,0.14381818311410832,0.14381818311410832,0.14381818311410832,0.14381818311410832,0.14381818311410832,NOT_ESTIMABLE,1,,,,,,,,,,,,,20,1,1,0,0,1,0,0,18,1,1,1,2,,0.5,0.05,1.0,NOT_ESTIMABLE,,,PROVISIONAL_SMALL_REQUEST_N,0.0,1.0,NOT_ESTIMABLE,,,NOT_PRIMARY; use physical units and frozen spans
13,f13-940260e5c34c,FORMAL_10K,HELDOUT_TRIPLE_AUDIT,STRICT_LUMPED,f12d43eace12231077007dc497fee8dad00fbe58cb2f1fe2c6159c47636b97a0,selected_q_proxy,all_finite_diagnostic,emx_minus_target,K_abs,dimensionless,1,0.0043280446792202665,0.0043280446792202665,-0.0043280446792202665,0.0043280446792202665,0.0043280446792202665,0.0043280446792202665,NOT_ESTIMABLE,1,,,,,,,,,,,,,20,1,1,0,0,1,0,0,18,1,1,1,2,,0.5,0.05,1.0,NOT_ESTIMABLE,,,PROVISIONAL_SMALL_REQUEST_N,0.0,1.0,NOT_ESTIMABLE,,,NOT_PRIMARY; use physical units and frozen spans
13,f13-940260e5c34c,FORMAL_10K,HELDOUT_TRIPLE_AUDIT,STRICT_LUMPED,f12d43eace12231077007dc497fee8dad00fbe58cb2f1fe2c6159c47636b97a0,selected_q_proxy,all_finite_diagnostic,emx_minus_frozen_proxy,Lp_nH,nH,1,0.006472876600709387,0.006472876600709387,-0.006472876600709387,0.006472876600709387,0.006472876600709387,0.006472876600709387,NOT_ESTIMABLE,1,,,,,,,,,,,,,20,1,1,0,0,1,0,0,18,1,1,1,2,,0.5,0.05,1.0,NOT_ESTIMABLE,,,PROVISIONAL_SMALL_REQUEST_N,0.0,1.0,NOT_ESTIMABLE,,,NOT_PRIMARY; use physical units and frozen spans
13,f13-940260e5c34c,FORMAL_10K,HELDOUT_TRIPLE_AUDIT,STRICT_LUMPED,f12d43eace12231077007dc497fee8dad00fbe58cb2f1fe2c6159c47636b97a0,selected_q_proxy,all_finite_diagnostic,emx_minus_frozen_proxy,Ls_nH,nH,1,0.0058314725747494744,0.0058314725747494744,-0.0058314725747494744,0.0058314725747494744,0.0058314725747494744,0.0058314725747494744,NOT_ESTIMABLE,1,,,,,,,,,,,,,20,1,1,0,0,1,0,0,18,1,1,1,2,,0.5,0.05,1.0,NOT_ESTIMABLE,,,PROVISIONAL_SMALL_REQUEST_N,0.0,1.0,NOT_ESTIMABLE,,,NOT_PRIMARY; use physical units and frozen spans
13,f13-940260e5c34c,FORMAL_10K,HELDOUT_TRIPLE_AUDIT,STRICT_LUMPED,f12d43eace12231077007dc497fee8dad00fbe58cb2f1fe2c6159c47636b97a0,selected_q_proxy,all_finite_diagnostic,emx_minus_frozen_proxy,Qmin,dimensionless,1,0.05744866864877629,0.05744866864877629,0.05744866864877629,0.05744866864877629,0.05744866864877629,0.05744866864877629,NOT_ESTIMABLE,1,,,,,,,,,,,,,20,1,1,0,0,1,0,0,18,1,1,1,2,,0.5,0.05,1.0,NOT_ESTIMABLE,,,PROVISIONAL_SMALL_REQUEST_N,0.0,1.0,NOT_ESTIMABLE,,,NOT_PRIMARY; use physical units and frozen spans
13,f13-940260e5c34c,FORMAL_10K,HELDOUT_TRIPLE_AUDIT,STRICT_LUMPED,f12d43eace12231077007dc497fee8dad00fbe58cb2f1fe2c6159c47636b97a0,selected_q_proxy,all_finite_diagnostic,emx_minus_frozen_proxy,K_abs,dimensionless,1,0.0035879626836289313,0.0035879626836289313,-0.0035879626836289313,0.0035879626836289313,0.0035879626836289313,0.0035879626836289313,NOT_ESTIMABLE,1,,,,,,,,,,,,,20,1,1,0,0,1,0,0,18,1,1,1,2,,0.5,0.05,1.0,NOT_ESTIMABLE,,,PROVISIONAL_SMALL_REQUEST_N,0.0,1.0,NOT_ESTIMABLE,,,NOT_PRIMARY; use physical units and frozen spans
14,f14-734ef171b954,FORMAL_10K,HELDOUT_TRIPLE_AUDIT,STRICT_LUMPED,f12d43eace12231077007dc497fee8dad00fbe58cb2f1fe2c6159c47636b97a0,all_candidates,strict_valid,emx_minus_target,Lp_nH,nH,22,0.022771016671695697,0.029097499368738074,-0.0015849352836519095,0.02493986387098468,0.049806616414464044,0.05120488842485017,PROVISIONAL_SMALL_REQUEST_N,2,0.01646997788441894,0.029072055458972453,0.02142233596908244,0.03513420641846322,-0.015671436879925095,0.012501566312621277,0.008697953379623424,0.03616817441477016,0.035837514848795715,0.051220647922286755,0.03811673330200178,0.053344260974842024,220,22,22,0,3,0,0,0,195,11,22,22,22,,0.5,0.05,0.5,NOT_ESTIMABLE,,,PROVISIONAL_SMALL_REQUEST_N,0.45454545454545453,0.5454545454545454,PROVISIONAL_SMALL_REQUEST_N,0.45454545454545453,0.5454545454545454,NOT_PRIMARY; use physical units and frozen spans
14,f14-734ef171b954,FORMAL_10K,HELDOUT_TRIPLE_AUDIT,STRICT_LUMPED,f12d43eace12231077007dc497fee8dad00fbe58cb2f1fe2c6159c47636b97a0,all_candidates,strict_valid,emx_minus_target,Ls_nH,nH,22,0.07385857828765097,0.11491489834162068,-0.0711595241276639,0.04101485731008225,0.2359366988559131,0.2674979036859696,PROVISIONAL_SMALL_REQUEST_N,2,0.041316800325141685,0.10640035625016026,0.05618291652915128,0.1524937625347622,-0.10366078790073466,-0.03865826035459314,0.02486567393785033,0.0579700930113114,0.09621487395915373,0.26886749418365863,0.09719718933254116,0.28027764827430546,220,22,22,0,3,0,0,0,195,11,22,22,22,,0.5,0.05,0.5,NOT_ESTIMABLE,,,PROVISIONAL_SMALL_REQUEST_N,0.45454545454545453,0.5454545454545454,PROVISIONAL_SMALL_REQUEST_N,0.45454545454545453,0.5454545454545454,NOT_PRIMARY; use physical units and frozen spans
14,f14-734ef171b954,FORMAL_10K,HELDOUT_TRIPLE_AUDIT,STRICT_LUMPED,f12d43eace12231077007dc497fee8dad00fbe58cb2f1fe2c6159c47636b97a0,all_candidates,strict_valid,emx_minus_target,Qmin,dimensionless,22,1.2796695384332335,1.8480361514359966,-0.6476697002523414,0.8158174197619728,3.25242238036264,3.779112955202023,PROVISIONAL_SMALL_REQUEST_N,2,1.0127059579121132,1.546633118954354,1.4642323599000877,2.16483228686431,-0.9163540132805438,-0.37898538722413894,0.4376843079311179,1.3071164851870627,2.3734987889420616,3.8036165082829214,3.2665431137788117,4.591826660541672,220,22,22,0,3,0,0,0,195,11,22,22,22,,0.5,0.05,0.5,NOT_ESTIMABLE,,,PROVISIONAL_SMALL_REQUEST_N,0.45454545454545453,0.5454545454545454,PROVISIONAL_SMALL_REQUEST_N,0.45454545454545453,0.5454545454545454,NOT_PRIMARY; use physical units and frozen spans
14,f14-734ef171b954,FORMAL_10K,HELDOUT_TRIPLE_AUDIT,STRICT_LUMPED,f12d43eace12231077007dc497fee8dad00fbe58cb2f1fe2c6159c47636b97a0,all_candidates,strict_valid,emx_minus_target,K_abs,dimensionless,22,0.01942509723382583,0.03112045006251525,-0.01564452727245881,0.010121435314016006,0.061587985621642825,0.07432797337550434,PROVISIONAL_SMALL_REQUEST_N,2,0.007899034333133742,0.030951160134517916,0.010549331848710652,0.04272793491069735,-0.0260099285631839,-0.005279125981733723,0.0038821885713628546,0.014775941913768714,0.01717806196774796,0.07491649395280464,0.02081180304737333,0.08281154187925291,220,22,22,0,3,0,0,0,195,11,22,22,22,,0.5,0.05,0.5,NOT_ESTIMABLE,,,PROVISIONAL_SMALL_REQUEST_N,0.45454545454545453,0.5454545454545454,PROVISIONAL_SMALL_REQUEST_N,0.45454545454545453,0.5454545454545454,NOT_PRIMARY; use physical units and frozen spans
14,f14-734ef171b954,FORMAL_10K,HELDOUT_TRIPLE_AUDIT,STRICT_LUMPED,f12d43eace12231077007dc497fee8dad00fbe58cb2f1fe2c6159c47636b97a0,all_candidates,strict_valid,emx_minus_frozen_proxy,Lp_nH,nH,22,0.015002461650601222,0.01927282400952812,-0.010147358052318044,0.008326616768586259,0.03235051022505214,0.033623470401046684,PROVISIONAL_SMALL_REQUEST_N,2,0.014989359586549102,0.01501556371465334,0.01858685125489704,0.019935206320297248,-0.011208637840254316,-0.00908607826438177,0.006229206925817188,0.022718826969995165,0.02645411749407489,0.033666062907286465,0.028091033722402146,0.03398150481317962,220,22,22,0,3,0,0,0,195,11,22,22,22,,0.5,0.05,0.5,NOT_ESTIMABLE,,,PROVISIONAL_SMALL_REQUEST_N,0.45454545454545453,0.5454545454545454,PROVISIONAL_SMALL_REQUEST_N,0.45454545454545453,0.5454545454545454,NOT_PRIMARY; use physical units and frozen spans
14,f14-734ef171b954,FORMAL_10K,HELDOUT_TRIPLE_AUDIT,STRICT_LUMPED,f12d43eace12231077007dc497fee8dad00fbe58cb2f1fe2c6159c47636b97a0,all_candidates,strict_valid,emx_minus_frozen_proxy,Ls_nH,nH,22,0.0038284567510527504,0.00488531138397205,0.0017304341169500637,0.0027027876383166616,0.009740907080827095,0.01027393722352159,PROVISIONAL_SMALL_REQUEST_N,2,0.003445322785349723,0.004211590716755778,0.004424612671330911,0.005306160320366485,0.00044031948944697497,0.0030205487444531524,0.0023383198165289887,0.003205548763031585,0.00558801937995157,0.010074085643697606,0.01027393722352159,0.010495369907391958,220,22,22,0,3,0,0,0,195,11,22,22,22,,0.5,0.05,0.5,NOT_ESTIMABLE,,,PROVISIONAL_SMALL_REQUEST_N,0.45454545454545453,0.5454545454545454,PROVISIONAL_SMALL_REQUEST_N,0.45454545454545453,0.5454545454545454,NOT_PRIMARY; use physical units and frozen spans
14,f14-734ef171b954,FORMAL_10K,HELDOUT_TRIPLE_AUDIT,STRICT_LUMPED,f12d43eace12231077007dc497fee8dad00fbe58cb2f1fe2c6159c47636b97a0,all_candidates,strict_valid,emx_minus_frozen_proxy,Qmin,dimensionless,22,0.2331042951946493,0.3327259813856887,0.1428015934571535,0.16370835388416705,0.5928038198380421,0.7207339372207754,PROVISIONAL_SMALL_REQUEST_N,2,0.19915833349870093,0.2670502568905977,0.26828571192975637,0.3865694428592141,0.11665360848459291,0.16894957842971403,0.11675165537764798,0.16441606438333523,0.5040370532468046,0.7269479973953565,0.5977353068708883,0.8628237132632977,220,22,22,0,3,0,0,0,195,11,22,22,22,,0.5,0.05,0.5,NOT_ESTIMABLE,,,PROVISIONAL_SMALL_REQUEST_N,0.45454545454545453,0.5454545454545454,PROVISIONAL_SMALL_REQUEST_N,0.45454545454545453,0.5454545454545454,NOT_PRIMARY; use physical units and frozen spans
14,f14-734ef171b954,FORMAL_10K,HELDOUT_TRIPLE_AUDIT,STRICT_LUMPED,f12d43eace12231077007dc497fee8dad00fbe58cb2f1fe2c6159c47636b97a0,all_candidates,strict_valid,emx_minus_frozen_proxy,K_abs,dimensionless,22,0.005380383533779342,0.006299759928452428,6.308502692227688e-05,0.0054811721103162625,0.009439963200712108,0.010981547579335258,PROVISIONAL_SMALL_REQUEST_N,2,0.005335841448703809,0.005424925618854873,0.0062883885581960204,0.006311110809787709,-4.9968414353499726e-05,0.0001761384681980535,0.004604142995787347,0.005927650878475937,0.009146336310857484,0.009472588410695953,0.010981547579335258,0.011216740932209783,220,22,22,0,3,0,0,0,195,11,22,22,22,,0.5,0.05,0.5,NOT_ESTIMABLE,,,PROVISIONAL_SMALL_REQUEST_N,0.45454545454545453,0.5454545454545454,PROVISIONAL_SMALL_REQUEST_N,0.45454545454545453,0.5454545454545454,NOT_PRIMARY; use physical units and frozen spans
14,f14-734ef171b954,FORMAL_10K,HELDOUT_TRIPLE_AUDIT,STRICT_LUMPED,f12d43eace12231077007dc497fee8dad00fbe58cb2f1fe2c6159c47636b97a0,all_candidates,all_finite_diagnostic,emx_minus_target,Lp_nH,nH,22,0.022771016671695697,0.029097499368738074,-0.0015849352836519095,0.02493986387098468,0.049806616414464044,0.05120488842485017,PROVISIONAL_SMALL_REQUEST_N,2,0.01646997788441894,0.029072055458972453,0.02142233596908244,0.03513420641846322,-0.015671436879925095,0.012501566312621277,0.008697953379623424,0.03616817441477016,0.035837514848795715,0.051220647922286755,0.03811673330200178,0.053344260974842024,220,22,22,0,3,0,0,0,195,11,22,22,22,,0.5,0.05,0.5,NOT_ESTIMABLE,,,PROVISIONAL_SMALL_REQUEST_N,0.45454545454545453,0.5454545454545454,PROVISIONAL_SMALL_REQUEST_N,0.45454545454545453,0.5454545454545454,NOT_PRIMARY; use physical units and frozen spans
14,f14-734ef171b954,FORMAL_10K,HELDOUT_TRIPLE_AUDIT,STRICT_LUMPED,f12d43eace12231077007dc497fee8dad00fbe58cb2f1fe2c6159c47636b97a0,all_candidates,all_finite_diagnostic,emx_minus_target,Ls_nH,nH,22,0.07385857828765097,0.11491489834162068,-0.0711595241276639,0.04101485731008225,0.2359366988559131,0.2674979036859696,PROVISIONAL_SMALL_REQUEST_N,2,0.041316800325141685,0.10640035625016026,0.05618291652915128,0.1524937625347622,-0.10366078790073466,-0.03865826035459314,0.02486567393785033,0.0579700930113114,0.09621487395915373,0.26886749418365863,0.09719718933254116,0.28027764827430546,220,22,22,0,3,0,0,0,195,11,22,22,22,,0.5,0.05,0.5,NOT_ESTIMABLE,,,PROVISIONAL_SMALL_REQUEST_N,0.45454545454545453,0.5454545454545454,PROVISIONAL_SMALL_REQUEST_N,0.45454545454545453,0.5454545454545454,NOT_PRIMARY; use physical units and frozen spans
14,f14-734ef171b954,FORMAL_10K,HELDOUT_TRIPLE_AUDIT,STRICT_LUMPED,f12d43eace12231077007dc497fee8dad00fbe58cb2f1fe2c6159c47636b97a0,all_candidates,all_finite_diagnostic,emx_minus_target,Qmin,dimensionless,22,1.2796695384332335,1.8480361514359966,-0.6476697002523414,0.8158174197619728,3.25242238036264,3.779112955202023,PROVISIONAL_SMALL_REQUEST_N,2,1.0127059579121132,1.546633118954354,1.4642323599000877,2.16483228686431,-0.9163540132805438,-0.37898538722413894,0.4376843079311179,1.3071164851870627,2.3734987889420616,3.8036165082829214,3.2665431137788117,4.591826660541672,220,22,22,0,3,0,0,0,195,11,22,22,22,,0.5,0.05,0.5,NOT_ESTIMABLE,,,PROVISIONAL_SMALL_REQUEST_N,0.45454545454545453,0.5454545454545454,PROVISIONAL_SMALL_REQUEST_N,0.45454545454545453,0.5454545454545454,NOT_PRIMARY; use physical units and frozen spans
14,f14-734ef171b954,FORMAL_10K,HELDOUT_TRIPLE_AUDIT,STRICT_LUMPED,f12d43eace12231077007dc497fee8dad00fbe58cb2f1fe2c6159c47636b97a0,all_candidates,all_finite_diagnostic,emx_minus_target,K_abs,dimensionless,22,0.01942509723382583,0.03112045006251525,-0.01564452727245881,0.010121435314016006,0.061587985621642825,0.07432797337550434,PROVISIONAL_SMALL_REQUEST_N,2,0.007899034333133742,0.030951160134517916,0.010549331848710652,0.04272793491069735,-0.0260099285631839,-0.005279125981733723,0.0038821885713628546,0.014775941913768714,0.01717806196774796,0.07491649395280464,0.02081180304737333,0.08281154187925291,220,22,22,0,3,0,0,0,195,11,22,22,22,,0.5,0.05,0.5,NOT_ESTIMABLE,,,PROVISIONAL_SMALL_REQUEST_N,0.45454545454545453,0.5454545454545454,PROVISIONAL_SMALL_REQUEST_N,0.45454545454545453,0.5454545454545454,NOT_PRIMARY; use physical units and frozen spans
14,f14-734ef171b954,FORMAL_10K,HELDOUT_TRIPLE_AUDIT,STRICT_LUMPED,f12d43eace12231077007dc497fee8dad00fbe58cb2f1fe2c6159c47636b97a0,all_candidates,all_finite_diagnostic,emx_minus_frozen_proxy,Lp_nH,nH,22,0.015002461650601222,0.01927282400952812,-0.010147358052318044,0.008326616768586259,0.03235051022505214,0.033623470401046684,PROVISIONAL_SMALL_REQUEST_N,2,0.014989359586549102,0.01501556371465334,0.01858685125489704,0.019935206320297248,-0.011208637840254316,-0.00908607826438177,0.006229206925817188,0.022718826969995165,0.02645411749407489,0.033666062907286465,0.028091033722402146,0.03398150481317962,220,22,22,0,3,0,0,0,195,11,22,22,22,,0.5,0.05,0.5,NOT_ESTIMABLE,,,PROVISIONAL_SMALL_REQUEST_N,0.45454545454545453,0.5454545454545454,PROVISIONAL_SMALL_REQUEST_N,0.45454545454545453,0.5454545454545454,NOT_PRIMARY; use physical units and frozen spans
14,f14-734ef171b954,FORMAL_10K,HELDOUT_TRIPLE_AUDIT,STRICT_LUMPED,f12d43eace12231077007dc497fee8dad00fbe58cb2f1fe2c6159c47636b97a0,all_candidates,all_finite_diagnostic,emx_minus_frozen_proxy,Ls_nH,nH,22,0.0038284567510527504,0.00488531138397205,0.0017304341169500637,0.0027027876383166616,0.009740907080827095,0.01027393722352159,PROVISIONAL_SMALL_REQUEST_N,2,0.003445322785349723,0.004211590716755778,0.004424612671330911,0.005306160320366485,0.00044031948944697497,0.0030205487444531524,0.0023383198165289887,0.003205548763031585,0.00558801937995157,0.010074085643697606,0.01027393722352159,0.010495369907391958,220,22,22,0,3,0,0,0,195,11,22,22,22,,0.5,0.05,0.5,NOT_ESTIMABLE,,,PROVISIONAL_SMALL_REQUEST_N,0.45454545454545453,0.5454545454545454,PROVISIONAL_SMALL_REQUEST_N,0.45454545454545453,0.5454545454545454,NOT_PRIMARY; use physical units and frozen spans
14,f14-734ef171b954,FORMAL_10K,HELDOUT_TRIPLE_AUDIT,STRICT_LUMPED,f12d43eace12231077007dc497fee8dad00fbe58cb2f1fe2c6159c47636b97a0,all_candidates,all_finite_diagnostic,emx_minus_frozen_proxy,Qmin,dimensionless,22,0.2331042951946493,0.3327259813856887,0.1428015934571535,0.16370835388416705,0.5928038198380421,0.7207339372207754,PROVISIONAL_SMALL_REQUEST_N,2,0.19915833349870093,0.2670502568905977,0.26828571192975637,0.3865694428592141,0.11665360848459291,0.16894957842971403,0.11675165537764798,0.16441606438333523,0.5040370532468046,0.7269479973953565,0.5977353068708883,0.8628237132632977,220,22,22,0,3,0,0,0,195,11,22,22,22,,0.5,0.05,0.5,NOT_ESTIMABLE,,,PROVISIONAL_SMALL_REQUEST_N,0.45454545454545453,0.5454545454545454,PROVISIONAL_SMALL_REQUEST_N,0.45454545454545453,0.5454545454545454,NOT_PRIMARY; use physical units and frozen spans
14,f14-734ef171b954,FORMAL_10K,HELDOUT_TRIPLE_AUDIT,STRICT_LUMPED,f12d43eace12231077007dc497fee8dad00fbe58cb2f1fe2c6159c47636b97a0,all_candidates,all_finite_diagnostic,emx_minus_frozen_proxy,K_abs,dimensionless,22,0.005380383533779342,0.006299759928452428,6.308502692227688e-05,0.0054811721103162625,0.009439963200712108,0.010981547579335258,PROVISIONAL_SMALL_REQUEST_N,2,0.005335841448703809,0.005424925618854873,0.0062883885581960204,0.006311110809787709,-4.9968414353499726e-05,0.0001761384681980535,0.004604142995787347,0.005927650878475937,0.009146336310857484,0.009472588410695953,0.010981547579335258,0.011216740932209783,220,22,22,0,3,0,0,0,195,11,22,22,22,,0.5,0.05,0.5,NOT_ESTIMABLE,,,PROVISIONAL_SMALL_REQUEST_N,0.45454545454545453,0.5454545454545454,PROVISIONAL_SMALL_REQUEST_N,0.45454545454545453,0.5454545454545454,NOT_PRIMARY; use physical units and frozen spans
14,f14-734ef171b954,FORMAL_10K,HELDOUT_TRIPLE_AUDIT,STRICT_LUMPED,f12d43eace12231077007dc497fee8dad00fbe58cb2f1fe2c6159c47636b97a0,selected_q_proxy,strict_valid,emx_minus_target,Lp_nH,nH,2,0.004543028420618489,0.005390452054200715,-0.002901355910275294,0.004543028420618489,0.006864113148838724,0.0071542487398662535,PROVISIONAL_SMALL_REQUEST_N,2,0.001641672510343195,0.007444384330893783,0.001641672510343195,0.007444384330893783,-0.007444384330893783,0.001641672510343195,0.001641672510343195,0.007444384330893783,0.001641672510343195,0.007444384330893783,0.001641672510343195,0.007444384330893783,20,2,2,0,0,0,0,0,18,2,2,2,2,,1.0,0.1,1.0,NOT_ESTIMABLE,,,PROVISIONAL_SMALL_REQUEST_N,1.0,1.0,PROVISIONAL_SMALL_REQUEST_N,1.0,1.0,NOT_PRIMARY; use physical units and frozen spans
14,f14-734ef171b954,FORMAL_10K,HELDOUT_TRIPLE_AUDIT,STRICT_LUMPED,f12d43eace12231077007dc497fee8dad00fbe58cb2f1fe2c6159c47636b97a0,selected_q_proxy,strict_valid,emx_minus_target,Ls_nH,nH,2,0.007308352239782212,0.008749746611332767,0.0048110345355026896,0.007308352239782212,0.011157179868184364,0.011638283321734633,PROVISIONAL_SMALL_REQUEST_N,2,0.0024973177042795225,0.012119386775284902,0.0024973177042795225,0.012119386775284902,-0.0024973177042795225,0.012119386775284902,0.0024973177042795225,0.012119386775284902,0.0024973177042795225,0.012119386775284902,0.0024973177042795225,0.012119386775284902,20,2,2,0,0,0,0,0,18,2,2,2,2,,1.0,0.1,1.0,NOT_ESTIMABLE,,,PROVISIONAL_SMALL_REQUEST_N,1.0,1.0,PROVISIONAL_SMALL_REQUEST_N,1.0,1.0,NOT_PRIMARY; use physical units and frozen spans
14,f14-734ef171b954,FORMAL_10K,HELDOUT_TRIPLE_AUDIT,STRICT_LUMPED,f12d43eace12231077007dc497fee8dad00fbe58cb2f1fe2c6159c47636b97a0,selected_q_proxy,strict_valid,emx_minus_target,Qmin,dimensionless,2,0.11643833594891184,0.13339277727667792,0.06508261635055668,0.11643833594891184,0.1685044290293572,0.17501269066441283,PROVISIONAL_SMALL_REQUEST_N,2,0.051355719598355165,0.18152095229946852,0.051355719598355165,0.18152095229946852,-0.051355719598355165,0.18152095229946852,0.051355719598355165,0.18152095229946852,0.051355719598355165,0.18152095229946852,0.051355719598355165,0.18152095229946852,20,2,2,0,0,0,0,0,18,2,2,2,2,,1.0,0.1,1.0,NOT_ESTIMABLE,,,PROVISIONAL_SMALL_REQUEST_N,1.0,1.0,PROVISIONAL_SMALL_REQUEST_N,1.0,1.0,NOT_PRIMARY; use physical units and frozen spans
14,f14-734ef171b954,FORMAL_10K,HELDOUT_TRIPLE_AUDIT,STRICT_LUMPED,f12d43eace12231077007dc497fee8dad00fbe58cb2f1fe2c6159c47636b97a0,selected_q_proxy,strict_valid,emx_minus_target,K_abs,dimensionless,2,0.003954744247042494,0.004152328230479497,0.0012656333095021205,0.003954744247042494,0.00496725089464419,0.005093814225594402,PROVISIONAL_SMALL_REQUEST_N,2,0.0026891109375403732,0.005220377556544614,0.0026891109375403732,0.005220377556544614,-0.0026891109375403732,0.005220377556544614,0.0026891109375403732,0.005220377556544614,0.0026891109375403732,0.005220377556544614,0.0026891109375403732,0.005220377556544614,20,2,2,0,0,0,0,0,18,2,2,2,2,,1.0,0.1,1.0,NOT_ESTIMABLE,,,PROVISIONAL_SMALL_REQUEST_N,1.0,1.0,PROVISIONAL_SMALL_REQUEST_N,1.0,1.0,NOT_PRIMARY; use physical units and frozen spans
14,f14-734ef171b954,FORMAL_10K,HELDOUT_TRIPLE_AUDIT,STRICT_LUMPED,f12d43eace12231077007dc497fee8dad00fbe58cb2f1fe2c6159c47636b97a0,selected_q_proxy,strict_valid,emx_minus_frozen_proxy,Lp_nH,nH,2,0.004932888546776981,0.005091534287656637,-0.00126108365601163,0.004932888546776981,0.005941755471586286,0.006067863837187448,PROVISIONAL_SMALL_REQUEST_N,2,0.003671804890765351,0.006193972202788611,0.003671804890765351,0.006193972202788611,-0.006193972202788611,0.003671804890765351,0.003671804890765351,0.006193972202788611,0.003671804890765351,0.006193972202788611,0.003671804890765351,0.006193972202788611,20,2,2,0,0,0,0,0,18,2,2,2,2,,1.0,0.1,1.0,NOT_ESTIMABLE,,,PROVISIONAL_SMALL_REQUEST_N,1.0,1.0,PROVISIONAL_SMALL_REQUEST_N,1.0,1.0,NOT_PRIMARY; use physical units and frozen spans
14,f14-734ef171b954,FORMAL_10K,HELDOUT_TRIPLE_AUDIT,STRICT_LUMPED,f12d43eace12231077007dc497fee8dad00fbe58cb2f1fe2c6159c47636b97a0,selected_q_proxy,strict_valid,emx_minus_frozen_proxy,Ls_nH,nH,2,0.0061393864832003375,0.0076800721458512656,0.004614265030899012,0.0061393864832003375,0.009830798507919547,0.010292225011009447,PROVISIONAL_SMALL_REQUEST_N,2,0.0015251214523013257,0.01075365151409935,0.0015251214523013257,0.01075365151409935,-0.0015251214523013257,0.01075365151409935,0.0015251214523013257,0.01075365151409935,0.0015251214523013257,0.01075365151409935,0.0015251214523013257,0.01075365151409935,20,2,2,0,0,0,0,0,18,2,2,2,2,,1.0,0.1,1.0,NOT_ESTIMABLE,,,PROVISIONAL_SMALL_REQUEST_N,1.0,1.0,PROVISIONAL_SMALL_REQUEST_N,1.0,1.0,NOT_PRIMARY; use physical units and frozen spans
14,f14-734ef171b954,FORMAL_10K,HELDOUT_TRIPLE_AUDIT,STRICT_LUMPED,f12d43eace12231077007dc497fee8dad00fbe58cb2f1fe2c6159c47636b97a0,selected_q_proxy,strict_valid,emx_minus_frozen_proxy,Qmin,dimensionless,2,0.125251240306822,0.13646405582557555,0.05417162849655277,0.125251240306822,0.16858854310406424,0.1740057059537195,PROVISIONAL_SMALL_REQUEST_N,2,0.07107961181026923,0.17942286880337477,0.07107961181026923,0.17942286880337477,-0.07107961181026923,0.17942286880337477,0.07107961181026923,0.17942286880337477,0.07107961181026923,0.17942286880337477,0.07107961181026923,0.17942286880337477,20,2,2,0,0,0,0,0,18,2,2,2,2,,1.0,0.1,1.0,NOT_ESTIMABLE,,,PROVISIONAL_SMALL_REQUEST_N,1.0,1.0,PROVISIONAL_SMALL_REQUEST_N,1.0,1.0,NOT_PRIMARY; use physical units and frozen spans
14,f14-734ef171b954,FORMAL_10K,HELDOUT_TRIPLE_AUDIT,STRICT_LUMPED,f12d43eace12231077007dc497fee8dad00fbe58cb2f1fe2c6159c47636b97a0,selected_q_proxy,strict_valid,emx_minus_frozen_proxy,K_abs,dimensionless,2,0.005179901590033523,0.0052567425665446975,0.0008955232707702904,0.005179901590033523,0.005896320206649755,0.005985872533726784,PROVISIONAL_SMALL_REQUEST_N,2,0.004284378319263232,0.006075424860803813,0.004284378319263232,0.006075424860803813,-0.004284378319263232,0.006075424860803813,0.004284378319263232,0.006075424860803813,0.004284378319263232,0.006075424860803813,0.004284378319263232,0.006075424860803813,20,2,2,0,0,0,0,0,18,2,2,2,2,,1.0,0.1,1.0,NOT_ESTIMABLE,,,PROVISIONAL_SMALL_REQUEST_N,1.0,1.0,PROVISIONAL_SMALL_REQUEST_N,1.0,1.0,NOT_PRIMARY; use physical units and frozen spans
14,f14-734ef171b954,FORMAL_10K,HELDOUT_TRIPLE_AUDIT,STRICT_LUMPED,f12d43eace12231077007dc497fee8dad00fbe58cb2f1fe2c6159c47636b97a0,selected_q_proxy,all_finite_diagnostic,emx_minus_target,Lp_nH,nH,2,0.004543028420618489,0.005390452054200715,-0.002901355910275294,0.004543028420618489,0.006864113148838724,0.0071542487398662535,PROVISIONAL_SMALL_REQUEST_N,2,0.001641672510343195,0.007444384330893783,0.001641672510343195,0.007444384330893783,-0.007444384330893783,0.001641672510343195,0.001641672510343195,0.007444384330893783,0.001641672510343195,0.007444384330893783,0.001641672510343195,0.007444384330893783,20,2,2,0,0,0,0,0,18,2,2,2,2,,1.0,0.1,1.0,NOT_ESTIMABLE,,,PROVISIONAL_SMALL_REQUEST_N,1.0,1.0,PROVISIONAL_SMALL_REQUEST_N,1.0,1.0,NOT_PRIMARY; use physical units and frozen spans
14,f14-734ef171b954,FORMAL_10K,HELDOUT_TRIPLE_AUDIT,STRICT_LUMPED,f12d43eace12231077007dc497fee8dad00fbe58cb2f1fe2c6159c47636b97a0,selected_q_proxy,all_finite_diagnostic,emx_minus_target,Ls_nH,nH,2,0.007308352239782212,0.008749746611332767,0.0048110345355026896,0.007308352239782212,0.011157179868184364,0.011638283321734633,PROVISIONAL_SMALL_REQUEST_N,2,0.0024973177042795225,0.012119386775284902,0.0024973177042795225,0.012119386775284902,-0.0024973177042795225,0.012119386775284902,0.0024973177042795225,0.012119386775284902,0.0024973177042795225,0.012119386775284902,0.0024973177042795225,0.012119386775284902,20,2,2,0,0,0,0,0,18,2,2,2,2,,1.0,0.1,1.0,NOT_ESTIMABLE,,,PROVISIONAL_SMALL_REQUEST_N,1.0,1.0,PROVISIONAL_SMALL_REQUEST_N,1.0,1.0,NOT_PRIMARY; use physical units and frozen spans
14,f14-734ef171b954,FORMAL_10K,HELDOUT_TRIPLE_AUDIT,STRICT_LUMPED,f12d43eace12231077007dc497fee8dad00fbe58cb2f1fe2c6159c47636b97a0,selected_q_proxy,all_finite_diagnostic,emx_minus_target,Qmin,dimensionless,2,0.11643833594891184,0.13339277727667792,0.06508261635055668,0.11643833594891184,0.1685044290293572,0.17501269066441283,PROVISIONAL_SMALL_REQUEST_N,2,0.051355719598355165,0.18152095229946852,0.051355719598355165,0.18152095229946852,-0.051355719598355165,0.18152095229946852,0.051355719598355165,0.18152095229946852,0.051355719598355165,0.18152095229946852,0.051355719598355165,0.18152095229946852,20,2,2,0,0,0,0,0,18,2,2,2,2,,1.0,0.1,1.0,NOT_ESTIMABLE,,,PROVISIONAL_SMALL_REQUEST_N,1.0,1.0,PROVISIONAL_SMALL_REQUEST_N,1.0,1.0,NOT_PRIMARY; use physical units and frozen spans
14,f14-734ef171b954,FORMAL_10K,HELDOUT_TRIPLE_AUDIT,STRICT_LUMPED,f12d43eace12231077007dc497fee8dad00fbe58cb2f1fe2c6159c47636b97a0,selected_q_proxy,all_finite_diagnostic,emx_minus_target,K_abs,dimensionless,2,0.003954744247042494,0.004152328230479497,0.0012656333095021205,0.003954744247042494,0.00496725089464419,0.005093814225594402,PROVISIONAL_SMALL_REQUEST_N,2,0.0026891109375403732,0.005220377556544614,0.0026891109375403732,0.005220377556544614,-0.0026891109375403732,0.005220377556544614,0.0026891109375403732,0.005220377556544614,0.0026891109375403732,0.005220377556544614,0.0026891109375403732,0.005220377556544614,20,2,2,0,0,0,0,0,18,2,2,2,2,,1.0,0.1,1.0,NOT_ESTIMABLE,,,PROVISIONAL_SMALL_REQUEST_N,1.0,1.0,PROVISIONAL_SMALL_REQUEST_N,1.0,1.0,NOT_PRIMARY; use physical units and frozen spans
14,f14-734ef171b954,FORMAL_10K,HELDOUT_TRIPLE_AUDIT,STRICT_LUMPED,f12d43eace12231077007dc497fee8dad00fbe58cb2f1fe2c6159c47636b97a0,selected_q_proxy,all_finite_diagnostic,emx_minus_frozen_proxy,Lp_nH,nH,2,0.004932888546776981,0.005091534287656637,-0.00126108365601163,0.004932888546776981,0.005941755471586286,0.006067863837187448,PROVISIONAL_SMALL_REQUEST_N,2,0.003671804890765351,0.006193972202788611,0.003671804890765351,0.006193972202788611,-0.006193972202788611,0.003671804890765351,0.003671804890765351,0.006193972202788611,0.003671804890765351,0.006193972202788611,0.003671804890765351,0.006193972202788611,20,2,2,0,0,0,0,0,18,2,2,2,2,,1.0,0.1,1.0,NOT_ESTIMABLE,,,PROVISIONAL_SMALL_REQUEST_N,1.0,1.0,PROVISIONAL_SMALL_REQUEST_N,1.0,1.0,NOT_PRIMARY; use physical units and frozen spans
14,f14-734ef171b954,FORMAL_10K,HELDOUT_TRIPLE_AUDIT,STRICT_LUMPED,f12d43eace12231077007dc497fee8dad00fbe58cb2f1fe2c6159c47636b97a0,selected_q_proxy,all_finite_diagnostic,emx_minus_frozen_proxy,Ls_nH,nH,2,0.0061393864832003375,0.0076800721458512656,0.004614265030899012,0.0061393864832003375,0.009830798507919547,0.010292225011009447,PROVISIONAL_SMALL_REQUEST_N,2,0.0015251214523013257,0.01075365151409935,0.0015251214523013257,0.01075365151409935,-0.0015251214523013257,0.01075365151409935,0.0015251214523013257,0.01075365151409935,0.0015251214523013257,0.01075365151409935,0.0015251214523013257,0.01075365151409935,20,2,2,0,0,0,0,0,18,2,2,2,2,,1.0,0.1,1.0,NOT_ESTIMABLE,,,PROVISIONAL_SMALL_REQUEST_N,1.0,1.0,PROVISIONAL_SMALL_REQUEST_N,1.0,1.0,NOT_PRIMARY; use physical units and frozen spans
14,f14-734ef171b954,FORMAL_10K,HELDOUT_TRIPLE_AUDIT,STRICT_LUMPED,f12d43eace12231077007dc497fee8dad00fbe58cb2f1fe2c6159c47636b97a0,selected_q_proxy,all_finite_diagnostic,emx_minus_frozen_proxy,Qmin,dimensionless,2,0.125251240306822,0.13646405582557555,0.05417162849655277,0.125251240306822,0.16858854310406424,0.1740057059537195,PROVISIONAL_SMALL_REQUEST_N,2,0.07107961181026923,0.17942286880337477,0.07107961181026923,0.17942286880337477,-0.07107961181026923,0.17942286880337477,0.07107961181026923,0.17942286880337477,0.07107961181026923,0.17942286880337477,0.07107961181026923,0.17942286880337477,20,2,2,0,0,0,0,0,18,2,2,2,2,,1.0,0.1,1.0,NOT_ESTIMABLE,,,PROVISIONAL_SMALL_REQUEST_N,1.0,1.0,PROVISIONAL_SMALL_REQUEST_N,1.0,1.0,NOT_PRIMARY; use physical units and frozen spans
14,f14-734ef171b954,FORMAL_10K,HELDOUT_TRIPLE_AUDIT,STRICT_LUMPED,f12d43eace12231077007dc497fee8dad00fbe58cb2f1fe2c6159c47636b97a0,selected_q_proxy,all_finite_diagnostic,emx_minus_frozen_proxy,K_abs,dimensionless,2,0.005179901590033523,0.0052567425665446975,0.0008955232707702904,0.005179901590033523,0.005896320206649755,0.005985872533726784,PROVISIONAL_SMALL_REQUEST_N,2,0.004284378319263232,0.006075424860803813,0.004284378319263232,0.006075424860803813,-0.004284378319263232,0.006075424860803813,0.004284378319263232,0.006075424860803813,0.004284378319263232,0.006075424860803813,0.004284378319263232,0.006075424860803813,20,2,2,0,0,0,0,0,18,2,2,2,2,,1.0,0.1,1.0,NOT_ESTIMABLE,,,PROVISIONAL_SMALL_REQUEST_N,1.0,1.0,PROVISIONAL_SMALL_REQUEST_N,1.0,1.0,NOT_PRIMARY; use physical units and frozen spans
16,f16-d1f0e127f1c7,FORMAL_10K,HELDOUT_TRIPLE_AUDIT,STRICT_LUMPED,f12d43eace12231077007dc497fee8dad00fbe58cb2f1fe2c6159c47636b97a0,all_candidates,strict_valid,emx_minus_target,Lp_nH,nH,8,0.021181690383845486,0.03262020272909234,-0.018337214175572658,0.00641160990917089,0.057320899800447946,0.06031306173007665,NOT_ESTIMABLE,1,,,,,,,,,,,,,220,8,8,0,38,1,0,0,173,5,8,8,11,,0.45454545454545453,0.022727272727272728,0.625,NOT_ESTIMABLE,,,NOT_ESTIMABLE,,,NOT_ESTIMABLE,,,NOT_PRIMARY; use physical units and frozen spans
16,f16-d1f0e127f1c7,FORMAL_10K,HELDOUT_TRIPLE_AUDIT,STRICT_LUMPED,f12d43eace12231077007dc497fee8dad00fbe58cb2f1fe2c6159c47636b97a0,all_candidates,strict_valid,emx_minus_target,Ls_nH,nH,8,0.013847596554565827,0.019216483662593285,-0.010301941235500905,0.007091310638129844,0.030825469942353353,0.03625198880442714,NOT_ESTIMABLE,1,,,,,,,,,,,,,220,8,8,0,38,1,0,0,173,5,8,8,11,,0.45454545454545453,0.022727272727272728,0.625,NOT_ESTIMABLE,,,NOT_ESTIMABLE,,,NOT_ESTIMABLE,,,NOT_PRIMARY; use physical units and frozen spans
16,f16-d1f0e127f1c7,FORMAL_10K,HELDOUT_TRIPLE_AUDIT,STRICT_LUMPED,f12d43eace12231077007dc497fee8dad00fbe58cb2f1fe2c6159c47636b97a0,all_candidates,strict_valid,emx_minus_target,Qmin,dimensionless,8,0.3888162998633924,0.547046020852126,0.17280600675990931,0.25148494564983004,0.7661426139557975,1.03176943139416,NOT_ESTIMABLE,1,,,,,,,,,,,,,220,8,8,0,38,1,0,0,173,5,8,8,11,,0.45454545454545453,0.022727272727272728,0.625,NOT_ESTIMABLE,,,NOT_ESTIMABLE,,,NOT_ESTIMABLE,,,NOT_PRIMARY; use physical units and frozen spans
16,f16-d1f0e127f1c7,FORMAL_10K,HELDOUT_TRIPLE_AUDIT,STRICT_LUMPED,f12d43eace12231077007dc497fee8dad00fbe58cb2f1fe2c6159c47636b97a0,all_candidates,strict_valid,emx_minus_target,K_abs,dimensionless,8,0.031625231593789244,0.04285153107438191,0.018159600062030632,0.020004763010518012,0.06364449096415757,0.07804624877886439,NOT_ESTIMABLE,1,,,,,,,,,,,,,220,8,8,0,38,1,0,0,173,5,8,8,11,,0.45454545454545453,0.022727272727272728,0.625,NOT_ESTIMABLE,,,NOT_ESTIMABLE,,,NOT_ESTIMABLE,,,NOT_PRIMARY; use physical units and frozen spans
16,f16-d1f0e127f1c7,FORMAL_10K,HELDOUT_TRIPLE_AUDIT,STRICT_LUMPED,f12d43eace12231077007dc497fee8dad00fbe58cb2f1fe2c6159c47636b97a0,all_candidates,strict_valid,emx_minus_frozen_proxy,Lp_nH,nH,8,0.005729570286262309,0.006776393528814181,-0.001161092345220105,0.00560900010841392,0.009429750209610564,0.011716652255348233,NOT_ESTIMABLE,1,,,,,,,,,,,,,220,8,8,0,38,1,0,0,173,5,8,8,11,,0.45454545454545453,0.022727272727272728,0.625,NOT_ESTIMABLE,,,NOT_ESTIMABLE,,,NOT_ESTIMABLE,,,NOT_PRIMARY; use physical units and frozen spans
16,f16-d1f0e127f1c7,FORMAL_10K,HELDOUT_TRIPLE_AUDIT,STRICT_LUMPED,f12d43eace12231077007dc497fee8dad00fbe58cb2f1fe2c6159c47636b97a0,all_candidates,strict_valid,emx_minus_frozen_proxy,Ls_nH,nH,8,0.007833317819880975,0.00991751338691035,-0.004567937917217352,0.005675042012118325,0.017030972558785072,0.018593542837255957,NOT_ESTIMABLE,1,,,,,,,,,,,,,220,8,8,0,38,1,0,0,173,5,8,8,11,,0.45454545454545453,0.022727272727272728,0.625,NOT_ESTIMABLE,,,NOT_ESTIMABLE,,,NOT_ESTIMABLE,,,NOT_PRIMARY; use physical units and frozen spans
16,f16-d1f0e127f1c7,FORMAL_10K,HELDOUT_TRIPLE_AUDIT,STRICT_LUMPED,f12d43eace12231077007dc497fee8dad00fbe58cb2f1fe2c6159c47636b97a0,all_candidates,strict_valid,emx_minus_frozen_proxy,Qmin,dimensionless,8,0.14749371896523278,0.181967844797222,-0.09997858396122106,0.1309521648606271,0.276832715057666,0.2942738241238082,NOT_ESTIMABLE,1,,,,,,,,,,,,,220,8,8,0,38,1,0,0,173,5,8,8,11,,0.45454545454545453,0.022727272727272728,0.625,NOT_ESTIMABLE,,,NOT_ESTIMABLE,,,NOT_ESTIMABLE,,,NOT_PRIMARY; use physical units and frozen spans
16,f16-d1f0e127f1c7,FORMAL_10K,HELDOUT_TRIPLE_AUDIT,STRICT_LUMPED,f12d43eace12231077007dc497fee8dad00fbe58cb2f1fe2c6159c47636b97a0,all_candidates,strict_valid,emx_minus_frozen_proxy,K_abs,dimensionless,8,0.005668416475972635,0.006641018844150464,0.0019264996472678243,0.005647238677327859,0.01027769407035184,0.010617287868097347,NOT_ESTIMABLE,1,,,,,,,,,,,,,220,8,8,0,38,1,0,0,173,5,8,8,11,,0.45454545454545453,0.022727272727272728,0.625,NOT_ESTIMABLE,,,NOT_ESTIMABLE,,,NOT_ESTIMABLE,,,NOT_PRIMARY; use physical units and frozen spans
16,f16-d1f0e127f1c7,FORMAL_10K,HELDOUT_TRIPLE_AUDIT,STRICT_LUMPED,f12d43eace12231077007dc497fee8dad00fbe58cb2f1fe2c6159c47636b97a0,all_candidates,all_finite_diagnostic,emx_minus_target,Lp_nH,nH,8,0.021181690383845486,0.03262020272909234,-0.018337214175572658,0.00641160990917089,0.057320899800447946,0.06031306173007665,NOT_ESTIMABLE,1,,,,,,,,,,,,,220,8,8,0,38,1,0,0,173,5,8,8,11,,0.45454545454545453,0.022727272727272728,0.625,NOT_ESTIMABLE,,,NOT_ESTIMABLE,,,NOT_ESTIMABLE,,,NOT_PRIMARY; use physical units and frozen spans
16,f16-d1f0e127f1c7,FORMAL_10K,HELDOUT_TRIPLE_AUDIT,STRICT_LUMPED,f12d43eace12231077007dc497fee8dad00fbe58cb2f1fe2c6159c47636b97a0,all_candidates,all_finite_diagnostic,emx_minus_target,Ls_nH,nH,8,0.013847596554565827,0.019216483662593285,-0.010301941235500905,0.007091310638129844,0.030825469942353353,0.03625198880442714,NOT_ESTIMABLE,1,,,,,,,,,,,,,220,8,8,0,38,1,0,0,173,5,8,8,11,,0.45454545454545453,0.022727272727272728,0.625,NOT_ESTIMABLE,,,NOT_ESTIMABLE,,,NOT_ESTIMABLE,,,NOT_PRIMARY; use physical units and frozen spans
16,f16-d1f0e127f1c7,FORMAL_10K,HELDOUT_TRIPLE_AUDIT,STRICT_LUMPED,f12d43eace12231077007dc497fee8dad00fbe58cb2f1fe2c6159c47636b97a0,all_candidates,all_finite_diagnostic,emx_minus_target,Qmin,dimensionless,8,0.3888162998633924,0.547046020852126,0.17280600675990931,0.25148494564983004,0.7661426139557975,1.03176943139416,NOT_ESTIMABLE,1,,,,,,,,,,,,,220,8,8,0,38,1,0,0,173,5,8,8,11,,0.45454545454545453,0.022727272727272728,0.625,NOT_ESTIMABLE,,,NOT_ESTIMABLE,,,NOT_ESTIMABLE,,,NOT_PRIMARY; use physical units and frozen spans
16,f16-d1f0e127f1c7,FORMAL_10K,HELDOUT_TRIPLE_AUDIT,STRICT_LUMPED,f12d43eace12231077007dc497fee8dad00fbe58cb2f1fe2c6159c47636b97a0,all_candidates,all_finite_diagnostic,emx_minus_target,K_abs,dimensionless,8,0.031625231593789244,0.04285153107438191,0.018159600062030632,0.020004763010518012,0.06364449096415757,0.07804624877886439,NOT_ESTIMABLE,1,,,,,,,,,,,,,220,8,8,0,38,1,0,0,173,5,8,8,11,,0.45454545454545453,0.022727272727272728,0.625,NOT_ESTIMABLE,,,NOT_ESTIMABLE,,,NOT_ESTIMABLE,,,NOT_PRIMARY; use physical units and frozen spans
16,f16-d1f0e127f1c7,FORMAL_10K,HELDOUT_TRIPLE_AUDIT,STRICT_LUMPED,f12d43eace12231077007dc497fee8dad00fbe58cb2f1fe2c6159c47636b97a0,all_candidates,all_finite_diagnostic,emx_minus_frozen_proxy,Lp_nH,nH,8,0.005729570286262309,0.006776393528814181,-0.001161092345220105,0.00560900010841392,0.009429750209610564,0.011716652255348233,NOT_ESTIMABLE,1,,,,,,,,,,,,,220,8,8,0,38,1,0,0,173,5,8,8,11,,0.45454545454545453,0.022727272727272728,0.625,NOT_ESTIMABLE,,,NOT_ESTIMABLE,,,NOT_ESTIMABLE,,,NOT_PRIMARY; use physical units and frozen spans
16,f16-d1f0e127f1c7,FORMAL_10K,HELDOUT_TRIPLE_AUDIT,STRICT_LUMPED,f12d43eace12231077007dc497fee8dad00fbe58cb2f1fe2c6159c47636b97a0,all_candidates,all_finite_diagnostic,emx_minus_frozen_proxy,Ls_nH,nH,8,0.007833317819880975,0.00991751338691035,-0.004567937917217352,0.005675042012118325,0.017030972558785072,0.018593542837255957,NOT_ESTIMABLE,1,,,,,,,,,,,,,220,8,8,0,38,1,0,0,173,5,8,8,11,,0.45454545454545453,0.022727272727272728,0.625,NOT_ESTIMABLE,,,NOT_ESTIMABLE,,,NOT_ESTIMABLE,,,NOT_PRIMARY; use physical units and frozen spans
16,f16-d1f0e127f1c7,FORMAL_10K,HELDOUT_TRIPLE_AUDIT,STRICT_LUMPED,f12d43eace12231077007dc497fee8dad00fbe58cb2f1fe2c6159c47636b97a0,all_candidates,all_finite_diagnostic,emx_minus_frozen_proxy,Qmin,dimensionless,8,0.14749371896523278,0.181967844797222,-0.09997858396122106,0.1309521648606271,0.276832715057666,0.2942738241238082,NOT_ESTIMABLE,1,,,,,,,,,,,,,220,8,8,0,38,1,0,0,173,5,8,8,11,,0.45454545454545453,0.022727272727272728,0.625,NOT_ESTIMABLE,,,NOT_ESTIMABLE,,,NOT_ESTIMABLE,,,NOT_PRIMARY; use physical units and frozen spans
16,f16-d1f0e127f1c7,FORMAL_10K,HELDOUT_TRIPLE_AUDIT,STRICT_LUMPED,f12d43eace12231077007dc497fee8dad00fbe58cb2f1fe2c6159c47636b97a0,all_candidates,all_finite_diagnostic,emx_minus_frozen_proxy,K_abs,dimensionless,8,0.005668416475972635,0.006641018844150464,0.0019264996472678243,0.005647238677327859,0.01027769407035184,0.010617287868097347,NOT_ESTIMABLE,1,,,,,,,,,,,,,220,8,8,0,38,1,0,0,173,5,8,8,11,,0.45454545454545453,0.022727272727272728,0.625,NOT_ESTIMABLE,,,NOT_ESTIMABLE,,,NOT_ESTIMABLE,,,NOT_PRIMARY; use physical units and frozen spans
16,f16-d1f0e127f1c7,FORMAL_10K,HELDOUT_TRIPLE_AUDIT,STRICT_LUMPED,f12d43eace12231077007dc497fee8dad00fbe58cb2f1fe2c6159c47636b97a0,selected_q_proxy,strict_valid,emx_minus_target,Lp_nH,nH,0,,,,,,,NOT_ESTIMABLE,0,,,,,,,,,,,,,20,0,0,0,0,1,0,0,19,0,0,0,1,,0.0,0.0,,NOT_ESTIMABLE,,,NOT_ESTIMABLE,,,NOT_ESTIMABLE,,,NOT_PRIMARY; use physical units and frozen spans
16,f16-d1f0e127f1c7,FORMAL_10K,HELDOUT_TRIPLE_AUDIT,STRICT_LUMPED,f12d43eace12231077007dc497fee8dad00fbe58cb2f1fe2c6159c47636b97a0,selected_q_proxy,strict_valid,emx_minus_target,Ls_nH,nH,0,,,,,,,NOT_ESTIMABLE,0,,,,,,,,,,,,,20,0,0,0,0,1,0,0,19,0,0,0,1,,0.0,0.0,,NOT_ESTIMABLE,,,NOT_ESTIMABLE,,,NOT_ESTIMABLE,,,NOT_PRIMARY; use physical units and frozen spans
16,f16-d1f0e127f1c7,FORMAL_10K,HELDOUT_TRIPLE_AUDIT,STRICT_LUMPED,f12d43eace12231077007dc497fee8dad00fbe58cb2f1fe2c6159c47636b97a0,selected_q_proxy,strict_valid,emx_minus_target,Qmin,dimensionless,0,,,,,,,NOT_ESTIMABLE,0,,,,,,,,,,,,,20,0,0,0,0,1,0,0,19,0,0,0,1,,0.0,0.0,,NOT_ESTIMABLE,,,NOT_ESTIMABLE,,,NOT_ESTIMABLE,,,NOT_PRIMARY; use physical units and frozen spans
16,f16-d1f0e127f1c7,FORMAL_10K,HELDOUT_TRIPLE_AUDIT,STRICT_LUMPED,f12d43eace12231077007dc497fee8dad00fbe58cb2f1fe2c6159c47636b97a0,selected_q_proxy,strict_valid,emx_minus_target,K_abs,dimensionless,0,,,,,,,NOT_ESTIMABLE,0,,,,,,,,,,,,,20,0,0,0,0,1,0,0,19,0,0,0,1,,0.0,0.0,,NOT_ESTIMABLE,,,NOT_ESTIMABLE,,,NOT_ESTIMABLE,,,NOT_PRIMARY; use physical units and frozen spans
16,f16-d1f0e127f1c7,FORMAL_10K,HELDOUT_TRIPLE_AUDIT,STRICT_LUMPED,f12d43eace12231077007dc497fee8dad00fbe58cb2f1fe2c6159c47636b97a0,selected_q_proxy,strict_valid,emx_minus_frozen_proxy,Lp_nH,nH,0,,,,,,,NOT_ESTIMABLE,0,,,,,,,,,,,,,20,0,0,0,0,1,0,0,19,0,0,0,1,,0.0,0.0,,NOT_ESTIMABLE,,,NOT_ESTIMABLE,,,NOT_ESTIMABLE,,,NOT_PRIMARY; use physical units and frozen spans
16,f16-d1f0e127f1c7,FORMAL_10K,HELDOUT_TRIPLE_AUDIT,STRICT_LUMPED,f12d43eace12231077007dc497fee8dad00fbe58cb2f1fe2c6159c47636b97a0,selected_q_proxy,strict_valid,emx_minus_frozen_proxy,Ls_nH,nH,0,,,,,,,NOT_ESTIMABLE,0,,,,,,,,,,,,,20,0,0,0,0,1,0,0,19,0,0,0,1,,0.0,0.0,,NOT_ESTIMABLE,,,NOT_ESTIMABLE,,,NOT_ESTIMABLE,,,NOT_PRIMARY; use physical units and frozen spans
16,f16-d1f0e127f1c7,FORMAL_10K,HELDOUT_TRIPLE_AUDIT,STRICT_LUMPED,f12d43eace12231077007dc497fee8dad00fbe58cb2f1fe2c6159c47636b97a0,selected_q_proxy,strict_valid,emx_minus_frozen_proxy,Qmin,dimensionless,0,,,,,,,NOT_ESTIMABLE,0,,,,,,,,,,,,,20,0,0,0,0,1,0,0,19,0,0,0,1,,0.0,0.0,,NOT_ESTIMABLE,,,NOT_ESTIMABLE,,,NOT_ESTIMABLE,,,NOT_PRIMARY; use physical units and frozen spans
16,f16-d1f0e127f1c7,FORMAL_10K,HELDOUT_TRIPLE_AUDIT,STRICT_LUMPED,f12d43eace12231077007dc497fee8dad00fbe58cb2f1fe2c6159c47636b97a0,selected_q_proxy,strict_valid,emx_minus_frozen_proxy,K_abs,dimensionless,0,,,,,,,NOT_ESTIMABLE,0,,,,,,,,,,,,,20,0,0,0,0,1,0,0,19,0,0,0,1,,0.0,0.0,,NOT_ESTIMABLE,,,NOT_ESTIMABLE,,,NOT_ESTIMABLE,,,NOT_PRIMARY; use physical units and frozen spans
16,f16-d1f0e127f1c7,FORMAL_10K,HELDOUT_TRIPLE_AUDIT,STRICT_LUMPED,f12d43eace12231077007dc497fee8dad00fbe58cb2f1fe2c6159c47636b97a0,selected_q_proxy,all_finite_diagnostic,emx_minus_target,Lp_nH,nH,0,,,,,,,NOT_ESTIMABLE,0,,,,,,,,,,,,,20,0,0,0,0,1,0,0,19,0,0,0,1,,0.0,0.0,,NOT_ESTIMABLE,,,NOT_ESTIMABLE,,,NOT_ESTIMABLE,,,NOT_PRIMARY; use physical units and frozen spans
16,f16-d1f0e127f1c7,FORMAL_10K,HELDOUT_TRIPLE_AUDIT,STRICT_LUMPED,f12d43eace12231077007dc497fee8dad00fbe58cb2f1fe2c6159c47636b97a0,selected_q_proxy,all_finite_diagnostic,emx_minus_target,Ls_nH,nH,0,,,,,,,NOT_ESTIMABLE,0,,,,,,,,,,,,,20,0,0,0,0,1,0,0,19,0,0,0,1,,0.0,0.0,,NOT_ESTIMABLE,,,NOT_ESTIMABLE,,,NOT_ESTIMABLE,,,NOT_PRIMARY; use physical units and frozen spans
16,f16-d1f0e127f1c7,FORMAL_10K,HELDOUT_TRIPLE_AUDIT,STRICT_LUMPED,f12d43eace12231077007dc497fee8dad00fbe58cb2f1fe2c6159c47636b97a0,selected_q_proxy,all_finite_diagnostic,emx_minus_target,Qmin,dimensionless,0,,,,,,,NOT_ESTIMABLE,0,,,,,,,,,,,,,20,0,0,0,0,1,0,0,19,0,0,0,1,,0.0,0.0,,NOT_ESTIMABLE,,,NOT_ESTIMABLE,,,NOT_ESTIMABLE,,,NOT_PRIMARY; use physical units and frozen spans
16,f16-d1f0e127f1c7,FORMAL_10K,HELDOUT_TRIPLE_AUDIT,STRICT_LUMPED,f12d43eace12231077007dc497fee8dad00fbe58cb2f1fe2c6159c47636b97a0,selected_q_proxy,all_finite_diagnostic,emx_minus_target,K_abs,dimensionless,0,,,,,,,NOT_ESTIMABLE,0,,,,,,,,,,,,,20,0,0,0,0,1,0,0,19,0,0,0,1,,0.0,0.0,,NOT_ESTIMABLE,,,NOT_ESTIMABLE,,,NOT_ESTIMABLE,,,NOT_PRIMARY; use physical units and frozen spans
16,f16-d1f0e127f1c7,FORMAL_10K,HELDOUT_TRIPLE_AUDIT,STRICT_LUMPED,f12d43eace12231077007dc497fee8dad00fbe58cb2f1fe2c6159c47636b97a0,selected_q_proxy,all_finite_diagnostic,emx_minus_frozen_proxy,Lp_nH,nH,0,,,,,,,NOT_ESTIMABLE,0,,,,,,,,,,,,,20,0,0,0,0,1,0,0,19,0,0,0,1,,0.0,0.0,,NOT_ESTIMABLE,,,NOT_ESTIMABLE,,,NOT_ESTIMABLE,,,NOT_PRIMARY; use physical units and frozen spans
16,f16-d1f0e127f1c7,FORMAL_10K,HELDOUT_TRIPLE_AUDIT,STRICT_LUMPED,f12d43eace12231077007dc497fee8dad00fbe58cb2f1fe2c6159c47636b97a0,selected_q_proxy,all_finite_diagnostic,emx_minus_frozen_proxy,Ls_nH,nH,0,,,,,,,NOT_ESTIMABLE,0,,,,,,,,,,,,,20,0,0,0,0,1,0,0,19,0,0,0,1,,0.0,0.0,,NOT_ESTIMABLE,,,NOT_ESTIMABLE,,,NOT_ESTIMABLE,,,NOT_PRIMARY; use physical units and frozen spans
16,f16-d1f0e127f1c7,FORMAL_10K,HELDOUT_TRIPLE_AUDIT,STRICT_LUMPED,f12d43eace12231077007dc497fee8dad00fbe58cb2f1fe2c6159c47636b97a0,selected_q_proxy,all_finite_diagnostic,emx_minus_frozen_proxy,Qmin,dimensionless,0,,,,,,,NOT_ESTIMABLE,0,,,,,,,,,,,,,20,0,0,0,0,1,0,0,19,0,0,0,1,,0.0,0.0,,NOT_ESTIMABLE,,,NOT_ESTIMABLE,,,NOT_ESTIMABLE,,,NOT_PRIMARY; use physical units and frozen spans
16,f16-d1f0e127f1c7,FORMAL_10K,HELDOUT_TRIPLE_AUDIT,STRICT_LUMPED,f12d43eace12231077007dc497fee8dad00fbe58cb2f1fe2c6159c47636b97a0,selected_q_proxy,all_finite_diagnostic,emx_minus_frozen_proxy,K_abs,dimensionless,0,,,,,,,NOT_ESTIMABLE,0,,,,,,,,,,,,,20,0,0,0,0,1,0,0,19,0,0,0,1,,0.0,0.0,,NOT_ESTIMABLE,,,NOT_ESTIMABLE,,,NOT_ESTIMABLE,,,NOT_PRIMARY; use physical units and frozen spans
17,f17-7b878ff5d5dc,FORMAL_10K,HELDOUT_TRIPLE_AUDIT,STRICT_LUMPED,f12d43eace12231077007dc497fee8dad00fbe58cb2f1fe2c6159c47636b97a0,all_candidates,strict_valid,emx_minus_target,Lp_nH,nH,6,0.012277751154198565,0.013874610519526724,0.0067762593614321505,0.010596330083551653,0.01896407107357556,0.02248405378083901,NOT_ESTIMABLE,1,,,,,,,,,,,,,220,6,6,0,47,2,0,0,165,4,6,6,11,,0.36363636363636365,0.01818181818181818,0.6666666666666666,NOT_ESTIMABLE,,,NOT_ESTIMABLE,,,NOT_ESTIMABLE,,,NOT_PRIMARY; use physical units and frozen spans
17,f17-7b878ff5d5dc,FORMAL_10K,HELDOUT_TRIPLE_AUDIT,STRICT_LUMPED,f12d43eace12231077007dc497fee8dad00fbe58cb2f1fe2c6159c47636b97a0,all_candidates,strict_valid,emx_minus_target,Ls_nH,nH,6,0.01604274022653479,0.020367103052051395,-0.01475766161913585,0.011763073382916822,0.03222073105346063,0.033856639506740144,NOT_ESTIMABLE,1,,,,,,,,,,,,,220,6,6,0,47,2,0,0,165,4,6,6,11,,0.36363636363636365,0.01818181818181818,0.6666666666666666,NOT_ESTIMABLE,,,NOT_ESTIMABLE,,,NOT_ESTIMABLE,,,NOT_PRIMARY; use physical units and frozen spans
17,f17-7b878ff5d5dc,FORMAL_10K,HELDOUT_TRIPLE_AUDIT,STRICT_LUMPED,f12d43eace12231077007dc497fee8dad00fbe58cb2f1fe2c6159c47636b97a0,all_candidates,strict_valid,emx_minus_target,Qmin,dimensionless,6,0.9039419280602488,1.3298364115707237,0.644598433448372,0.3890152419178152,2.247597058082727,2.3546853695844483,NOT_ESTIMABLE,1,,,,,,,,,,,,,220,6,6,0,47,2,0,0,165,4,6,6,11,,0.36363636363636365,0.01818181818181818,0.6666666666666666,NOT_ESTIMABLE,,,NOT_ESTIMABLE,,,NOT_ESTIMABLE,,,NOT_PRIMARY; use physical units and frozen spans
17,f17-7b878ff5d5dc,FORMAL_10K,HELDOUT_TRIPLE_AUDIT,STRICT_LUMPED,f12d43eace12231077007dc497fee8dad00fbe58cb2f1fe2c6159c47636b97a0,all_candidates,strict_valid,emx_minus_target,K_abs,dimensionless,6,0.00919665923340919,0.01154774754986852,-0.0024615104403723173,0.007778783220194263,0.017985981917637978,0.018360144768235734,NOT_ESTIMABLE,1,,,,,,,,,,,,,220,6,6,0,47,2,0,0,165,4,6,6,11,,0.36363636363636365,0.01818181818181818,0.6666666666666666,NOT_ESTIMABLE,,,NOT_ESTIMABLE,,,NOT_ESTIMABLE,,,NOT_PRIMARY; use physical units and frozen spans
17,f17-7b878ff5d5dc,FORMAL_10K,HELDOUT_TRIPLE_AUDIT,STRICT_LUMPED,f12d43eace12231077007dc497fee8dad00fbe58cb2f1fe2c6159c47636b97a0,all_candidates,strict_valid,emx_minus_frozen_proxy,Lp_nH,nH,6,0.012985597260515513,0.013780057432653883,0.01108196573111194,0.01304793937647597,0.018416893425407754,0.018436436682293833,NOT_ESTIMABLE,1,,,,,,,,,,,,,220,6,6,0,47,2,0,0,165,4,6,6,11,,0.36363636363636365,0.01818181818181818,0.6666666666666666,NOT_ESTIMABLE,,,NOT_ESTIMABLE,,,NOT_ESTIMABLE,,,NOT_PRIMARY; use physical units and frozen spans
17,f17-7b878ff5d5dc,FORMAL_10K,HELDOUT_TRIPLE_AUDIT,STRICT_LUMPED,f12d43eace12231077007dc497fee8dad00fbe58cb2f1fe2c6159c47636b97a0,all_candidates,strict_valid,emx_minus_frozen_proxy,Ls_nH,nH,6,0.005667572519836239,0.007616275573396228,-0.004122217369094035,0.003916504694479794,0.011754517982591028,0.013866595069775806,NOT_ESTIMABLE,1,,,,,,,,,,,,,220,6,6,0,47,2,0,0,165,4,6,6,11,,0.36363636363636365,0.01818181818181818,0.6666666666666666,NOT_ESTIMABLE,,,NOT_ESTIMABLE,,,NOT_ESTIMABLE,,,NOT_PRIMARY; use physical units and frozen spans
17,f17-7b878ff5d5dc,FORMAL_10K,HELDOUT_TRIPLE_AUDIT,STRICT_LUMPED,f12d43eace12231077007dc497fee8dad00fbe58cb2f1fe2c6159c47636b97a0,all_candidates,strict_valid,emx_minus_frozen_proxy,Qmin,dimensionless,6,0.5488271501773548,0.7293835228341795,0.2908207069570796,0.3870096648304129,1.1741541221391234,1.2590735907124753,NOT_ESTIMABLE,1,,,,,,,,,,,,,220,6,6,0,47,2,0,0,165,4,6,6,11,,0.36363636363636365,0.01818181818181818,0.6666666666666666,NOT_ESTIMABLE,,,NOT_ESTIMABLE,,,NOT_ESTIMABLE,,,NOT_PRIMARY; use physical units and frozen spans
17,f17-7b878ff5d5dc,FORMAL_10K,HELDOUT_TRIPLE_AUDIT,STRICT_LUMPED,f12d43eace12231077007dc497fee8dad00fbe58cb2f1fe2c6159c47636b97a0,all_candidates,strict_valid,emx_minus_frozen_proxy,K_abs,dimensionless,6,0.009770317692456737,0.012397565569552713,-0.003708203576075278,0.009023578941371874,0.01858070216204563,0.01877788206849626,NOT_ESTIMABLE,1,,,,,,,,,,,,,220,6,6,0,47,2,0,0,165,4,6,6,11,,0.36363636363636365,0.01818181818181818,0.6666666666666666,NOT_ESTIMABLE,,,NOT_ESTIMABLE,,,NOT_ESTIMABLE,,,NOT_PRIMARY; use physical units and frozen spans
17,f17-7b878ff5d5dc,FORMAL_10K,HELDOUT_TRIPLE_AUDIT,STRICT_LUMPED,f12d43eace12231077007dc497fee8dad00fbe58cb2f1fe2c6159c47636b97a0,all_candidates,all_finite_diagnostic,emx_minus_target,Lp_nH,nH,6,0.012277751154198565,0.013874610519526724,0.0067762593614321505,0.010596330083551653,0.01896407107357556,0.02248405378083901,NOT_ESTIMABLE,1,,,,,,,,,,,,,220,6,6,0,47,2,0,0,165,4,6,6,11,,0.36363636363636365,0.01818181818181818,0.6666666666666666,NOT_ESTIMABLE,,,NOT_ESTIMABLE,,,NOT_ESTIMABLE,,,NOT_PRIMARY; use physical units and frozen spans
17,f17-7b878ff5d5dc,FORMAL_10K,HELDOUT_TRIPLE_AUDIT,STRICT_LUMPED,f12d43eace12231077007dc497fee8dad00fbe58cb2f1fe2c6159c47636b97a0,all_candidates,all_finite_diagnostic,emx_minus_target,Ls_nH,nH,6,0.01604274022653479,0.020367103052051395,-0.01475766161913585,0.011763073382916822,0.03222073105346063,0.033856639506740144,NOT_ESTIMABLE,1,,,,,,,,,,,,,220,6,6,0,47,2,0,0,165,4,6,6,11,,0.36363636363636365,0.01818181818181818,0.6666666666666666,NOT_ESTIMABLE,,,NOT_ESTIMABLE,,,NOT_ESTIMABLE,,,NOT_PRIMARY; use physical units and frozen spans
17,f17-7b878ff5d5dc,FORMAL_10K,HELDOUT_TRIPLE_AUDIT,STRICT_LUMPED,f12d43eace12231077007dc497fee8dad00fbe58cb2f1fe2c6159c47636b97a0,all_candidates,all_finite_diagnostic,emx_minus_target,Qmin,dimensionless,6,0.9039419280602488,1.3298364115707237,0.644598433448372,0.3890152419178152,2.247597058082727,2.3546853695844483,NOT_ESTIMABLE,1,,,,,,,,,,,,,220,6,6,0,47,2,0,0,165,4,6,6,11,,0.36363636363636365,0.01818181818181818,0.6666666666666666,NOT_ESTIMABLE,,,NOT_ESTIMABLE,,,NOT_ESTIMABLE,,,NOT_PRIMARY; use physical units and frozen spans
17,f17-7b878ff5d5dc,FORMAL_10K,HELDOUT_TRIPLE_AUDIT,STRICT_LUMPED,f12d43eace12231077007dc497fee8dad00fbe58cb2f1fe2c6159c47636b97a0,all_candidates,all_finite_diagnostic,emx_minus_target,K_abs,dimensionless,6,0.00919665923340919,0.01154774754986852,-0.0024615104403723173,0.007778783220194263,0.017985981917637978,0.018360144768235734,NOT_ESTIMABLE,1,,,,,,,,,,,,,220,6,6,0,47,2,0,0,165,4,6,6,11,,0.36363636363636365,0.01818181818181818,0.6666666666666666,NOT_ESTIMABLE,,,NOT_ESTIMABLE,,,NOT_ESTIMABLE,,,NOT_PRIMARY; use physical units and frozen spans
17,f17-7b878ff5d5dc,FORMAL_10K,HELDOUT_TRIPLE_AUDIT,STRICT_LUMPED,f12d43eace12231077007dc497fee8dad00fbe58cb2f1fe2c6159c47636b97a0,all_candidates,all_finite_diagnostic,emx_minus_frozen_proxy,Lp_nH,nH,6,0.012985597260515513,0.013780057432653883,0.01108196573111194,0.01304793937647597,0.018416893425407754,0.018436436682293833,NOT_ESTIMABLE,1,,,,,,,,,,,,,220,6,6,0,47,2,0,0,165,4,6,6,11,,0.36363636363636365,0.01818181818181818,0.6666666666666666,NOT_ESTIMABLE,,,NOT_ESTIMABLE,,,NOT_ESTIMABLE,,,NOT_PRIMARY; use physical units and frozen spans
17,f17-7b878ff5d5dc,FORMAL_10K,HELDOUT_TRIPLE_AUDIT,STRICT_LUMPED,f12d43eace12231077007dc497fee8dad00fbe58cb2f1fe2c6159c47636b97a0,all_candidates,all_finite_diagnostic,emx_minus_frozen_proxy,Ls_nH,nH,6,0.005667572519836239,0.007616275573396228,-0.004122217369094035,0.003916504694479794,0.011754517982591028,0.013866595069775806,NOT_ESTIMABLE,1,,,,,,,,,,,,,220,6,6,0,47,2,0,0,165,4,6,6,11,,0.36363636363636365,0.01818181818181818,0.6666666666666666,NOT_ESTIMABLE,,,NOT_ESTIMABLE,,,NOT_ESTIMABLE,,,NOT_PRIMARY; use physical units and frozen spans
17,f17-7b878ff5d5dc,FORMAL_10K,HELDOUT_TRIPLE_AUDIT,STRICT_LUMPED,f12d43eace12231077007dc497fee8dad00fbe58cb2f1fe2c6159c47636b97a0,all_candidates,all_finite_diagnostic,emx_minus_frozen_proxy,Qmin,dimensionless,6,0.5488271501773548,0.7293835228341795,0.2908207069570796,0.3870096648304129,1.1741541221391234,1.2590735907124753,NOT_ESTIMABLE,1,,,,,,,,,,,,,220,6,6,0,47,2,0,0,165,4,6,6,11,,0.36363636363636365,0.01818181818181818,0.6666666666666666,NOT_ESTIMABLE,,,NOT_ESTIMABLE,,,NOT_ESTIMABLE,,,NOT_PRIMARY; use physical units and frozen spans
17,f17-7b878ff5d5dc,FORMAL_10K,HELDOUT_TRIPLE_AUDIT,STRICT_LUMPED,f12d43eace12231077007dc497fee8dad00fbe58cb2f1fe2c6159c47636b97a0,all_candidates,all_finite_diagnostic,emx_minus_frozen_proxy,K_abs,dimensionless,6,0.009770317692456737,0.012397565569552713,-0.003708203576075278,0.009023578941371874,0.01858070216204563,0.01877788206849626,NOT_ESTIMABLE,1,,,,,,,,,,,,,220,6,6,0,47,2,0,0,165,4,6,6,11,,0.36363636363636365,0.01818181818181818,0.6666666666666666,NOT_ESTIMABLE,,,NOT_ESTIMABLE,,,NOT_ESTIMABLE,,,NOT_PRIMARY; use physical units and frozen spans
17,f17-7b878ff5d5dc,FORMAL_10K,HELDOUT_TRIPLE_AUDIT,STRICT_LUMPED,f12d43eace12231077007dc497fee8dad00fbe58cb2f1fe2c6159c47636b97a0,selected_q_proxy,strict_valid,emx_minus_target,Lp_nH,nH,1,0.010227602722606033,0.010227602722606033,0.010227602722606033,0.010227602722606033,0.010227602722606033,0.010227602722606033,NOT_ESTIMABLE,1,,,,,,,,,,,,,20,1,1,0,0,0,0,0,19,1,1,1,1,,1.0,0.05,1.0,NOT_ESTIMABLE,,,NOT_ESTIMABLE,,,NOT_ESTIMABLE,,,NOT_PRIMARY; use physical units and frozen spans
17,f17-7b878ff5d5dc,FORMAL_10K,HELDOUT_TRIPLE_AUDIT,STRICT_LUMPED,f12d43eace12231077007dc497fee8dad00fbe58cb2f1fe2c6159c47636b97a0,selected_q_proxy,strict_valid,emx_minus_target,Ls_nH,nH,1,0.005442736526052316,0.005442736526052316,-0.005442736526052316,0.005442736526052316,0.005442736526052316,0.005442736526052316,NOT_ESTIMABLE,1,,,,,,,,,,,,,20,1,1,0,0,0,0,0,19,1,1,1,1,,1.0,0.05,1.0,NOT_ESTIMABLE,,,NOT_ESTIMABLE,,,NOT_ESTIMABLE,,,NOT_PRIMARY; use physical units and frozen spans
17,f17-7b878ff5d5dc,FORMAL_10K,HELDOUT_TRIPLE_AUDIT,STRICT_LUMPED,f12d43eace12231077007dc497fee8dad00fbe58cb2f1fe2c6159c47636b97a0,selected_q_proxy,strict_valid,emx_minus_target,Qmin,dimensionless,1,0.01724080499633729,0.01724080499633729,0.01724080499633729,0.01724080499633729,0.01724080499633729,0.01724080499633729,NOT_ESTIMABLE,1,,,,,,,,,,,,,20,1,1,0,0,0,0,0,19,1,1,1,1,,1.0,0.05,1.0,NOT_ESTIMABLE,,,NOT_ESTIMABLE,,,NOT_ESTIMABLE,,,NOT_PRIMARY; use physical units and frozen spans
17,f17-7b878ff5d5dc,FORMAL_10K,HELDOUT_TRIPLE_AUDIT,STRICT_LUMPED,f12d43eace12231077007dc497fee8dad00fbe58cb2f1fe2c6159c47636b97a0,selected_q_proxy,strict_valid,emx_minus_target,K_abs,dimensionless,1,0.002179286364513533,0.002179286364513533,-0.002179286364513533,0.002179286364513533,0.002179286364513533,0.002179286364513533,NOT_ESTIMABLE,1,,,,,,,,,,,,,20,1,1,0,0,0,0,0,19,1,1,1,1,,1.0,0.05,1.0,NOT_ESTIMABLE,,,NOT_ESTIMABLE,,,NOT_ESTIMABLE,,,NOT_PRIMARY; use physical units and frozen spans
17,f17-7b878ff5d5dc,FORMAL_10K,HELDOUT_TRIPLE_AUDIT,STRICT_LUMPED,f12d43eace12231077007dc497fee8dad00fbe58cb2f1fe2c6159c47636b97a0,selected_q_proxy,strict_valid,emx_minus_frozen_proxy,Lp_nH,nH,1,0.012080419014059096,0.012080419014059096,0.012080419014059096,0.012080419014059096,0.012080419014059096,0.012080419014059096,NOT_ESTIMABLE,1,,,,,,,,,,,,,20,1,1,0,0,0,0,0,19,1,1,1,1,,1.0,0.05,1.0,NOT_ESTIMABLE,,,NOT_ESTIMABLE,,,NOT_ESTIMABLE,,,NOT_PRIMARY; use physical units and frozen spans
17,f17-7b878ff5d5dc,FORMAL_10K,HELDOUT_TRIPLE_AUDIT,STRICT_LUMPED,f12d43eace12231077007dc497fee8dad00fbe58cb2f1fe2c6159c47636b97a0,selected_q_proxy,strict_valid,emx_minus_frozen_proxy,Ls_nH,nH,1,0.004818816238031376,0.004818816238031376,-0.004818816238031376,0.004818816238031376,0.004818816238031376,0.004818816238031376,NOT_ESTIMABLE,1,,,,,,,,,,,,,20,1,1,0,0,0,0,0,19,1,1,1,1,,1.0,0.05,1.0,NOT_ESTIMABLE,,,NOT_ESTIMABLE,,,NOT_ESTIMABLE,,,NOT_PRIMARY; use physical units and frozen spans
17,f17-7b878ff5d5dc,FORMAL_10K,HELDOUT_TRIPLE_AUDIT,STRICT_LUMPED,f12d43eace12231077007dc497fee8dad00fbe58cb2f1fe2c6159c47636b97a0,selected_q_proxy,strict_valid,emx_minus_frozen_proxy,Qmin,dimensionless,1,0.037146849002684945,0.037146849002684945,0.037146849002684945,0.037146849002684945,0.037146849002684945,0.037146849002684945,NOT_ESTIMABLE,1,,,,,,,,,,,,,20,1,1,0,0,0,0,0,19,1,1,1,1,,1.0,0.05,1.0,NOT_ESTIMABLE,,,NOT_ESTIMABLE,,,NOT_ESTIMABLE,,,NOT_PRIMARY; use physical units and frozen spans
17,f17-7b878ff5d5dc,FORMAL_10K,HELDOUT_TRIPLE_AUDIT,STRICT_LUMPED,f12d43eace12231077007dc497fee8dad00fbe58cb2f1fe2c6159c47636b97a0,selected_q_proxy,strict_valid,emx_minus_frozen_proxy,K_abs,dimensionless,1,0.002621676907144238,0.002621676907144238,-0.002621676907144238,0.002621676907144238,0.002621676907144238,0.002621676907144238,NOT_ESTIMABLE,1,,,,,,,,,,,,,20,1,1,0,0,0,0,0,19,1,1,1,1,,1.0,0.05,1.0,NOT_ESTIMABLE,,,NOT_ESTIMABLE,,,NOT_ESTIMABLE,,,NOT_PRIMARY; use physical units and frozen spans
17,f17-7b878ff5d5dc,FORMAL_10K,HELDOUT_TRIPLE_AUDIT,STRICT_LUMPED,f12d43eace12231077007dc497fee8dad00fbe58cb2f1fe2c6159c47636b97a0,selected_q_proxy,all_finite_diagnostic,emx_minus_target,Lp_nH,nH,1,0.010227602722606033,0.010227602722606033,0.010227602722606033,0.010227602722606033,0.010227602722606033,0.010227602722606033,NOT_ESTIMABLE,1,,,,,,,,,,,,,20,1,1,0,0,0,0,0,19,1,1,1,1,,1.0,0.05,1.0,NOT_ESTIMABLE,,,NOT_ESTIMABLE,,,NOT_ESTIMABLE,,,NOT_PRIMARY; use physical units and frozen spans
17,f17-7b878ff5d5dc,FORMAL_10K,HELDOUT_TRIPLE_AUDIT,STRICT_LUMPED,f12d43eace12231077007dc497fee8dad00fbe58cb2f1fe2c6159c47636b97a0,selected_q_proxy,all_finite_diagnostic,emx_minus_target,Ls_nH,nH,1,0.005442736526052316,0.005442736526052316,-0.005442736526052316,0.005442736526052316,0.005442736526052316,0.005442736526052316,NOT_ESTIMABLE,1,,,,,,,,,,,,,20,1,1,0,0,0,0,0,19,1,1,1,1,,1.0,0.05,1.0,NOT_ESTIMABLE,,,NOT_ESTIMABLE,,,NOT_ESTIMABLE,,,NOT_PRIMARY; use physical units and frozen spans
17,f17-7b878ff5d5dc,FORMAL_10K,HELDOUT_TRIPLE_AUDIT,STRICT_LUMPED,f12d43eace12231077007dc497fee8dad00fbe58cb2f1fe2c6159c47636b97a0,selected_q_proxy,all_finite_diagnostic,emx_minus_target,Qmin,dimensionless,1,0.01724080499633729,0.01724080499633729,0.01724080499633729,0.01724080499633729,0.01724080499633729,0.01724080499633729,NOT_ESTIMABLE,1,,,,,,,,,,,,,20,1,1,0,0,0,0,0,19,1,1,1,1,,1.0,0.05,1.0,NOT_ESTIMABLE,,,NOT_ESTIMABLE,,,NOT_ESTIMABLE,,,NOT_PRIMARY; use physical units and frozen spans
17,f17-7b878ff5d5dc,FORMAL_10K,HELDOUT_TRIPLE_AUDIT,STRICT_LUMPED,f12d43eace12231077007dc497fee8dad00fbe58cb2f1fe2c6159c47636b97a0,selected_q_proxy,all_finite_diagnostic,emx_minus_target,K_abs,dimensionless,1,0.002179286364513533,0.002179286364513533,-0.002179286364513533,0.002179286364513533,0.002179286364513533,0.002179286364513533,NOT_ESTIMABLE,1,,,,,,,,,,,,,20,1,1,0,0,0,0,0,19,1,1,1,1,,1.0,0.05,1.0,NOT_ESTIMABLE,,,NOT_ESTIMABLE,,,NOT_ESTIMABLE,,,NOT_PRIMARY; use physical units and frozen spans
17,f17-7b878ff5d5dc,FORMAL_10K,HELDOUT_TRIPLE_AUDIT,STRICT_LUMPED,f12d43eace12231077007dc497fee8dad00fbe58cb2f1fe2c6159c47636b97a0,selected_q_proxy,all_finite_diagnostic,emx_minus_frozen_proxy,Lp_nH,nH,1,0.012080419014059096,0.012080419014059096,0.012080419014059096,0.012080419014059096,0.012080419014059096,0.012080419014059096,NOT_ESTIMABLE,1,,,,,,,,,,,,,20,1,1,0,0,0,0,0,19,1,1,1,1,,1.0,0.05,1.0,NOT_ESTIMABLE,,,NOT_ESTIMABLE,,,NOT_ESTIMABLE,,,NOT_PRIMARY; use physical units and frozen spans
17,f17-7b878ff5d5dc,FORMAL_10K,HELDOUT_TRIPLE_AUDIT,STRICT_LUMPED,f12d43eace12231077007dc497fee8dad00fbe58cb2f1fe2c6159c47636b97a0,selected_q_proxy,all_finite_diagnostic,emx_minus_frozen_proxy,Ls_nH,nH,1,0.004818816238031376,0.004818816238031376,-0.004818816238031376,0.004818816238031376,0.004818816238031376,0.004818816238031376,NOT_ESTIMABLE,1,,,,,,,,,,,,,20,1,1,0,0,0,0,0,19,1,1,1,1,,1.0,0.05,1.0,NOT_ESTIMABLE,,,NOT_ESTIMABLE,,,NOT_ESTIMABLE,,,NOT_PRIMARY; use physical units and frozen spans
17,f17-7b878ff5d5dc,FORMAL_10K,HELDOUT_TRIPLE_AUDIT,STRICT_LUMPED,f12d43eace12231077007dc497fee8dad00fbe58cb2f1fe2c6159c47636b97a0,selected_q_proxy,all_finite_diagnostic,emx_minus_frozen_proxy,Qmin,dimensionless,1,0.037146849002684945,0.037146849002684945,0.037146849002684945,0.037146849002684945,0.037146849002684945,0.037146849002684945,NOT_ESTIMABLE,1,,,,,,,,,,,,,20,1,1,0,0,0,0,0,19,1,1,1,1,,1.0,0.05,1.0,NOT_ESTIMABLE,,,NOT_ESTIMABLE,,,NOT_ESTIMABLE,,,NOT_PRIMARY; use physical units and frozen spans
17,f17-7b878ff5d5dc,FORMAL_10K,HELDOUT_TRIPLE_AUDIT,STRICT_LUMPED,f12d43eace12231077007dc497fee8dad00fbe58cb2f1fe2c6159c47636b97a0,selected_q_proxy,all_finite_diagnostic,emx_minus_frozen_proxy,K_abs,dimensionless,1,0.002621676907144238,0.002621676907144238,-0.002621676907144238,0.002621676907144238,0.002621676907144238,0.002621676907144238,NOT_ESTIMABLE,1,,,,,,,,,,,,,20,1,1,0,0,0,0,0,19,1,1,1,1,,1.0,0.05,1.0,NOT_ESTIMABLE,,,NOT_ESTIMABLE,,,NOT_ESTIMABLE,,,NOT_PRIMARY; use physical units and frozen spans
18,f18-1a136fda6a2a,FORMAL_10K,HELDOUT_TRIPLE_AUDIT,STRICT_LUMPED,f12d43eace12231077007dc497fee8dad00fbe58cb2f1fe2c6159c47636b97a0,all_candidates,strict_valid,emx_minus_target,Lp_nH,nH,8,0.04107638362274105,0.0675353082356801,0.0279311768991074,0.016547590100392084,0.10958899624463614,0.13724624342516686,NOT_ESTIMABLE,1,,,,,,,,,,,,,220,10,8,2,45,0,0,0,165,5,10,10,11,,0.45454545454545453,0.022727272727272728,0.625,NOT_ESTIMABLE,,,NOT_ESTIMABLE,,,NOT_ESTIMABLE,,,NOT_PRIMARY; use physical units and frozen spans
18,f18-1a136fda6a2a,FORMAL_10K,HELDOUT_TRIPLE_AUDIT,STRICT_LUMPED,f12d43eace12231077007dc497fee8dad00fbe58cb2f1fe2c6159c47636b97a0,all_candidates,strict_valid,emx_minus_target,Ls_nH,nH,8,0.07155594633890447,0.11214415906911979,-0.06960175421118256,0.0273134825385426,0.2060500410753646,0.2256422402306567,NOT_ESTIMABLE,1,,,,,,,,,,,,,220,10,8,2,45,0,0,0,165,5,10,10,11,,0.45454545454545453,0.022727272727272728,0.625,NOT_ESTIMABLE,,,NOT_ESTIMABLE,,,NOT_ESTIMABLE,,,NOT_PRIMARY; use physical units and frozen spans
18,f18-1a136fda6a2a,FORMAL_10K,HELDOUT_TRIPLE_AUDIT,STRICT_LUMPED,f12d43eace12231077007dc497fee8dad00fbe58cb2f1fe2c6159c47636b97a0,all_candidates,strict_valid,emx_minus_target,Qmin,dimensionless,8,1.0244710064356182,1.4799621454696508,-0.8208878507024535,0.4668387812239052,2.667774853365962,2.9169388373630816,NOT_ESTIMABLE,1,,,,,,,,,,,,,220,10,8,2,45,0,0,0,165,5,10,10,11,,0.45454545454545453,0.022727272727272728,0.625,NOT_ESTIMABLE,,,NOT_ESTIMABLE,,,NOT_ESTIMABLE,,,NOT_PRIMARY; use physical units and frozen spans
18,f18-1a136fda6a2a,FORMAL_10K,HELDOUT_TRIPLE_AUDIT,STRICT_LUMPED,f12d43eace12231077007dc497fee8dad00fbe58cb2f1fe2c6159c47636b97a0,all_candidates,strict_valid,emx_minus_target,K_abs,dimensionless,8,0.03762720538060667,0.05446421838490154,0.03762720538060667,0.01547434995649391,0.09533696215093013,0.10007965958929109,NOT_ESTIMABLE,1,,,,,,,,,,,,,220,10,8,2,45,0,0,0,165,5,10,10,11,,0.45454545454545453,0.022727272727272728,0.625,NOT_ESTIMABLE,,,NOT_ESTIMABLE,,,NOT_ESTIMABLE,,,NOT_PRIMARY; use physical units and frozen spans
18,f18-1a136fda6a2a,FORMAL_10K,HELDOUT_TRIPLE_AUDIT,STRICT_LUMPED,f12d43eace12231077007dc497fee8dad00fbe58cb2f1fe2c6159c47636b97a0,all_candidates,strict_valid,emx_minus_frozen_proxy,Lp_nH,nH,8,0.011331159103376925,0.015594354384405956,0.004316569033969819,0.010313839649538303,0.02215381618206129,0.029213587595456406,NOT_ESTIMABLE,1,,,,,,,,,,,,,220,10,8,2,45,0,0,0,165,5,10,10,11,,0.45454545454545453,0.022727272727272728,0.625,NOT_ESTIMABLE,,,NOT_ESTIMABLE,,,NOT_ESTIMABLE,,,NOT_PRIMARY; use physical units and frozen spans
18,f18-1a136fda6a2a,FORMAL_10K,HELDOUT_TRIPLE_AUDIT,STRICT_LUMPED,f12d43eace12231077007dc497fee8dad00fbe58cb2f1fe2c6159c47636b97a0,all_candidates,strict_valid,emx_minus_frozen_proxy,Ls_nH,nH,8,0.013108795668228562,0.015560466855690543,0.004280657468314603,0.013184718249761529,0.022697065668994987,0.02366199021880261,NOT_ESTIMABLE,1,,,,,,,,,,,,,220,10,8,2,45,0,0,0,165,5,10,10,11,,0.45454545454545453,0.022727272727272728,0.625,NOT_ESTIMABLE,,,NOT_ESTIMABLE,,,NOT_ESTIMABLE,,,NOT_PRIMARY; use physical units and frozen spans
18,f18-1a136fda6a2a,FORMAL_10K,HELDOUT_TRIPLE_AUDIT,STRICT_LUMPED,f12d43eace12231077007dc497fee8dad00fbe58cb2f1fe2c6159c47636b97a0,all_candidates,strict_valid,emx_minus_frozen_proxy,Qmin,dimensionless,8,0.3281816443481975,0.46036011899086854,-0.2347326745397338,0.22135548962859541,0.7729302717314521,0.8933035631640596,NOT_ESTIMABLE,1,,,,,,,,,,,,,220,10,8,2,45,0,0,0,165,5,10,10,11,,0.45454545454545453,0.022727272727272728,0.625,NOT_ESTIMABLE,,,NOT_ESTIMABLE,,,NOT_ESTIMABLE,,,NOT_PRIMARY; use physical units and frozen spans
18,f18-1a136fda6a2a,FORMAL_10K,HELDOUT_TRIPLE_AUDIT,STRICT_LUMPED,f12d43eace12231077007dc497fee8dad00fbe58cb2f1fe2c6159c47636b97a0,all_candidates,strict_valid,emx_minus_frozen_proxy,K_abs,dimensionless,8,0.007951598823370352,0.012450194180785808,0.007951598823370352,0.003924895120144184,0.016456885684037182,0.02412373992771133,NOT_ESTIMABLE,1,,,,,,,,,,,,,220,10,8,2,45,0,0,0,165,5,10,10,11,,0.45454545454545453,0.022727272727272728,0.625,NOT_ESTIMABLE,,,NOT_ESTIMABLE,,,NOT_ESTIMABLE,,,NOT_PRIMARY; use physical units and frozen spans
18,f18-1a136fda6a2a,FORMAL_10K,HELDOUT_TRIPLE_AUDIT,STRICT_LUMPED,f12d43eace12231077007dc497fee8dad00fbe58cb2f1fe2c6159c47636b97a0,all_candidates,all_finite_diagnostic,emx_minus_target,Lp_nH,nH,10,0.05007754318580935,0.07214871756724237,0.005128505231669411,0.02870772484118217,0.1113455898883278,0.13812454024701265,NOT_ESTIMABLE,1,,,,,,,,,,,,,220,10,8,2,45,0,0,0,165,5,10,10,11,,0.45454545454545453,0.022727272727272728,0.625,NOT_ESTIMABLE,,,NOT_ESTIMABLE,,,NOT_ESTIMABLE,,,NOT_PRIMARY; use physical units and frozen spans
18,f18-1a136fda6a2a,FORMAL_10K,HELDOUT_TRIPLE_AUDIT,STRICT_LUMPED,f12d43eace12231077007dc497fee8dad00fbe58cb2f1fe2c6159c47636b97a0,all_candidates,all_finite_diagnostic,emx_minus_target,Ls_nH,nH,10,0.06296047416286957,0.10157015473965017,-0.059973239661631504,0.0273134825385426,0.19485449870091193,0.22004446904343036,NOT_ESTIMABLE,1,,,,,,,,,,,,,220,10,8,2,45,0,0,0,165,5,10,10,11,,0.45454545454545453,0.022727272727272728,0.625,NOT_ESTIMABLE,,,NOT_ESTIMABLE,,,NOT_ESTIMABLE,,,NOT_PRIMARY; use physical units and frozen spans
18,f18-1a136fda6a2a,FORMAL_10K,HELDOUT_TRIPLE_AUDIT,STRICT_LUMPED,f12d43eace12231077007dc497fee8dad00fbe58cb2f1fe2c6159c47636b97a0,all_candidates,all_finite_diagnostic,emx_minus_target,Qmin,dimensionless,10,0.9795545492777527,1.3894398482716799,-0.49673253643270476,0.4668387812239052,2.5253954339390363,2.8457491276496185,NOT_ESTIMABLE,1,,,,,,,,,,,,,220,10,8,2,45,0,0,0,165,5,10,10,11,,0.45454545454545453,0.022727272727272728,0.625,NOT_ESTIMABLE,,,NOT_ESTIMABLE,,,NOT_ESTIMABLE,,,NOT_PRIMARY; use physical units and frozen spans
18,f18-1a136fda6a2a,FORMAL_10K,HELDOUT_TRIPLE_AUDIT,STRICT_LUMPED,f12d43eace12231077007dc497fee8dad00fbe58cb2f1fe2c6159c47636b97a0,all_candidates,all_finite_diagnostic,emx_minus_target,K_abs,dimensionless,10,0.04593816028052469,0.06061964213925754,0.04593816028052469,0.04138157328217542,0.09564554925553663,0.10023395314159433,NOT_ESTIMABLE,1,,,,,,,,,,,,,220,10,8,2,45,0,0,0,165,5,10,10,11,,0.45454545454545453,0.022727272727272728,0.625,NOT_ESTIMABLE,,,NOT_ESTIMABLE,,,NOT_ESTIMABLE,,,NOT_PRIMARY; use physical units and frozen spans
18,f18-1a136fda6a2a,FORMAL_10K,HELDOUT_TRIPLE_AUDIT,STRICT_LUMPED,f12d43eace12231077007dc497fee8dad00fbe58cb2f1fe2c6159c47636b97a0,all_candidates,all_finite_diagnostic,emx_minus_frozen_proxy,Lp_nH,nH,10,0.011423421727150652,0.014912159703231205,0.0010947607827267447,0.010975528478279095,0.018119661088692646,0.02719651004877207,NOT_ESTIMABLE,1,,,,,,,,,,,,,220,10,8,2,45,0,0,0,165,5,10,10,11,,0.45454545454545453,0.022727272727272728,0.625,NOT_ESTIMABLE,,,NOT_ESTIMABLE,,,NOT_ESTIMABLE,,,NOT_PRIMARY; use physical units and frozen spans
18,f18-1a136fda6a2a,FORMAL_10K,HELDOUT_TRIPLE_AUDIT,STRICT_LUMPED,f12d43eace12231077007dc497fee8dad00fbe58cb2f1fe2c6159c47636b97a0,all_candidates,all_finite_diagnostic,emx_minus_frozen_proxy,Ls_nH,nH,10,0.013912993513566386,0.017132924393628634,0.006293277938657282,0.013184718249761529,0.025311577763243772,0.02839256123909472,NOT_ESTIMABLE,1,,,,,,,,,,,,,220,10,8,2,45,0,0,0,165,5,10,10,11,,0.45454545454545453,0.022727272727272728,0.625,NOT_ESTIMABLE,,,NOT_ESTIMABLE,,,NOT_ESTIMABLE,,,NOT_PRIMARY; use physical units and frozen spans
18,f18-1a136fda6a2a,FORMAL_10K,HELDOUT_TRIPLE_AUDIT,STRICT_LUMPED,f12d43eace12231077007dc497fee8dad00fbe58cb2f1fe2c6159c47636b97a0,all_candidates,all_finite_diagnostic,emx_minus_frozen_proxy,Qmin,dimensionless,10,0.38291730279461245,0.49210434062810754,-0.30815812694784145,0.28366868980927684,0.7041455337699619,0.8589111941833144,NOT_ESTIMABLE,1,,,,,,,,,,,,,220,10,8,2,45,0,0,0,165,5,10,10,11,,0.45454545454545453,0.022727272727272728,0.625,NOT_ESTIMABLE,,,NOT_ESTIMABLE,,,NOT_ESTIMABLE,,,NOT_PRIMARY; use physical units and frozen spans
18,f18-1a136fda6a2a,FORMAL_10K,HELDOUT_TRIPLE_AUDIT,STRICT_LUMPED,f12d43eace12231077007dc497fee8dad00fbe58cb2f1fe2c6159c47636b97a0,all_candidates,all_finite_diagnostic,emx_minus_frozen_proxy,K_abs,dimensionless,10,0.013538010881973105,0.02035419221963028,0.013538010881973105,0.006766353479675059,0.03347974195460181,0.041080906979075245,NOT_ESTIMABLE,1,,,,,,,,,,,,,220,10,8,2,45,0,0,0,165,5,10,10,11,,0.45454545454545453,0.022727272727272728,0.625,NOT_ESTIMABLE,,,NOT_ESTIMABLE,,,NOT_ESTIMABLE,,,NOT_PRIMARY; use physical units and frozen spans
18,f18-1a136fda6a2a,FORMAL_10K,HELDOUT_TRIPLE_AUDIT,STRICT_LUMPED,f12d43eace12231077007dc497fee8dad00fbe58cb2f1fe2c6159c47636b97a0,selected_q_proxy,strict_valid,emx_minus_target,Lp_nH,nH,1,0.003840042878877181,0.003840042878877181,0.003840042878877181,0.003840042878877181,0.003840042878877181,0.003840042878877181,NOT_ESTIMABLE,1,,,,,,,,,,,,,20,1,1,0,0,0,0,0,19,1,1,1,1,,1.0,0.05,1.0,NOT_ESTIMABLE,,,NOT_ESTIMABLE,,,NOT_ESTIMABLE,,,NOT_PRIMARY; use physical units and frozen spans
18,f18-1a136fda6a2a,FORMAL_10K,HELDOUT_TRIPLE_AUDIT,STRICT_LUMPED,f12d43eace12231077007dc497fee8dad00fbe58cb2f1fe2c6159c47636b97a0,selected_q_proxy,strict_valid,emx_minus_target,Ls_nH,nH,1,0.011743183757633169,0.011743183757633169,-0.011743183757633169,0.011743183757633169,0.011743183757633169,0.011743183757633169,NOT_ESTIMABLE,1,,,,,,,,,,,,,20,1,1,0,0,0,0,0,19,1,1,1,1,,1.0,0.05,1.0,NOT_ESTIMABLE,,,NOT_ESTIMABLE,,,NOT_ESTIMABLE,,,NOT_PRIMARY; use physical units and frozen spans
18,f18-1a136fda6a2a,FORMAL_10K,HELDOUT_TRIPLE_AUDIT,STRICT_LUMPED,f12d43eace12231077007dc497fee8dad00fbe58cb2f1fe2c6159c47636b97a0,selected_q_proxy,strict_valid,emx_minus_target,Qmin,dimensionless,1,0.19830905997644876,0.19830905997644876,0.19830905997644876,0.19830905997644876,0.19830905997644876,0.19830905997644876,NOT_ESTIMABLE,1,,,,,,,,,,,,,20,1,1,0,0,0,0,0,19,1,1,1,1,,1.0,0.05,1.0,NOT_ESTIMABLE,,,NOT_ESTIMABLE,,,NOT_ESTIMABLE,,,NOT_PRIMARY; use physical units and frozen spans
18,f18-1a136fda6a2a,FORMAL_10K,HELDOUT_TRIPLE_AUDIT,STRICT_LUMPED,f12d43eace12231077007dc497fee8dad00fbe58cb2f1fe2c6159c47636b97a0,selected_q_proxy,strict_valid,emx_minus_target,K_abs,dimensionless,1,0.0039831968210884,0.0039831968210884,0.0039831968210884,0.0039831968210884,0.0039831968210884,0.0039831968210884,NOT_ESTIMABLE,1,,,,,,,,,,,,,20,1,1,0,0,0,0,0,19,1,1,1,1,,1.0,0.05,1.0,NOT_ESTIMABLE,,,NOT_ESTIMABLE,,,NOT_ESTIMABLE,,,NOT_PRIMARY; use physical units and frozen spans
18,f18-1a136fda6a2a,FORMAL_10K,HELDOUT_TRIPLE_AUDIT,STRICT_LUMPED,f12d43eace12231077007dc497fee8dad00fbe58cb2f1fe2c6159c47636b97a0,selected_q_proxy,strict_valid,emx_minus_frozen_proxy,Lp_nH,nH,1,0.010412709300549494,0.010412709300549494,-0.010412709300549494,0.010412709300549494,0.010412709300549494,0.010412709300549494,NOT_ESTIMABLE,1,,,,,,,,,,,,,20,1,1,0,0,0,0,0,19,1,1,1,1,,1.0,0.05,1.0,NOT_ESTIMABLE,,,NOT_ESTIMABLE,,,NOT_ESTIMABLE,,,NOT_PRIMARY; use physical units and frozen spans
18,f18-1a136fda6a2a,FORMAL_10K,HELDOUT_TRIPLE_AUDIT,STRICT_LUMPED,f12d43eace12231077007dc497fee8dad00fbe58cb2f1fe2c6159c47636b97a0,selected_q_proxy,strict_valid,emx_minus_frozen_proxy,Ls_nH,nH,1,0.013769224350551168,0.013769224350551168,-0.013769224350551168,0.013769224350551168,0.013769224350551168,0.013769224350551168,NOT_ESTIMABLE,1,,,,,,,,,,,,,20,1,1,0,0,0,0,0,19,1,1,1,1,,1.0,0.05,1.0,NOT_ESTIMABLE,,,NOT_ESTIMABLE,,,NOT_ESTIMABLE,,,NOT_PRIMARY; use physical units and frozen spans
18,f18-1a136fda6a2a,FORMAL_10K,HELDOUT_TRIPLE_AUDIT,STRICT_LUMPED,f12d43eace12231077007dc497fee8dad00fbe58cb2f1fe2c6159c47636b97a0,selected_q_proxy,strict_valid,emx_minus_frozen_proxy,Qmin,dimensionless,1,0.19426738822351908,0.19426738822351908,0.19426738822351908,0.19426738822351908,0.19426738822351908,0.19426738822351908,NOT_ESTIMABLE,1,,,,,,,,,,,,,20,1,1,0,0,0,0,0,19,1,1,1,1,,1.0,0.05,1.0,NOT_ESTIMABLE,,,NOT_ESTIMABLE,,,NOT_ESTIMABLE,,,NOT_PRIMARY; use physical units and frozen spans
18,f18-1a136fda6a2a,FORMAL_10K,HELDOUT_TRIPLE_AUDIT,STRICT_LUMPED,f12d43eace12231077007dc497fee8dad00fbe58cb2f1fe2c6159c47636b97a0,selected_q_proxy,strict_valid,emx_minus_frozen_proxy,K_abs,dimensionless,1,0.0014442942169990147,0.0014442942169990147,0.0014442942169990147,0.0014442942169990147,0.0014442942169990147,0.0014442942169990147,NOT_ESTIMABLE,1,,,,,,,,,,,,,20,1,1,0,0,0,0,0,19,1,1,1,1,,1.0,0.05,1.0,NOT_ESTIMABLE,,,NOT_ESTIMABLE,,,NOT_ESTIMABLE,,,NOT_PRIMARY; use physical units and frozen spans
18,f18-1a136fda6a2a,FORMAL_10K,HELDOUT_TRIPLE_AUDIT,STRICT_LUMPED,f12d43eace12231077007dc497fee8dad00fbe58cb2f1fe2c6159c47636b97a0,selected_q_proxy,all_finite_diagnostic,emx_minus_target,Lp_nH,nH,1,0.003840042878877181,0.003840042878877181,0.003840042878877181,0.003840042878877181,0.003840042878877181,0.003840042878877181,NOT_ESTIMABLE,1,,,,,,,,,,,,,20,1,1,0,0,0,0,0,19,1,1,1,1,,1.0,0.05,1.0,NOT_ESTIMABLE,,,NOT_ESTIMABLE,,,NOT_ESTIMABLE,,,NOT_PRIMARY; use physical units and frozen spans
18,f18-1a136fda6a2a,FORMAL_10K,HELDOUT_TRIPLE_AUDIT,STRICT_LUMPED,f12d43eace12231077007dc497fee8dad00fbe58cb2f1fe2c6159c47636b97a0,selected_q_proxy,all_finite_diagnostic,emx_minus_target,Ls_nH,nH,1,0.011743183757633169,0.011743183757633169,-0.011743183757633169,0.011743183757633169,0.011743183757633169,0.011743183757633169,NOT_ESTIMABLE,1,,,,,,,,,,,,,20,1,1,0,0,0,0,0,19,1,1,1,1,,1.0,0.05,1.0,NOT_ESTIMABLE,,,NOT_ESTIMABLE,,,NOT_ESTIMABLE,,,NOT_PRIMARY; use physical units and frozen spans
18,f18-1a136fda6a2a,FORMAL_10K,HELDOUT_TRIPLE_AUDIT,STRICT_LUMPED,f12d43eace12231077007dc497fee8dad00fbe58cb2f1fe2c6159c47636b97a0,selected_q_proxy,all_finite_diagnostic,emx_minus_target,Qmin,dimensionless,1,0.19830905997644876,0.19830905997644876,0.19830905997644876,0.19830905997644876,0.19830905997644876,0.19830905997644876,NOT_ESTIMABLE,1,,,,,,,,,,,,,20,1,1,0,0,0,0,0,19,1,1,1,1,,1.0,0.05,1.0,NOT_ESTIMABLE,,,NOT_ESTIMABLE,,,NOT_ESTIMABLE,,,NOT_PRIMARY; use physical units and frozen spans
18,f18-1a136fda6a2a,FORMAL_10K,HELDOUT_TRIPLE_AUDIT,STRICT_LUMPED,f12d43eace12231077007dc497fee8dad00fbe58cb2f1fe2c6159c47636b97a0,selected_q_proxy,all_finite_diagnostic,emx_minus_target,K_abs,dimensionless,1,0.0039831968210884,0.0039831968210884,0.0039831968210884,0.0039831968210884,0.0039831968210884,0.0039831968210884,NOT_ESTIMABLE,1,,,,,,,,,,,,,20,1,1,0,0,0,0,0,19,1,1,1,1,,1.0,0.05,1.0,NOT_ESTIMABLE,,,NOT_ESTIMABLE,,,NOT_ESTIMABLE,,,NOT_PRIMARY; use physical units and frozen spans
18,f18-1a136fda6a2a,FORMAL_10K,HELDOUT_TRIPLE_AUDIT,STRICT_LUMPED,f12d43eace12231077007dc497fee8dad00fbe58cb2f1fe2c6159c47636b97a0,selected_q_proxy,all_finite_diagnostic,emx_minus_frozen_proxy,Lp_nH,nH,1,0.010412709300549494,0.010412709300549494,-0.010412709300549494,0.010412709300549494,0.010412709300549494,0.010412709300549494,NOT_ESTIMABLE,1,,,,,,,,,,,,,20,1,1,0,0,0,0,0,19,1,1,1,1,,1.0,0.05,1.0,NOT_ESTIMABLE,,,NOT_ESTIMABLE,,,NOT_ESTIMABLE,,,NOT_PRIMARY; use physical units and frozen spans
18,f18-1a136fda6a2a,FORMAL_10K,HELDOUT_TRIPLE_AUDIT,STRICT_LUMPED,f12d43eace12231077007dc497fee8dad00fbe58cb2f1fe2c6159c47636b97a0,selected_q_proxy,all_finite_diagnostic,emx_minus_frozen_proxy,Ls_nH,nH,1,0.013769224350551168,0.013769224350551168,-0.013769224350551168,0.013769224350551168,0.013769224350551168,0.013769224350551168,NOT_ESTIMABLE,1,,,,,,,,,,,,,20,1,1,0,0,0,0,0,19,1,1,1,1,,1.0,0.05,1.0,NOT_ESTIMABLE,,,NOT_ESTIMABLE,,,NOT_ESTIMABLE,,,NOT_PRIMARY; use physical units and frozen spans
18,f18-1a136fda6a2a,FORMAL_10K,HELDOUT_TRIPLE_AUDIT,STRICT_LUMPED,f12d43eace12231077007dc497fee8dad00fbe58cb2f1fe2c6159c47636b97a0,selected_q_proxy,all_finite_diagnostic,emx_minus_frozen_proxy,Qmin,dimensionless,1,0.19426738822351908,0.19426738822351908,0.19426738822351908,0.19426738822351908,0.19426738822351908,0.19426738822351908,NOT_ESTIMABLE,1,,,,,,,,,,,,,20,1,1,0,0,0,0,0,19,1,1,1,1,,1.0,0.05,1.0,NOT_ESTIMABLE,,,NOT_ESTIMABLE,,,NOT_ESTIMABLE,,,NOT_PRIMARY; use physical units and frozen spans
18,f18-1a136fda6a2a,FORMAL_10K,HELDOUT_TRIPLE_AUDIT,STRICT_LUMPED,f12d43eace12231077007dc497fee8dad00fbe58cb2f1fe2c6159c47636b97a0,selected_q_proxy,all_finite_diagnostic,emx_minus_frozen_proxy,K_abs,dimensionless,1,0.0014442942169990147,0.0014442942169990147,0.0014442942169990147,0.0014442942169990147,0.0014442942169990147,0.0014442942169990147,NOT_ESTIMABLE,1,,,,,,,,,,,,,20,1,1,0,0,0,0,0,19,1,1,1,1,,1.0,0.05,1.0,NOT_ESTIMABLE,,,NOT_ESTIMABLE,,,NOT_ESTIMABLE,,,NOT_PRIMARY; use physical units and frozen spans
19,f19-e02801471b97,FORMAL_10K,HELDOUT_TRIPLE_AUDIT,STRICT_LUMPED,f12d43eace12231077007dc497fee8dad00fbe58cb2f1fe2c6159c47636b97a0,all_candidates,strict_valid,emx_minus_target,Lp_nH,nH,6,0.012768351671898623,0.017007625703223957,-0.002781636607875134,0.008358075109032803,0.026855319159161672,0.03054041591427273,NOT_ESTIMABLE,1,,,,,,,,,,,,,220,9,6,3,24,2,0,0,185,4,9,9,11,,0.36363636363636365,0.01818181818181818,0.6666666666666666,NOT_ESTIMABLE,,,NOT_ESTIMABLE,,,NOT_ESTIMABLE,,,NOT_PRIMARY; use physical units and frozen spans
19,f19-e02801471b97,FORMAL_10K,HELDOUT_TRIPLE_AUDIT,STRICT_LUMPED,f12d43eace12231077007dc497fee8dad00fbe58cb2f1fe2c6159c47636b97a0,all_candidates,strict_valid,emx_minus_target,Ls_nH,nH,6,0.011146745844670422,0.012434441093939643,0.010257307020517045,0.01158854332732423,0.017298419233279183,0.017309686283521336,NOT_ESTIMABLE,1,,,,,,,,,,,,,220,9,6,3,24,2,0,0,185,4,9,9,11,,0.36363636363636365,0.01818181818181818,0.6666666666666666,NOT_ESTIMABLE,,,NOT_ESTIMABLE,,,NOT_ESTIMABLE,,,NOT_PRIMARY; use physical units and frozen spans
19,f19-e02801471b97,FORMAL_10K,HELDOUT_TRIPLE_AUDIT,STRICT_LUMPED,f12d43eace12231077007dc497fee8dad00fbe58cb2f1fe2c6159c47636b97a0,all_candidates,strict_valid,emx_minus_target,Qmin,dimensionless,6,0.5678376936046394,0.7008879708304472,0.018037056197684958,0.5326609901506281,1.0839775810216725,1.1056838771777384,NOT_ESTIMABLE,1,,,,,,,,,,,,,220,9,6,3,24,2,0,0,185,4,9,9,11,,0.36363636363636365,0.01818181818181818,0.6666666666666666,NOT_ESTIMABLE,,,NOT_ESTIMABLE,,,NOT_ESTIMABLE,,,NOT_PRIMARY; use physical units and frozen spans
19,f19-e02801471b97,FORMAL_10K,HELDOUT_TRIPLE_AUDIT,STRICT_LUMPED,f12d43eace12231077007dc497fee8dad00fbe58cb2f1fe2c6159c47636b97a0,all_candidates,strict_valid,emx_minus_target,K_abs,dimensionless,6,0.016855908420083828,0.024010010545465362,-0.002704070276719738,0.010951649475077513,0.036574812886297894,0.04458611158947822,NOT_ESTIMABLE,1,,,,,,,,,,,,,220,9,6,3,24,2,0,0,185,4,9,9,11,,0.36363636363636365,0.01818181818181818,0.6666666666666666,NOT_ESTIMABLE,,,NOT_ESTIMABLE,,,NOT_ESTIMABLE,,,NOT_PRIMARY; use physical units and frozen spans
19,f19-e02801471b97,FORMAL_10K,HELDOUT_TRIPLE_AUDIT,STRICT_LUMPED,f12d43eace12231077007dc497fee8dad00fbe58cb2f1fe2c6159c47636b97a0,all_candidates,strict_valid,emx_minus_frozen_proxy,Lp_nH,nH,6,0.006032961881059451,0.006877451794187685,0.003096574268506939,0.0057739775509556,0.009544562404383228,0.01109420837312422,NOT_ESTIMABLE,1,,,,,,,,,,,,,220,9,6,3,24,2,0,0,185,4,9,9,11,,0.36363636363636365,0.01818181818181818,0.6666666666666666,NOT_ESTIMABLE,,,NOT_ESTIMABLE,,,NOT_ESTIMABLE,,,NOT_PRIMARY; use physical units and frozen spans
19,f19-e02801471b97,FORMAL_10K,HELDOUT_TRIPLE_AUDIT,STRICT_LUMPED,f12d43eace12231077007dc497fee8dad00fbe58cb2f1fe2c6159c47636b97a0,all_candidates,strict_valid,emx_minus_frozen_proxy,Ls_nH,nH,6,0.0036084791042969946,0.004452231780834944,0.0015146533646131684,0.003966055564545878,0.006426325841974501,0.006598345172494274,NOT_ESTIMABLE,1,,,,,,,,,,,,,220,9,6,3,24,2,0,0,185,4,9,9,11,,0.36363636363636365,0.01818181818181818,0.6666666666666666,NOT_ESTIMABLE,,,NOT_ESTIMABLE,,,NOT_ESTIMABLE,,,NOT_PRIMARY; use physical units and frozen spans
19,f19-e02801471b97,FORMAL_10K,HELDOUT_TRIPLE_AUDIT,STRICT_LUMPED,f12d43eace12231077007dc497fee8dad00fbe58cb2f1fe2c6159c47636b97a0,all_candidates,strict_valid,emx_minus_frozen_proxy,Qmin,dimensionless,6,0.20076251618603358,0.24610140593635663,-0.04052252047264382,0.15176694943158964,0.37675955811327455,0.42397934131153114,NOT_ESTIMABLE,1,,,,,,,,,,,,,220,9,6,3,24,2,0,0,185,4,9,9,11,,0.36363636363636365,0.01818181818181818,0.6666666666666666,NOT_ESTIMABLE,,,NOT_ESTIMABLE,,,NOT_ESTIMABLE,,,NOT_PRIMARY; use physical units and frozen spans
19,f19-e02801471b97,FORMAL_10K,HELDOUT_TRIPLE_AUDIT,STRICT_LUMPED,f12d43eace12231077007dc497fee8dad00fbe58cb2f1fe2c6159c47636b97a0,all_candidates,strict_valid,emx_minus_frozen_proxy,K_abs,dimensionless,6,0.00963080322401525,0.011428522519866554,-0.0005291026076444891,0.012873843806543689,0.014982417005431098,0.015225087696632625,NOT_ESTIMABLE,1,,,,,,,,,,,,,220,9,6,3,24,2,0,0,185,4,9,9,11,,0.36363636363636365,0.01818181818181818,0.6666666666666666,NOT_ESTIMABLE,,,NOT_ESTIMABLE,,,NOT_ESTIMABLE,,,NOT_PRIMARY; use physical units and frozen spans
19,f19-e02801471b97,FORMAL_10K,HELDOUT_TRIPLE_AUDIT,STRICT_LUMPED,f12d43eace12231077007dc497fee8dad00fbe58cb2f1fe2c6159c47636b97a0,all_candidates,all_finite_diagnostic,emx_minus_target,Lp_nH,nH,9,0.031693877701553186,0.042827647720938465,-0.02503606765887086,0.01948512564893956,0.07527526855582467,0.07639349627074421,NOT_ESTIMABLE,1,,,,,,,,,,,,,220,9,6,3,24,2,0,0,185,4,9,9,11,,0.36363636363636365,0.01818181818181818,0.6666666666666666,NOT_ESTIMABLE,,,NOT_ESTIMABLE,,,NOT_ESTIMABLE,,,NOT_PRIMARY; use physical units and frozen spans
19,f19-e02801471b97,FORMAL_10K,HELDOUT_TRIPLE_AUDIT,STRICT_LUMPED,f12d43eace12231077007dc497fee8dad00fbe58cb2f1fe2c6159c47636b97a0,all_candidates,all_finite_diagnostic,emx_minus_target,Ls_nH,nH,9,0.042498873691535946,0.06584923695394097,-0.0282295051147443,0.017275885132794877,0.12029448246163435,0.13537893317412447,NOT_ESTIMABLE,1,,,,,,,,,,,,,220,9,6,3,24,2,0,0,185,4,9,9,11,,0.36363636363636365,0.01818181818181818,0.6666666666666666,NOT_ESTIMABLE,,,NOT_ESTIMABLE,,,NOT_ESTIMABLE,,,NOT_PRIMARY; use physical units and frozen spans
19,f19-e02801471b97,FORMAL_10K,HELDOUT_TRIPLE_AUDIT,STRICT_LUMPED,f12d43eace12231077007dc497fee8dad00fbe58cb2f1fe2c6159c47636b97a0,all_candidates,all_finite_diagnostic,emx_minus_target,Qmin,dimensionless,9,1.6890546493686074,2.3598290653680243,1.3225208910973043,1.0405649887095407,4.136190745675954,4.318153264200633,NOT_ESTIMABLE,1,,,,,,,,,,,,,220,9,6,3,24,2,0,0,185,4,9,9,11,,0.36363636363636365,0.01818181818181818,0.6666666666666666,NOT_ESTIMABLE,,,NOT_ESTIMABLE,,,NOT_ESTIMABLE,,,NOT_PRIMARY; use physical units and frozen spans
19,f19-e02801471b97,FORMAL_10K,HELDOUT_TRIPLE_AUDIT,STRICT_LUMPED,f12d43eace12231077007dc497fee8dad00fbe58cb2f1fe2c6159c47636b97a0,all_candidates,all_finite_diagnostic,emx_minus_target,K_abs,dimensionless,9,0.03674802845436069,0.04852510028781038,0.023708042656491644,0.02055221547993724,0.07468377207802125,0.08079709519753633,NOT_ESTIMABLE,1,,,,,,,,,,,,,220,9,6,3,24,2,0,0,185,4,9,9,11,,0.36363636363636365,0.01818181818181818,0.6666666666666666,NOT_ESTIMABLE,,,NOT_ESTIMABLE,,,NOT_ESTIMABLE,,,NOT_PRIMARY; use physical units and frozen spans
19,f19-e02801471b97,FORMAL_10K,HELDOUT_TRIPLE_AUDIT,STRICT_LUMPED,f12d43eace12231077007dc497fee8dad00fbe58cb2f1fe2c6159c47636b97a0,all_candidates,all_finite_diagnostic,emx_minus_frozen_proxy,Lp_nH,nH,9,0.0075243211016469014,0.009610127674374911,0.005566729359945227,0.006116033118396702,0.014490870142292401,0.018184901743146773,NOT_ESTIMABLE,1,,,,,,,,,,,,,220,9,6,3,24,2,0,0,185,4,9,9,11,,0.36363636363636365,0.01818181818181818,0.6666666666666666,NOT_ESTIMABLE,,,NOT_ESTIMABLE,,,NOT_ESTIMABLE,,,NOT_PRIMARY; use physical units and frozen spans
19,f19-e02801471b97,FORMAL_10K,HELDOUT_TRIPLE_AUDIT,STRICT_LUMPED,f12d43eace12231077007dc497fee8dad00fbe58cb2f1fe2c6159c47636b97a0,all_candidates,all_finite_diagnostic,emx_minus_frozen_proxy,Ls_nH,nH,9,0.009707022753510751,0.013544664747637231,0.008311138927054866,0.006082287180934953,0.020965825975102683,0.02534218397700811,NOT_ESTIMABLE,1,,,,,,,,,,,,,220,9,6,3,24,2,0,0,185,4,9,9,11,,0.36363636363636365,0.01818181818181818,0.6666666666666666,NOT_ESTIMABLE,,,NOT_ESTIMABLE,,,NOT_ESTIMABLE,,,NOT_PRIMARY; use physical units and frozen spans
19,f19-e02801471b97,FORMAL_10K,HELDOUT_TRIPLE_AUDIT,STRICT_LUMPED,f12d43eace12231077007dc497fee8dad00fbe58cb2f1fe2c6159c47636b97a0,all_candidates,all_finite_diagnostic,emx_minus_frozen_proxy,Qmin,dimensionless,9,0.5050641048581608,0.7150568947971887,-0.3982374410492342,0.28231999171676136,1.2559002424832255,1.4232365826011248,NOT_ESTIMABLE,1,,,,,,,,,,,,,220,9,6,3,24,2,0,0,185,4,9,9,11,,0.36363636363636365,0.01818181818181818,0.6666666666666666,NOT_ESTIMABLE,,,NOT_ESTIMABLE,,,NOT_ESTIMABLE,,,NOT_PRIMARY; use physical units and frozen spans
19,f19-e02801471b97,FORMAL_10K,HELDOUT_TRIPLE_AUDIT,STRICT_LUMPED,f12d43eace12231077007dc497fee8dad00fbe58cb2f1fe2c6159c47636b97a0,all_candidates,all_finite_diagnostic,emx_minus_frozen_proxy,K_abs,dimensionless,9,0.023639297668966223,0.033062272998216714,0.016866027114526397,0.014497075623028044,0.05390758815466935,0.06496535903143533,NOT_ESTIMABLE,1,,,,,,,,,,,,,220,9,6,3,24,2,0,0,185,4,9,9,11,,0.36363636363636365,0.01818181818181818,0.6666666666666666,NOT_ESTIMABLE,,,NOT_ESTIMABLE,,,NOT_ESTIMABLE,,,NOT_PRIMARY; use physical units and frozen spans
19,f19-e02801471b97,FORMAL_10K,HELDOUT_TRIPLE_AUDIT,STRICT_LUMPED,f12d43eace12231077007dc497fee8dad00fbe58cb2f1fe2c6159c47636b97a0,selected_q_proxy,strict_valid,emx_minus_target,Lp_nH,nH,1,0.005384831293993808,0.005384831293993808,0.005384831293993808,0.005384831293993808,0.005384831293993808,0.005384831293993808,NOT_ESTIMABLE,1,,,,,,,,,,,,,20,1,1,0,0,0,0,0,19,1,1,1,1,,1.0,0.05,1.0,NOT_ESTIMABLE,,,NOT_ESTIMABLE,,,NOT_ESTIMABLE,,,NOT_PRIMARY; use physical units and frozen spans
19,f19-e02801471b97,FORMAL_10K,HELDOUT_TRIPLE_AUDIT,STRICT_LUMPED,f12d43eace12231077007dc497fee8dad00fbe58cb2f1fe2c6159c47636b97a0,selected_q_proxy,strict_valid,emx_minus_target,Ls_nH,nH,1,0.0026683164724601305,0.0026683164724601305,-0.0026683164724601305,0.0026683164724601305,0.0026683164724601305,0.0026683164724601305,NOT_ESTIMABLE,1,,,,,,,,,,,,,20,1,1,0,0,0,0,0,19,1,1,1,1,,1.0,0.05,1.0,NOT_ESTIMABLE,,,NOT_ESTIMABLE,,,NOT_ESTIMABLE,,,NOT_PRIMARY; use physical units and frozen spans
19,f19-e02801471b97,FORMAL_10K,HELDOUT_TRIPLE_AUDIT,STRICT_LUMPED,f12d43eace12231077007dc497fee8dad00fbe58cb2f1fe2c6159c47636b97a0,selected_q_proxy,strict_valid,emx_minus_target,Qmin,dimensionless,1,0.4637814456767799,0.4637814456767799,-0.4637814456767799,0.4637814456767799,0.4637814456767799,0.4637814456767799,NOT_ESTIMABLE,1,,,,,,,,,,,,,20,1,1,0,0,0,0,0,19,1,1,1,1,,1.0,0.05,1.0,NOT_ESTIMABLE,,,NOT_ESTIMABLE,,,NOT_ESTIMABLE,,,NOT_PRIMARY; use physical units and frozen spans
19,f19-e02801471b97,FORMAL_10K,HELDOUT_TRIPLE_AUDIT,STRICT_LUMPED,f12d43eace12231077007dc497fee8dad00fbe58cb2f1fe2c6159c47636b97a0,selected_q_proxy,strict_valid,emx_minus_target,K_abs,dimensionless,1,0.013177270401612207,0.013177270401612207,0.013177270401612207,0.013177270401612207,0.013177270401612207,0.013177270401612207,NOT_ESTIMABLE,1,,,,,,,,,,,,,20,1,1,0,0,0,0,0,19,1,1,1,1,,1.0,0.05,1.0,NOT_ESTIMABLE,,,NOT_ESTIMABLE,,,NOT_ESTIMABLE,,,NOT_PRIMARY; use physical units and frozen spans
19,f19-e02801471b97,FORMAL_10K,HELDOUT_TRIPLE_AUDIT,STRICT_LUMPED,f12d43eace12231077007dc497fee8dad00fbe58cb2f1fe2c6159c47636b97a0,selected_q_proxy,strict_valid,emx_minus_frozen_proxy,Lp_nH,nH,1,0.006116033118396702,0.006116033118396702,-0.006116033118396702,0.006116033118396702,0.006116033118396702,0.006116033118396702,NOT_ESTIMABLE,1,,,,,,,,,,,,,20,1,1,0,0,0,0,0,19,1,1,1,1,,1.0,0.05,1.0,NOT_ESTIMABLE,,,NOT_ESTIMABLE,,,NOT_ESTIMABLE,,,NOT_PRIMARY; use physical units and frozen spans
19,f19-e02801471b97,FORMAL_10K,HELDOUT_TRIPLE_AUDIT,STRICT_LUMPED,f12d43eace12231077007dc497fee8dad00fbe58cb2f1fe2c6159c47636b97a0,selected_q_proxy,strict_valid,emx_minus_frozen_proxy,Ls_nH,nH,1,0.000250179208106438,0.000250179208106438,-0.000250179208106438,0.000250179208106438,0.000250179208106438,0.000250179208106438,NOT_ESTIMABLE,1,,,,,,,,,,,,,20,1,1,0,0,0,0,0,19,1,1,1,1,,1.0,0.05,1.0,NOT_ESTIMABLE,,,NOT_ESTIMABLE,,,NOT_ESTIMABLE,,,NOT_PRIMARY; use physical units and frozen spans
19,f19-e02801471b97,FORMAL_10K,HELDOUT_TRIPLE_AUDIT,STRICT_LUMPED,f12d43eace12231077007dc497fee8dad00fbe58cb2f1fe2c6159c47636b97a0,selected_q_proxy,strict_valid,emx_minus_frozen_proxy,Qmin,dimensionless,1,0.47119912450978774,0.47119912450978774,-0.47119912450978774,0.47119912450978774,0.47119912450978774,0.47119912450978774,NOT_ESTIMABLE,1,,,,,,,,,,,,,20,1,1,0,0,0,0,0,19,1,1,1,1,,1.0,0.05,1.0,NOT_ESTIMABLE,,,NOT_ESTIMABLE,,,NOT_ESTIMABLE,,,NOT_PRIMARY; use physical units and frozen spans
19,f19-e02801471b97,FORMAL_10K,HELDOUT_TRIPLE_AUDIT,STRICT_LUMPED,f12d43eace12231077007dc497fee8dad00fbe58cb2f1fe2c6159c47636b97a0,selected_q_proxy,strict_valid,emx_minus_frozen_proxy,K_abs,dimensionless,1,0.012808026226084235,0.012808026226084235,0.012808026226084235,0.012808026226084235,0.012808026226084235,0.012808026226084235,NOT_ESTIMABLE,1,,,,,,,,,,,,,20,1,1,0,0,0,0,0,19,1,1,1,1,,1.0,0.05,1.0,NOT_ESTIMABLE,,,NOT_ESTIMABLE,,,NOT_ESTIMABLE,,,NOT_PRIMARY; use physical units and frozen spans
19,f19-e02801471b97,FORMAL_10K,HELDOUT_TRIPLE_AUDIT,STRICT_LUMPED,f12d43eace12231077007dc497fee8dad00fbe58cb2f1fe2c6159c47636b97a0,selected_q_proxy,all_finite_diagnostic,emx_minus_target,Lp_nH,nH,1,0.005384831293993808,0.005384831293993808,0.005384831293993808,0.005384831293993808,0.005384831293993808,0.005384831293993808,NOT_ESTIMABLE,1,,,,,,,,,,,,,20,1,1,0,0,0,0,0,19,1,1,1,1,,1.0,0.05,1.0,NOT_ESTIMABLE,,,NOT_ESTIMABLE,,,NOT_ESTIMABLE,,,NOT_PRIMARY; use physical units and frozen spans
19,f19-e02801471b97,FORMAL_10K,HELDOUT_TRIPLE_AUDIT,STRICT_LUMPED,f12d43eace12231077007dc497fee8dad00fbe58cb2f1fe2c6159c47636b97a0,selected_q_proxy,all_finite_diagnostic,emx_minus_target,Ls_nH,nH,1,0.0026683164724601305,0.0026683164724601305,-0.0026683164724601305,0.0026683164724601305,0.0026683164724601305,0.0026683164724601305,NOT_ESTIMABLE,1,,,,,,,,,,,,,20,1,1,0,0,0,0,0,19,1,1,1,1,,1.0,0.05,1.0,NOT_ESTIMABLE,,,NOT_ESTIMABLE,,,NOT_ESTIMABLE,,,NOT_PRIMARY; use physical units and frozen spans
19,f19-e02801471b97,FORMAL_10K,HELDOUT_TRIPLE_AUDIT,STRICT_LUMPED,f12d43eace12231077007dc497fee8dad00fbe58cb2f1fe2c6159c47636b97a0,selected_q_proxy,all_finite_diagnostic,emx_minus_target,Qmin,dimensionless,1,0.4637814456767799,0.4637814456767799,-0.4637814456767799,0.4637814456767799,0.4637814456767799,0.4637814456767799,NOT_ESTIMABLE,1,,,,,,,,,,,,,20,1,1,0,0,0,0,0,19,1,1,1,1,,1.0,0.05,1.0,NOT_ESTIMABLE,,,NOT_ESTIMABLE,,,NOT_ESTIMABLE,,,NOT_PRIMARY; use physical units and frozen spans
19,f19-e02801471b97,FORMAL_10K,HELDOUT_TRIPLE_AUDIT,STRICT_LUMPED,f12d43eace12231077007dc497fee8dad00fbe58cb2f1fe2c6159c47636b97a0,selected_q_proxy,all_finite_diagnostic,emx_minus_target,K_abs,dimensionless,1,0.013177270401612207,0.013177270401612207,0.013177270401612207,0.013177270401612207,0.013177270401612207,0.013177270401612207,NOT_ESTIMABLE,1,,,,,,,,,,,,,20,1,1,0,0,0,0,0,19,1,1,1,1,,1.0,0.05,1.0,NOT_ESTIMABLE,,,NOT_ESTIMABLE,,,NOT_ESTIMABLE,,,NOT_PRIMARY; use physical units and frozen spans
19,f19-e02801471b97,FORMAL_10K,HELDOUT_TRIPLE_AUDIT,STRICT_LUMPED,f12d43eace12231077007dc497fee8dad00fbe58cb2f1fe2c6159c47636b97a0,selected_q_proxy,all_finite_diagnostic,emx_minus_frozen_proxy,Lp_nH,nH,1,0.006116033118396702,0.006116033118396702,-0.006116033118396702,0.006116033118396702,0.006116033118396702,0.006116033118396702,NOT_ESTIMABLE,1,,,,,,,,,,,,,20,1,1,0,0,0,0,0,19,1,1,1,1,,1.0,0.05,1.0,NOT_ESTIMABLE,,,NOT_ESTIMABLE,,,NOT_ESTIMABLE,,,NOT_PRIMARY; use physical units and frozen spans
19,f19-e02801471b97,FORMAL_10K,HELDOUT_TRIPLE_AUDIT,STRICT_LUMPED,f12d43eace12231077007dc497fee8dad00fbe58cb2f1fe2c6159c47636b97a0,selected_q_proxy,all_finite_diagnostic,emx_minus_frozen_proxy,Ls_nH,nH,1,0.000250179208106438,0.000250179208106438,-0.000250179208106438,0.000250179208106438,0.000250179208106438,0.000250179208106438,NOT_ESTIMABLE,1,,,,,,,,,,,,,20,1,1,0,0,0,0,0,19,1,1,1,1,,1.0,0.05,1.0,NOT_ESTIMABLE,,,NOT_ESTIMABLE,,,NOT_ESTIMABLE,,,NOT_PRIMARY; use physical units and frozen spans
19,f19-e02801471b97,FORMAL_10K,HELDOUT_TRIPLE_AUDIT,STRICT_LUMPED,f12d43eace12231077007dc497fee8dad00fbe58cb2f1fe2c6159c47636b97a0,selected_q_proxy,all_finite_diagnostic,emx_minus_frozen_proxy,Qmin,dimensionless,1,0.47119912450978774,0.47119912450978774,-0.47119912450978774,0.47119912450978774,0.47119912450978774,0.47119912450978774,NOT_ESTIMABLE,1,,,,,,,,,,,,,20,1,1,0,0,0,0,0,19,1,1,1,1,,1.0,0.05,1.0,NOT_ESTIMABLE,,,NOT_ESTIMABLE,,,NOT_ESTIMABLE,,,NOT_PRIMARY; use physical units and frozen spans
19,f19-e02801471b97,FORMAL_10K,HELDOUT_TRIPLE_AUDIT,STRICT_LUMPED,f12d43eace12231077007dc497fee8dad00fbe58cb2f1fe2c6159c47636b97a0,selected_q_proxy,all_finite_diagnostic,emx_minus_frozen_proxy,K_abs,dimensionless,1,0.012808026226084235,0.012808026226084235,0.012808026226084235,0.012808026226084235,0.012808026226084235,0.012808026226084235,NOT_ESTIMABLE,1,,,,,,,,,,,,,20,1,1,0,0,0,0,0,19,1,1,1,1,,1.0,0.05,1.0,NOT_ESTIMABLE,,,NOT_ESTIMABLE,,,NOT_ESTIMABLE,,,NOT_PRIMARY; use physical units and frozen spans
