frequency_ghz,model_id,dataset_scope,target_source,label_mode,protocol_sha256,estimand,validity,comparison,feature,unit,n,mae,rmse,bias,abs_error_p50,abs_error_p90,abs_error_p95,ci_status,n_request_groups,mae_ci_low,mae_ci_high,rmse_ci_low,rmse_ci_high,bias_ci_low,bias_ci_high,abs_error_p50_ci_low,abs_error_p50_ci_high,abs_error_p90_ci_low,abs_error_p90_ci_high,abs_error_p95_ci_low,abs_error_p95_ci_high,N_original,N_solved,N_strict_valid,N_invalid,N_analytic_fail,N_gds_fail,N_drc_fail,N_emx_not_solved,N_pending,N_joint_hit,N_independent_solves,N_unique_s4p_sha,N_accounted_candidates,joint_hit_fraction_original,joint_hit_fraction_accounted_original,confirmed_joint_hit_coverage_original,joint_hit_fraction_strict,joint_hit_original_ci_status,joint_hit_original_ci_low,joint_hit_original_ci_high,joint_hit_accounted_original_ci_status,joint_hit_accounted_original_ci_low,joint_hit_accounted_original_ci_high,joint_hit_strict_ci_status,joint_hit_strict_ci_low,joint_hit_strict_ci_high,percentage_metric
15,f15-5a9547401a37,DEVELOPMENT_5K_NOT_FORMAL_10K,HELDOUT_TRIPLE_AUDIT,STRICT_LUMPED,f12d43eace12231077007dc497fee8dad00fbe58cb2f1fe2c6159c47636b97a0,all_candidates,strict_valid,emx_minus_target,Lp_nH,nH,22,0.02278645133602356,0.04749398241451138,-0.014635206881332928,0.009942924906681139,0.0419265511477674,0.07267149298374567,PROVISIONAL_SMALL_REQUEST_N,3,0.008025456940314202,0.06819664390848316,0.009875313590471934,0.09703001519070308,-0.06819664390848316,0.008583294163757443,0.007479180019442477,0.04313083558979258,0.01591719428385528,0.19839229563961935,0.017030360146835122,0.19839229563961935,220,25,22,3,13,0,0,0,182,13,25,25,33,,0.3939393939393939,0.05909090909090909,0.5909090909090909,NOT_ESTIMABLE,,,PROVISIONAL_SMALL_REQUEST_N,0.2727272727272727,0.45454545454545453,PROVISIONAL_SMALL_REQUEST_N,0.5555555555555556,0.625,NOT_PRIMARY; use physical units and frozen spans
15,f15-5a9547401a37,DEVELOPMENT_5K_NOT_FORMAL_10K,HELDOUT_TRIPLE_AUDIT,STRICT_LUMPED,f12d43eace12231077007dc497fee8dad00fbe58cb2f1fe2c6159c47636b97a0,all_candidates,strict_valid,emx_minus_target,Ls_nH,nH,22,0.057988129594284336,0.08632185231410244,0.05777861797839464,0.033474322392354816,0.13910764835644085,0.2031658014047572,PROVISIONAL_SMALL_REQUEST_N,3,0.03752158360168803,0.08589669945488809,0.05317995713578499,0.11740033198533018,0.03752158360168803,0.08589669945488809,0.024762800901138915,0.034979154529583334,0.10360979058871081,0.217315533360654,0.11074777317132956,0.217315533360654,220,25,22,3,13,0,0,0,182,13,25,25,33,,0.3939393939393939,0.05909090909090909,0.5909090909090909,NOT_ESTIMABLE,,,PROVISIONAL_SMALL_REQUEST_N,0.2727272727272727,0.45454545454545453,PROVISIONAL_SMALL_REQUEST_N,0.5555555555555556,0.625,NOT_PRIMARY; use physical units and frozen spans
15,f15-5a9547401a37,DEVELOPMENT_5K_NOT_FORMAL_10K,HELDOUT_TRIPLE_AUDIT,STRICT_LUMPED,f12d43eace12231077007dc497fee8dad00fbe58cb2f1fe2c6159c47636b97a0,all_candidates,strict_valid,emx_minus_target,Qmin,dimensionless,22,0.7576806359138312,1.1451908424898392,-0.3558892159742549,0.37129377456883184,1.869319808164111,2.185754956436286,PROVISIONAL_SMALL_REQUEST_N,3,0.7058111537218885,0.8434102072651456,0.9986001778023773,1.5297728667111592,-0.7487316298386176,-0.1108480208391577,0.15732748628879278,0.6671432253744403,1.73370010059376,3.3817196223518113,1.8964437496781805,3.3817196223518113,220,25,22,3,13,0,0,0,182,13,25,25,33,,0.3939393939393939,0.05909090909090909,0.5909090909090909,NOT_ESTIMABLE,,,PROVISIONAL_SMALL_REQUEST_N,0.2727272727272727,0.45454545454545453,PROVISIONAL_SMALL_REQUEST_N,0.5555555555555556,0.625,NOT_PRIMARY; use physical units and frozen spans
15,f15-5a9547401a37,DEVELOPMENT_5K_NOT_FORMAL_10K,HELDOUT_TRIPLE_AUDIT,STRICT_LUMPED,f12d43eace12231077007dc497fee8dad00fbe58cb2f1fe2c6159c47636b97a0,all_candidates,strict_valid,emx_minus_target,K_abs,dimensionless,22,0.010618855815990121,0.0160559934976832,0.004358652560829629,0.008077515208180563,0.02631336333689052,0.027540581340102475,PROVISIONAL_SMALL_REQUEST_N,3,0.008073345876722645,0.013451365278786764,0.009307833503762826,0.023729018571627562,-0.004447106618988891,0.012057893533324326,0.002201845146964171,0.008388995451459852,0.015049287718085051,0.05210044947960199,0.015436779350727403,0.05210044947960199,220,25,22,3,13,0,0,0,182,13,25,25,33,,0.3939393939393939,0.05909090909090909,0.5909090909090909,NOT_ESTIMABLE,,,PROVISIONAL_SMALL_REQUEST_N,0.2727272727272727,0.45454545454545453,PROVISIONAL_SMALL_REQUEST_N,0.5555555555555556,0.625,NOT_PRIMARY; use physical units and frozen spans
15,f15-5a9547401a37,DEVELOPMENT_5K_NOT_FORMAL_10K,HELDOUT_TRIPLE_AUDIT,STRICT_LUMPED,f12d43eace12231077007dc497fee8dad00fbe58cb2f1fe2c6159c47636b97a0,all_candidates,strict_valid,emx_minus_frozen_proxy,Lp_nH,nH,22,0.011213176183181144,0.014057930624416841,-0.006416737082189917,0.008831100259845792,0.01620549713370245,0.03299340795753157,PROVISIONAL_SMALL_REQUEST_N,3,0.008484275573449378,0.015025809499671939,0.009747420786482636,0.018670815529850185,-0.011086054056065508,-0.003907981592352148,0.007009401456467668,0.014498100835016903,0.015531551472091556,0.034552517122567794,0.01599360295119423,0.034552517122567794,220,25,22,3,13,0,0,0,182,13,25,25,33,,0.3939393939393939,0.05909090909090909,0.5909090909090909,NOT_ESTIMABLE,,,PROVISIONAL_SMALL_REQUEST_N,0.2727272727272727,0.45454545454545453,PROVISIONAL_SMALL_REQUEST_N,0.5555555555555556,0.625,NOT_PRIMARY; use physical units and frozen spans
15,f15-5a9547401a37,DEVELOPMENT_5K_NOT_FORMAL_10K,HELDOUT_TRIPLE_AUDIT,STRICT_LUMPED,f12d43eace12231077007dc497fee8dad00fbe58cb2f1fe2c6159c47636b97a0,all_candidates,strict_valid,emx_minus_frozen_proxy,Ls_nH,nH,22,0.004338210462014728,0.005163938784717964,9.774955528344095e-05,0.003917047441378607,0.009061174988867842,0.009756080206668388,PROVISIONAL_SMALL_REQUEST_N,3,0.003925450714908824,0.0047797553315543475,0.00446930999149605,0.005814307275450752,-0.0017273303177289688,0.0031335684445204627,0.0037082287943424053,0.004115467217584712,0.00685174357271252,0.010932272985158087,0.00696852191623365,0.010932272985158087,220,25,22,3,13,0,0,0,182,13,25,25,33,,0.3939393939393939,0.05909090909090909,0.5909090909090909,NOT_ESTIMABLE,,,PROVISIONAL_SMALL_REQUEST_N,0.2727272727272727,0.45454545454545453,PROVISIONAL_SMALL_REQUEST_N,0.5555555555555556,0.625,NOT_PRIMARY; use physical units and frozen spans
15,f15-5a9547401a37,DEVELOPMENT_5K_NOT_FORMAL_10K,HELDOUT_TRIPLE_AUDIT,STRICT_LUMPED,f12d43eace12231077007dc497fee8dad00fbe58cb2f1fe2c6159c47636b97a0,all_candidates,strict_valid,emx_minus_frozen_proxy,Qmin,dimensionless,22,0.31298785082416497,0.43989294240863264,-0.06147625626855533,0.1584333306677035,0.870800660520878,0.9119315842127386,PROVISIONAL_SMALL_REQUEST_N,3,0.2317135825092862,0.36539233810909555,0.4177295883233718,0.47021124257263963,-0.19809991597143012,0.07039947841485707,0.0639825575398536,0.24290354757594024,0.7631565937897872,0.9505825373908738,0.8814748103965204,0.9505825373908738,220,25,22,3,13,0,0,0,182,13,25,25,33,,0.3939393939393939,0.05909090909090909,0.5909090909090909,NOT_ESTIMABLE,,,PROVISIONAL_SMALL_REQUEST_N,0.2727272727272727,0.45454545454545453,PROVISIONAL_SMALL_REQUEST_N,0.5555555555555556,0.625,NOT_PRIMARY; use physical units and frozen spans
15,f15-5a9547401a37,DEVELOPMENT_5K_NOT_FORMAL_10K,HELDOUT_TRIPLE_AUDIT,STRICT_LUMPED,f12d43eace12231077007dc497fee8dad00fbe58cb2f1fe2c6159c47636b97a0,all_candidates,strict_valid,emx_minus_frozen_proxy,K_abs,dimensionless,22,0.009883173992787396,0.013191857953351831,-0.001542741314784643,0.0075323279475535965,0.024905920599905075,0.026407660803549275,PROVISIONAL_SMALL_REQUEST_N,3,0.004980350312037546,0.011810956326740129,0.006466640466682249,0.01597636809274431,-0.004082847313828571,0.0006042776546796642,0.0028606830417672313,0.010288009861447706,0.01315161835612294,0.030857124332054307,0.01315161835612294,0.032959960951727485,220,25,22,3,13,0,0,0,182,13,25,25,33,,0.3939393939393939,0.05909090909090909,0.5909090909090909,NOT_ESTIMABLE,,,PROVISIONAL_SMALL_REQUEST_N,0.2727272727272727,0.45454545454545453,PROVISIONAL_SMALL_REQUEST_N,0.5555555555555556,0.625,NOT_PRIMARY; use physical units and frozen spans
15,f15-5a9547401a37,DEVELOPMENT_5K_NOT_FORMAL_10K,HELDOUT_TRIPLE_AUDIT,STRICT_LUMPED,f12d43eace12231077007dc497fee8dad00fbe58cb2f1fe2c6159c47636b97a0,all_candidates,all_finite_diagnostic,emx_minus_target,Lp_nH,nH,25,0.03794018332419891,0.06971433134637141,-0.030767088204071157,0.011985518665349693,0.13684260563743178,0.18434465155031707,PROVISIONAL_SMALL_REQUEST_N,3,0.008025456940314202,0.09852323415685879,0.009875313590471934,0.1219381990361069,-0.09852323415685879,0.008583294163757443,0.007479180019442477,0.08283171444053483,0.01591719428385528,0.19547038379720036,0.017030360146835122,0.19839229563961935,220,25,22,3,13,0,0,0,182,13,25,25,33,,0.3939393939393939,0.05909090909090909,0.5909090909090909,NOT_ESTIMABLE,,,PROVISIONAL_SMALL_REQUEST_N,0.2727272727272727,0.45454545454545453,PROVISIONAL_SMALL_REQUEST_N,0.5555555555555556,0.625,NOT_PRIMARY; use physical units and frozen spans
15,f15-5a9547401a37,DEVELOPMENT_5K_NOT_FORMAL_10K,HELDOUT_TRIPLE_AUDIT,STRICT_LUMPED,f12d43eace12231077007dc497fee8dad00fbe58cb2f1fe2c6159c47636b97a0,all_candidates,all_finite_diagnostic,emx_minus_target,Ls_nH,nH,25,0.07624223055694222,0.10890823411410208,0.07605786033495929,0.034979154529583334,0.21091830340115078,0.21600964755907928,PROVISIONAL_SMALL_REQUEST_N,3,0.03752158360168803,0.13247505126546755,0.05317995713578499,0.15870850169611297,0.03752158360168803,0.13247505126546755,0.024762800901138915,0.16997832505204236,0.10360979058871081,0.21708407178126618,0.11074777317132956,0.217315533360654,220,25,22,3,13,0,0,0,182,13,25,25,33,,0.3939393939393939,0.05909090909090909,0.5909090909090909,NOT_ESTIMABLE,,,PROVISIONAL_SMALL_REQUEST_N,0.2727272727272727,0.45454545454545453,PROVISIONAL_SMALL_REQUEST_N,0.5555555555555556,0.625,NOT_PRIMARY; use physical units and frozen spans
15,f15-5a9547401a37,DEVELOPMENT_5K_NOT_FORMAL_10K,HELDOUT_TRIPLE_AUDIT,STRICT_LUMPED,f12d43eace12231077007dc497fee8dad00fbe58cb2f1fe2c6159c47636b97a0,all_candidates,all_finite_diagnostic,emx_minus_target,Qmin,dimensionless,25,0.8597555673441251,1.2250981018510922,-0.506179117797298,0.4874685927930926,2.079166617104353,2.318421102887453,PROVISIONAL_SMALL_REQUEST_N,3,0.7058111537218885,1.130245778728071,0.9986001778023773,1.595716674871756,-1.071071667836491,-0.1108480208391577,0.38263161688136016,0.7460295416897953,1.73370010059376,3.0715380095749274,1.8964437496781805,3.3817196223518113,220,25,22,3,13,0,0,0,182,13,25,25,33,,0.3939393939393939,0.05909090909090909,0.5909090909090909,NOT_ESTIMABLE,,,PROVISIONAL_SMALL_REQUEST_N,0.2727272727272727,0.45454545454545453,PROVISIONAL_SMALL_REQUEST_N,0.5555555555555556,0.625,NOT_PRIMARY; use physical units and frozen spans
15,f15-5a9547401a37,DEVELOPMENT_5K_NOT_FORMAL_10K,HELDOUT_TRIPLE_AUDIT,STRICT_LUMPED,f12d43eace12231077007dc497fee8dad00fbe58cb2f1fe2c6159c47636b97a0,all_candidates,all_finite_diagnostic,emx_minus_target,K_abs,dimensionless,25,0.014904530738851028,0.022015880333010773,0.009395551874309793,0.008971748144986025,0.04538056166248344,0.04773199185376516,PROVISIONAL_SMALL_REQUEST_N,3,0.008073345876722645,0.025781908364178353,0.009307833503762826,0.03402447259777016,-0.004447106618988891,0.02491098852326433,0.008348787658427448,0.027343174826038028,0.015049287718085051,0.05095801623549112,0.015436779350727403,0.05210044947960199,220,25,22,3,13,0,0,0,182,13,25,25,33,,0.3939393939393939,0.05909090909090909,0.5909090909090909,NOT_ESTIMABLE,,,PROVISIONAL_SMALL_REQUEST_N,0.2727272727272727,0.45454545454545453,PROVISIONAL_SMALL_REQUEST_N,0.5555555555555556,0.625,NOT_PRIMARY; use physical units and frozen spans
15,f15-5a9547401a37,DEVELOPMENT_5K_NOT_FORMAL_10K,HELDOUT_TRIPLE_AUDIT,STRICT_LUMPED,f12d43eace12231077007dc497fee8dad00fbe58cb2f1fe2c6159c47636b97a0,all_candidates,all_finite_diagnostic,emx_minus_frozen_proxy,Lp_nH,nH,25,0.012356507119144178,0.015606153299827175,-0.0031578165543823555,0.010605754501543219,0.02681706221119431,0.03441716231088447,PROVISIONAL_SMALL_REQUEST_N,3,0.008484275573449378,0.017168981180872372,0.009747420786482636,0.020868751123063668,-0.006320763899585163,0.0008490664585364682,0.007009401456467668,0.014024819597670657,0.015531551472091556,0.03695962329346256,0.01599360295119423,0.037991240223846034,220,25,22,3,13,0,0,0,182,13,25,25,33,,0.3939393939393939,0.05909090909090909,0.5909090909090909,NOT_ESTIMABLE,,,PROVISIONAL_SMALL_REQUEST_N,0.2727272727272727,0.45454545454545453,PROVISIONAL_SMALL_REQUEST_N,0.5555555555555556,0.625,NOT_PRIMARY; use physical units and frozen spans
15,f15-5a9547401a37,DEVELOPMENT_5K_NOT_FORMAL_10K,HELDOUT_TRIPLE_AUDIT,STRICT_LUMPED,f12d43eace12231077007dc497fee8dad00fbe58cb2f1fe2c6159c47636b97a0,all_candidates,all_finite_diagnostic,emx_minus_frozen_proxy,Ls_nH,nH,25,0.004491081832668318,0.00523328257630879,-0.0005874370174459287,0.004215331705196834,0.008390536369787531,0.009683071541974163,PROVISIONAL_SMALL_REQUEST_N,3,0.003925450714908824,0.005091899038769457,0.00446930999149605,0.00577769640041891,-0.0017273303177289688,0.00025357760664926343,0.0037082287943424053,0.0046458295096269975,0.00685174357271252,0.009763331968329066,0.00696852191623365,0.010932272985158087,220,25,22,3,13,0,0,0,182,13,25,25,33,,0.3939393939393939,0.05909090909090909,0.5909090909090909,NOT_ESTIMABLE,,,PROVISIONAL_SMALL_REQUEST_N,0.2727272727272727,0.45454545454545453,PROVISIONAL_SMALL_REQUEST_N,0.5555555555555556,0.625,NOT_PRIMARY; use physical units and frozen spans
15,f15-5a9547401a37,DEVELOPMENT_5K_NOT_FORMAL_10K,HELDOUT_TRIPLE_AUDIT,STRICT_LUMPED,f12d43eace12231077007dc497fee8dad00fbe58cb2f1fe2c6159c47636b97a0,all_candidates,all_finite_diagnostic,emx_minus_frozen_proxy,Qmin,dimensionless,25,0.351937192710336,0.47092898333999794,-0.1306069895013995,0.19210660428069026,0.8552195415151883,0.9071226199259672,PROVISIONAL_SMALL_REQUEST_N,3,0.3115584556347149,0.3839081265216502,0.4177295883233718,0.5250097263337284,-0.3628995849354901,0.07039947841485707,0.15305811010792247,0.26457550081485337,0.7631565937897872,0.9101587676315686,0.8814748103965204,0.9505825373908738,220,25,22,3,13,0,0,0,182,13,25,25,33,,0.3939393939393939,0.05909090909090909,0.5909090909090909,NOT_ESTIMABLE,,,PROVISIONAL_SMALL_REQUEST_N,0.2727272727272727,0.45454545454545453,PROVISIONAL_SMALL_REQUEST_N,0.5555555555555556,0.625,NOT_PRIMARY; use physical units and frozen spans
15,f15-5a9547401a37,DEVELOPMENT_5K_NOT_FORMAL_10K,HELDOUT_TRIPLE_AUDIT,STRICT_LUMPED,f12d43eace12231077007dc497fee8dad00fbe58cb2f1fe2c6159c47636b97a0,all_candidates,all_finite_diagnostic,emx_minus_frozen_proxy,K_abs,dimensionless,25,0.009746244738697063,0.012876226961228495,-0.00030856073196633193,0.007346544401257704,0.022045309918017866,0.026335478395538903,PROVISIONAL_SMALL_REQUEST_N,3,0.006391005273286447,0.011810956326740129,0.00810451383337003,0.01597636809274431,-0.004082847313828571,0.002438782664919162,0.0037915636061271046,0.010288009861447706,0.01527674703291036,0.030857124332054307,0.016187516465819257,0.032959960951727485,220,25,22,3,13,0,0,0,182,13,25,25,33,,0.3939393939393939,0.05909090909090909,0.5909090909090909,NOT_ESTIMABLE,,,PROVISIONAL_SMALL_REQUEST_N,0.2727272727272727,0.45454545454545453,PROVISIONAL_SMALL_REQUEST_N,0.5555555555555556,0.625,NOT_PRIMARY; use physical units and frozen spans
15,f15-5a9547401a37,DEVELOPMENT_5K_NOT_FORMAL_10K,HELDOUT_TRIPLE_AUDIT,STRICT_LUMPED,f12d43eace12231077007dc497fee8dad00fbe58cb2f1fe2c6159c47636b97a0,selected_q_proxy,strict_valid,emx_minus_target,Lp_nH,nH,3,0.004447043937952033,0.005551287139848131,-0.0015404582803889937,0.003248392608169448,0.007834681183643121,0.00840796725557733,PROVISIONAL_SMALL_REQUEST_N,3,0.0011114858781751114,0.00898125332751154,0.0011114858781751114,0.00898125332751154,-0.00898125332751154,0.003248392608169448,0.0011114858781751114,0.00898125332751154,0.0011114858781751114,0.00898125332751154,0.0011114858781751114,0.00898125332751154,20,3,3,0,0,0,0,0,17,3,3,3,3,,1.0,0.15,1.0,NOT_ESTIMABLE,,,PROVISIONAL_SMALL_REQUEST_N,1.0,1.0,PROVISIONAL_SMALL_REQUEST_N,1.0,1.0,NOT_PRIMARY; use physical units and frozen spans
15,f15-5a9547401a37,DEVELOPMENT_5K_NOT_FORMAL_10K,HELDOUT_TRIPLE_AUDIT,STRICT_LUMPED,f12d43eace12231077007dc497fee8dad00fbe58cb2f1fe2c6159c47636b97a0,selected_q_proxy,strict_valid,emx_minus_target,Ls_nH,nH,3,0.005974173770333824,0.006574995627768227,0.005974173770333824,0.005262581815834277,0.008761330221245256,0.009198673771921628,PROVISIONAL_SMALL_REQUEST_N,3,0.0030239221725691934,0.009636017322598,0.0030239221725691934,0.009636017322598,0.0030239221725691934,0.009636017322598,0.0030239221725691934,0.009636017322598,0.0030239221725691934,0.009636017322598,0.0030239221725691934,0.009636017322598,20,3,3,0,0,0,0,0,17,3,3,3,3,,1.0,0.15,1.0,NOT_ESTIMABLE,,,PROVISIONAL_SMALL_REQUEST_N,1.0,1.0,PROVISIONAL_SMALL_REQUEST_N,1.0,1.0,NOT_PRIMARY; use physical units and frozen spans
15,f15-5a9547401a37,DEVELOPMENT_5K_NOT_FORMAL_10K,HELDOUT_TRIPLE_AUDIT,STRICT_LUMPED,f12d43eace12231077007dc497fee8dad00fbe58cb2f1fe2c6159c47636b97a0,selected_q_proxy,strict_valid,emx_minus_target,Qmin,dimensionless,3,0.07427167754229676,0.0756918516861578,0.014909798797551351,0.07936895727752713,0.08710804594919992,0.08807543203315901,PROVISIONAL_SMALL_REQUEST_N,3,0.05440325723224504,0.08904281811711812,0.05440325723224504,0.08904281811711812,-0.08904281811711812,0.07936895727752713,0.05440325723224504,0.08904281811711812,0.05440325723224504,0.08904281811711812,0.05440325723224504,0.08904281811711812,20,3,3,0,0,0,0,0,17,3,3,3,3,,1.0,0.15,1.0,NOT_ESTIMABLE,,,PROVISIONAL_SMALL_REQUEST_N,1.0,1.0,PROVISIONAL_SMALL_REQUEST_N,1.0,1.0,NOT_PRIMARY; use physical units and frozen spans
15,f15-5a9547401a37,DEVELOPMENT_5K_NOT_FORMAL_10K,HELDOUT_TRIPLE_AUDIT,STRICT_LUMPED,f12d43eace12231077007dc497fee8dad00fbe58cb2f1fe2c6159c47636b97a0,selected_q_proxy,strict_valid,emx_minus_target,K_abs,dimensionless,3,0.0020020044690988725,0.0023634598562531565,-0.0017251363041693353,0.00210350086870692,0.0032104684066976974,0.0033488393489465446,PROVISIONAL_SMALL_REQUEST_N,3,0.00041530224739430577,0.0034872102911953917,0.00041530224739430577,0.0034872102911953917,-0.0034872102911953917,0.00041530224739430577,0.00041530224739430577,0.0034872102911953917,0.00041530224739430577,0.0034872102911953917,0.00041530224739430577,0.0034872102911953917,20,3,3,0,0,0,0,0,17,3,3,3,3,,1.0,0.15,1.0,NOT_ESTIMABLE,,,PROVISIONAL_SMALL_REQUEST_N,1.0,1.0,PROVISIONAL_SMALL_REQUEST_N,1.0,1.0,NOT_PRIMARY; use physical units and frozen spans
15,f15-5a9547401a37,DEVELOPMENT_5K_NOT_FORMAL_10K,HELDOUT_TRIPLE_AUDIT,STRICT_LUMPED,f12d43eace12231077007dc497fee8dad00fbe58cb2f1fe2c6159c47636b97a0,selected_q_proxy,strict_valid,emx_minus_frozen_proxy,Lp_nH,nH,3,0.008156532645574513,0.010003755954591659,-0.0026628279755980997,0.005322409975396569,0.014047714740486451,0.015138377836122685,PROVISIONAL_SMALL_REQUEST_N,3,0.0029181470295680523,0.01622904093175892,0.0029181470295680523,0.01622904093175892,-0.01622904093175892,0.005322409975396569,0.0029181470295680523,0.01622904093175892,0.0029181470295680523,0.01622904093175892,0.0029181470295680523,0.01622904093175892,20,3,3,0,0,0,0,0,17,3,3,3,3,,1.0,0.15,1.0,NOT_ESTIMABLE,,,PROVISIONAL_SMALL_REQUEST_N,1.0,1.0,PROVISIONAL_SMALL_REQUEST_N,1.0,1.0,NOT_PRIMARY; use physical units and frozen spans
15,f15-5a9547401a37,DEVELOPMENT_5K_NOT_FORMAL_10K,HELDOUT_TRIPLE_AUDIT,STRICT_LUMPED,f12d43eace12231077007dc497fee8dad00fbe58cb2f1fe2c6159c47636b97a0,selected_q_proxy,strict_valid,emx_minus_frozen_proxy,Ls_nH,nH,3,0.0036877261550115614,0.0037879045277981497,0.0036877261550115614,0.0032908726439976332,0.0045691842316599954,0.0047289731801177905,PROVISIONAL_SMALL_REQUEST_N,3,0.0028835436924614655,0.0048887621285755856,0.0028835436924614655,0.0048887621285755856,0.0028835436924614655,0.0048887621285755856,0.0028835436924614655,0.0048887621285755856,0.0028835436924614655,0.0048887621285755856,0.0028835436924614655,0.0048887621285755856,20,3,3,0,0,0,0,0,17,3,3,3,3,,1.0,0.15,1.0,NOT_ESTIMABLE,,,PROVISIONAL_SMALL_REQUEST_N,1.0,1.0,PROVISIONAL_SMALL_REQUEST_N,1.0,1.0,NOT_PRIMARY; use physical units and frozen spans
15,f15-5a9547401a37,DEVELOPMENT_5K_NOT_FORMAL_10K,HELDOUT_TRIPLE_AUDIT,STRICT_LUMPED,f12d43eace12231077007dc497fee8dad00fbe58cb2f1fe2c6159c47636b97a0,selected_q_proxy,strict_valid,emx_minus_frozen_proxy,Qmin,dimensionless,3,0.07103586058673035,0.072541883071568,0.01641692210891203,0.08093107580780057,0.0817289413349421,0.0818286745258348,PROVISIONAL_SMALL_REQUEST_N,3,0.05024809823566301,0.08192840771672749,0.05024809823566301,0.08192840771672749,-0.08192840771672749,0.08093107580780057,0.05024809823566301,0.08192840771672749,0.05024809823566301,0.08192840771672749,0.05024809823566301,0.08192840771672749,20,3,3,0,0,0,0,0,17,3,3,3,3,,1.0,0.15,1.0,NOT_ESTIMABLE,,,PROVISIONAL_SMALL_REQUEST_N,1.0,1.0,PROVISIONAL_SMALL_REQUEST_N,1.0,1.0,NOT_PRIMARY; use physical units and frozen spans
15,f15-5a9547401a37,DEVELOPMENT_5K_NOT_FORMAL_10K,HELDOUT_TRIPLE_AUDIT,STRICT_LUMPED,f12d43eace12231077007dc497fee8dad00fbe58cb2f1fe2c6159c47636b97a0,selected_q_proxy,strict_valid,emx_minus_frozen_proxy,K_abs,dimensionless,3,0.0029321458270585208,0.0032142845676563256,-0.0019492009296592134,0.002657272077346201,0.0042632528616535605,0.00446400045969198,PROVISIONAL_SMALL_REQUEST_N,3,0.0014744173460989607,0.0046647480577304,0.0014744173460989607,0.0046647480577304,-0.0046647480577304,0.0014744173460989607,0.0014744173460989607,0.0046647480577304,0.0014744173460989607,0.0046647480577304,0.0014744173460989607,0.0046647480577304,20,3,3,0,0,0,0,0,17,3,3,3,3,,1.0,0.15,1.0,NOT_ESTIMABLE,,,PROVISIONAL_SMALL_REQUEST_N,1.0,1.0,PROVISIONAL_SMALL_REQUEST_N,1.0,1.0,NOT_PRIMARY; use physical units and frozen spans
15,f15-5a9547401a37,DEVELOPMENT_5K_NOT_FORMAL_10K,HELDOUT_TRIPLE_AUDIT,STRICT_LUMPED,f12d43eace12231077007dc497fee8dad00fbe58cb2f1fe2c6159c47636b97a0,selected_q_proxy,all_finite_diagnostic,emx_minus_target,Lp_nH,nH,3,0.004447043937952033,0.005551287139848131,-0.0015404582803889937,0.003248392608169448,0.007834681183643121,0.00840796725557733,PROVISIONAL_SMALL_REQUEST_N,3,0.0011114858781751114,0.00898125332751154,0.0011114858781751114,0.00898125332751154,-0.00898125332751154,0.003248392608169448,0.0011114858781751114,0.00898125332751154,0.0011114858781751114,0.00898125332751154,0.0011114858781751114,0.00898125332751154,20,3,3,0,0,0,0,0,17,3,3,3,3,,1.0,0.15,1.0,NOT_ESTIMABLE,,,PROVISIONAL_SMALL_REQUEST_N,1.0,1.0,PROVISIONAL_SMALL_REQUEST_N,1.0,1.0,NOT_PRIMARY; use physical units and frozen spans
15,f15-5a9547401a37,DEVELOPMENT_5K_NOT_FORMAL_10K,HELDOUT_TRIPLE_AUDIT,STRICT_LUMPED,f12d43eace12231077007dc497fee8dad00fbe58cb2f1fe2c6159c47636b97a0,selected_q_proxy,all_finite_diagnostic,emx_minus_target,Ls_nH,nH,3,0.005974173770333824,0.006574995627768227,0.005974173770333824,0.005262581815834277,0.008761330221245256,0.009198673771921628,PROVISIONAL_SMALL_REQUEST_N,3,0.0030239221725691934,0.009636017322598,0.0030239221725691934,0.009636017322598,0.0030239221725691934,0.009636017322598,0.0030239221725691934,0.009636017322598,0.0030239221725691934,0.009636017322598,0.0030239221725691934,0.009636017322598,20,3,3,0,0,0,0,0,17,3,3,3,3,,1.0,0.15,1.0,NOT_ESTIMABLE,,,PROVISIONAL_SMALL_REQUEST_N,1.0,1.0,PROVISIONAL_SMALL_REQUEST_N,1.0,1.0,NOT_PRIMARY; use physical units and frozen spans
15,f15-5a9547401a37,DEVELOPMENT_5K_NOT_FORMAL_10K,HELDOUT_TRIPLE_AUDIT,STRICT_LUMPED,f12d43eace12231077007dc497fee8dad00fbe58cb2f1fe2c6159c47636b97a0,selected_q_proxy,all_finite_diagnostic,emx_minus_target,Qmin,dimensionless,3,0.07427167754229676,0.0756918516861578,0.014909798797551351,0.07936895727752713,0.08710804594919992,0.08807543203315901,PROVISIONAL_SMALL_REQUEST_N,3,0.05440325723224504,0.08904281811711812,0.05440325723224504,0.08904281811711812,-0.08904281811711812,0.07936895727752713,0.05440325723224504,0.08904281811711812,0.05440325723224504,0.08904281811711812,0.05440325723224504,0.08904281811711812,20,3,3,0,0,0,0,0,17,3,3,3,3,,1.0,0.15,1.0,NOT_ESTIMABLE,,,PROVISIONAL_SMALL_REQUEST_N,1.0,1.0,PROVISIONAL_SMALL_REQUEST_N,1.0,1.0,NOT_PRIMARY; use physical units and frozen spans
15,f15-5a9547401a37,DEVELOPMENT_5K_NOT_FORMAL_10K,HELDOUT_TRIPLE_AUDIT,STRICT_LUMPED,f12d43eace12231077007dc497fee8dad00fbe58cb2f1fe2c6159c47636b97a0,selected_q_proxy,all_finite_diagnostic,emx_minus_target,K_abs,dimensionless,3,0.0020020044690988725,0.0023634598562531565,-0.0017251363041693353,0.00210350086870692,0.0032104684066976974,0.0033488393489465446,PROVISIONAL_SMALL_REQUEST_N,3,0.00041530224739430577,0.0034872102911953917,0.00041530224739430577,0.0034872102911953917,-0.0034872102911953917,0.00041530224739430577,0.00041530224739430577,0.0034872102911953917,0.00041530224739430577,0.0034872102911953917,0.00041530224739430577,0.0034872102911953917,20,3,3,0,0,0,0,0,17,3,3,3,3,,1.0,0.15,1.0,NOT_ESTIMABLE,,,PROVISIONAL_SMALL_REQUEST_N,1.0,1.0,PROVISIONAL_SMALL_REQUEST_N,1.0,1.0,NOT_PRIMARY; use physical units and frozen spans
15,f15-5a9547401a37,DEVELOPMENT_5K_NOT_FORMAL_10K,HELDOUT_TRIPLE_AUDIT,STRICT_LUMPED,f12d43eace12231077007dc497fee8dad00fbe58cb2f1fe2c6159c47636b97a0,selected_q_proxy,all_finite_diagnostic,emx_minus_frozen_proxy,Lp_nH,nH,3,0.008156532645574513,0.010003755954591659,-0.0026628279755980997,0.005322409975396569,0.014047714740486451,0.015138377836122685,PROVISIONAL_SMALL_REQUEST_N,3,0.0029181470295680523,0.01622904093175892,0.0029181470295680523,0.01622904093175892,-0.01622904093175892,0.005322409975396569,0.0029181470295680523,0.01622904093175892,0.0029181470295680523,0.01622904093175892,0.0029181470295680523,0.01622904093175892,20,3,3,0,0,0,0,0,17,3,3,3,3,,1.0,0.15,1.0,NOT_ESTIMABLE,,,PROVISIONAL_SMALL_REQUEST_N,1.0,1.0,PROVISIONAL_SMALL_REQUEST_N,1.0,1.0,NOT_PRIMARY; use physical units and frozen spans
15,f15-5a9547401a37,DEVELOPMENT_5K_NOT_FORMAL_10K,HELDOUT_TRIPLE_AUDIT,STRICT_LUMPED,f12d43eace12231077007dc497fee8dad00fbe58cb2f1fe2c6159c47636b97a0,selected_q_proxy,all_finite_diagnostic,emx_minus_frozen_proxy,Ls_nH,nH,3,0.0036877261550115614,0.0037879045277981497,0.0036877261550115614,0.0032908726439976332,0.0045691842316599954,0.0047289731801177905,PROVISIONAL_SMALL_REQUEST_N,3,0.0028835436924614655,0.0048887621285755856,0.0028835436924614655,0.0048887621285755856,0.0028835436924614655,0.0048887621285755856,0.0028835436924614655,0.0048887621285755856,0.0028835436924614655,0.0048887621285755856,0.0028835436924614655,0.0048887621285755856,20,3,3,0,0,0,0,0,17,3,3,3,3,,1.0,0.15,1.0,NOT_ESTIMABLE,,,PROVISIONAL_SMALL_REQUEST_N,1.0,1.0,PROVISIONAL_SMALL_REQUEST_N,1.0,1.0,NOT_PRIMARY; use physical units and frozen spans
15,f15-5a9547401a37,DEVELOPMENT_5K_NOT_FORMAL_10K,HELDOUT_TRIPLE_AUDIT,STRICT_LUMPED,f12d43eace12231077007dc497fee8dad00fbe58cb2f1fe2c6159c47636b97a0,selected_q_proxy,all_finite_diagnostic,emx_minus_frozen_proxy,Qmin,dimensionless,3,0.07103586058673035,0.072541883071568,0.01641692210891203,0.08093107580780057,0.0817289413349421,0.0818286745258348,PROVISIONAL_SMALL_REQUEST_N,3,0.05024809823566301,0.08192840771672749,0.05024809823566301,0.08192840771672749,-0.08192840771672749,0.08093107580780057,0.05024809823566301,0.08192840771672749,0.05024809823566301,0.08192840771672749,0.05024809823566301,0.08192840771672749,20,3,3,0,0,0,0,0,17,3,3,3,3,,1.0,0.15,1.0,NOT_ESTIMABLE,,,PROVISIONAL_SMALL_REQUEST_N,1.0,1.0,PROVISIONAL_SMALL_REQUEST_N,1.0,1.0,NOT_PRIMARY; use physical units and frozen spans
15,f15-5a9547401a37,DEVELOPMENT_5K_NOT_FORMAL_10K,HELDOUT_TRIPLE_AUDIT,STRICT_LUMPED,f12d43eace12231077007dc497fee8dad00fbe58cb2f1fe2c6159c47636b97a0,selected_q_proxy,all_finite_diagnostic,emx_minus_frozen_proxy,K_abs,dimensionless,3,0.0029321458270585208,0.0032142845676563256,-0.0019492009296592134,0.002657272077346201,0.0042632528616535605,0.00446400045969198,PROVISIONAL_SMALL_REQUEST_N,3,0.0014744173460989607,0.0046647480577304,0.0014744173460989607,0.0046647480577304,-0.0046647480577304,0.0014744173460989607,0.0014744173460989607,0.0046647480577304,0.0014744173460989607,0.0046647480577304,0.0014744173460989607,0.0046647480577304,20,3,3,0,0,0,0,0,17,3,3,3,3,,1.0,0.15,1.0,NOT_ESTIMABLE,,,PROVISIONAL_SMALL_REQUEST_N,1.0,1.0,PROVISIONAL_SMALL_REQUEST_N,1.0,1.0,NOT_PRIMARY; use physical units and frozen spans
5,f5-fac1f3ff42e4,FORMAL_10K,HELDOUT_TRIPLE_AUDIT,STRICT_LUMPED,f12d43eace12231077007dc497fee8dad00fbe58cb2f1fe2c6159c47636b97a0,all_candidates,strict_valid,emx_minus_target,Lp_nH,nH,28,0.06114307637639639,0.08068710782112845,-0.03760174120057876,0.056963629320821885,0.1260893139243372,0.1466153498594576,PROVISIONAL_SMALL_REQUEST_N,3,0.03760376709448428,0.07799745824599755,0.04926793421969286,0.10122984161920848,-0.07739419970239228,0.025924063789389894,0.02081135525589306,0.09754211271888191,0.08408259941008722,0.14773966766584842,0.08796316447943697,0.14785466129994917,220,28,28,0,0,1,4,0,187,9,28,28,33,,0.2727272727272727,0.04090909090909091,0.32142857142857145,NOT_ESTIMABLE,,,PROVISIONAL_SMALL_REQUEST_N,0.2727272727272727,0.2727272727272727,PROVISIONAL_SMALL_REQUEST_N,0.3,0.375,NOT_PRIMARY; use physical units and frozen spans
5,f5-fac1f3ff42e4,FORMAL_10K,HELDOUT_TRIPLE_AUDIT,STRICT_LUMPED,f12d43eace12231077007dc497fee8dad00fbe58cb2f1fe2c6159c47636b97a0,all_candidates,strict_valid,emx_minus_target,Ls_nH,nH,28,0.17785066961016155,0.266704409902957,0.1734728176490052,0.03921563987576415,0.445356895986318,0.5089619708189198,PROVISIONAL_SMALL_REQUEST_N,3,0.007118872580056302,0.28392744651570107,0.009444401444943714,0.35271682437334184,-0.005139112911181476,0.28392744651570107,0.004457452847615007,0.33899072309826406,0.017914761855524163,0.5269047342127923,0.01798595046944551,0.5280235392810966,220,28,28,0,0,1,4,0,187,9,28,28,33,,0.2727272727272727,0.04090909090909091,0.32142857142857145,NOT_ESTIMABLE,,,PROVISIONAL_SMALL_REQUEST_N,0.2727272727272727,0.2727272727272727,PROVISIONAL_SMALL_REQUEST_N,0.3,0.375,NOT_PRIMARY; use physical units and frozen spans
5,f5-fac1f3ff42e4,FORMAL_10K,HELDOUT_TRIPLE_AUDIT,STRICT_LUMPED,f12d43eace12231077007dc497fee8dad00fbe58cb2f1fe2c6159c47636b97a0,all_candidates,strict_valid,emx_minus_target,Qmin,dimensionless,28,3.237723126130082,4.367778937261731,-3.223455886811822,2.2893269055699905,7.493788584871974,8.111258087239463,PROVISIONAL_SMALL_REQUEST_N,3,2.945930515478004,3.4636072789820416,4.193897316572354,4.476318194879612,-3.4636072789820416,-2.9036936780460336,1.59664655737335,3.0634538275294263,7.211918343971519,7.8464761999478165,8.1109919112547,8.125565520604447,220,28,28,0,0,1,4,0,187,9,28,28,33,,0.2727272727272727,0.04090909090909091,0.32142857142857145,NOT_ESTIMABLE,,,PROVISIONAL_SMALL_REQUEST_N,0.2727272727272727,0.2727272727272727,PROVISIONAL_SMALL_REQUEST_N,0.3,0.375,NOT_PRIMARY; use physical units and frozen spans
5,f5-fac1f3ff42e4,FORMAL_10K,HELDOUT_TRIPLE_AUDIT,STRICT_LUMPED,f12d43eace12231077007dc497fee8dad00fbe58cb2f1fe2c6159c47636b97a0,all_candidates,strict_valid,emx_minus_target,K_abs,dimensionless,28,0.07587036181368952,0.10428688871106291,-0.07520152902652878,0.05287268914095743,0.17912799229157983,0.1892258336092459,PROVISIONAL_SMALL_REQUEST_N,3,0.03265728364250772,0.10393884815724583,0.04016843124591093,0.12790676333100245,-0.10351763815349081,-0.03132725258794449,0.03971701182836346,0.13109069591477185,0.05820496575013633,0.19506690699714596,0.06081269566412595,0.19544924807391995,220,28,28,0,0,1,4,0,187,9,28,28,33,,0.2727272727272727,0.04090909090909091,0.32142857142857145,NOT_ESTIMABLE,,,PROVISIONAL_SMALL_REQUEST_N,0.2727272727272727,0.2727272727272727,PROVISIONAL_SMALL_REQUEST_N,0.3,0.375,NOT_PRIMARY; use physical units and frozen spans
5,f5-fac1f3ff42e4,FORMAL_10K,HELDOUT_TRIPLE_AUDIT,STRICT_LUMPED,f12d43eace12231077007dc497fee8dad00fbe58cb2f1fe2c6159c47636b97a0,all_candidates,strict_valid,emx_minus_frozen_proxy,Lp_nH,nH,28,0.011162006448614616,0.014712454803023599,-0.009090565641327581,0.006730296131919888,0.023489565329601204,0.024532751120953565,PROVISIONAL_SMALL_REQUEST_N,3,0.010138395801865235,0.012107632521707412,0.013620117329097596,0.015369075189671674,-0.010419130165801293,-0.00730818972162664,0.005628525168941523,0.010367127314974023,0.02332102579068083,0.025074321008681212,0.023435744707833717,0.025501598193970132,220,28,28,0,0,1,4,0,187,9,28,28,33,,0.2727272727272727,0.04090909090909091,0.32142857142857145,NOT_ESTIMABLE,,,PROVISIONAL_SMALL_REQUEST_N,0.2727272727272727,0.2727272727272727,PROVISIONAL_SMALL_REQUEST_N,0.3,0.375,NOT_PRIMARY; use physical units and frozen spans
5,f5-fac1f3ff42e4,FORMAL_10K,HELDOUT_TRIPLE_AUDIT,STRICT_LUMPED,f12d43eace12231077007dc497fee8dad00fbe58cb2f1fe2c6159c47636b97a0,all_candidates,strict_valid,emx_minus_frozen_proxy,Ls_nH,nH,28,0.015649287509936976,0.018673038961113674,0.014499817855489943,0.020550475141666302,0.02719807623987307,0.027375954824208536,PROVISIONAL_SMALL_REQUEST_N,3,0.01380986275277779,0.017530825666539185,0.017535349639504913,0.01926732006636225,0.01196391955373527,0.0168473834233414,0.011416240481293527,0.021012827039712634,0.02260781421822109,0.027555161794893878,0.024120570546168674,0.02764964912180412,220,28,28,0,0,1,4,0,187,9,28,28,33,,0.2727272727272727,0.04090909090909091,0.32142857142857145,NOT_ESTIMABLE,,,PROVISIONAL_SMALL_REQUEST_N,0.2727272727272727,0.2727272727272727,PROVISIONAL_SMALL_REQUEST_N,0.3,0.375,NOT_PRIMARY; use physical units and frozen spans
5,f5-fac1f3ff42e4,FORMAL_10K,HELDOUT_TRIPLE_AUDIT,STRICT_LUMPED,f12d43eace12231077007dc497fee8dad00fbe58cb2f1fe2c6159c47636b97a0,all_candidates,strict_valid,emx_minus_frozen_proxy,Qmin,dimensionless,28,0.30833710062906744,0.3878235968834851,-0.24418001308266143,0.16150711521263172,0.6272289617041255,0.6349925442190392,PROVISIONAL_SMALL_REQUEST_N,3,0.2796282589335952,0.32801222975238087,0.3543443352045425,0.4073993818608365,-0.26912334063372595,-0.2120326777942636,0.15880336395429406,0.2460248921606336,0.5615796403827557,0.7097144691187995,0.5820884621938021,0.7415323569024928,220,28,28,0,0,1,4,0,187,9,28,28,33,,0.2727272727272727,0.04090909090909091,0.32142857142857145,NOT_ESTIMABLE,,,PROVISIONAL_SMALL_REQUEST_N,0.2727272727272727,0.2727272727272727,PROVISIONAL_SMALL_REQUEST_N,0.3,0.375,NOT_PRIMARY; use physical units and frozen spans
5,f5-fac1f3ff42e4,FORMAL_10K,HELDOUT_TRIPLE_AUDIT,STRICT_LUMPED,f12d43eace12231077007dc497fee8dad00fbe58cb2f1fe2c6159c47636b97a0,all_candidates,strict_valid,emx_minus_frozen_proxy,K_abs,dimensionless,28,0.004836930134877789,0.005583243715513544,0.0030153435872882876,0.004602652448740051,0.00835657051438411,0.008610002338342117,PROVISIONAL_SMALL_REQUEST_N,3,0.0033918944289782343,0.006674132968152592,0.0036930940830796326,0.007228353226712178,0.0019557950890811346,0.00457322017932391,0.0033401623498871685,0.007495940591940559,0.005309039115763129,0.010192370213474298,0.00577544930344473,0.010864948770442806,220,28,28,0,0,1,4,0,187,9,28,28,33,,0.2727272727272727,0.04090909090909091,0.32142857142857145,NOT_ESTIMABLE,,,PROVISIONAL_SMALL_REQUEST_N,0.2727272727272727,0.2727272727272727,PROVISIONAL_SMALL_REQUEST_N,0.3,0.375,NOT_PRIMARY; use physical units and frozen spans
5,f5-fac1f3ff42e4,FORMAL_10K,HELDOUT_TRIPLE_AUDIT,STRICT_LUMPED,f12d43eace12231077007dc497fee8dad00fbe58cb2f1fe2c6159c47636b97a0,all_candidates,all_finite_diagnostic,emx_minus_target,Lp_nH,nH,28,0.06114307637639639,0.08068710782112845,-0.03760174120057876,0.056963629320821885,0.1260893139243372,0.1466153498594576,PROVISIONAL_SMALL_REQUEST_N,3,0.03760376709448428,0.07799745824599755,0.04926793421969286,0.10122984161920848,-0.07739419970239228,0.025924063789389894,0.02081135525589306,0.09754211271888191,0.08408259941008722,0.14773966766584842,0.08796316447943697,0.14785466129994917,220,28,28,0,0,1,4,0,187,9,28,28,33,,0.2727272727272727,0.04090909090909091,0.32142857142857145,NOT_ESTIMABLE,,,PROVISIONAL_SMALL_REQUEST_N,0.2727272727272727,0.2727272727272727,PROVISIONAL_SMALL_REQUEST_N,0.3,0.375,NOT_PRIMARY; use physical units and frozen spans
5,f5-fac1f3ff42e4,FORMAL_10K,HELDOUT_TRIPLE_AUDIT,STRICT_LUMPED,f12d43eace12231077007dc497fee8dad00fbe58cb2f1fe2c6159c47636b97a0,all_candidates,all_finite_diagnostic,emx_minus_target,Ls_nH,nH,28,0.17785066961016155,0.266704409902957,0.1734728176490052,0.03921563987576415,0.445356895986318,0.5089619708189198,PROVISIONAL_SMALL_REQUEST_N,3,0.007118872580056302,0.28392744651570107,0.009444401444943714,0.35271682437334184,-0.005139112911181476,0.28392744651570107,0.004457452847615007,0.33899072309826406,0.017914761855524163,0.5269047342127923,0.01798595046944551,0.5280235392810966,220,28,28,0,0,1,4,0,187,9,28,28,33,,0.2727272727272727,0.04090909090909091,0.32142857142857145,NOT_ESTIMABLE,,,PROVISIONAL_SMALL_REQUEST_N,0.2727272727272727,0.2727272727272727,PROVISIONAL_SMALL_REQUEST_N,0.3,0.375,NOT_PRIMARY; use physical units and frozen spans
5,f5-fac1f3ff42e4,FORMAL_10K,HELDOUT_TRIPLE_AUDIT,STRICT_LUMPED,f12d43eace12231077007dc497fee8dad00fbe58cb2f1fe2c6159c47636b97a0,all_candidates,all_finite_diagnostic,emx_minus_target,Qmin,dimensionless,28,3.237723126130082,4.367778937261731,-3.223455886811822,2.2893269055699905,7.493788584871974,8.111258087239463,PROVISIONAL_SMALL_REQUEST_N,3,2.945930515478004,3.4636072789820416,4.193897316572354,4.476318194879612,-3.4636072789820416,-2.9036936780460336,1.59664655737335,3.0634538275294263,7.211918343971519,7.8464761999478165,8.1109919112547,8.125565520604447,220,28,28,0,0,1,4,0,187,9,28,28,33,,0.2727272727272727,0.04090909090909091,0.32142857142857145,NOT_ESTIMABLE,,,PROVISIONAL_SMALL_REQUEST_N,0.2727272727272727,0.2727272727272727,PROVISIONAL_SMALL_REQUEST_N,0.3,0.375,NOT_PRIMARY; use physical units and frozen spans
5,f5-fac1f3ff42e4,FORMAL_10K,HELDOUT_TRIPLE_AUDIT,STRICT_LUMPED,f12d43eace12231077007dc497fee8dad00fbe58cb2f1fe2c6159c47636b97a0,all_candidates,all_finite_diagnostic,emx_minus_target,K_abs,dimensionless,28,0.07587036181368952,0.10428688871106291,-0.07520152902652878,0.05287268914095743,0.17912799229157983,0.1892258336092459,PROVISIONAL_SMALL_REQUEST_N,3,0.03265728364250772,0.10393884815724583,0.04016843124591093,0.12790676333100245,-0.10351763815349081,-0.03132725258794449,0.03971701182836346,0.13109069591477185,0.05820496575013633,0.19506690699714596,0.06081269566412595,0.19544924807391995,220,28,28,0,0,1,4,0,187,9,28,28,33,,0.2727272727272727,0.04090909090909091,0.32142857142857145,NOT_ESTIMABLE,,,PROVISIONAL_SMALL_REQUEST_N,0.2727272727272727,0.2727272727272727,PROVISIONAL_SMALL_REQUEST_N,0.3,0.375,NOT_PRIMARY; use physical units and frozen spans
5,f5-fac1f3ff42e4,FORMAL_10K,HELDOUT_TRIPLE_AUDIT,STRICT_LUMPED,f12d43eace12231077007dc497fee8dad00fbe58cb2f1fe2c6159c47636b97a0,all_candidates,all_finite_diagnostic,emx_minus_frozen_proxy,Lp_nH,nH,28,0.011162006448614616,0.014712454803023599,-0.009090565641327581,0.006730296131919888,0.023489565329601204,0.024532751120953565,PROVISIONAL_SMALL_REQUEST_N,3,0.010138395801865235,0.012107632521707412,0.013620117329097596,0.015369075189671674,-0.010419130165801293,-0.00730818972162664,0.005628525168941523,0.010367127314974023,0.02332102579068083,0.025074321008681212,0.023435744707833717,0.025501598193970132,220,28,28,0,0,1,4,0,187,9,28,28,33,,0.2727272727272727,0.04090909090909091,0.32142857142857145,NOT_ESTIMABLE,,,PROVISIONAL_SMALL_REQUEST_N,0.2727272727272727,0.2727272727272727,PROVISIONAL_SMALL_REQUEST_N,0.3,0.375,NOT_PRIMARY; use physical units and frozen spans
5,f5-fac1f3ff42e4,FORMAL_10K,HELDOUT_TRIPLE_AUDIT,STRICT_LUMPED,f12d43eace12231077007dc497fee8dad00fbe58cb2f1fe2c6159c47636b97a0,all_candidates,all_finite_diagnostic,emx_minus_frozen_proxy,Ls_nH,nH,28,0.015649287509936976,0.018673038961113674,0.014499817855489943,0.020550475141666302,0.02719807623987307,0.027375954824208536,PROVISIONAL_SMALL_REQUEST_N,3,0.01380986275277779,0.017530825666539185,0.017535349639504913,0.01926732006636225,0.01196391955373527,0.0168473834233414,0.011416240481293527,0.021012827039712634,0.02260781421822109,0.027555161794893878,0.024120570546168674,0.02764964912180412,220,28,28,0,0,1,4,0,187,9,28,28,33,,0.2727272727272727,0.04090909090909091,0.32142857142857145,NOT_ESTIMABLE,,,PROVISIONAL_SMALL_REQUEST_N,0.2727272727272727,0.2727272727272727,PROVISIONAL_SMALL_REQUEST_N,0.3,0.375,NOT_PRIMARY; use physical units and frozen spans
5,f5-fac1f3ff42e4,FORMAL_10K,HELDOUT_TRIPLE_AUDIT,STRICT_LUMPED,f12d43eace12231077007dc497fee8dad00fbe58cb2f1fe2c6159c47636b97a0,all_candidates,all_finite_diagnostic,emx_minus_frozen_proxy,Qmin,dimensionless,28,0.30833710062906744,0.3878235968834851,-0.24418001308266143,0.16150711521263172,0.6272289617041255,0.6349925442190392,PROVISIONAL_SMALL_REQUEST_N,3,0.2796282589335952,0.32801222975238087,0.3543443352045425,0.4073993818608365,-0.26912334063372595,-0.2120326777942636,0.15880336395429406,0.2460248921606336,0.5615796403827557,0.7097144691187995,0.5820884621938021,0.7415323569024928,220,28,28,0,0,1,4,0,187,9,28,28,33,,0.2727272727272727,0.04090909090909091,0.32142857142857145,NOT_ESTIMABLE,,,PROVISIONAL_SMALL_REQUEST_N,0.2727272727272727,0.2727272727272727,PROVISIONAL_SMALL_REQUEST_N,0.3,0.375,NOT_PRIMARY; use physical units and frozen spans
5,f5-fac1f3ff42e4,FORMAL_10K,HELDOUT_TRIPLE_AUDIT,STRICT_LUMPED,f12d43eace12231077007dc497fee8dad00fbe58cb2f1fe2c6159c47636b97a0,all_candidates,all_finite_diagnostic,emx_minus_frozen_proxy,K_abs,dimensionless,28,0.004836930134877789,0.005583243715513544,0.0030153435872882876,0.004602652448740051,0.00835657051438411,0.008610002338342117,PROVISIONAL_SMALL_REQUEST_N,3,0.0033918944289782343,0.006674132968152592,0.0036930940830796326,0.007228353226712178,0.0019557950890811346,0.00457322017932391,0.0033401623498871685,0.007495940591940559,0.005309039115763129,0.010192370213474298,0.00577544930344473,0.010864948770442806,220,28,28,0,0,1,4,0,187,9,28,28,33,,0.2727272727272727,0.04090909090909091,0.32142857142857145,NOT_ESTIMABLE,,,PROVISIONAL_SMALL_REQUEST_N,0.2727272727272727,0.2727272727272727,PROVISIONAL_SMALL_REQUEST_N,0.3,0.375,NOT_PRIMARY; use physical units and frozen spans
5,f5-fac1f3ff42e4,FORMAL_10K,HELDOUT_TRIPLE_AUDIT,STRICT_LUMPED,f12d43eace12231077007dc497fee8dad00fbe58cb2f1fe2c6159c47636b97a0,selected_q_proxy,strict_valid,emx_minus_target,Lp_nH,nH,3,0.0026663619325695276,0.0029289288483776,-0.0012777610922380205,0.0020829012604972608,0.0038997313090087804,0.00412683506507272,PROVISIONAL_SMALL_REQUEST_N,3,0.0015622457160746617,0.00435393882113666,0.0015622457160746617,0.00435393882113666,-0.00435393882113666,0.0020829012604972608,0.0015622457160746617,0.00435393882113666,0.0015622457160746617,0.00435393882113666,0.0015622457160746617,0.00435393882113666,20,3,3,0,0,0,0,0,17,3,3,3,3,,1.0,0.15,1.0,NOT_ESTIMABLE,,,PROVISIONAL_SMALL_REQUEST_N,1.0,1.0,PROVISIONAL_SMALL_REQUEST_N,1.0,1.0,NOT_PRIMARY; use physical units and frozen spans
5,f5-fac1f3ff42e4,FORMAL_10K,HELDOUT_TRIPLE_AUDIT,STRICT_LUMPED,f12d43eace12231077007dc497fee8dad00fbe58cb2f1fe2c6159c47636b97a0,selected_q_proxy,strict_valid,emx_minus_target,Ls_nH,nH,3,0.000987011427358242,0.0016095327953788432,0.000987011427358242,0.00016060889639812892,0.0022586084987668456,0.002520858449062935,PROVISIONAL_SMALL_REQUEST_N,3,1.7316986317572614e-05,0.0027831083993590244,1.7316986317572614e-05,0.0027831083993590244,1.7316986317572614e-05,0.0027831083993590244,1.7316986317572614e-05,0.0027831083993590244,1.7316986317572614e-05,0.0027831083993590244,1.7316986317572614e-05,0.0027831083993590244,20,3,3,0,0,0,0,0,17,3,3,3,3,,1.0,0.15,1.0,NOT_ESTIMABLE,,,PROVISIONAL_SMALL_REQUEST_N,1.0,1.0,PROVISIONAL_SMALL_REQUEST_N,1.0,1.0,NOT_PRIMARY; use physical units and frozen spans
5,f5-fac1f3ff42e4,FORMAL_10K,HELDOUT_TRIPLE_AUDIT,STRICT_LUMPED,f12d43eace12231077007dc497fee8dad00fbe58cb2f1fe2c6159c47636b97a0,selected_q_proxy,strict_valid,emx_minus_target,Qmin,dimensionless,3,0.09531821880093598,0.11035112124017532,0.01731334768431836,0.08241544947615154,0.15164096967753551,0.1602941597027085,PROVISIONAL_SMALL_REQUEST_N,3,0.03459185719877489,0.1689473497278815,0.03459185719877489,0.1689473497278815,-0.08241544947615154,0.1689473497278815,0.03459185719877489,0.1689473497278815,0.03459185719877489,0.1689473497278815,0.03459185719877489,0.1689473497278815,20,3,3,0,0,0,0,0,17,3,3,3,3,,1.0,0.15,1.0,NOT_ESTIMABLE,,,PROVISIONAL_SMALL_REQUEST_N,1.0,1.0,PROVISIONAL_SMALL_REQUEST_N,1.0,1.0,NOT_PRIMARY; use physical units and frozen spans
5,f5-fac1f3ff42e4,FORMAL_10K,HELDOUT_TRIPLE_AUDIT,STRICT_LUMPED,f12d43eace12231077007dc497fee8dad00fbe58cb2f1fe2c6159c47636b97a0,selected_q_proxy,strict_valid,emx_minus_target,K_abs,dimensionless,3,0.0006764753311728858,0.000986650676530755,0.0004426814662373176,0.00031816485838381814,0.001406621128569008,0.0015426781623421564,PROVISIONAL_SMALL_REQUEST_N,3,3.252593901953427e-05,0.0016787351961153052,3.252593901953427e-05,0.0016787351961153052,-0.00031816485838381814,0.0016787351961153052,3.252593901953427e-05,0.0016787351961153052,3.252593901953427e-05,0.0016787351961153052,3.252593901953427e-05,0.0016787351961153052,20,3,3,0,0,0,0,0,17,3,3,3,3,,1.0,0.15,1.0,NOT_ESTIMABLE,,,PROVISIONAL_SMALL_REQUEST_N,1.0,1.0,PROVISIONAL_SMALL_REQUEST_N,1.0,1.0,NOT_PRIMARY; use physical units and frozen spans
5,f5-fac1f3ff42e4,FORMAL_10K,HELDOUT_TRIPLE_AUDIT,STRICT_LUMPED,f12d43eace12231077007dc497fee8dad00fbe58cb2f1fe2c6159c47636b97a0,selected_q_proxy,strict_valid,emx_minus_frozen_proxy,Lp_nH,nH,3,0.001419217708317877,0.0016886023624171184,-0.0013054047774749833,0.0017489545119109273,0.002220174275804876,0.0022790767462916193,PROVISIONAL_SMALL_REQUEST_N,3,0.00017071939626434052,0.002337979216778363,0.00017071939626434052,0.002337979216778363,-0.002337979216778363,0.00017071939626434052,0.00017071939626434052,0.002337979216778363,0.00017071939626434052,0.002337979216778363,0.00017071939626434052,0.002337979216778363,20,3,3,0,0,0,0,0,17,3,3,3,3,,1.0,0.15,1.0,NOT_ESTIMABLE,,,PROVISIONAL_SMALL_REQUEST_N,1.0,1.0,PROVISIONAL_SMALL_REQUEST_N,1.0,1.0,NOT_PRIMARY; use physical units and frozen spans
5,f5-fac1f3ff42e4,FORMAL_10K,HELDOUT_TRIPLE_AUDIT,STRICT_LUMPED,f12d43eace12231077007dc497fee8dad00fbe58cb2f1fe2c6159c47636b97a0,selected_q_proxy,strict_valid,emx_minus_frozen_proxy,Ls_nH,nH,3,0.0021435549145798483,0.002147105251194451,-0.0021435549145798483,0.002193629213872006,0.0022493864502461046,0.0022563561047928673,PROVISIONAL_SMALL_REQUEST_N,3,0.0019737097705279094,0.0022633257593396294,0.0019737097705279094,0.0022633257593396294,-0.0022633257593396294,-0.0019737097705279094,0.0019737097705279094,0.0022633257593396294,0.0019737097705279094,0.0022633257593396294,0.0019737097705279094,0.0022633257593396294,20,3,3,0,0,0,0,0,17,3,3,3,3,,1.0,0.15,1.0,NOT_ESTIMABLE,,,PROVISIONAL_SMALL_REQUEST_N,1.0,1.0,PROVISIONAL_SMALL_REQUEST_N,1.0,1.0,NOT_PRIMARY; use physical units and frozen spans
5,f5-fac1f3ff42e4,FORMAL_10K,HELDOUT_TRIPLE_AUDIT,STRICT_LUMPED,f12d43eace12231077007dc497fee8dad00fbe58cb2f1fe2c6159c47636b97a0,selected_q_proxy,strict_valid,emx_minus_frozen_proxy,Qmin,dimensionless,3,0.08167495403042817,0.0937492502900591,0.015082385566805337,0.062462675428299974,0.12860134260234019,0.13686867599909522,PROVISIONAL_SMALL_REQUEST_N,3,0.037426177267134264,0.14513600939585025,0.037426177267134264,0.14513600939585025,-0.062462675428299974,0.14513600939585025,0.037426177267134264,0.14513600939585025,0.037426177267134264,0.14513600939585025,0.037426177267134264,0.14513600939585025,20,3,3,0,0,0,0,0,17,3,3,3,3,,1.0,0.15,1.0,NOT_ESTIMABLE,,,PROVISIONAL_SMALL_REQUEST_N,1.0,1.0,PROVISIONAL_SMALL_REQUEST_N,1.0,1.0,NOT_PRIMARY; use physical units and frozen spans
5,f5-fac1f3ff42e4,FORMAL_10K,HELDOUT_TRIPLE_AUDIT,STRICT_LUMPED,f12d43eace12231077007dc497fee8dad00fbe58cb2f1fe2c6159c47636b97a0,selected_q_proxy,strict_valid,emx_minus_frozen_proxy,K_abs,dimensionless,3,0.0020125340393990867,0.0022397875401674754,0.0012159227232871144,0.0014476079064068559,0.003005583371379328,0.0032003303045008867,PROVISIONAL_SMALL_REQUEST_N,3,0.0011949169741679588,0.003395077237622446,0.0011949169741679588,0.003395077237622446,-0.0011949169741679588,0.003395077237622446,0.0011949169741679588,0.003395077237622446,0.0011949169741679588,0.003395077237622446,0.0011949169741679588,0.003395077237622446,20,3,3,0,0,0,0,0,17,3,3,3,3,,1.0,0.15,1.0,NOT_ESTIMABLE,,,PROVISIONAL_SMALL_REQUEST_N,1.0,1.0,PROVISIONAL_SMALL_REQUEST_N,1.0,1.0,NOT_PRIMARY; use physical units and frozen spans
5,f5-fac1f3ff42e4,FORMAL_10K,HELDOUT_TRIPLE_AUDIT,STRICT_LUMPED,f12d43eace12231077007dc497fee8dad00fbe58cb2f1fe2c6159c47636b97a0,selected_q_proxy,all_finite_diagnostic,emx_minus_target,Lp_nH,nH,3,0.0026663619325695276,0.0029289288483776,-0.0012777610922380205,0.0020829012604972608,0.0038997313090087804,0.00412683506507272,PROVISIONAL_SMALL_REQUEST_N,3,0.0015622457160746617,0.00435393882113666,0.0015622457160746617,0.00435393882113666,-0.00435393882113666,0.0020829012604972608,0.0015622457160746617,0.00435393882113666,0.0015622457160746617,0.00435393882113666,0.0015622457160746617,0.00435393882113666,20,3,3,0,0,0,0,0,17,3,3,3,3,,1.0,0.15,1.0,NOT_ESTIMABLE,,,PROVISIONAL_SMALL_REQUEST_N,1.0,1.0,PROVISIONAL_SMALL_REQUEST_N,1.0,1.0,NOT_PRIMARY; use physical units and frozen spans
5,f5-fac1f3ff42e4,FORMAL_10K,HELDOUT_TRIPLE_AUDIT,STRICT_LUMPED,f12d43eace12231077007dc497fee8dad00fbe58cb2f1fe2c6159c47636b97a0,selected_q_proxy,all_finite_diagnostic,emx_minus_target,Ls_nH,nH,3,0.000987011427358242,0.0016095327953788432,0.000987011427358242,0.00016060889639812892,0.0022586084987668456,0.002520858449062935,PROVISIONAL_SMALL_REQUEST_N,3,1.7316986317572614e-05,0.0027831083993590244,1.7316986317572614e-05,0.0027831083993590244,1.7316986317572614e-05,0.0027831083993590244,1.7316986317572614e-05,0.0027831083993590244,1.7316986317572614e-05,0.0027831083993590244,1.7316986317572614e-05,0.0027831083993590244,20,3,3,0,0,0,0,0,17,3,3,3,3,,1.0,0.15,1.0,NOT_ESTIMABLE,,,PROVISIONAL_SMALL_REQUEST_N,1.0,1.0,PROVISIONAL_SMALL_REQUEST_N,1.0,1.0,NOT_PRIMARY; use physical units and frozen spans
5,f5-fac1f3ff42e4,FORMAL_10K,HELDOUT_TRIPLE_AUDIT,STRICT_LUMPED,f12d43eace12231077007dc497fee8dad00fbe58cb2f1fe2c6159c47636b97a0,selected_q_proxy,all_finite_diagnostic,emx_minus_target,Qmin,dimensionless,3,0.09531821880093598,0.11035112124017532,0.01731334768431836,0.08241544947615154,0.15164096967753551,0.1602941597027085,PROVISIONAL_SMALL_REQUEST_N,3,0.03459185719877489,0.1689473497278815,0.03459185719877489,0.1689473497278815,-0.08241544947615154,0.1689473497278815,0.03459185719877489,0.1689473497278815,0.03459185719877489,0.1689473497278815,0.03459185719877489,0.1689473497278815,20,3,3,0,0,0,0,0,17,3,3,3,3,,1.0,0.15,1.0,NOT_ESTIMABLE,,,PROVISIONAL_SMALL_REQUEST_N,1.0,1.0,PROVISIONAL_SMALL_REQUEST_N,1.0,1.0,NOT_PRIMARY; use physical units and frozen spans
5,f5-fac1f3ff42e4,FORMAL_10K,HELDOUT_TRIPLE_AUDIT,STRICT_LUMPED,f12d43eace12231077007dc497fee8dad00fbe58cb2f1fe2c6159c47636b97a0,selected_q_proxy,all_finite_diagnostic,emx_minus_target,K_abs,dimensionless,3,0.0006764753311728858,0.000986650676530755,0.0004426814662373176,0.00031816485838381814,0.001406621128569008,0.0015426781623421564,PROVISIONAL_SMALL_REQUEST_N,3,3.252593901953427e-05,0.0016787351961153052,3.252593901953427e-05,0.0016787351961153052,-0.00031816485838381814,0.0016787351961153052,3.252593901953427e-05,0.0016787351961153052,3.252593901953427e-05,0.0016787351961153052,3.252593901953427e-05,0.0016787351961153052,20,3,3,0,0,0,0,0,17,3,3,3,3,,1.0,0.15,1.0,NOT_ESTIMABLE,,,PROVISIONAL_SMALL_REQUEST_N,1.0,1.0,PROVISIONAL_SMALL_REQUEST_N,1.0,1.0,NOT_PRIMARY; use physical units and frozen spans
5,f5-fac1f3ff42e4,FORMAL_10K,HELDOUT_TRIPLE_AUDIT,STRICT_LUMPED,f12d43eace12231077007dc497fee8dad00fbe58cb2f1fe2c6159c47636b97a0,selected_q_proxy,all_finite_diagnostic,emx_minus_frozen_proxy,Lp_nH,nH,3,0.001419217708317877,0.0016886023624171184,-0.0013054047774749833,0.0017489545119109273,0.002220174275804876,0.0022790767462916193,PROVISIONAL_SMALL_REQUEST_N,3,0.00017071939626434052,0.002337979216778363,0.00017071939626434052,0.002337979216778363,-0.002337979216778363,0.00017071939626434052,0.00017071939626434052,0.002337979216778363,0.00017071939626434052,0.002337979216778363,0.00017071939626434052,0.002337979216778363,20,3,3,0,0,0,0,0,17,3,3,3,3,,1.0,0.15,1.0,NOT_ESTIMABLE,,,PROVISIONAL_SMALL_REQUEST_N,1.0,1.0,PROVISIONAL_SMALL_REQUEST_N,1.0,1.0,NOT_PRIMARY; use physical units and frozen spans
5,f5-fac1f3ff42e4,FORMAL_10K,HELDOUT_TRIPLE_AUDIT,STRICT_LUMPED,f12d43eace12231077007dc497fee8dad00fbe58cb2f1fe2c6159c47636b97a0,selected_q_proxy,all_finite_diagnostic,emx_minus_frozen_proxy,Ls_nH,nH,3,0.0021435549145798483,0.002147105251194451,-0.0021435549145798483,0.002193629213872006,0.0022493864502461046,0.0022563561047928673,PROVISIONAL_SMALL_REQUEST_N,3,0.0019737097705279094,0.0022633257593396294,0.0019737097705279094,0.0022633257593396294,-0.0022633257593396294,-0.0019737097705279094,0.0019737097705279094,0.0022633257593396294,0.0019737097705279094,0.0022633257593396294,0.0019737097705279094,0.0022633257593396294,20,3,3,0,0,0,0,0,17,3,3,3,3,,1.0,0.15,1.0,NOT_ESTIMABLE,,,PROVISIONAL_SMALL_REQUEST_N,1.0,1.0,PROVISIONAL_SMALL_REQUEST_N,1.0,1.0,NOT_PRIMARY; use physical units and frozen spans
5,f5-fac1f3ff42e4,FORMAL_10K,HELDOUT_TRIPLE_AUDIT,STRICT_LUMPED,f12d43eace12231077007dc497fee8dad00fbe58cb2f1fe2c6159c47636b97a0,selected_q_proxy,all_finite_diagnostic,emx_minus_frozen_proxy,Qmin,dimensionless,3,0.08167495403042817,0.0937492502900591,0.015082385566805337,0.062462675428299974,0.12860134260234019,0.13686867599909522,PROVISIONAL_SMALL_REQUEST_N,3,0.037426177267134264,0.14513600939585025,0.037426177267134264,0.14513600939585025,-0.062462675428299974,0.14513600939585025,0.037426177267134264,0.14513600939585025,0.037426177267134264,0.14513600939585025,0.037426177267134264,0.14513600939585025,20,3,3,0,0,0,0,0,17,3,3,3,3,,1.0,0.15,1.0,NOT_ESTIMABLE,,,PROVISIONAL_SMALL_REQUEST_N,1.0,1.0,PROVISIONAL_SMALL_REQUEST_N,1.0,1.0,NOT_PRIMARY; use physical units and frozen spans
5,f5-fac1f3ff42e4,FORMAL_10K,HELDOUT_TRIPLE_AUDIT,STRICT_LUMPED,f12d43eace12231077007dc497fee8dad00fbe58cb2f1fe2c6159c47636b97a0,selected_q_proxy,all_finite_diagnostic,emx_minus_frozen_proxy,K_abs,dimensionless,3,0.0020125340393990867,0.0022397875401674754,0.0012159227232871144,0.0014476079064068559,0.003005583371379328,0.0032003303045008867,PROVISIONAL_SMALL_REQUEST_N,3,0.0011949169741679588,0.003395077237622446,0.0011949169741679588,0.003395077237622446,-0.0011949169741679588,0.003395077237622446,0.0011949169741679588,0.003395077237622446,0.0011949169741679588,0.003395077237622446,0.0011949169741679588,0.003395077237622446,20,3,3,0,0,0,0,0,17,3,3,3,3,,1.0,0.15,1.0,NOT_ESTIMABLE,,,PROVISIONAL_SMALL_REQUEST_N,1.0,1.0,PROVISIONAL_SMALL_REQUEST_N,1.0,1.0,NOT_PRIMARY; use physical units and frozen spans
10,f10-d26d41688df1,FORMAL_10K,HELDOUT_TRIPLE_AUDIT,STRICT_LUMPED,f12d43eace12231077007dc497fee8dad00fbe58cb2f1fe2c6159c47636b97a0,all_candidates,strict_valid,emx_minus_target,Lp_nH,nH,18,0.11663153849552498,0.21063513940217662,-0.10785280409187675,0.01738119137188232,0.3624013220878181,0.5000812483817911,PROVISIONAL_SMALL_REQUEST_N,2,0.062210822236210675,0.1710522547548393,0.1106587950478419,0.27656636632191645,-0.16235889384396568,-0.05334671433978783,0.012065062278387773,0.020931424553079614,0.2012273167351284,0.5158900151270627,0.2747798462497981,0.5896642599383293,220,18,18,0,0,3,1,0,198,10,18,18,22,,0.45454545454545453,0.045454545454545456,0.5555555555555556,NOT_ESTIMABLE,,,PROVISIONAL_SMALL_REQUEST_N,0.36363636363636365,0.5454545454545454,PROVISIONAL_SMALL_REQUEST_N,0.4444444444444444,0.6666666666666666,NOT_PRIMARY; use physical units and frozen spans
10,f10-d26d41688df1,FORMAL_10K,HELDOUT_TRIPLE_AUDIT,STRICT_LUMPED,f12d43eace12231077007dc497fee8dad00fbe58cb2f1fe2c6159c47636b97a0,all_candidates,strict_valid,emx_minus_target,Ls_nH,nH,18,0.03748123529616465,0.056255998330751185,-0.009975321936198532,0.011542214866554823,0.10257116497050954,0.13084878313564247,PROVISIONAL_SMALL_REQUEST_N,2,0.024629705329832625,0.05033276526249667,0.034214171755639664,0.07182524032298498,-0.043994027715370136,0.02404338384297307,0.010241893130971125,0.020006959585487927,0.06201624739269984,0.1310174230751212,0.06282159628427086,0.13180440945935534,220,18,18,0,0,3,1,0,198,10,18,18,22,,0.45454545454545453,0.045454545454545456,0.5555555555555556,NOT_ESTIMABLE,,,PROVISIONAL_SMALL_REQUEST_N,0.36363636363636365,0.5454545454545454,PROVISIONAL_SMALL_REQUEST_N,0.4444444444444444,0.6666666666666666,NOT_PRIMARY; use physical units and frozen spans
10,f10-d26d41688df1,FORMAL_10K,HELDOUT_TRIPLE_AUDIT,STRICT_LUMPED,f12d43eace12231077007dc497fee8dad00fbe58cb2f1fe2c6159c47636b97a0,all_candidates,strict_valid,emx_minus_target,Qmin,dimensionless,18,1.5093454359002518,2.321008780087705,-1.4622262461219893,0.3892231458126103,4.492589116954329,4.982520446418157,PROVISIONAL_SMALL_REQUEST_N,2,1.0417060473497832,1.9769848244507202,1.8599323542357735,2.7045914945062237,-1.969043272644024,-0.9554092195999545,0.2956635500424287,2.01070616716477,3.0582406971759992,4.566403817926654,4.945613095931995,5.1916620991730795,220,18,18,0,0,3,1,0,198,10,18,18,22,,0.45454545454545453,0.045454545454545456,0.5555555555555556,NOT_ESTIMABLE,,,PROVISIONAL_SMALL_REQUEST_N,0.36363636363636365,0.5454545454545454,PROVISIONAL_SMALL_REQUEST_N,0.4444444444444444,0.6666666666666666,NOT_PRIMARY; use physical units and frozen spans
10,f10-d26d41688df1,FORMAL_10K,HELDOUT_TRIPLE_AUDIT,STRICT_LUMPED,f12d43eace12231077007dc497fee8dad00fbe58cb2f1fe2c6159c47636b97a0,all_candidates,strict_valid,emx_minus_target,K_abs,dimensionless,18,0.024125753368632354,0.04544526065121507,-0.005046604811390928,0.0032077970178149007,0.08790381317887672,0.10670652998417011,PROVISIONAL_SMALL_REQUEST_N,2,0.0034654727000499336,0.044786034037214775,0.005689489014052875,0.0640169754523964,-0.009238770059963283,-0.0008544395628185742,0.0017772274342309213,0.027184372447235955,0.0073559199584526825,0.11081641090861095,0.01579017512214316,0.1299958552226679,220,18,18,0,0,3,1,0,198,10,18,18,22,,0.45454545454545453,0.045454545454545456,0.5555555555555556,NOT_ESTIMABLE,,,PROVISIONAL_SMALL_REQUEST_N,0.36363636363636365,0.5454545454545454,PROVISIONAL_SMALL_REQUEST_N,0.4444444444444444,0.6666666666666666,NOT_PRIMARY; use physical units and frozen spans
10,f10-d26d41688df1,FORMAL_10K,HELDOUT_TRIPLE_AUDIT,STRICT_LUMPED,f12d43eace12231077007dc497fee8dad00fbe58cb2f1fe2c6159c47636b97a0,all_candidates,strict_valid,emx_minus_frozen_proxy,Lp_nH,nH,18,0.009900083468720103,0.01253180539749648,0.008848958571524616,0.008445164668529626,0.01745957945348129,0.021538142785509334,PROVISIONAL_SMALL_REQUEST_N,2,0.008578526344925595,0.011221640592514614,0.009866064075248366,0.014722536218482785,0.0077423070899468194,0.009955610053102415,0.008364781584554004,0.011180312241966472,0.01573616629247283,0.023379067303995957,0.016500591390534947,0.031970048390266737,220,18,18,0,0,3,1,0,198,10,18,18,22,,0.45454545454545453,0.045454545454545456,0.5555555555555556,NOT_ESTIMABLE,,,PROVISIONAL_SMALL_REQUEST_N,0.36363636363636365,0.5454545454545454,PROVISIONAL_SMALL_REQUEST_N,0.4444444444444444,0.6666666666666666,NOT_PRIMARY; use physical units and frozen spans
10,f10-d26d41688df1,FORMAL_10K,HELDOUT_TRIPLE_AUDIT,STRICT_LUMPED,f12d43eace12231077007dc497fee8dad00fbe58cb2f1fe2c6159c47636b97a0,all_candidates,strict_valid,emx_minus_frozen_proxy,Ls_nH,nH,18,0.014535023844897244,0.01854481125262206,0.013427377292857985,0.014040142016753188,0.030555574041797436,0.03648170986103029,PROVISIONAL_SMALL_REQUEST_N,2,0.013310523195831358,0.01575952449396313,0.017653739395805185,0.019394987345594,0.013153575385183124,0.013701179200532845,0.013973646978670429,0.01629731048634353,0.027249408229523455,0.030555574041797436,0.03583031761720634,0.040172932576032716,220,18,18,0,0,3,1,0,198,10,18,18,22,,0.45454545454545453,0.045454545454545456,0.5555555555555556,NOT_ESTIMABLE,,,PROVISIONAL_SMALL_REQUEST_N,0.36363636363636365,0.5454545454545454,PROVISIONAL_SMALL_REQUEST_N,0.4444444444444444,0.6666666666666666,NOT_PRIMARY; use physical units and frozen spans
10,f10-d26d41688df1,FORMAL_10K,HELDOUT_TRIPLE_AUDIT,STRICT_LUMPED,f12d43eace12231077007dc497fee8dad00fbe58cb2f1fe2c6159c47636b97a0,all_candidates,strict_valid,emx_minus_frozen_proxy,Qmin,dimensionless,18,0.14686858871264905,0.18082827900914278,-0.09854455887291153,0.14570819941124125,0.2990398388019747,0.31657442996808394,PROVISIONAL_SMALL_REQUEST_N,2,0.14634961419148318,0.1473875632338149,0.1794753811339433,0.18217112983577438,-0.140029872036385,-0.057059245709438024,0.14340492678563344,0.1509202584895455,0.2831132812769088,0.2990398388019747,0.3101013820444649,0.35325503486859233,220,18,18,0,0,3,1,0,198,10,18,18,22,,0.45454545454545453,0.045454545454545456,0.5555555555555556,NOT_ESTIMABLE,,,PROVISIONAL_SMALL_REQUEST_N,0.36363636363636365,0.5454545454545454,PROVISIONAL_SMALL_REQUEST_N,0.4444444444444444,0.6666666666666666,NOT_PRIMARY; use physical units and frozen spans
10,f10-d26d41688df1,FORMAL_10K,HELDOUT_TRIPLE_AUDIT,STRICT_LUMPED,f12d43eace12231077007dc497fee8dad00fbe58cb2f1fe2c6159c47636b97a0,all_candidates,strict_valid,emx_minus_frozen_proxy,K_abs,dimensionless,18,0.0030432986823882655,0.004356857261349095,0.0012863734869177287,0.0021370310752767546,0.006396459964944554,0.0080730263185538,PROVISIONAL_SMALL_REQUEST_N,2,0.0013469082899710966,0.0047396890748054345,0.0018713427560008511,0.005870475847927816,4.405455812807324e-05,0.0025286924157073842,0.000758599876352184,0.0037133784204886333,0.0033043368958681563,0.00883975794306472,0.004373219020886346,0.01241783885744896,220,18,18,0,0,3,1,0,198,10,18,18,22,,0.45454545454545453,0.045454545454545456,0.5555555555555556,NOT_ESTIMABLE,,,PROVISIONAL_SMALL_REQUEST_N,0.36363636363636365,0.5454545454545454,PROVISIONAL_SMALL_REQUEST_N,0.4444444444444444,0.6666666666666666,NOT_PRIMARY; use physical units and frozen spans
10,f10-d26d41688df1,FORMAL_10K,HELDOUT_TRIPLE_AUDIT,STRICT_LUMPED,f12d43eace12231077007dc497fee8dad00fbe58cb2f1fe2c6159c47636b97a0,all_candidates,all_finite_diagnostic,emx_minus_target,Lp_nH,nH,18,0.11663153849552498,0.21063513940217662,-0.10785280409187675,0.01738119137188232,0.3624013220878181,0.5000812483817911,PROVISIONAL_SMALL_REQUEST_N,2,0.062210822236210675,0.1710522547548393,0.1106587950478419,0.27656636632191645,-0.16235889384396568,-0.05334671433978783,0.012065062278387773,0.020931424553079614,0.2012273167351284,0.5158900151270627,0.2747798462497981,0.5896642599383293,220,18,18,0,0,3,1,0,198,10,18,18,22,,0.45454545454545453,0.045454545454545456,0.5555555555555556,NOT_ESTIMABLE,,,PROVISIONAL_SMALL_REQUEST_N,0.36363636363636365,0.5454545454545454,PROVISIONAL_SMALL_REQUEST_N,0.4444444444444444,0.6666666666666666,NOT_PRIMARY; use physical units and frozen spans
10,f10-d26d41688df1,FORMAL_10K,HELDOUT_TRIPLE_AUDIT,STRICT_LUMPED,f12d43eace12231077007dc497fee8dad00fbe58cb2f1fe2c6159c47636b97a0,all_candidates,all_finite_diagnostic,emx_minus_target,Ls_nH,nH,18,0.03748123529616465,0.056255998330751185,-0.009975321936198532,0.011542214866554823,0.10257116497050954,0.13084878313564247,PROVISIONAL_SMALL_REQUEST_N,2,0.024629705329832625,0.05033276526249667,0.034214171755639664,0.07182524032298498,-0.043994027715370136,0.02404338384297307,0.010241893130971125,0.020006959585487927,0.06201624739269984,0.1310174230751212,0.06282159628427086,0.13180440945935534,220,18,18,0,0,3,1,0,198,10,18,18,22,,0.45454545454545453,0.045454545454545456,0.5555555555555556,NOT_ESTIMABLE,,,PROVISIONAL_SMALL_REQUEST_N,0.36363636363636365,0.5454545454545454,PROVISIONAL_SMALL_REQUEST_N,0.4444444444444444,0.6666666666666666,NOT_PRIMARY; use physical units and frozen spans
10,f10-d26d41688df1,FORMAL_10K,HELDOUT_TRIPLE_AUDIT,STRICT_LUMPED,f12d43eace12231077007dc497fee8dad00fbe58cb2f1fe2c6159c47636b97a0,all_candidates,all_finite_diagnostic,emx_minus_target,Qmin,dimensionless,18,1.5093454359002518,2.321008780087705,-1.4622262461219893,0.3892231458126103,4.492589116954329,4.982520446418157,PROVISIONAL_SMALL_REQUEST_N,2,1.0417060473497832,1.9769848244507202,1.8599323542357735,2.7045914945062237,-1.969043272644024,-0.9554092195999545,0.2956635500424287,2.01070616716477,3.0582406971759992,4.566403817926654,4.945613095931995,5.1916620991730795,220,18,18,0,0,3,1,0,198,10,18,18,22,,0.45454545454545453,0.045454545454545456,0.5555555555555556,NOT_ESTIMABLE,,,PROVISIONAL_SMALL_REQUEST_N,0.36363636363636365,0.5454545454545454,PROVISIONAL_SMALL_REQUEST_N,0.4444444444444444,0.6666666666666666,NOT_PRIMARY; use physical units and frozen spans
10,f10-d26d41688df1,FORMAL_10K,HELDOUT_TRIPLE_AUDIT,STRICT_LUMPED,f12d43eace12231077007dc497fee8dad00fbe58cb2f1fe2c6159c47636b97a0,all_candidates,all_finite_diagnostic,emx_minus_target,K_abs,dimensionless,18,0.024125753368632354,0.04544526065121507,-0.005046604811390928,0.0032077970178149007,0.08790381317887672,0.10670652998417011,PROVISIONAL_SMALL_REQUEST_N,2,0.0034654727000499336,0.044786034037214775,0.005689489014052875,0.0640169754523964,-0.009238770059963283,-0.0008544395628185742,0.0017772274342309213,0.027184372447235955,0.0073559199584526825,0.11081641090861095,0.01579017512214316,0.1299958552226679,220,18,18,0,0,3,1,0,198,10,18,18,22,,0.45454545454545453,0.045454545454545456,0.5555555555555556,NOT_ESTIMABLE,,,PROVISIONAL_SMALL_REQUEST_N,0.36363636363636365,0.5454545454545454,PROVISIONAL_SMALL_REQUEST_N,0.4444444444444444,0.6666666666666666,NOT_PRIMARY; use physical units and frozen spans
10,f10-d26d41688df1,FORMAL_10K,HELDOUT_TRIPLE_AUDIT,STRICT_LUMPED,f12d43eace12231077007dc497fee8dad00fbe58cb2f1fe2c6159c47636b97a0,all_candidates,all_finite_diagnostic,emx_minus_frozen_proxy,Lp_nH,nH,18,0.009900083468720103,0.01253180539749648,0.008848958571524616,0.008445164668529626,0.01745957945348129,0.021538142785509334,PROVISIONAL_SMALL_REQUEST_N,2,0.008578526344925595,0.011221640592514614,0.009866064075248366,0.014722536218482785,0.0077423070899468194,0.009955610053102415,0.008364781584554004,0.011180312241966472,0.01573616629247283,0.023379067303995957,0.016500591390534947,0.031970048390266737,220,18,18,0,0,3,1,0,198,10,18,18,22,,0.45454545454545453,0.045454545454545456,0.5555555555555556,NOT_ESTIMABLE,,,PROVISIONAL_SMALL_REQUEST_N,0.36363636363636365,0.5454545454545454,PROVISIONAL_SMALL_REQUEST_N,0.4444444444444444,0.6666666666666666,NOT_PRIMARY; use physical units and frozen spans
10,f10-d26d41688df1,FORMAL_10K,HELDOUT_TRIPLE_AUDIT,STRICT_LUMPED,f12d43eace12231077007dc497fee8dad00fbe58cb2f1fe2c6159c47636b97a0,all_candidates,all_finite_diagnostic,emx_minus_frozen_proxy,Ls_nH,nH,18,0.014535023844897244,0.01854481125262206,0.013427377292857985,0.014040142016753188,0.030555574041797436,0.03648170986103029,PROVISIONAL_SMALL_REQUEST_N,2,0.013310523195831358,0.01575952449396313,0.017653739395805185,0.019394987345594,0.013153575385183124,0.013701179200532845,0.013973646978670429,0.01629731048634353,0.027249408229523455,0.030555574041797436,0.03583031761720634,0.040172932576032716,220,18,18,0,0,3,1,0,198,10,18,18,22,,0.45454545454545453,0.045454545454545456,0.5555555555555556,NOT_ESTIMABLE,,,PROVISIONAL_SMALL_REQUEST_N,0.36363636363636365,0.5454545454545454,PROVISIONAL_SMALL_REQUEST_N,0.4444444444444444,0.6666666666666666,NOT_PRIMARY; use physical units and frozen spans
10,f10-d26d41688df1,FORMAL_10K,HELDOUT_TRIPLE_AUDIT,STRICT_LUMPED,f12d43eace12231077007dc497fee8dad00fbe58cb2f1fe2c6159c47636b97a0,all_candidates,all_finite_diagnostic,emx_minus_frozen_proxy,Qmin,dimensionless,18,0.14686858871264905,0.18082827900914278,-0.09854455887291153,0.14570819941124125,0.2990398388019747,0.31657442996808394,PROVISIONAL_SMALL_REQUEST_N,2,0.14634961419148318,0.1473875632338149,0.1794753811339433,0.18217112983577438,-0.140029872036385,-0.057059245709438024,0.14340492678563344,0.1509202584895455,0.2831132812769088,0.2990398388019747,0.3101013820444649,0.35325503486859233,220,18,18,0,0,3,1,0,198,10,18,18,22,,0.45454545454545453,0.045454545454545456,0.5555555555555556,NOT_ESTIMABLE,,,PROVISIONAL_SMALL_REQUEST_N,0.36363636363636365,0.5454545454545454,PROVISIONAL_SMALL_REQUEST_N,0.4444444444444444,0.6666666666666666,NOT_PRIMARY; use physical units and frozen spans
10,f10-d26d41688df1,FORMAL_10K,HELDOUT_TRIPLE_AUDIT,STRICT_LUMPED,f12d43eace12231077007dc497fee8dad00fbe58cb2f1fe2c6159c47636b97a0,all_candidates,all_finite_diagnostic,emx_minus_frozen_proxy,K_abs,dimensionless,18,0.0030432986823882655,0.004356857261349095,0.0012863734869177287,0.0021370310752767546,0.006396459964944554,0.0080730263185538,PROVISIONAL_SMALL_REQUEST_N,2,0.0013469082899710966,0.0047396890748054345,0.0018713427560008511,0.005870475847927816,4.405455812807324e-05,0.0025286924157073842,0.000758599876352184,0.0037133784204886333,0.0033043368958681563,0.00883975794306472,0.004373219020886346,0.01241783885744896,220,18,18,0,0,3,1,0,198,10,18,18,22,,0.45454545454545453,0.045454545454545456,0.5555555555555556,NOT_ESTIMABLE,,,PROVISIONAL_SMALL_REQUEST_N,0.36363636363636365,0.5454545454545454,PROVISIONAL_SMALL_REQUEST_N,0.4444444444444444,0.6666666666666666,NOT_PRIMARY; use physical units and frozen spans
10,f10-d26d41688df1,FORMAL_10K,HELDOUT_TRIPLE_AUDIT,STRICT_LUMPED,f12d43eace12231077007dc497fee8dad00fbe58cb2f1fe2c6159c47636b97a0,selected_q_proxy,strict_valid,emx_minus_target,Lp_nH,nH,2,0.0025349238603536994,0.0029786182787363753,0.0015640741263226454,0.0025349238603536994,0.003786183161411816,0.003942590574044081,PROVISIONAL_SMALL_REQUEST_N,2,0.000970849734031054,0.004098997986676345,0.000970849734031054,0.004098997986676345,-0.000970849734031054,0.004098997986676345,0.000970849734031054,0.004098997986676345,0.000970849734031054,0.004098997986676345,0.000970849734031054,0.004098997986676345,20,2,2,0,0,0,0,0,18,2,2,2,2,,1.0,0.1,1.0,NOT_ESTIMABLE,,,PROVISIONAL_SMALL_REQUEST_N,1.0,1.0,PROVISIONAL_SMALL_REQUEST_N,1.0,1.0,NOT_PRIMARY; use physical units and frozen spans
10,f10-d26d41688df1,FORMAL_10K,HELDOUT_TRIPLE_AUDIT,STRICT_LUMPED,f12d43eace12231077007dc497fee8dad00fbe58cb2f1fe2c6159c47636b97a0,selected_q_proxy,strict_valid,emx_minus_target,Ls_nH,nH,2,0.006094416734313435,0.007371802750502233,0.006094416734313435,0.006094416734313435,0.009412397851639588,0.009827145491305355,PROVISIONAL_SMALL_REQUEST_N,2,0.0019469403376557448,0.010241893130971125,0.0019469403376557448,0.010241893130971125,0.0019469403376557448,0.010241893130971125,0.0019469403376557448,0.010241893130971125,0.0019469403376557448,0.010241893130971125,0.0019469403376557448,0.010241893130971125,20,2,2,0,0,0,0,0,18,2,2,2,2,,1.0,0.1,1.0,NOT_ESTIMABLE,,,PROVISIONAL_SMALL_REQUEST_N,1.0,1.0,PROVISIONAL_SMALL_REQUEST_N,1.0,1.0,NOT_PRIMARY; use physical units and frozen spans
10,f10-d26d41688df1,FORMAL_10K,HELDOUT_TRIPLE_AUDIT,STRICT_LUMPED,f12d43eace12231077007dc497fee8dad00fbe58cb2f1fe2c6159c47636b97a0,selected_q_proxy,strict_valid,emx_minus_target,Qmin,dimensionless,2,0.08351586892744667,0.09060405256155436,-0.08351586892744667,0.08351586892744667,0.11162074654392261,0.11513385624598209,PROVISIONAL_SMALL_REQUEST_N,2,0.04838477190685175,0.11864696594804158,0.04838477190685175,0.11864696594804158,-0.11864696594804158,-0.04838477190685175,0.04838477190685175,0.11864696594804158,0.04838477190685175,0.11864696594804158,0.04838477190685175,0.11864696594804158,20,2,2,0,0,0,0,0,18,2,2,2,2,,1.0,0.1,1.0,NOT_ESTIMABLE,,,PROVISIONAL_SMALL_REQUEST_N,1.0,1.0,PROVISIONAL_SMALL_REQUEST_N,1.0,1.0,NOT_PRIMARY; use physical units and frozen spans
10,f10-d26d41688df1,FORMAL_10K,HELDOUT_TRIPLE_AUDIT,STRICT_LUMPED,f12d43eace12231077007dc497fee8dad00fbe58cb2f1fe2c6159c47636b97a0,selected_q_proxy,strict_valid,emx_minus_target,K_abs,dimensionless,2,0.002279843830979386,0.0023345901430305007,0.0005026163967484648,0.002279843830979386,0.002681936948378158,0.0027321985880530046,PROVISIONAL_SMALL_REQUEST_N,2,0.0017772274342309213,0.002782460227727851,0.0017772274342309213,0.002782460227727851,-0.0017772274342309213,0.002782460227727851,0.0017772274342309213,0.002782460227727851,0.0017772274342309213,0.002782460227727851,0.0017772274342309213,0.002782460227727851,20,2,2,0,0,0,0,0,18,2,2,2,2,,1.0,0.1,1.0,NOT_ESTIMABLE,,,PROVISIONAL_SMALL_REQUEST_N,1.0,1.0,PROVISIONAL_SMALL_REQUEST_N,1.0,1.0,NOT_PRIMARY; use physical units and frozen spans
10,f10-d26d41688df1,FORMAL_10K,HELDOUT_TRIPLE_AUDIT,STRICT_LUMPED,f12d43eace12231077007dc497fee8dad00fbe58cb2f1fe2c6159c47636b97a0,selected_q_proxy,strict_valid,emx_minus_frozen_proxy,Lp_nH,nH,2,0.003231650843053213,0.0032317457425586095,-2.4766371134132825e-05,0.003231650843053213,0.0032514639399605196,0.0032539405770739328,PROVISIONAL_SMALL_REQUEST_N,2,0.0032068844719190803,0.003256417214187346,0.0032068844719190803,0.003256417214187346,-0.003256417214187346,0.0032068844719190803,0.0032068844719190803,0.003256417214187346,0.0032068844719190803,0.003256417214187346,0.0032068844719190803,0.003256417214187346,20,2,2,0,0,0,0,0,18,2,2,2,2,,1.0,0.1,1.0,NOT_ESTIMABLE,,,PROVISIONAL_SMALL_REQUEST_N,1.0,1.0,PROVISIONAL_SMALL_REQUEST_N,1.0,1.0,NOT_PRIMARY; use physical units and frozen spans
10,f10-d26d41688df1,FORMAL_10K,HELDOUT_TRIPLE_AUDIT,STRICT_LUMPED,f12d43eace12231077007dc497fee8dad00fbe58cb2f1fe2c6159c47636b97a0,selected_q_proxy,strict_valid,emx_minus_frozen_proxy,Ls_nH,nH,2,0.006400382340289168,0.007072477924627547,0.006400382340289168,0.006400382340289168,0.008807711136106944,0.009108627235584164,PROVISIONAL_SMALL_REQUEST_N,2,0.003391221345516948,0.009409543335061388,0.003391221345516948,0.009409543335061388,0.003391221345516948,0.009409543335061388,0.003391221345516948,0.009409543335061388,0.003391221345516948,0.009409543335061388,0.003391221345516948,0.009409543335061388,20,2,2,0,0,0,0,0,18,2,2,2,2,,1.0,0.1,1.0,NOT_ESTIMABLE,,,PROVISIONAL_SMALL_REQUEST_N,1.0,1.0,PROVISIONAL_SMALL_REQUEST_N,1.0,1.0,NOT_PRIMARY; use physical units and frozen spans
10,f10-d26d41688df1,FORMAL_10K,HELDOUT_TRIPLE_AUDIT,STRICT_LUMPED,f12d43eace12231077007dc497fee8dad00fbe58cb2f1fe2c6159c47636b97a0,selected_q_proxy,strict_valid,emx_minus_frozen_proxy,Qmin,dimensionless,2,0.09281896188398964,0.10950397414006624,-0.09281896188398964,0.09281896188398964,0.13929999916843433,0.14511012882898988,PROVISIONAL_SMALL_REQUEST_N,2,0.034717665278433785,0.1509202584895455,0.034717665278433785,0.1509202584895455,-0.1509202584895455,-0.034717665278433785,0.034717665278433785,0.1509202584895455,0.034717665278433785,0.1509202584895455,0.034717665278433785,0.1509202584895455,20,2,2,0,0,0,0,0,18,2,2,2,2,,1.0,0.1,1.0,NOT_ESTIMABLE,,,PROVISIONAL_SMALL_REQUEST_N,1.0,1.0,PROVISIONAL_SMALL_REQUEST_N,1.0,1.0,NOT_PRIMARY; use physical units and frozen spans
10,f10-d26d41688df1,FORMAL_10K,HELDOUT_TRIPLE_AUDIT,STRICT_LUMPED,f12d43eace12231077007dc497fee8dad00fbe58cb2f1fe2c6159c47636b97a0,selected_q_proxy,strict_valid,emx_minus_frozen_proxy,K_abs,dimensionless,2,0.00305495924828543,0.0030620806376091088,0.0002087146917107846,0.00305495924828543,0.0032219310016540575,0.003242802470825136,PROVISIONAL_SMALL_REQUEST_N,2,0.0028462445565746453,0.0032636739399962145,0.0028462445565746453,0.0032636739399962145,-0.0028462445565746453,0.0032636739399962145,0.0028462445565746453,0.0032636739399962145,0.0028462445565746453,0.0032636739399962145,0.0028462445565746453,0.0032636739399962145,20,2,2,0,0,0,0,0,18,2,2,2,2,,1.0,0.1,1.0,NOT_ESTIMABLE,,,PROVISIONAL_SMALL_REQUEST_N,1.0,1.0,PROVISIONAL_SMALL_REQUEST_N,1.0,1.0,NOT_PRIMARY; use physical units and frozen spans
10,f10-d26d41688df1,FORMAL_10K,HELDOUT_TRIPLE_AUDIT,STRICT_LUMPED,f12d43eace12231077007dc497fee8dad00fbe58cb2f1fe2c6159c47636b97a0,selected_q_proxy,all_finite_diagnostic,emx_minus_target,Lp_nH,nH,2,0.0025349238603536994,0.0029786182787363753,0.0015640741263226454,0.0025349238603536994,0.003786183161411816,0.003942590574044081,PROVISIONAL_SMALL_REQUEST_N,2,0.000970849734031054,0.004098997986676345,0.000970849734031054,0.004098997986676345,-0.000970849734031054,0.004098997986676345,0.000970849734031054,0.004098997986676345,0.000970849734031054,0.004098997986676345,0.000970849734031054,0.004098997986676345,20,2,2,0,0,0,0,0,18,2,2,2,2,,1.0,0.1,1.0,NOT_ESTIMABLE,,,PROVISIONAL_SMALL_REQUEST_N,1.0,1.0,PROVISIONAL_SMALL_REQUEST_N,1.0,1.0,NOT_PRIMARY; use physical units and frozen spans
10,f10-d26d41688df1,FORMAL_10K,HELDOUT_TRIPLE_AUDIT,STRICT_LUMPED,f12d43eace12231077007dc497fee8dad00fbe58cb2f1fe2c6159c47636b97a0,selected_q_proxy,all_finite_diagnostic,emx_minus_target,Ls_nH,nH,2,0.006094416734313435,0.007371802750502233,0.006094416734313435,0.006094416734313435,0.009412397851639588,0.009827145491305355,PROVISIONAL_SMALL_REQUEST_N,2,0.0019469403376557448,0.010241893130971125,0.0019469403376557448,0.010241893130971125,0.0019469403376557448,0.010241893130971125,0.0019469403376557448,0.010241893130971125,0.0019469403376557448,0.010241893130971125,0.0019469403376557448,0.010241893130971125,20,2,2,0,0,0,0,0,18,2,2,2,2,,1.0,0.1,1.0,NOT_ESTIMABLE,,,PROVISIONAL_SMALL_REQUEST_N,1.0,1.0,PROVISIONAL_SMALL_REQUEST_N,1.0,1.0,NOT_PRIMARY; use physical units and frozen spans
10,f10-d26d41688df1,FORMAL_10K,HELDOUT_TRIPLE_AUDIT,STRICT_LUMPED,f12d43eace12231077007dc497fee8dad00fbe58cb2f1fe2c6159c47636b97a0,selected_q_proxy,all_finite_diagnostic,emx_minus_target,Qmin,dimensionless,2,0.08351586892744667,0.09060405256155436,-0.08351586892744667,0.08351586892744667,0.11162074654392261,0.11513385624598209,PROVISIONAL_SMALL_REQUEST_N,2,0.04838477190685175,0.11864696594804158,0.04838477190685175,0.11864696594804158,-0.11864696594804158,-0.04838477190685175,0.04838477190685175,0.11864696594804158,0.04838477190685175,0.11864696594804158,0.04838477190685175,0.11864696594804158,20,2,2,0,0,0,0,0,18,2,2,2,2,,1.0,0.1,1.0,NOT_ESTIMABLE,,,PROVISIONAL_SMALL_REQUEST_N,1.0,1.0,PROVISIONAL_SMALL_REQUEST_N,1.0,1.0,NOT_PRIMARY; use physical units and frozen spans
10,f10-d26d41688df1,FORMAL_10K,HELDOUT_TRIPLE_AUDIT,STRICT_LUMPED,f12d43eace12231077007dc497fee8dad00fbe58cb2f1fe2c6159c47636b97a0,selected_q_proxy,all_finite_diagnostic,emx_minus_target,K_abs,dimensionless,2,0.002279843830979386,0.0023345901430305007,0.0005026163967484648,0.002279843830979386,0.002681936948378158,0.0027321985880530046,PROVISIONAL_SMALL_REQUEST_N,2,0.0017772274342309213,0.002782460227727851,0.0017772274342309213,0.002782460227727851,-0.0017772274342309213,0.002782460227727851,0.0017772274342309213,0.002782460227727851,0.0017772274342309213,0.002782460227727851,0.0017772274342309213,0.002782460227727851,20,2,2,0,0,0,0,0,18,2,2,2,2,,1.0,0.1,1.0,NOT_ESTIMABLE,,,PROVISIONAL_SMALL_REQUEST_N,1.0,1.0,PROVISIONAL_SMALL_REQUEST_N,1.0,1.0,NOT_PRIMARY; use physical units and frozen spans
10,f10-d26d41688df1,FORMAL_10K,HELDOUT_TRIPLE_AUDIT,STRICT_LUMPED,f12d43eace12231077007dc497fee8dad00fbe58cb2f1fe2c6159c47636b97a0,selected_q_proxy,all_finite_diagnostic,emx_minus_frozen_proxy,Lp_nH,nH,2,0.003231650843053213,0.0032317457425586095,-2.4766371134132825e-05,0.003231650843053213,0.0032514639399605196,0.0032539405770739328,PROVISIONAL_SMALL_REQUEST_N,2,0.0032068844719190803,0.003256417214187346,0.0032068844719190803,0.003256417214187346,-0.003256417214187346,0.0032068844719190803,0.0032068844719190803,0.003256417214187346,0.0032068844719190803,0.003256417214187346,0.0032068844719190803,0.003256417214187346,20,2,2,0,0,0,0,0,18,2,2,2,2,,1.0,0.1,1.0,NOT_ESTIMABLE,,,PROVISIONAL_SMALL_REQUEST_N,1.0,1.0,PROVISIONAL_SMALL_REQUEST_N,1.0,1.0,NOT_PRIMARY; use physical units and frozen spans
10,f10-d26d41688df1,FORMAL_10K,HELDOUT_TRIPLE_AUDIT,STRICT_LUMPED,f12d43eace12231077007dc497fee8dad00fbe58cb2f1fe2c6159c47636b97a0,selected_q_proxy,all_finite_diagnostic,emx_minus_frozen_proxy,Ls_nH,nH,2,0.006400382340289168,0.007072477924627547,0.006400382340289168,0.006400382340289168,0.008807711136106944,0.009108627235584164,PROVISIONAL_SMALL_REQUEST_N,2,0.003391221345516948,0.009409543335061388,0.003391221345516948,0.009409543335061388,0.003391221345516948,0.009409543335061388,0.003391221345516948,0.009409543335061388,0.003391221345516948,0.009409543335061388,0.003391221345516948,0.009409543335061388,20,2,2,0,0,0,0,0,18,2,2,2,2,,1.0,0.1,1.0,NOT_ESTIMABLE,,,PROVISIONAL_SMALL_REQUEST_N,1.0,1.0,PROVISIONAL_SMALL_REQUEST_N,1.0,1.0,NOT_PRIMARY; use physical units and frozen spans
10,f10-d26d41688df1,FORMAL_10K,HELDOUT_TRIPLE_AUDIT,STRICT_LUMPED,f12d43eace12231077007dc497fee8dad00fbe58cb2f1fe2c6159c47636b97a0,selected_q_proxy,all_finite_diagnostic,emx_minus_frozen_proxy,Qmin,dimensionless,2,0.09281896188398964,0.10950397414006624,-0.09281896188398964,0.09281896188398964,0.13929999916843433,0.14511012882898988,PROVISIONAL_SMALL_REQUEST_N,2,0.034717665278433785,0.1509202584895455,0.034717665278433785,0.1509202584895455,-0.1509202584895455,-0.034717665278433785,0.034717665278433785,0.1509202584895455,0.034717665278433785,0.1509202584895455,0.034717665278433785,0.1509202584895455,20,2,2,0,0,0,0,0,18,2,2,2,2,,1.0,0.1,1.0,NOT_ESTIMABLE,,,PROVISIONAL_SMALL_REQUEST_N,1.0,1.0,PROVISIONAL_SMALL_REQUEST_N,1.0,1.0,NOT_PRIMARY; use physical units and frozen spans
10,f10-d26d41688df1,FORMAL_10K,HELDOUT_TRIPLE_AUDIT,STRICT_LUMPED,f12d43eace12231077007dc497fee8dad00fbe58cb2f1fe2c6159c47636b97a0,selected_q_proxy,all_finite_diagnostic,emx_minus_frozen_proxy,K_abs,dimensionless,2,0.00305495924828543,0.0030620806376091088,0.0002087146917107846,0.00305495924828543,0.0032219310016540575,0.003242802470825136,PROVISIONAL_SMALL_REQUEST_N,2,0.0028462445565746453,0.0032636739399962145,0.0028462445565746453,0.0032636739399962145,-0.0028462445565746453,0.0032636739399962145,0.0028462445565746453,0.0032636739399962145,0.0028462445565746453,0.0032636739399962145,0.0028462445565746453,0.0032636739399962145,20,2,2,0,0,0,0,0,18,2,2,2,2,,1.0,0.1,1.0,NOT_ESTIMABLE,,,PROVISIONAL_SMALL_REQUEST_N,1.0,1.0,PROVISIONAL_SMALL_REQUEST_N,1.0,1.0,NOT_PRIMARY; use physical units and frozen spans
20,f20-4d6b0c6066ee,FORMAL_10K,HELDOUT_TRIPLE_AUDIT,STRICT_LUMPED,f12d43eace12231077007dc497fee8dad00fbe58cb2f1fe2c6159c47636b97a0,all_candidates,strict_valid,emx_minus_target,Lp_nH,nH,18,0.039027023311815345,0.05005315005702813,0.037616876196608515,0.038471274355629914,0.06783274542836072,0.09619514363528549,PROVISIONAL_SMALL_REQUEST_N,2,0.034386049309273824,0.044828240814992246,0.041673187790656895,0.05887399165273576,0.03184778450190153,0.044828240814992246,0.034466351554269026,0.03891912887050197,0.05287621843440789,0.09815664306080135,0.08890408955654017,0.13751111674817607,220,19,18,1,5,3,0,0,193,6,19,19,22,,0.2727272727272727,0.02727272727272727,0.3333333333333333,NOT_ESTIMABLE,,,PROVISIONAL_SMALL_REQUEST_N,0.18181818181818182,0.36363636363636365,PROVISIONAL_SMALL_REQUEST_N,0.25,0.4,NOT_PRIMARY; use physical units and frozen spans
20,f20-4d6b0c6066ee,FORMAL_10K,HELDOUT_TRIPLE_AUDIT,STRICT_LUMPED,f12d43eace12231077007dc497fee8dad00fbe58cb2f1fe2c6159c47636b97a0,all_candidates,strict_valid,emx_minus_target,Ls_nH,nH,18,0.029014988064342093,0.03802095191968191,-0.014052704269243939,0.02290463244905505,0.058803173792066246,0.06697741998965866,PROVISIONAL_SMALL_REQUEST_N,2,0.028825388586803967,0.02925198741126475,0.03335730756236463,0.04137510167399742,-0.026758356523710235,0.0018293610488389345,0.0198239827215968,0.02861038533178084,0.0514176168308117,0.06292596402935109,0.06019621638123196,0.10540424043741037,220,19,18,1,5,3,0,0,193,6,19,19,22,,0.2727272727272727,0.02727272727272727,0.3333333333333333,NOT_ESTIMABLE,,,PROVISIONAL_SMALL_REQUEST_N,0.18181818181818182,0.36363636363636365,PROVISIONAL_SMALL_REQUEST_N,0.25,0.4,NOT_PRIMARY; use physical units and frozen spans
20,f20-4d6b0c6066ee,FORMAL_10K,HELDOUT_TRIPLE_AUDIT,STRICT_LUMPED,f12d43eace12231077007dc497fee8dad00fbe58cb2f1fe2c6159c47636b97a0,all_candidates,strict_valid,emx_minus_target,Qmin,dimensionless,18,1.8042574007851844,2.4788018019908256,0.6672200988197018,1.245224692826664,4.046437100869189,5.268251812224577,PROVISIONAL_SMALL_REQUEST_N,2,1.5042502879244364,2.1792662918611194,2.2105296152772933,2.7779452596247634,0.20301232369301303,1.038586318921053,0.8357694258811108,2.0167140310982195,3.7146882833574204,4.56415954475462,5.207557962160381,5.612183629255025,220,19,18,1,5,3,0,0,193,6,19,19,22,,0.2727272727272727,0.02727272727272727,0.3333333333333333,NOT_ESTIMABLE,,,PROVISIONAL_SMALL_REQUEST_N,0.18181818181818182,0.36363636363636365,PROVISIONAL_SMALL_REQUEST_N,0.25,0.4,NOT_PRIMARY; use physical units and frozen spans
20,f20-4d6b0c6066ee,FORMAL_10K,HELDOUT_TRIPLE_AUDIT,STRICT_LUMPED,f12d43eace12231077007dc497fee8dad00fbe58cb2f1fe2c6159c47636b97a0,all_candidates,strict_valid,emx_minus_target,K_abs,dimensionless,18,0.027094988049219972,0.03728281135447628,0.0030827534112013106,0.01988165191677048,0.056032184501777126,0.07735445495325137,PROVISIONAL_SMALL_REQUEST_N,2,0.023230627931388075,0.031925438196509844,0.02811681629896655,0.04625282534205893,-0.01265746481381973,0.02275802619247761,0.01612802082492429,0.02080077345231851,0.04689800060640189,0.08639505773103195,0.048554587471553945,0.09931020455643275,220,19,18,1,5,3,0,0,193,6,19,19,22,,0.2727272727272727,0.02727272727272727,0.3333333333333333,NOT_ESTIMABLE,,,PROVISIONAL_SMALL_REQUEST_N,0.18181818181818182,0.36363636363636365,PROVISIONAL_SMALL_REQUEST_N,0.25,0.4,NOT_PRIMARY; use physical units and frozen spans
20,f20-4d6b0c6066ee,FORMAL_10K,HELDOUT_TRIPLE_AUDIT,STRICT_LUMPED,f12d43eace12231077007dc497fee8dad00fbe58cb2f1fe2c6159c47636b97a0,all_candidates,strict_valid,emx_minus_frozen_proxy,Lp_nH,nH,18,0.012586703627211156,0.015892683350200606,0.0031397627307057393,0.014217573480143242,0.023744773587652424,0.025993758468505313,PROVISIONAL_SMALL_REQUEST_N,2,0.010164167042925687,0.01561487435756799,0.01375922027976663,0.018211368311387158,-0.0016825124698399835,0.0069975828911423175,0.005382106533348474,0.014854640441523737,0.023626007401675364,0.02691812732279708,0.02416045523857213,0.036382476771460115,220,19,18,1,5,3,0,0,193,6,19,19,22,,0.2727272727272727,0.02727272727272727,0.3333333333333333,NOT_ESTIMABLE,,,PROVISIONAL_SMALL_REQUEST_N,0.18181818181818182,0.36363636363636365,PROVISIONAL_SMALL_REQUEST_N,0.25,0.4,NOT_PRIMARY; use physical units and frozen spans
20,f20-4d6b0c6066ee,FORMAL_10K,HELDOUT_TRIPLE_AUDIT,STRICT_LUMPED,f12d43eace12231077007dc497fee8dad00fbe58cb2f1fe2c6159c47636b97a0,all_candidates,strict_valid,emx_minus_frozen_proxy,Ls_nH,nH,18,0.010661912653533124,0.013990464829743175,-0.003911841695347196,0.00874488609377505,0.025945672500327914,0.028870409571325983,PROVISIONAL_SMALL_REQUEST_N,2,0.008730633562980011,0.012206935925975614,0.012390431052741716,0.015149302483477855,-0.006968948958816029,-0.0014661558845721289,0.005532006296896985,0.012211980111728138,0.02158060502065373,0.025945672500327914,0.028765161159280295,0.029466817239584886,220,19,18,1,5,3,0,0,193,6,19,19,22,,0.2727272727272727,0.02727272727272727,0.3333333333333333,NOT_ESTIMABLE,,,PROVISIONAL_SMALL_REQUEST_N,0.18181818181818182,0.36363636363636365,PROVISIONAL_SMALL_REQUEST_N,0.25,0.4,NOT_PRIMARY; use physical units and frozen spans
20,f20-4d6b0c6066ee,FORMAL_10K,HELDOUT_TRIPLE_AUDIT,STRICT_LUMPED,f12d43eace12231077007dc497fee8dad00fbe58cb2f1fe2c6159c47636b97a0,all_candidates,strict_valid,emx_minus_frozen_proxy,Qmin,dimensionless,18,0.39443379060816675,0.45288366153646803,-0.14491612741049564,0.45275794650880297,0.5696638537281052,0.6350415569401792,PROVISIONAL_SMALL_REQUEST_N,2,0.27021871926115215,0.549702629791935,0.3246404173620715,0.5742332921067455,-0.340948366805339,0.011909664105379036,0.2411720050973294,0.559030741947188,0.49638285705316915,0.7484662462078724,0.5624779442578127,0.9105015165902905,220,19,18,1,5,3,0,0,193,6,19,19,22,,0.2727272727272727,0.02727272727272727,0.3333333333333333,NOT_ESTIMABLE,,,PROVISIONAL_SMALL_REQUEST_N,0.18181818181818182,0.36363636363636365,PROVISIONAL_SMALL_REQUEST_N,0.25,0.4,NOT_PRIMARY; use physical units and frozen spans
20,f20-4d6b0c6066ee,FORMAL_10K,HELDOUT_TRIPLE_AUDIT,STRICT_LUMPED,f12d43eace12231077007dc497fee8dad00fbe58cb2f1fe2c6159c47636b97a0,all_candidates,strict_valid,emx_minus_frozen_proxy,K_abs,dimensionless,18,0.02508897741968168,0.03478570678274485,0.003883061241378364,0.021276767994928433,0.05260200152870369,0.07811874040255093,PROVISIONAL_SMALL_REQUEST_N,2,0.02095625530518761,0.03025488006279927,0.024210647511204032,0.04460838290842053,-0.010919024327315613,0.022385668202245836,0.01601005522406601,0.021988887798880294,0.033843708259530515,0.08369560402360848,0.042690578186636824,0.09166255205369067,220,19,18,1,5,3,0,0,193,6,19,19,22,,0.2727272727272727,0.02727272727272727,0.3333333333333333,NOT_ESTIMABLE,,,PROVISIONAL_SMALL_REQUEST_N,0.18181818181818182,0.36363636363636365,PROVISIONAL_SMALL_REQUEST_N,0.25,0.4,NOT_PRIMARY; use physical units and frozen spans
20,f20-4d6b0c6066ee,FORMAL_10K,HELDOUT_TRIPLE_AUDIT,STRICT_LUMPED,f12d43eace12231077007dc497fee8dad00fbe58cb2f1fe2c6159c47636b97a0,all_candidates,all_finite_diagnostic,emx_minus_target,Lp_nH,nH,19,0.03956879734675436,0.05001486902948613,0.038232868500768936,0.03873797008294033,0.06482255341004932,0.09376479227570365,PROVISIONAL_SMALL_REQUEST_N,2,0.034386049309273824,0.045327406277288276,0.041673187790656895,0.057890422879343366,0.03184778450190153,0.045327406277288276,0.03873797008294033,0.03891912887050197,0.05287621843440789,0.08241485358585152,0.08890408955654017,0.13751111674817607,220,19,18,1,5,3,0,0,193,6,19,19,22,,0.2727272727272727,0.02727272727272727,0.3333333333333333,NOT_ESTIMABLE,,,PROVISIONAL_SMALL_REQUEST_N,0.18181818181818182,0.36363636363636365,PROVISIONAL_SMALL_REQUEST_N,0.25,0.4,NOT_PRIMARY; use physical units and frozen spans
20,f20-4d6b0c6066ee,FORMAL_10K,HELDOUT_TRIPLE_AUDIT,STRICT_LUMPED,f12d43eace12231077007dc497fee8dad00fbe58cb2f1fe2c6159c47636b97a0,all_candidates,all_finite_diagnostic,emx_minus_target,Ls_nH,nH,19,0.02847939295578964,0.03725839081031352,-0.012321578728660285,0.02078516847477041,0.05860416770789971,0.0647170187868497,PROVISIONAL_SMALL_REQUEST_N,2,0.028094953365773723,0.028825388586803967,0.0320703664608013,0.04137510167399742,-0.026758356523710235,0.0037192854880618853,0.0198239827215968,0.027053372806961518,0.047906177010643605,0.06292596402935109,0.06019621638123196,0.10540424043741037,220,19,18,1,5,3,0,0,193,6,19,19,22,,0.2727272727272727,0.02727272727272727,0.3333333333333333,NOT_ESTIMABLE,,,PROVISIONAL_SMALL_REQUEST_N,0.18181818181818182,0.36363636363636365,PROVISIONAL_SMALL_REQUEST_N,0.25,0.4,NOT_PRIMARY; use physical units and frozen spans
20,f20-4d6b0c6066ee,FORMAL_10K,HELDOUT_TRIPLE_AUDIT,STRICT_LUMPED,f12d43eace12231077007dc497fee8dad00fbe58cb2f1fe2c6159c47636b97a0,all_candidates,all_finite_diagnostic,emx_minus_target,Qmin,dimensionless,19,1.7415467768272606,2.416780373300048,0.5998529596405263,1.1151313859020924,3.8805626921133016,5.248020528869844,PROVISIONAL_SMALL_REQUEST_N,2,1.5042502879244364,2.005209542274843,2.2105296152772933,2.6270242625115308,0.11237144932883009,1.038586318921053,0.8357694258811108,1.3753179997512355,3.7146882833574204,4.14494991095446,5.207557962160381,5.612183629255025,220,19,18,1,5,3,0,0,193,6,19,19,22,,0.2727272727272727,0.02727272727272727,0.3333333333333333,NOT_ESTIMABLE,,,PROVISIONAL_SMALL_REQUEST_N,0.18181818181818182,0.36363636363636365,PROVISIONAL_SMALL_REQUEST_N,0.25,0.4,NOT_PRIMARY; use physical units and frozen spans
20,f20-4d6b0c6066ee,FORMAL_10K,HELDOUT_TRIPLE_AUDIT,STRICT_LUMPED,f12d43eace12231077007dc497fee8dad00fbe58cb2f1fe2c6159c47636b97a0,all_candidates,all_finite_diagnostic,emx_minus_target,K_abs,dimensionless,19,0.029062634890828505,0.03918770662564176,0.006314202075863456,0.020092691220532144,0.06628020461295188,0.07606294027071127,PROVISIONAL_SMALL_REQUEST_N,2,0.023230627931388075,0.035542642623540094,0.02811681629896655,0.048616751883220566,-0.01265746481381973,0.02739383195328922,0.020092691220532144,0.02080077345231851,0.04689800060640189,0.08122899900087166,0.048554587471553945,0.09931020455643275,220,19,18,1,5,3,0,0,193,6,19,19,22,,0.2727272727272727,0.02727272727272727,0.3333333333333333,NOT_ESTIMABLE,,,PROVISIONAL_SMALL_REQUEST_N,0.18181818181818182,0.36363636363636365,PROVISIONAL_SMALL_REQUEST_N,0.25,0.4,NOT_PRIMARY; use physical units and frozen spans
20,f20-4d6b0c6066ee,FORMAL_10K,HELDOUT_TRIPLE_AUDIT,STRICT_LUMPED,f12d43eace12231077007dc497fee8dad00fbe58cb2f1fe2c6159c47636b97a0,all_candidates,all_finite_diagnostic,emx_minus_frozen_proxy,Lp_nH,nH,19,0.013874789773061447,0.017651392883309736,0.004925056292161579,0.014355988219009741,0.02660485954514972,0.03645026313415077,PROVISIONAL_SMALL_REQUEST_N,2,0.010164167042925687,0.017997703917656736,0.01375922027976663,0.021152095553203815,0.002622248959960759,0.0069975828911423175,0.005382106533348474,0.015353292664037732,0.023626007401675364,0.03658583585953209,0.02416045523857213,0.0370603403983667,220,19,18,1,5,3,0,0,193,6,19,19,22,,0.2727272727272727,0.02727272727272727,0.3333333333333333,NOT_ESTIMABLE,,,PROVISIONAL_SMALL_REQUEST_N,0.18181818181818182,0.36363636363636365,PROVISIONAL_SMALL_REQUEST_N,0.25,0.4,NOT_PRIMARY; use physical units and frozen spans
20,f20-4d6b0c6066ee,FORMAL_10K,HELDOUT_TRIPLE_AUDIT,STRICT_LUMPED,f12d43eace12231077007dc497fee8dad00fbe58cb2f1fe2c6159c47636b97a0,all_candidates,all_finite_diagnostic,emx_minus_frozen_proxy,Ls_nH,nH,19,0.010491376127746801,0.013723352779425175,-0.004096572062096974,0.00742171866359298,0.02554288840619185,0.02883532676731075,PROVISIONAL_SMALL_REQUEST_N,2,0.00858519857415923,0.012206935925975614,0.011940892211702579,0.015149302483477855,-0.0070192567037912455,-0.0014661558845721289,0.006986134152265233,0.012211980111728138,0.018706782565203115,0.02554288840619185,0.028765161159280295,0.029466817239584886,220,19,18,1,5,3,0,0,193,6,19,19,22,,0.2727272727272727,0.02727272727272727,0.3333333333333333,NOT_ESTIMABLE,,,PROVISIONAL_SMALL_REQUEST_N,0.18181818181818182,0.36363636363636365,PROVISIONAL_SMALL_REQUEST_N,0.25,0.4,NOT_PRIMARY; use physical units and frozen spans
20,f20-4d6b0c6066ee,FORMAL_10K,HELDOUT_TRIPLE_AUDIT,STRICT_LUMPED,f12d43eace12231077007dc497fee8dad00fbe58cb2f1fe2c6159c47636b97a0,all_candidates,all_finite_diagnostic,emx_minus_frozen_proxy,Qmin,dimensionless,19,0.405765246067069,0.4624669222971902,-0.169380091458749,0.46100301959010714,0.5910910695258252,0.6398084515536067,PROVISIONAL_SMALL_REQUEST_N,2,0.27021871926115215,0.5563724980736432,0.3246404173620715,0.5782851492234483,-0.370813153196669,0.011909664105379036,0.2411720050973294,0.5590698072094966,0.49638285705316915,0.6999624660062038,0.5624779442578127,0.9105015165902905,220,19,18,1,5,3,0,0,193,6,19,19,22,,0.2727272727272727,0.02727272727272727,0.3333333333333333,NOT_ESTIMABLE,,,PROVISIONAL_SMALL_REQUEST_N,0.18181818181818182,0.36363636363636365,PROVISIONAL_SMALL_REQUEST_N,0.25,0.4,NOT_PRIMARY; use physical units and frozen spans
20,f20-4d6b0c6066ee,FORMAL_10K,HELDOUT_TRIPLE_AUDIT,STRICT_LUMPED,f12d43eace12231077007dc497fee8dad00fbe58cb2f1fe2c6159c47636b97a0,all_candidates,all_finite_diagnostic,emx_minus_frozen_proxy,K_abs,dimensionless,19,0.0271754914694279,0.03697164299394171,0.00708567614261423,0.02339435545263724,0.0669319266905931,0.0773220455995427,PROVISIONAL_SMALL_REQUEST_N,2,0.02095625530518761,0.034085753874139334,0.024210647511204032,0.047269429630858804,-0.010919024327315613,0.027090898886980724,0.021988887798880294,0.02339435545263724,0.033843708259530515,0.08050882481157562,0.042690578186636824,0.09166255205369067,220,19,18,1,5,3,0,0,193,6,19,19,22,,0.2727272727272727,0.02727272727272727,0.3333333333333333,NOT_ESTIMABLE,,,PROVISIONAL_SMALL_REQUEST_N,0.18181818181818182,0.36363636363636365,PROVISIONAL_SMALL_REQUEST_N,0.25,0.4,NOT_PRIMARY; use physical units and frozen spans
20,f20-4d6b0c6066ee,FORMAL_10K,HELDOUT_TRIPLE_AUDIT,STRICT_LUMPED,f12d43eace12231077007dc497fee8dad00fbe58cb2f1fe2c6159c47636b97a0,selected_q_proxy,strict_valid,emx_minus_target,Lp_nH,nH,1,0.006691219885880062,0.006691219885880062,-0.006691219885880062,0.006691219885880062,0.006691219885880062,0.006691219885880062,NOT_ESTIMABLE,1,,,,,,,,,,,,,20,2,1,1,0,0,0,0,18,1,2,2,2,,0.5,0.05,1.0,NOT_ESTIMABLE,,,PROVISIONAL_SMALL_REQUEST_N,0.0,1.0,NOT_ESTIMABLE,,,NOT_PRIMARY; use physical units and frozen spans
20,f20-4d6b0c6066ee,FORMAL_10K,HELDOUT_TRIPLE_AUDIT,STRICT_LUMPED,f12d43eace12231077007dc497fee8dad00fbe58cb2f1fe2c6159c47636b97a0,selected_q_proxy,strict_valid,emx_minus_target,Ls_nH,nH,1,0.030784540044985098,0.030784540044985098,-0.030784540044985098,0.030784540044985098,0.030784540044985098,0.030784540044985098,NOT_ESTIMABLE,1,,,,,,,,,,,,,20,2,1,1,0,0,0,0,18,1,2,2,2,,0.5,0.05,1.0,NOT_ESTIMABLE,,,PROVISIONAL_SMALL_REQUEST_N,0.0,1.0,NOT_ESTIMABLE,,,NOT_PRIMARY; use physical units and frozen spans
20,f20-4d6b0c6066ee,FORMAL_10K,HELDOUT_TRIPLE_AUDIT,STRICT_LUMPED,f12d43eace12231077007dc497fee8dad00fbe58cb2f1fe2c6159c47636b97a0,selected_q_proxy,strict_valid,emx_minus_target,Qmin,dimensionless,1,0.06261353174018858,0.06261353174018858,-0.06261353174018858,0.06261353174018858,0.06261353174018858,0.06261353174018858,NOT_ESTIMABLE,1,,,,,,,,,,,,,20,2,1,1,0,0,0,0,18,1,2,2,2,,0.5,0.05,1.0,NOT_ESTIMABLE,,,PROVISIONAL_SMALL_REQUEST_N,0.0,1.0,NOT_ESTIMABLE,,,NOT_PRIMARY; use physical units and frozen spans
20,f20-4d6b0c6066ee,FORMAL_10K,HELDOUT_TRIPLE_AUDIT,STRICT_LUMPED,f12d43eace12231077007dc497fee8dad00fbe58cb2f1fe2c6159c47636b97a0,selected_q_proxy,strict_valid,emx_minus_target,K_abs,dimensionless,1,0.004581202853477767,0.004581202853477767,-0.004581202853477767,0.004581202853477767,0.004581202853477767,0.004581202853477767,NOT_ESTIMABLE,1,,,,,,,,,,,,,20,2,1,1,0,0,0,0,18,1,2,2,2,,0.5,0.05,1.0,NOT_ESTIMABLE,,,PROVISIONAL_SMALL_REQUEST_N,0.0,1.0,NOT_ESTIMABLE,,,NOT_PRIMARY; use physical units and frozen spans
20,f20-4d6b0c6066ee,FORMAL_10K,HELDOUT_TRIPLE_AUDIT,STRICT_LUMPED,f12d43eace12231077007dc497fee8dad00fbe58cb2f1fe2c6159c47636b97a0,selected_q_proxy,strict_valid,emx_minus_frozen_proxy,Lp_nH,nH,1,0.007625361764202143,0.007625361764202143,-0.007625361764202143,0.007625361764202143,0.007625361764202143,0.007625361764202143,NOT_ESTIMABLE,1,,,,,,,,,,,,,20,2,1,1,0,0,0,0,18,1,2,2,2,,0.5,0.05,1.0,NOT_ESTIMABLE,,,PROVISIONAL_SMALL_REQUEST_N,0.0,1.0,NOT_ESTIMABLE,,,NOT_PRIMARY; use physical units and frozen spans
20,f20-4d6b0c6066ee,FORMAL_10K,HELDOUT_TRIPLE_AUDIT,STRICT_LUMPED,f12d43eace12231077007dc497fee8dad00fbe58cb2f1fe2c6159c47636b97a0,selected_q_proxy,strict_valid,emx_minus_frozen_proxy,Ls_nH,nH,1,0.024737320217919745,0.024737320217919745,-0.024737320217919745,0.024737320217919745,0.024737320217919745,0.024737320217919745,NOT_ESTIMABLE,1,,,,,,,,,,,,,20,2,1,1,0,0,0,0,18,1,2,2,2,,0.5,0.05,1.0,NOT_ESTIMABLE,,,PROVISIONAL_SMALL_REQUEST_N,0.0,1.0,NOT_ESTIMABLE,,,NOT_PRIMARY; use physical units and frozen spans
20,f20-4d6b0c6066ee,FORMAL_10K,HELDOUT_TRIPLE_AUDIT,STRICT_LUMPED,f12d43eace12231077007dc497fee8dad00fbe58cb2f1fe2c6159c47636b97a0,selected_q_proxy,strict_valid,emx_minus_frozen_proxy,Qmin,dimensionless,1,0.09724144616889951,0.09724144616889951,-0.09724144616889951,0.09724144616889951,0.09724144616889951,0.09724144616889951,NOT_ESTIMABLE,1,,,,,,,,,,,,,20,2,1,1,0,0,0,0,18,1,2,2,2,,0.5,0.05,1.0,NOT_ESTIMABLE,,,PROVISIONAL_SMALL_REQUEST_N,0.0,1.0,NOT_ESTIMABLE,,,NOT_PRIMARY; use physical units and frozen spans
20,f20-4d6b0c6066ee,FORMAL_10K,HELDOUT_TRIPLE_AUDIT,STRICT_LUMPED,f12d43eace12231077007dc497fee8dad00fbe58cb2f1fe2c6159c47636b97a0,selected_q_proxy,strict_valid,emx_minus_frozen_proxy,K_abs,dimensionless,1,0.006302549735748064,0.006302549735748064,-0.006302549735748064,0.006302549735748064,0.006302549735748064,0.006302549735748064,NOT_ESTIMABLE,1,,,,,,,,,,,,,20,2,1,1,0,0,0,0,18,1,2,2,2,,0.5,0.05,1.0,NOT_ESTIMABLE,,,PROVISIONAL_SMALL_REQUEST_N,0.0,1.0,NOT_ESTIMABLE,,,NOT_PRIMARY; use physical units and frozen spans
20,f20-4d6b0c6066ee,FORMAL_10K,HELDOUT_TRIPLE_AUDIT,STRICT_LUMPED,f12d43eace12231077007dc497fee8dad00fbe58cb2f1fe2c6159c47636b97a0,selected_q_proxy,all_finite_diagnostic,emx_minus_target,Lp_nH,nH,2,0.028005974930768285,0.03519450829954028,0.021314755044888223,0.028005974930768285,0.04505777896667886,0.04718925447116768,PROVISIONAL_SMALL_REQUEST_N,2,0.006691219885880062,0.04932072997565651,0.006691219885880062,0.04932072997565651,-0.006691219885880062,0.04932072997565651,0.006691219885880062,0.04932072997565651,0.006691219885880062,0.04932072997565651,0.006691219885880062,0.04932072997565651,20,2,1,1,0,0,0,0,18,1,2,2,2,,0.5,0.05,1.0,NOT_ESTIMABLE,,,PROVISIONAL_SMALL_REQUEST_N,0.0,1.0,NOT_ESTIMABLE,,,NOT_PRIMARY; use physical units and frozen spans
20,f20-4d6b0c6066ee,FORMAL_10K,HELDOUT_TRIPLE_AUDIT,STRICT_LUMPED,f12d43eace12231077007dc497fee8dad00fbe58cb2f1fe2c6159c47636b97a0,selected_q_proxy,all_finite_diagnostic,emx_minus_target,Ls_nH,nH,2,0.024811610523415295,0.02552042130990969,-0.005972929521569803,0.024811610523415295,0.029589954140671136,0.030187247092828117,PROVISIONAL_SMALL_REQUEST_N,2,0.018838681001845492,0.030784540044985098,0.018838681001845492,0.030784540044985098,-0.030784540044985098,0.018838681001845492,0.018838681001845492,0.030784540044985098,0.018838681001845492,0.030784540044985098,0.018838681001845492,0.030784540044985098,20,2,1,1,0,0,0,0,18,1,2,2,2,,0.5,0.05,1.0,NOT_ESTIMABLE,,,PROVISIONAL_SMALL_REQUEST_N,0.0,1.0,NOT_ESTIMABLE,,,NOT_PRIMARY; use physical units and frozen spans
20,f20-4d6b0c6066ee,FORMAL_10K,HELDOUT_TRIPLE_AUDIT,STRICT_LUMPED,f12d43eace12231077007dc497fee8dad00fbe58cb2f1fe2c6159c47636b97a0,selected_q_proxy,all_finite_diagnostic,emx_minus_target,Qmin,dimensionless,2,0.337684538662411,0.43553978750609074,-0.337684538662411,0.337684538662411,0.557741344200189,0.5852484448924111,PROVISIONAL_SMALL_REQUEST_N,2,0.06261353174018858,0.6127555455846334,0.06261353174018858,0.6127555455846334,-0.6127555455846334,-0.06261353174018858,0.06261353174018858,0.6127555455846334,0.06261353174018858,0.6127555455846334,0.06261353174018858,0.6127555455846334,20,2,1,1,0,0,0,0,18,1,2,2,2,,0.5,0.05,1.0,NOT_ESTIMABLE,,,PROVISIONAL_SMALL_REQUEST_N,0.0,1.0,NOT_ESTIMABLE,,,NOT_PRIMARY; use physical units and frozen spans
20,f20-4d6b0c6066ee,FORMAL_10K,HELDOUT_TRIPLE_AUDIT,STRICT_LUMPED,f12d43eace12231077007dc497fee8dad00fbe58cb2f1fe2c6159c47636b97a0,selected_q_proxy,all_finite_diagnostic,emx_minus_target,K_abs,dimensionless,2,0.03453074044662992,0.04570937363206979,0.02994953759315215,0.03453074044662992,0.05849037052115164,0.06148532428046685,PROVISIONAL_SMALL_REQUEST_N,2,0.004581202853477767,0.06448027803978207,0.004581202853477767,0.06448027803978207,-0.004581202853477767,0.06448027803978207,0.004581202853477767,0.06448027803978207,0.004581202853477767,0.06448027803978207,0.004581202853477767,0.06448027803978207,20,2,1,1,0,0,0,0,18,1,2,2,2,,0.5,0.05,1.0,NOT_ESTIMABLE,,,PROVISIONAL_SMALL_REQUEST_N,0.0,1.0,NOT_ESTIMABLE,,,NOT_PRIMARY; use physical units and frozen spans
20,f20-4d6b0c6066ee,FORMAL_10K,HELDOUT_TRIPLE_AUDIT,STRICT_LUMPED,f12d43eace12231077007dc497fee8dad00fbe58cb2f1fe2c6159c47636b97a0,selected_q_proxy,all_finite_diagnostic,emx_minus_frozen_proxy,Lp_nH,nH,2,0.02234285108128442,0.026754578790160077,0.014717489317082277,0.02234285108128442,0.034116842534950245,0.035588591466658465,PROVISIONAL_SMALL_REQUEST_N,2,0.007625361764202143,0.0370603403983667,0.007625361764202143,0.0370603403983667,-0.007625361764202143,0.0370603403983667,0.007625361764202143,0.0370603403983667,0.007625361764202143,0.0370603403983667,0.007625361764202143,0.0370603403983667,20,2,1,1,0,0,0,0,18,1,2,2,2,,0.5,0.05,1.0,NOT_ESTIMABLE,,,PROVISIONAL_SMALL_REQUEST_N,0.0,1.0,NOT_ESTIMABLE,,,NOT_PRIMARY; use physical units and frozen spans
20,f20-4d6b0c6066ee,FORMAL_10K,HELDOUT_TRIPLE_AUDIT,STRICT_LUMPED,f12d43eace12231077007dc497fee8dad00fbe58cb2f1fe2c6159c47636b97a0,selected_q_proxy,all_finite_diagnostic,emx_minus_frozen_proxy,Ls_nH,nH,2,0.016079519440756362,0.018262213987978365,-0.016079519440756362,0.016079519440756362,0.02300576006248707,0.023871540140203405,PROVISIONAL_SMALL_REQUEST_N,2,0.00742171866359298,0.024737320217919745,0.00742171866359298,0.024737320217919745,-0.024737320217919745,-0.00742171866359298,0.00742171866359298,0.024737320217919745,0.00742171866359298,0.024737320217919745,0.00742171866359298,0.024737320217919745,20,2,1,1,0,0,0,0,18,1,2,2,2,,0.5,0.05,1.0,NOT_ESTIMABLE,,,PROVISIONAL_SMALL_REQUEST_N,0.0,1.0,NOT_ESTIMABLE,,,NOT_PRIMARY; use physical units and frozen spans
20,f20-4d6b0c6066ee,FORMAL_10K,HELDOUT_TRIPLE_AUDIT,STRICT_LUMPED,f12d43eace12231077007dc497fee8dad00fbe58cb2f1fe2c6159c47636b97a0,selected_q_proxy,all_finite_diagnostic,emx_minus_frozen_proxy,Qmin,dimensionless,2,0.35348644524810435,0.4365938232811394,-0.35348644524810435,0.35348644524810435,0.5584824445114682,0.5841069444193887,PROVISIONAL_SMALL_REQUEST_N,2,0.09724144616889951,0.6097314443273092,0.09724144616889951,0.6097314443273092,-0.6097314443273092,-0.09724144616889951,0.09724144616889951,0.6097314443273092,0.09724144616889951,0.6097314443273092,0.09724144616889951,0.6097314443273092,20,2,1,1,0,0,0,0,18,1,2,2,2,,0.5,0.05,1.0,NOT_ESTIMABLE,,,PROVISIONAL_SMALL_REQUEST_N,0.0,1.0,NOT_ESTIMABLE,,,NOT_PRIMARY; use physical units and frozen spans
20,f20-4d6b0c6066ee,FORMAL_10K,HELDOUT_TRIPLE_AUDIT,STRICT_LUMPED,f12d43eace12231077007dc497fee8dad00fbe58cb2f1fe2c6159c47636b97a0,selected_q_proxy,all_finite_diagnostic,emx_minus_frozen_proxy,K_abs,dimensionless,2,0.03551764705030394,0.045989402725942576,0.029215097314555877,0.03551764705030394,0.058889724901948645,0.061811234633404225,PROVISIONAL_SMALL_REQUEST_N,2,0.006302549735748064,0.06473274436485982,0.006302549735748064,0.06473274436485982,-0.006302549735748064,0.06473274436485982,0.006302549735748064,0.06473274436485982,0.006302549735748064,0.06473274436485982,0.006302549735748064,0.06473274436485982,20,2,1,1,0,0,0,0,18,1,2,2,2,,0.5,0.05,1.0,NOT_ESTIMABLE,,,PROVISIONAL_SMALL_REQUEST_N,0.0,1.0,NOT_ESTIMABLE,,,NOT_PRIMARY; use physical units and frozen spans
6,f6-ba844c981dd6,FORMAL_10K,HELDOUT_TRIPLE_AUDIT,STRICT_LUMPED,f12d43eace12231077007dc497fee8dad00fbe58cb2f1fe2c6159c47636b97a0,all_candidates,strict_valid,emx_minus_target,Lp_nH,nH,18,0.07730122465081188,0.12679361503083422,-0.07324541698833582,0.013831378263415184,0.20379196761610754,0.27559290667527025,PROVISIONAL_SMALL_REQUEST_N,2,0.07113461743172692,0.0850094836746681,0.09943868193683854,0.15431245088019294,-0.07965634900395241,-0.06811667137584257,0.007040659269289762,0.04573089205048719,0.1693077101378425,0.30393476472467995,0.17822578398758226,0.3444231333666936,220,18,18,0,0,1,3,0,198,10,18,18,22,,0.45454545454545453,0.045454545454545456,0.5555555555555556,NOT_ESTIMABLE,,,PROVISIONAL_SMALL_REQUEST_N,0.36363636363636365,0.5454545454545454,PROVISIONAL_SMALL_REQUEST_N,0.4,0.75,NOT_PRIMARY; use physical units and frozen spans
6,f6-ba844c981dd6,FORMAL_10K,HELDOUT_TRIPLE_AUDIT,STRICT_LUMPED,f12d43eace12231077007dc497fee8dad00fbe58cb2f1fe2c6159c47636b97a0,all_candidates,strict_valid,emx_minus_target,Ls_nH,nH,18,0.17232069795604604,0.2724226572656201,0.17044955365178446,0.06951446047198856,0.5191746941532558,0.5969762269851079,PROVISIONAL_SMALL_REQUEST_N,2,0.04770046665329919,0.2720168829982435,0.0735186241501881,0.3595294105736573,0.04770046665329919,0.2686488232505727,0.01256786008081201,0.2557943251974891,0.1390226245718551,0.5953235033050976,0.1409459196719931,0.6250725295452829,220,18,18,0,0,1,3,0,198,10,18,18,22,,0.45454545454545453,0.045454545454545456,0.5555555555555556,NOT_ESTIMABLE,,,PROVISIONAL_SMALL_REQUEST_N,0.36363636363636365,0.5454545454545454,PROVISIONAL_SMALL_REQUEST_N,0.4,0.75,NOT_PRIMARY; use physical units and frozen spans
6,f6-ba844c981dd6,FORMAL_10K,HELDOUT_TRIPLE_AUDIT,STRICT_LUMPED,f12d43eace12231077007dc497fee8dad00fbe58cb2f1fe2c6159c47636b97a0,all_candidates,strict_valid,emx_minus_target,Qmin,dimensionless,18,1.586758672684959,2.4607652830309377,-1.5559560072808631,0.7946889412719891,4.6650675559480135,5.326328933105253,PROVISIONAL_SMALL_REQUEST_N,2,1.2927545636625253,1.821961959902906,2.367759108105658,2.5327123495361166,-1.7868504982156062,-1.2673378936124344,0.11152383356150519,1.2255064306387267,4.48656489692651,4.6650675559480135,5.289826862523274,5.533173999736471,220,18,18,0,0,1,3,0,198,10,18,18,22,,0.45454545454545453,0.045454545454545456,0.5555555555555556,NOT_ESTIMABLE,,,PROVISIONAL_SMALL_REQUEST_N,0.36363636363636365,0.5454545454545454,PROVISIONAL_SMALL_REQUEST_N,0.4,0.75,NOT_PRIMARY; use physical units and frozen spans
6,f6-ba844c981dd6,FORMAL_10K,HELDOUT_TRIPLE_AUDIT,STRICT_LUMPED,f12d43eace12231077007dc497fee8dad00fbe58cb2f1fe2c6159c47636b97a0,all_candidates,strict_valid,emx_minus_target,K_abs,dimensionless,18,0.04367524654258923,0.06867086085280702,-0.040234009599198095,0.022586722878849774,0.13622042459475625,0.15536914905883425,PROVISIONAL_SMALL_REQUEST_N,2,0.015044899768308057,0.06657952396201418,0.020452633760518278,0.09029722394561494,-0.06049533487251106,-0.014907353007556884,0.008547293550219603,0.043890485313923505,0.037651456181914275,0.15507471709500298,0.03877970159352086,0.16037449244396618,220,18,18,0,0,1,3,0,198,10,18,18,22,,0.45454545454545453,0.045454545454545456,0.5555555555555556,NOT_ESTIMABLE,,,PROVISIONAL_SMALL_REQUEST_N,0.36363636363636365,0.5454545454545454,PROVISIONAL_SMALL_REQUEST_N,0.4,0.75,NOT_PRIMARY; use physical units and frozen spans
6,f6-ba844c981dd6,FORMAL_10K,HELDOUT_TRIPLE_AUDIT,STRICT_LUMPED,f12d43eace12231077007dc497fee8dad00fbe58cb2f1fe2c6159c47636b97a0,all_candidates,strict_valid,emx_minus_frozen_proxy,Lp_nH,nH,18,0.012308537404202593,0.01410385643512489,0.011691847976946494,0.015137478541119131,0.018787256307186386,0.01968217233762025,PROVISIONAL_SMALL_REQUEST_N,2,0.011364166663520026,0.013064033996748648,0.013103475135328715,0.01485573730647397,0.011280686211621205,0.012020777389206727,0.013441815648571942,0.016175020153057384,0.018591066272029222,0.018945723399739326,0.019247307081309506,0.02214640879004781,220,18,18,0,0,1,3,0,198,10,18,18,22,,0.45454545454545453,0.045454545454545456,0.5555555555555556,NOT_ESTIMABLE,,,PROVISIONAL_SMALL_REQUEST_N,0.36363636363636365,0.5454545454545454,PROVISIONAL_SMALL_REQUEST_N,0.4,0.75,NOT_PRIMARY; use physical units and frozen spans
6,f6-ba844c981dd6,FORMAL_10K,HELDOUT_TRIPLE_AUDIT,STRICT_LUMPED,f12d43eace12231077007dc497fee8dad00fbe58cb2f1fe2c6159c47636b97a0,all_candidates,strict_valid,emx_minus_frozen_proxy,Ls_nH,nH,18,0.014927522092982962,0.01878919459300184,0.0099289122446685,0.01100084248717792,0.032149057708042265,0.03317652350224377,PROVISIONAL_SMALL_REQUEST_N,2,0.013444441424344089,0.01611398662789406,0.01840517843941567,0.019090846641971013,0.0076445822529341515,0.012784324734336439,0.008950832389144181,0.012816830426457482,0.03188267211275695,0.03255057015823293,0.033081407291540854,0.03371551536289363,220,18,18,0,0,1,3,0,198,10,18,18,22,,0.45454545454545453,0.045454545454545456,0.5555555555555556,NOT_ESTIMABLE,,,PROVISIONAL_SMALL_REQUEST_N,0.36363636363636365,0.5454545454545454,PROVISIONAL_SMALL_REQUEST_N,0.4,0.75,NOT_PRIMARY; use physical units and frozen spans
6,f6-ba844c981dd6,FORMAL_10K,HELDOUT_TRIPLE_AUDIT,STRICT_LUMPED,f12d43eace12231077007dc497fee8dad00fbe58cb2f1fe2c6159c47636b97a0,all_candidates,strict_valid,emx_minus_frozen_proxy,Qmin,dimensionless,18,0.22422708688519372,0.30578111463411517,0.19645636488439294,0.1583953228418249,0.4901770941321065,0.6675908809603269,PROVISIONAL_SMALL_REQUEST_N,2,0.1364836732874386,0.2944218177633978,0.19058387606989566,0.3731567915315586,0.07399954878563686,0.2944218177633978,0.11258583936026856,0.20728192792446176,0.32277004797923325,0.6655721918491256,0.4167380714915563,0.7019085958507496,220,18,18,0,0,1,3,0,198,10,18,18,22,,0.45454545454545453,0.045454545454545456,0.5555555555555556,NOT_ESTIMABLE,,,PROVISIONAL_SMALL_REQUEST_N,0.36363636363636365,0.5454545454545454,PROVISIONAL_SMALL_REQUEST_N,0.4,0.75,NOT_PRIMARY; use physical units and frozen spans
6,f6-ba844c981dd6,FORMAL_10K,HELDOUT_TRIPLE_AUDIT,STRICT_LUMPED,f12d43eace12231077007dc497fee8dad00fbe58cb2f1fe2c6159c47636b97a0,all_candidates,strict_valid,emx_minus_frozen_proxy,K_abs,dimensionless,18,0.002613162876328266,0.0031056785786661677,-0.0020818990753414235,0.0025807239727390283,0.004876368165677761,0.005286905522543247,PROVISIONAL_SMALL_REQUEST_N,2,0.002522879223629838,0.0027260174422013006,0.0029225038341348752,0.003320467271454725,-0.0027260174422013006,-0.0015666043818535215,0.002381378919241013,0.0026466204110486558,0.0032906766070152516,0.004947373070447167,0.005124885332370682,0.006205019933521128,220,18,18,0,0,1,3,0,198,10,18,18,22,,0.45454545454545453,0.045454545454545456,0.5555555555555556,NOT_ESTIMABLE,,,PROVISIONAL_SMALL_REQUEST_N,0.36363636363636365,0.5454545454545454,PROVISIONAL_SMALL_REQUEST_N,0.4,0.75,NOT_PRIMARY; use physical units and frozen spans
6,f6-ba844c981dd6,FORMAL_10K,HELDOUT_TRIPLE_AUDIT,STRICT_LUMPED,f12d43eace12231077007dc497fee8dad00fbe58cb2f1fe2c6159c47636b97a0,all_candidates,all_finite_diagnostic,emx_minus_target,Lp_nH,nH,18,0.07730122465081188,0.12679361503083422,-0.07324541698833582,0.013831378263415184,0.20379196761610754,0.27559290667527025,PROVISIONAL_SMALL_REQUEST_N,2,0.07113461743172692,0.0850094836746681,0.09943868193683854,0.15431245088019294,-0.07965634900395241,-0.06811667137584257,0.007040659269289762,0.04573089205048719,0.1693077101378425,0.30393476472467995,0.17822578398758226,0.3444231333666936,220,18,18,0,0,1,3,0,198,10,18,18,22,,0.45454545454545453,0.045454545454545456,0.5555555555555556,NOT_ESTIMABLE,,,PROVISIONAL_SMALL_REQUEST_N,0.36363636363636365,0.5454545454545454,PROVISIONAL_SMALL_REQUEST_N,0.4,0.75,NOT_PRIMARY; use physical units and frozen spans
6,f6-ba844c981dd6,FORMAL_10K,HELDOUT_TRIPLE_AUDIT,STRICT_LUMPED,f12d43eace12231077007dc497fee8dad00fbe58cb2f1fe2c6159c47636b97a0,all_candidates,all_finite_diagnostic,emx_minus_target,Ls_nH,nH,18,0.17232069795604604,0.2724226572656201,0.17044955365178446,0.06951446047198856,0.5191746941532558,0.5969762269851079,PROVISIONAL_SMALL_REQUEST_N,2,0.04770046665329919,0.2720168829982435,0.0735186241501881,0.3595294105736573,0.04770046665329919,0.2686488232505727,0.01256786008081201,0.2557943251974891,0.1390226245718551,0.5953235033050976,0.1409459196719931,0.6250725295452829,220,18,18,0,0,1,3,0,198,10,18,18,22,,0.45454545454545453,0.045454545454545456,0.5555555555555556,NOT_ESTIMABLE,,,PROVISIONAL_SMALL_REQUEST_N,0.36363636363636365,0.5454545454545454,PROVISIONAL_SMALL_REQUEST_N,0.4,0.75,NOT_PRIMARY; use physical units and frozen spans
6,f6-ba844c981dd6,FORMAL_10K,HELDOUT_TRIPLE_AUDIT,STRICT_LUMPED,f12d43eace12231077007dc497fee8dad00fbe58cb2f1fe2c6159c47636b97a0,all_candidates,all_finite_diagnostic,emx_minus_target,Qmin,dimensionless,18,1.586758672684959,2.4607652830309377,-1.5559560072808631,0.7946889412719891,4.6650675559480135,5.326328933105253,PROVISIONAL_SMALL_REQUEST_N,2,1.2927545636625253,1.821961959902906,2.367759108105658,2.5327123495361166,-1.7868504982156062,-1.2673378936124344,0.11152383356150519,1.2255064306387267,4.48656489692651,4.6650675559480135,5.289826862523274,5.533173999736471,220,18,18,0,0,1,3,0,198,10,18,18,22,,0.45454545454545453,0.045454545454545456,0.5555555555555556,NOT_ESTIMABLE,,,PROVISIONAL_SMALL_REQUEST_N,0.36363636363636365,0.5454545454545454,PROVISIONAL_SMALL_REQUEST_N,0.4,0.75,NOT_PRIMARY; use physical units and frozen spans
6,f6-ba844c981dd6,FORMAL_10K,HELDOUT_TRIPLE_AUDIT,STRICT_LUMPED,f12d43eace12231077007dc497fee8dad00fbe58cb2f1fe2c6159c47636b97a0,all_candidates,all_finite_diagnostic,emx_minus_target,K_abs,dimensionless,18,0.04367524654258923,0.06867086085280702,-0.040234009599198095,0.022586722878849774,0.13622042459475625,0.15536914905883425,PROVISIONAL_SMALL_REQUEST_N,2,0.015044899768308057,0.06657952396201418,0.020452633760518278,0.09029722394561494,-0.06049533487251106,-0.014907353007556884,0.008547293550219603,0.043890485313923505,0.037651456181914275,0.15507471709500298,0.03877970159352086,0.16037449244396618,220,18,18,0,0,1,3,0,198,10,18,18,22,,0.45454545454545453,0.045454545454545456,0.5555555555555556,NOT_ESTIMABLE,,,PROVISIONAL_SMALL_REQUEST_N,0.36363636363636365,0.5454545454545454,PROVISIONAL_SMALL_REQUEST_N,0.4,0.75,NOT_PRIMARY; use physical units and frozen spans
6,f6-ba844c981dd6,FORMAL_10K,HELDOUT_TRIPLE_AUDIT,STRICT_LUMPED,f12d43eace12231077007dc497fee8dad00fbe58cb2f1fe2c6159c47636b97a0,all_candidates,all_finite_diagnostic,emx_minus_frozen_proxy,Lp_nH,nH,18,0.012308537404202593,0.01410385643512489,0.011691847976946494,0.015137478541119131,0.018787256307186386,0.01968217233762025,PROVISIONAL_SMALL_REQUEST_N,2,0.011364166663520026,0.013064033996748648,0.013103475135328715,0.01485573730647397,0.011280686211621205,0.012020777389206727,0.013441815648571942,0.016175020153057384,0.018591066272029222,0.018945723399739326,0.019247307081309506,0.02214640879004781,220,18,18,0,0,1,3,0,198,10,18,18,22,,0.45454545454545453,0.045454545454545456,0.5555555555555556,NOT_ESTIMABLE,,,PROVISIONAL_SMALL_REQUEST_N,0.36363636363636365,0.5454545454545454,PROVISIONAL_SMALL_REQUEST_N,0.4,0.75,NOT_PRIMARY; use physical units and frozen spans
6,f6-ba844c981dd6,FORMAL_10K,HELDOUT_TRIPLE_AUDIT,STRICT_LUMPED,f12d43eace12231077007dc497fee8dad00fbe58cb2f1fe2c6159c47636b97a0,all_candidates,all_finite_diagnostic,emx_minus_frozen_proxy,Ls_nH,nH,18,0.014927522092982962,0.01878919459300184,0.0099289122446685,0.01100084248717792,0.032149057708042265,0.03317652350224377,PROVISIONAL_SMALL_REQUEST_N,2,0.013444441424344089,0.01611398662789406,0.01840517843941567,0.019090846641971013,0.0076445822529341515,0.012784324734336439,0.008950832389144181,0.012816830426457482,0.03188267211275695,0.03255057015823293,0.033081407291540854,0.03371551536289363,220,18,18,0,0,1,3,0,198,10,18,18,22,,0.45454545454545453,0.045454545454545456,0.5555555555555556,NOT_ESTIMABLE,,,PROVISIONAL_SMALL_REQUEST_N,0.36363636363636365,0.5454545454545454,PROVISIONAL_SMALL_REQUEST_N,0.4,0.75,NOT_PRIMARY; use physical units and frozen spans
6,f6-ba844c981dd6,FORMAL_10K,HELDOUT_TRIPLE_AUDIT,STRICT_LUMPED,f12d43eace12231077007dc497fee8dad00fbe58cb2f1fe2c6159c47636b97a0,all_candidates,all_finite_diagnostic,emx_minus_frozen_proxy,Qmin,dimensionless,18,0.22422708688519372,0.30578111463411517,0.19645636488439294,0.1583953228418249,0.4901770941321065,0.6675908809603269,PROVISIONAL_SMALL_REQUEST_N,2,0.1364836732874386,0.2944218177633978,0.19058387606989566,0.3731567915315586,0.07399954878563686,0.2944218177633978,0.11258583936026856,0.20728192792446176,0.32277004797923325,0.6655721918491256,0.4167380714915563,0.7019085958507496,220,18,18,0,0,1,3,0,198,10,18,18,22,,0.45454545454545453,0.045454545454545456,0.5555555555555556,NOT_ESTIMABLE,,,PROVISIONAL_SMALL_REQUEST_N,0.36363636363636365,0.5454545454545454,PROVISIONAL_SMALL_REQUEST_N,0.4,0.75,NOT_PRIMARY; use physical units and frozen spans
6,f6-ba844c981dd6,FORMAL_10K,HELDOUT_TRIPLE_AUDIT,STRICT_LUMPED,f12d43eace12231077007dc497fee8dad00fbe58cb2f1fe2c6159c47636b97a0,all_candidates,all_finite_diagnostic,emx_minus_frozen_proxy,K_abs,dimensionless,18,0.002613162876328266,0.0031056785786661677,-0.0020818990753414235,0.0025807239727390283,0.004876368165677761,0.005286905522543247,PROVISIONAL_SMALL_REQUEST_N,2,0.002522879223629838,0.0027260174422013006,0.0029225038341348752,0.003320467271454725,-0.0027260174422013006,-0.0015666043818535215,0.002381378919241013,0.0026466204110486558,0.0032906766070152516,0.004947373070447167,0.005124885332370682,0.006205019933521128,220,18,18,0,0,1,3,0,198,10,18,18,22,,0.45454545454545453,0.045454545454545456,0.5555555555555556,NOT_ESTIMABLE,,,PROVISIONAL_SMALL_REQUEST_N,0.36363636363636365,0.5454545454545454,PROVISIONAL_SMALL_REQUEST_N,0.4,0.75,NOT_PRIMARY; use physical units and frozen spans
6,f6-ba844c981dd6,FORMAL_10K,HELDOUT_TRIPLE_AUDIT,STRICT_LUMPED,f12d43eace12231077007dc497fee8dad00fbe58cb2f1fe2c6159c47636b97a0,selected_q_proxy,strict_valid,emx_minus_target,Lp_nH,nH,2,0.0024152040825062837,0.002584137425936266,-0.0009189969945377907,0.0024152040825062837,0.0031504016781365163,0.0032423013775902954,PROVISIONAL_SMALL_REQUEST_N,2,0.001496207087968493,0.0033342010770440744,0.001496207087968493,0.0033342010770440744,-0.0033342010770440744,0.001496207087968493,0.001496207087968493,0.0033342010770440744,0.001496207087968493,0.0033342010770440744,0.001496207087968493,0.0033342010770440744,20,2,2,0,0,0,0,0,18,2,2,2,2,,1.0,0.1,1.0,NOT_ESTIMABLE,,,PROVISIONAL_SMALL_REQUEST_N,1.0,1.0,PROVISIONAL_SMALL_REQUEST_N,1.0,1.0,NOT_PRIMARY; use physical units and frozen spans
6,f6-ba844c981dd6,FORMAL_10K,HELDOUT_TRIPLE_AUDIT,STRICT_LUMPED,f12d43eace12231077007dc497fee8dad00fbe58cb2f1fe2c6159c47636b97a0,selected_q_proxy,strict_valid,emx_minus_target,Ls_nH,nH,2,0.00591853168003148,0.006131151114136797,-0.001600623858639072,0.00591853168003148,0.007199030766942738,0.007359093152806645,PROVISIONAL_SMALL_REQUEST_N,2,0.004317907821392408,0.007519155538670552,0.004317907821392408,0.007519155538670552,-0.007519155538670552,0.004317907821392408,0.004317907821392408,0.007519155538670552,0.004317907821392408,0.007519155538670552,0.004317907821392408,0.007519155538670552,20,2,2,0,0,0,0,0,18,2,2,2,2,,1.0,0.1,1.0,NOT_ESTIMABLE,,,PROVISIONAL_SMALL_REQUEST_N,1.0,1.0,PROVISIONAL_SMALL_REQUEST_N,1.0,1.0,NOT_PRIMARY; use physical units and frozen spans
6,f6-ba844c981dd6,FORMAL_10K,HELDOUT_TRIPLE_AUDIT,STRICT_LUMPED,f12d43eace12231077007dc497fee8dad00fbe58cb2f1fe2c6159c47636b97a0,selected_q_proxy,strict_valid,emx_minus_target,Qmin,dimensionless,2,0.05368663093798087,0.06107607470006751,0.0291209985971852,0.05368663093798087,0.07698342981572903,0.07989552967544755,PROVISIONAL_SMALL_REQUEST_N,2,0.024565632340795673,0.08280762953516607,0.024565632340795673,0.08280762953516607,-0.024565632340795673,0.08280762953516607,0.024565632340795673,0.08280762953516607,0.024565632340795673,0.08280762953516607,0.024565632340795673,0.08280762953516607,20,2,2,0,0,0,0,0,18,2,2,2,2,,1.0,0.1,1.0,NOT_ESTIMABLE,,,PROVISIONAL_SMALL_REQUEST_N,1.0,1.0,PROVISIONAL_SMALL_REQUEST_N,1.0,1.0,NOT_PRIMARY; use physical units and frozen spans
6,f6-ba844c981dd6,FORMAL_10K,HELDOUT_TRIPLE_AUDIT,STRICT_LUMPED,f12d43eace12231077007dc497fee8dad00fbe58cb2f1fe2c6159c47636b97a0,selected_q_proxy,strict_valid,emx_minus_target,K_abs,dimensionless,2,0.002707530446528661,0.0027394545882872563,-0.0004170015856185816,0.002707530446528661,0.0030411317150235264,0.0030828318735853844,PROVISIONAL_SMALL_REQUEST_N,2,0.0022905288609100793,0.0031245320321472425,0.0022905288609100793,0.0031245320321472425,-0.0031245320321472425,0.0022905288609100793,0.0022905288609100793,0.0031245320321472425,0.0022905288609100793,0.0031245320321472425,0.0022905288609100793,0.0031245320321472425,20,2,2,0,0,0,0,0,18,2,2,2,2,,1.0,0.1,1.0,NOT_ESTIMABLE,,,PROVISIONAL_SMALL_REQUEST_N,1.0,1.0,PROVISIONAL_SMALL_REQUEST_N,1.0,1.0,NOT_PRIMARY; use physical units and frozen spans
6,f6-ba844c981dd6,FORMAL_10K,HELDOUT_TRIPLE_AUDIT,STRICT_LUMPED,f12d43eace12231077007dc497fee8dad00fbe58cb2f1fe2c6159c47636b97a0,selected_q_proxy,strict_valid,emx_minus_frozen_proxy,Lp_nH,nH,2,0.0023334414461246844,0.0030729509868133607,-0.0023334414461246844,0.0023334414461246844,0.0039330571569482055,0.004133009120801145,PROVISIONAL_SMALL_REQUEST_N,2,0.0003339218075952832,0.004332961084654086,0.0003339218075952832,0.004332961084654086,-0.004332961084654086,-0.0003339218075952832,0.0003339218075952832,0.004332961084654086,0.0003339218075952832,0.004332961084654086,0.0003339218075952832,0.004332961084654086,20,2,2,0,0,0,0,0,18,2,2,2,2,,1.0,0.1,1.0,NOT_ESTIMABLE,,,PROVISIONAL_SMALL_REQUEST_N,1.0,1.0,PROVISIONAL_SMALL_REQUEST_N,1.0,1.0,NOT_PRIMARY; use physical units and frozen spans
6,f6-ba844c981dd6,FORMAL_10K,HELDOUT_TRIPLE_AUDIT,STRICT_LUMPED,f12d43eace12231077007dc497fee8dad00fbe58cb2f1fe2c6159c47636b97a0,selected_q_proxy,strict_valid,emx_minus_frozen_proxy,Ls_nH,nH,2,0.004933315736556421,0.006255011625363213,-0.004933315736556421,0.004933315736556421,0.008009684117813644,0.008394230165470796,PROVISIONAL_SMALL_REQUEST_N,2,0.0010878552599848934,0.008778776213127948,0.0010878552599848934,0.008778776213127948,-0.008778776213127948,-0.0010878552599848934,0.0010878552599848934,0.008778776213127948,0.0010878552599848934,0.008778776213127948,0.0010878552599848934,0.008778776213127948,20,2,2,0,0,0,0,0,18,2,2,2,2,,1.0,0.1,1.0,NOT_ESTIMABLE,,,PROVISIONAL_SMALL_REQUEST_N,1.0,1.0,PROVISIONAL_SMALL_REQUEST_N,1.0,1.0,NOT_PRIMARY; use physical units and frozen spans
6,f6-ba844c981dd6,FORMAL_10K,HELDOUT_TRIPLE_AUDIT,STRICT_LUMPED,f12d43eace12231077007dc497fee8dad00fbe58cb2f1fe2c6159c47636b97a0,selected_q_proxy,strict_valid,emx_minus_frozen_proxy,Qmin,dimensionless,2,0.08085013649218009,0.0808819210228782,-0.002267284178693707,0.08085013649218009,0.08266396383513505,0.08289069225300442,PROVISIONAL_SMALL_REQUEST_N,2,0.07858285231348638,0.0831174206708738,0.07858285231348638,0.0831174206708738,-0.0831174206708738,0.07858285231348638,0.07858285231348638,0.0831174206708738,0.07858285231348638,0.0831174206708738,0.07858285231348638,0.0831174206708738,20,2,2,0,0,0,0,0,18,2,2,2,2,,1.0,0.1,1.0,NOT_ESTIMABLE,,,PROVISIONAL_SMALL_REQUEST_N,1.0,1.0,PROVISIONAL_SMALL_REQUEST_N,1.0,1.0,NOT_PRIMARY; use physical units and frozen spans
6,f6-ba844c981dd6,FORMAL_10K,HELDOUT_TRIPLE_AUDIT,STRICT_LUMPED,f12d43eace12231077007dc497fee8dad00fbe58cb2f1fe2c6159c47636b97a0,selected_q_proxy,strict_valid,emx_minus_frozen_proxy,K_abs,dimensionless,2,0.0027609349483272566,0.0027686038352608086,0.00020592573352067045,0.0027609349483272566,0.002925675535143793,0.00294626810849586,PROVISIONAL_SMALL_REQUEST_N,2,0.002555009214806586,0.002966860681847927,0.002555009214806586,0.002966860681847927,-0.002555009214806586,0.002966860681847927,0.002555009214806586,0.002966860681847927,0.002555009214806586,0.002966860681847927,0.002555009214806586,0.002966860681847927,20,2,2,0,0,0,0,0,18,2,2,2,2,,1.0,0.1,1.0,NOT_ESTIMABLE,,,PROVISIONAL_SMALL_REQUEST_N,1.0,1.0,PROVISIONAL_SMALL_REQUEST_N,1.0,1.0,NOT_PRIMARY; use physical units and frozen spans
6,f6-ba844c981dd6,FORMAL_10K,HELDOUT_TRIPLE_AUDIT,STRICT_LUMPED,f12d43eace12231077007dc497fee8dad00fbe58cb2f1fe2c6159c47636b97a0,selected_q_proxy,all_finite_diagnostic,emx_minus_target,Lp_nH,nH,2,0.0024152040825062837,0.002584137425936266,-0.0009189969945377907,0.0024152040825062837,0.0031504016781365163,0.0032423013775902954,PROVISIONAL_SMALL_REQUEST_N,2,0.001496207087968493,0.0033342010770440744,0.001496207087968493,0.0033342010770440744,-0.0033342010770440744,0.001496207087968493,0.001496207087968493,0.0033342010770440744,0.001496207087968493,0.0033342010770440744,0.001496207087968493,0.0033342010770440744,20,2,2,0,0,0,0,0,18,2,2,2,2,,1.0,0.1,1.0,NOT_ESTIMABLE,,,PROVISIONAL_SMALL_REQUEST_N,1.0,1.0,PROVISIONAL_SMALL_REQUEST_N,1.0,1.0,NOT_PRIMARY; use physical units and frozen spans
6,f6-ba844c981dd6,FORMAL_10K,HELDOUT_TRIPLE_AUDIT,STRICT_LUMPED,f12d43eace12231077007dc497fee8dad00fbe58cb2f1fe2c6159c47636b97a0,selected_q_proxy,all_finite_diagnostic,emx_minus_target,Ls_nH,nH,2,0.00591853168003148,0.006131151114136797,-0.001600623858639072,0.00591853168003148,0.007199030766942738,0.007359093152806645,PROVISIONAL_SMALL_REQUEST_N,2,0.004317907821392408,0.007519155538670552,0.004317907821392408,0.007519155538670552,-0.007519155538670552,0.004317907821392408,0.004317907821392408,0.007519155538670552,0.004317907821392408,0.007519155538670552,0.004317907821392408,0.007519155538670552,20,2,2,0,0,0,0,0,18,2,2,2,2,,1.0,0.1,1.0,NOT_ESTIMABLE,,,PROVISIONAL_SMALL_REQUEST_N,1.0,1.0,PROVISIONAL_SMALL_REQUEST_N,1.0,1.0,NOT_PRIMARY; use physical units and frozen spans
6,f6-ba844c981dd6,FORMAL_10K,HELDOUT_TRIPLE_AUDIT,STRICT_LUMPED,f12d43eace12231077007dc497fee8dad00fbe58cb2f1fe2c6159c47636b97a0,selected_q_proxy,all_finite_diagnostic,emx_minus_target,Qmin,dimensionless,2,0.05368663093798087,0.06107607470006751,0.0291209985971852,0.05368663093798087,0.07698342981572903,0.07989552967544755,PROVISIONAL_SMALL_REQUEST_N,2,0.024565632340795673,0.08280762953516607,0.024565632340795673,0.08280762953516607,-0.024565632340795673,0.08280762953516607,0.024565632340795673,0.08280762953516607,0.024565632340795673,0.08280762953516607,0.024565632340795673,0.08280762953516607,20,2,2,0,0,0,0,0,18,2,2,2,2,,1.0,0.1,1.0,NOT_ESTIMABLE,,,PROVISIONAL_SMALL_REQUEST_N,1.0,1.0,PROVISIONAL_SMALL_REQUEST_N,1.0,1.0,NOT_PRIMARY; use physical units and frozen spans
6,f6-ba844c981dd6,FORMAL_10K,HELDOUT_TRIPLE_AUDIT,STRICT_LUMPED,f12d43eace12231077007dc497fee8dad00fbe58cb2f1fe2c6159c47636b97a0,selected_q_proxy,all_finite_diagnostic,emx_minus_target,K_abs,dimensionless,2,0.002707530446528661,0.0027394545882872563,-0.0004170015856185816,0.002707530446528661,0.0030411317150235264,0.0030828318735853844,PROVISIONAL_SMALL_REQUEST_N,2,0.0022905288609100793,0.0031245320321472425,0.0022905288609100793,0.0031245320321472425,-0.0031245320321472425,0.0022905288609100793,0.0022905288609100793,0.0031245320321472425,0.0022905288609100793,0.0031245320321472425,0.0022905288609100793,0.0031245320321472425,20,2,2,0,0,0,0,0,18,2,2,2,2,,1.0,0.1,1.0,NOT_ESTIMABLE,,,PROVISIONAL_SMALL_REQUEST_N,1.0,1.0,PROVISIONAL_SMALL_REQUEST_N,1.0,1.0,NOT_PRIMARY; use physical units and frozen spans
6,f6-ba844c981dd6,FORMAL_10K,HELDOUT_TRIPLE_AUDIT,STRICT_LUMPED,f12d43eace12231077007dc497fee8dad00fbe58cb2f1fe2c6159c47636b97a0,selected_q_proxy,all_finite_diagnostic,emx_minus_frozen_proxy,Lp_nH,nH,2,0.0023334414461246844,0.0030729509868133607,-0.0023334414461246844,0.0023334414461246844,0.0039330571569482055,0.004133009120801145,PROVISIONAL_SMALL_REQUEST_N,2,0.0003339218075952832,0.004332961084654086,0.0003339218075952832,0.004332961084654086,-0.004332961084654086,-0.0003339218075952832,0.0003339218075952832,0.004332961084654086,0.0003339218075952832,0.004332961084654086,0.0003339218075952832,0.004332961084654086,20,2,2,0,0,0,0,0,18,2,2,2,2,,1.0,0.1,1.0,NOT_ESTIMABLE,,,PROVISIONAL_SMALL_REQUEST_N,1.0,1.0,PROVISIONAL_SMALL_REQUEST_N,1.0,1.0,NOT_PRIMARY; use physical units and frozen spans
6,f6-ba844c981dd6,FORMAL_10K,HELDOUT_TRIPLE_AUDIT,STRICT_LUMPED,f12d43eace12231077007dc497fee8dad00fbe58cb2f1fe2c6159c47636b97a0,selected_q_proxy,all_finite_diagnostic,emx_minus_frozen_proxy,Ls_nH,nH,2,0.004933315736556421,0.006255011625363213,-0.004933315736556421,0.004933315736556421,0.008009684117813644,0.008394230165470796,PROVISIONAL_SMALL_REQUEST_N,2,0.0010878552599848934,0.008778776213127948,0.0010878552599848934,0.008778776213127948,-0.008778776213127948,-0.0010878552599848934,0.0010878552599848934,0.008778776213127948,0.0010878552599848934,0.008778776213127948,0.0010878552599848934,0.008778776213127948,20,2,2,0,0,0,0,0,18,2,2,2,2,,1.0,0.1,1.0,NOT_ESTIMABLE,,,PROVISIONAL_SMALL_REQUEST_N,1.0,1.0,PROVISIONAL_SMALL_REQUEST_N,1.0,1.0,NOT_PRIMARY; use physical units and frozen spans
6,f6-ba844c981dd6,FORMAL_10K,HELDOUT_TRIPLE_AUDIT,STRICT_LUMPED,f12d43eace12231077007dc497fee8dad00fbe58cb2f1fe2c6159c47636b97a0,selected_q_proxy,all_finite_diagnostic,emx_minus_frozen_proxy,Qmin,dimensionless,2,0.08085013649218009,0.0808819210228782,-0.002267284178693707,0.08085013649218009,0.08266396383513505,0.08289069225300442,PROVISIONAL_SMALL_REQUEST_N,2,0.07858285231348638,0.0831174206708738,0.07858285231348638,0.0831174206708738,-0.0831174206708738,0.07858285231348638,0.07858285231348638,0.0831174206708738,0.07858285231348638,0.0831174206708738,0.07858285231348638,0.0831174206708738,20,2,2,0,0,0,0,0,18,2,2,2,2,,1.0,0.1,1.0,NOT_ESTIMABLE,,,PROVISIONAL_SMALL_REQUEST_N,1.0,1.0,PROVISIONAL_SMALL_REQUEST_N,1.0,1.0,NOT_PRIMARY; use physical units and frozen spans
6,f6-ba844c981dd6,FORMAL_10K,HELDOUT_TRIPLE_AUDIT,STRICT_LUMPED,f12d43eace12231077007dc497fee8dad00fbe58cb2f1fe2c6159c47636b97a0,selected_q_proxy,all_finite_diagnostic,emx_minus_frozen_proxy,K_abs,dimensionless,2,0.0027609349483272566,0.0027686038352608086,0.00020592573352067045,0.0027609349483272566,0.002925675535143793,0.00294626810849586,PROVISIONAL_SMALL_REQUEST_N,2,0.002555009214806586,0.002966860681847927,0.002555009214806586,0.002966860681847927,-0.002555009214806586,0.002966860681847927,0.002555009214806586,0.002966860681847927,0.002555009214806586,0.002966860681847927,0.002555009214806586,0.002966860681847927,20,2,2,0,0,0,0,0,18,2,2,2,2,,1.0,0.1,1.0,NOT_ESTIMABLE,,,PROVISIONAL_SMALL_REQUEST_N,1.0,1.0,PROVISIONAL_SMALL_REQUEST_N,1.0,1.0,NOT_PRIMARY; use physical units and frozen spans
7,f7-d0ffa9b31525,FORMAL_10K,HELDOUT_TRIPLE_AUDIT,STRICT_LUMPED,f12d43eace12231077007dc497fee8dad00fbe58cb2f1fe2c6159c47636b97a0,all_candidates,strict_valid,emx_minus_target,Lp_nH,nH,17,0.03356493068192116,0.05410225456169344,-0.03126347547017868,0.012831471889062085,0.08194545796831783,0.10796871526958571,PROVISIONAL_SMALL_REQUEST_N,2,0.024918892176032985,0.03961715763604288,0.04023662657618786,0.061989526776359265,-0.036288958917070666,-0.02408421340319013,0.012831471889062085,0.01530742563150278,0.0781685576902433,0.08194545796831783,0.09521168860651108,0.15899682192188447,220,17,17,0,0,3,2,0,198,9,17,17,22,,0.4090909090909091,0.04090909090909091,0.5294117647058824,NOT_ESTIMABLE,,,PROVISIONAL_SMALL_REQUEST_N,0.36363636363636365,0.45454545454545453,PROVISIONAL_SMALL_REQUEST_N,0.5,0.5714285714285714,NOT_PRIMARY; use physical units and frozen spans
7,f7-d0ffa9b31525,FORMAL_10K,HELDOUT_TRIPLE_AUDIT,STRICT_LUMPED,f12d43eace12231077007dc497fee8dad00fbe58cb2f1fe2c6159c47636b97a0,all_candidates,strict_valid,emx_minus_target,Ls_nH,nH,17,0.18642712814468973,0.2819668405265356,0.18642712814468973,0.05489108515972929,0.506412744507651,0.5581272954370204,PROVISIONAL_SMALL_REQUEST_N,2,0.1848200264053925,0.1875520993621978,0.2776796653522636,0.2879806839155644,0.1848200264053925,0.1875520993621978,0.010408343059578384,0.09478890835658743,0.48140023760497075,0.5207120193673463,0.5564377583130117,0.5648854439330554,220,17,17,0,0,3,2,0,198,9,17,17,22,,0.4090909090909091,0.04090909090909091,0.5294117647058824,NOT_ESTIMABLE,,,PROVISIONAL_SMALL_REQUEST_N,0.36363636363636365,0.45454545454545453,PROVISIONAL_SMALL_REQUEST_N,0.5,0.5714285714285714,NOT_PRIMARY; use physical units and frozen spans
7,f7-d0ffa9b31525,FORMAL_10K,HELDOUT_TRIPLE_AUDIT,STRICT_LUMPED,f12d43eace12231077007dc497fee8dad00fbe58cb2f1fe2c6159c47636b97a0,all_candidates,strict_valid,emx_minus_target,Qmin,dimensionless,17,1.2959084924472775,2.0186674232618755,-1.2627770604927793,0.4763903755512118,3.445484415442441,4.384584493559234,PROVISIONAL_SMALL_REQUEST_N,2,1.1483139480114288,1.3992246735523715,1.8682995907789701,2.117581292211104,-1.3757097236182847,-1.1014446845991999,0.09044991027496607,0.9425182923774216,3.1862135135647645,3.6096415605865366,4.174305356378516,5.225701042282106,220,17,17,0,0,3,2,0,198,9,17,17,22,,0.4090909090909091,0.04090909090909091,0.5294117647058824,NOT_ESTIMABLE,,,PROVISIONAL_SMALL_REQUEST_N,0.36363636363636365,0.45454545454545453,PROVISIONAL_SMALL_REQUEST_N,0.5,0.5714285714285714,NOT_PRIMARY; use physical units and frozen spans
7,f7-d0ffa9b31525,FORMAL_10K,HELDOUT_TRIPLE_AUDIT,STRICT_LUMPED,f12d43eace12231077007dc497fee8dad00fbe58cb2f1fe2c6159c47636b97a0,all_candidates,strict_valid,emx_minus_target,K_abs,dimensionless,17,0.026145164986867538,0.04154782468311917,-0.023588575513264452,0.005310786564988623,0.07332494664126507,0.08382168327347739,PROVISIONAL_SMALL_REQUEST_N,2,0.023571525581533966,0.029821792708772638,0.03769466562012253,0.04650175318992674,-0.029810985456794285,-0.019232888552793568,0.005310786564988623,0.005999209833856961,0.06932794168411044,0.0869947351689036,0.08101454320296661,0.09505024355552052,220,17,17,0,0,3,2,0,198,9,17,17,22,,0.4090909090909091,0.04090909090909091,0.5294117647058824,NOT_ESTIMABLE,,,PROVISIONAL_SMALL_REQUEST_N,0.36363636363636365,0.45454545454545453,PROVISIONAL_SMALL_REQUEST_N,0.5,0.5714285714285714,NOT_PRIMARY; use physical units and frozen spans
7,f7-d0ffa9b31525,FORMAL_10K,HELDOUT_TRIPLE_AUDIT,STRICT_LUMPED,f12d43eace12231077007dc497fee8dad00fbe58cb2f1fe2c6159c47636b97a0,all_candidates,strict_valid,emx_minus_frozen_proxy,Lp_nH,nH,17,0.003999980198558445,0.004932950744749082,0.00308214743180593,0.0022650912326627193,0.008137291269001423,0.008858724539325102,PROVISIONAL_SMALL_REQUEST_N,2,0.003676918418058855,0.004226123444908159,0.004638702361252984,0.00512889008146978,0.0015508666995247555,0.004154043944402752,0.002048678942663029,0.004356783519915308,0.007826375447914426,0.008512499424433509,0.008759122911175421,0.009257131051923828,220,17,17,0,0,3,2,0,198,9,17,17,22,,0.4090909090909091,0.04090909090909091,0.5294117647058824,NOT_ESTIMABLE,,,PROVISIONAL_SMALL_REQUEST_N,0.36363636363636365,0.45454545454545453,PROVISIONAL_SMALL_REQUEST_N,0.5,0.5714285714285714,NOT_PRIMARY; use physical units and frozen spans
7,f7-d0ffa9b31525,FORMAL_10K,HELDOUT_TRIPLE_AUDIT,STRICT_LUMPED,f12d43eace12231077007dc497fee8dad00fbe58cb2f1fe2c6159c47636b97a0,all_candidates,strict_valid,emx_minus_frozen_proxy,Ls_nH,nH,17,0.006084264168896403,0.009810333754204863,0.004996541565926112,0.003669467137905169,0.018692548698506697,0.02312954347445277,PROVISIONAL_SMALL_REQUEST_N,2,0.0052049431153903735,0.006699788906350623,0.009285383800383906,0.010161675826496968,0.003915526629204326,0.005753252021631361,0.0007669257934466156,0.0043232540992242385,0.01712778439320363,0.018692548698506697,0.022475810391782813,0.025744475805132616,220,17,17,0,0,3,2,0,198,9,17,17,22,,0.4090909090909091,0.04090909090909091,0.5294117647058824,NOT_ESTIMABLE,,,PROVISIONAL_SMALL_REQUEST_N,0.36363636363636365,0.45454545454545453,PROVISIONAL_SMALL_REQUEST_N,0.5,0.5714285714285714,NOT_PRIMARY; use physical units and frozen spans
7,f7-d0ffa9b31525,FORMAL_10K,HELDOUT_TRIPLE_AUDIT,STRICT_LUMPED,f12d43eace12231077007dc497fee8dad00fbe58cb2f1fe2c6159c47636b97a0,all_candidates,strict_valid,emx_minus_frozen_proxy,Qmin,dimensionless,17,0.14288266181704537,0.15441582962484654,0.029731401403331754,0.1284509669157199,0.22131380726802521,0.26621961172441677,PROVISIONAL_SMALL_REQUEST_N,2,0.11926491999193368,0.15941508109462355,0.1268164023726924,0.17110681578567682,0.001624585005982837,0.06988399625668736,0.09047215693064814,0.13866882232280542,0.18671385408168267,0.26508700394831414,0.19288674799856764,0.27528047393323796,220,17,17,0,0,3,2,0,198,9,17,17,22,,0.4090909090909091,0.04090909090909091,0.5294117647058824,NOT_ESTIMABLE,,,PROVISIONAL_SMALL_REQUEST_N,0.36363636363636365,0.45454545454545453,PROVISIONAL_SMALL_REQUEST_N,0.5,0.5714285714285714,NOT_PRIMARY; use physical units and frozen spans
7,f7-d0ffa9b31525,FORMAL_10K,HELDOUT_TRIPLE_AUDIT,STRICT_LUMPED,f12d43eace12231077007dc497fee8dad00fbe58cb2f1fe2c6159c47636b97a0,all_candidates,strict_valid,emx_minus_frozen_proxy,K_abs,dimensionless,17,0.0035771667718491294,0.004179812397664941,0.000774941528953859,0.003518521670174024,0.006639434000052419,0.006705456349877853,PROVISIONAL_SMALL_REQUEST_N,2,0.0035626995875619764,0.003597834177973634,0.004091265905349565,0.004303147875545667,0.0007211190935622534,0.000812617233727983,0.003518521670174024,0.0036450333342479824,0.006497326223530256,0.00668615973033582,0.006621147926224841,0.006859829306214121,220,17,17,0,0,3,2,0,198,9,17,17,22,,0.4090909090909091,0.04090909090909091,0.5294117647058824,NOT_ESTIMABLE,,,PROVISIONAL_SMALL_REQUEST_N,0.36363636363636365,0.45454545454545453,PROVISIONAL_SMALL_REQUEST_N,0.5,0.5714285714285714,NOT_PRIMARY; use physical units and frozen spans
7,f7-d0ffa9b31525,FORMAL_10K,HELDOUT_TRIPLE_AUDIT,STRICT_LUMPED,f12d43eace12231077007dc497fee8dad00fbe58cb2f1fe2c6159c47636b97a0,all_candidates,all_finite_diagnostic,emx_minus_target,Lp_nH,nH,17,0.03356493068192116,0.05410225456169344,-0.03126347547017868,0.012831471889062085,0.08194545796831783,0.10796871526958571,PROVISIONAL_SMALL_REQUEST_N,2,0.024918892176032985,0.03961715763604288,0.04023662657618786,0.061989526776359265,-0.036288958917070666,-0.02408421340319013,0.012831471889062085,0.01530742563150278,0.0781685576902433,0.08194545796831783,0.09521168860651108,0.15899682192188447,220,17,17,0,0,3,2,0,198,9,17,17,22,,0.4090909090909091,0.04090909090909091,0.5294117647058824,NOT_ESTIMABLE,,,PROVISIONAL_SMALL_REQUEST_N,0.36363636363636365,0.45454545454545453,PROVISIONAL_SMALL_REQUEST_N,0.5,0.5714285714285714,NOT_PRIMARY; use physical units and frozen spans
7,f7-d0ffa9b31525,FORMAL_10K,HELDOUT_TRIPLE_AUDIT,STRICT_LUMPED,f12d43eace12231077007dc497fee8dad00fbe58cb2f1fe2c6159c47636b97a0,all_candidates,all_finite_diagnostic,emx_minus_target,Ls_nH,nH,17,0.18642712814468973,0.2819668405265356,0.18642712814468973,0.05489108515972929,0.506412744507651,0.5581272954370204,PROVISIONAL_SMALL_REQUEST_N,2,0.1848200264053925,0.1875520993621978,0.2776796653522636,0.2879806839155644,0.1848200264053925,0.1875520993621978,0.010408343059578384,0.09478890835658743,0.48140023760497075,0.5207120193673463,0.5564377583130117,0.5648854439330554,220,17,17,0,0,3,2,0,198,9,17,17,22,,0.4090909090909091,0.04090909090909091,0.5294117647058824,NOT_ESTIMABLE,,,PROVISIONAL_SMALL_REQUEST_N,0.36363636363636365,0.45454545454545453,PROVISIONAL_SMALL_REQUEST_N,0.5,0.5714285714285714,NOT_PRIMARY; use physical units and frozen spans
7,f7-d0ffa9b31525,FORMAL_10K,HELDOUT_TRIPLE_AUDIT,STRICT_LUMPED,f12d43eace12231077007dc497fee8dad00fbe58cb2f1fe2c6159c47636b97a0,all_candidates,all_finite_diagnostic,emx_minus_target,Qmin,dimensionless,17,1.2959084924472775,2.0186674232618755,-1.2627770604927793,0.4763903755512118,3.445484415442441,4.384584493559234,PROVISIONAL_SMALL_REQUEST_N,2,1.1483139480114288,1.3992246735523715,1.8682995907789701,2.117581292211104,-1.3757097236182847,-1.1014446845991999,0.09044991027496607,0.9425182923774216,3.1862135135647645,3.6096415605865366,4.174305356378516,5.225701042282106,220,17,17,0,0,3,2,0,198,9,17,17,22,,0.4090909090909091,0.04090909090909091,0.5294117647058824,NOT_ESTIMABLE,,,PROVISIONAL_SMALL_REQUEST_N,0.36363636363636365,0.45454545454545453,PROVISIONAL_SMALL_REQUEST_N,0.5,0.5714285714285714,NOT_PRIMARY; use physical units and frozen spans
7,f7-d0ffa9b31525,FORMAL_10K,HELDOUT_TRIPLE_AUDIT,STRICT_LUMPED,f12d43eace12231077007dc497fee8dad00fbe58cb2f1fe2c6159c47636b97a0,all_candidates,all_finite_diagnostic,emx_minus_target,K_abs,dimensionless,17,0.026145164986867538,0.04154782468311917,-0.023588575513264452,0.005310786564988623,0.07332494664126507,0.08382168327347739,PROVISIONAL_SMALL_REQUEST_N,2,0.023571525581533966,0.029821792708772638,0.03769466562012253,0.04650175318992674,-0.029810985456794285,-0.019232888552793568,0.005310786564988623,0.005999209833856961,0.06932794168411044,0.0869947351689036,0.08101454320296661,0.09505024355552052,220,17,17,0,0,3,2,0,198,9,17,17,22,,0.4090909090909091,0.04090909090909091,0.5294117647058824,NOT_ESTIMABLE,,,PROVISIONAL_SMALL_REQUEST_N,0.36363636363636365,0.45454545454545453,PROVISIONAL_SMALL_REQUEST_N,0.5,0.5714285714285714,NOT_PRIMARY; use physical units and frozen spans
7,f7-d0ffa9b31525,FORMAL_10K,HELDOUT_TRIPLE_AUDIT,STRICT_LUMPED,f12d43eace12231077007dc497fee8dad00fbe58cb2f1fe2c6159c47636b97a0,all_candidates,all_finite_diagnostic,emx_minus_frozen_proxy,Lp_nH,nH,17,0.003999980198558445,0.004932950744749082,0.00308214743180593,0.0022650912326627193,0.008137291269001423,0.008858724539325102,PROVISIONAL_SMALL_REQUEST_N,2,0.003676918418058855,0.004226123444908159,0.004638702361252984,0.00512889008146978,0.0015508666995247555,0.004154043944402752,0.002048678942663029,0.004356783519915308,0.007826375447914426,0.008512499424433509,0.008759122911175421,0.009257131051923828,220,17,17,0,0,3,2,0,198,9,17,17,22,,0.4090909090909091,0.04090909090909091,0.5294117647058824,NOT_ESTIMABLE,,,PROVISIONAL_SMALL_REQUEST_N,0.36363636363636365,0.45454545454545453,PROVISIONAL_SMALL_REQUEST_N,0.5,0.5714285714285714,NOT_PRIMARY; use physical units and frozen spans
7,f7-d0ffa9b31525,FORMAL_10K,HELDOUT_TRIPLE_AUDIT,STRICT_LUMPED,f12d43eace12231077007dc497fee8dad00fbe58cb2f1fe2c6159c47636b97a0,all_candidates,all_finite_diagnostic,emx_minus_frozen_proxy,Ls_nH,nH,17,0.006084264168896403,0.009810333754204863,0.004996541565926112,0.003669467137905169,0.018692548698506697,0.02312954347445277,PROVISIONAL_SMALL_REQUEST_N,2,0.0052049431153903735,0.006699788906350623,0.009285383800383906,0.010161675826496968,0.003915526629204326,0.005753252021631361,0.0007669257934466156,0.0043232540992242385,0.01712778439320363,0.018692548698506697,0.022475810391782813,0.025744475805132616,220,17,17,0,0,3,2,0,198,9,17,17,22,,0.4090909090909091,0.04090909090909091,0.5294117647058824,NOT_ESTIMABLE,,,PROVISIONAL_SMALL_REQUEST_N,0.36363636363636365,0.45454545454545453,PROVISIONAL_SMALL_REQUEST_N,0.5,0.5714285714285714,NOT_PRIMARY; use physical units and frozen spans
7,f7-d0ffa9b31525,FORMAL_10K,HELDOUT_TRIPLE_AUDIT,STRICT_LUMPED,f12d43eace12231077007dc497fee8dad00fbe58cb2f1fe2c6159c47636b97a0,all_candidates,all_finite_diagnostic,emx_minus_frozen_proxy,Qmin,dimensionless,17,0.14288266181704537,0.15441582962484654,0.029731401403331754,0.1284509669157199,0.22131380726802521,0.26621961172441677,PROVISIONAL_SMALL_REQUEST_N,2,0.11926491999193368,0.15941508109462355,0.1268164023726924,0.17110681578567682,0.001624585005982837,0.06988399625668736,0.09047215693064814,0.13866882232280542,0.18671385408168267,0.26508700394831414,0.19288674799856764,0.27528047393323796,220,17,17,0,0,3,2,0,198,9,17,17,22,,0.4090909090909091,0.04090909090909091,0.5294117647058824,NOT_ESTIMABLE,,,PROVISIONAL_SMALL_REQUEST_N,0.36363636363636365,0.45454545454545453,PROVISIONAL_SMALL_REQUEST_N,0.5,0.5714285714285714,NOT_PRIMARY; use physical units and frozen spans
7,f7-d0ffa9b31525,FORMAL_10K,HELDOUT_TRIPLE_AUDIT,STRICT_LUMPED,f12d43eace12231077007dc497fee8dad00fbe58cb2f1fe2c6159c47636b97a0,all_candidates,all_finite_diagnostic,emx_minus_frozen_proxy,K_abs,dimensionless,17,0.0035771667718491294,0.004179812397664941,0.000774941528953859,0.003518521670174024,0.006639434000052419,0.006705456349877853,PROVISIONAL_SMALL_REQUEST_N,2,0.0035626995875619764,0.003597834177973634,0.004091265905349565,0.004303147875545667,0.0007211190935622534,0.000812617233727983,0.003518521670174024,0.0036450333342479824,0.006497326223530256,0.00668615973033582,0.006621147926224841,0.006859829306214121,220,17,17,0,0,3,2,0,198,9,17,17,22,,0.4090909090909091,0.04090909090909091,0.5294117647058824,NOT_ESTIMABLE,,,PROVISIONAL_SMALL_REQUEST_N,0.36363636363636365,0.45454545454545453,PROVISIONAL_SMALL_REQUEST_N,0.5,0.5714285714285714,NOT_PRIMARY; use physical units and frozen spans
7,f7-d0ffa9b31525,FORMAL_10K,HELDOUT_TRIPLE_AUDIT,STRICT_LUMPED,f12d43eace12231077007dc497fee8dad00fbe58cb2f1fe2c6159c47636b97a0,selected_q_proxy,strict_valid,emx_minus_target,Lp_nH,nH,2,0.00366498227192813,0.005090118381212559,0.00366498227192813,0.00366498227192813,0.0064908298353990816,0.006844060780832949,PROVISIONAL_SMALL_REQUEST_N,2,0.00013267281758944094,0.007197291726266819,0.00013267281758944094,0.007197291726266819,0.00013267281758944094,0.007197291726266819,0.00013267281758944094,0.007197291726266819,0.00013267281758944094,0.007197291726266819,0.00013267281758944094,0.007197291726266819,20,2,2,0,0,0,0,0,18,2,2,2,2,,1.0,0.1,1.0,NOT_ESTIMABLE,,,PROVISIONAL_SMALL_REQUEST_N,1.0,1.0,PROVISIONAL_SMALL_REQUEST_N,1.0,1.0,NOT_PRIMARY; use physical units and frozen spans
7,f7-d0ffa9b31525,FORMAL_10K,HELDOUT_TRIPLE_AUDIT,STRICT_LUMPED,f12d43eace12231077007dc497fee8dad00fbe58cb2f1fe2c6159c47636b97a0,selected_q_proxy,strict_valid,emx_minus_target,Ls_nH,nH,2,0.0026106387123526753,0.002690908687765351,0.0026106387123526753,0.0026106387123526753,0.0031325153748431814,0.0031977499576544945,PROVISIONAL_SMALL_REQUEST_N,2,0.001958292884239543,0.0032629845404658075,0.001958292884239543,0.0032629845404658075,0.001958292884239543,0.0032629845404658075,0.001958292884239543,0.0032629845404658075,0.001958292884239543,0.0032629845404658075,0.001958292884239543,0.0032629845404658075,20,2,2,0,0,0,0,0,18,2,2,2,2,,1.0,0.1,1.0,NOT_ESTIMABLE,,,PROVISIONAL_SMALL_REQUEST_N,1.0,1.0,PROVISIONAL_SMALL_REQUEST_N,1.0,1.0,NOT_PRIMARY; use physical units and frozen spans
7,f7-d0ffa9b31525,FORMAL_10K,HELDOUT_TRIPLE_AUDIT,STRICT_LUMPED,f12d43eace12231077007dc497fee8dad00fbe58cb2f1fe2c6159c47636b97a0,selected_q_proxy,strict_valid,emx_minus_target,Qmin,dimensionless,2,0.10823574574008266,0.10968734019522955,-0.017785835465116584,0.10823574574008266,0.12246441411217593,0.12424299765868757,PROVISIONAL_SMALL_REQUEST_N,2,0.09044991027496607,0.12602158120519924,0.09044991027496607,0.12602158120519924,-0.12602158120519924,0.09044991027496607,0.09044991027496607,0.12602158120519924,0.09044991027496607,0.12602158120519924,0.09044991027496607,0.12602158120519924,20,2,2,0,0,0,0,0,18,2,2,2,2,,1.0,0.1,1.0,NOT_ESTIMABLE,,,PROVISIONAL_SMALL_REQUEST_N,1.0,1.0,PROVISIONAL_SMALL_REQUEST_N,1.0,1.0,NOT_PRIMARY; use physical units and frozen spans
7,f7-d0ffa9b31525,FORMAL_10K,HELDOUT_TRIPLE_AUDIT,STRICT_LUMPED,f12d43eace12231077007dc497fee8dad00fbe58cb2f1fe2c6159c47636b97a0,selected_q_proxy,strict_valid,emx_minus_target,K_abs,dimensionless,2,0.0014205433182590405,0.001448015462636102,-0.0014205433182590405,0.0014205433182590405,0.0016451218012644626,0.00167319411164014,PROVISIONAL_SMALL_REQUEST_N,2,0.001139820214502263,0.001701266422015818,0.001139820214502263,0.001701266422015818,-0.001701266422015818,-0.001139820214502263,0.001139820214502263,0.001701266422015818,0.001139820214502263,0.001701266422015818,0.001139820214502263,0.001701266422015818,20,2,2,0,0,0,0,0,18,2,2,2,2,,1.0,0.1,1.0,NOT_ESTIMABLE,,,PROVISIONAL_SMALL_REQUEST_N,1.0,1.0,PROVISIONAL_SMALL_REQUEST_N,1.0,1.0,NOT_PRIMARY; use physical units and frozen spans
7,f7-d0ffa9b31525,FORMAL_10K,HELDOUT_TRIPLE_AUDIT,STRICT_LUMPED,f12d43eace12231077007dc497fee8dad00fbe58cb2f1fe2c6159c47636b97a0,selected_q_proxy,strict_valid,emx_minus_frozen_proxy,Lp_nH,nH,2,0.002718032650287694,0.002799238445352741,0.0006693537076246647,0.002718032650287694,0.0032535156163874257,0.003320450987149892,PROVISIONAL_SMALL_REQUEST_N,2,0.002048678942663029,0.0033873863579123586,0.002048678942663029,0.0033873863579123586,-0.002048678942663029,0.0033873863579123586,0.002048678942663029,0.0033873863579123586,0.002048678942663029,0.0033873863579123586,0.002048678942663029,0.0033873863579123586,20,2,2,0,0,0,0,0,18,2,2,2,2,,1.0,0.1,1.0,NOT_ESTIMABLE,,,PROVISIONAL_SMALL_REQUEST_N,1.0,1.0,PROVISIONAL_SMALL_REQUEST_N,1.0,1.0,NOT_PRIMARY; use physical units and frozen spans
7,f7-d0ffa9b31525,FORMAL_10K,HELDOUT_TRIPLE_AUDIT,STRICT_LUMPED,f12d43eace12231077007dc497fee8dad00fbe58cb2f1fe2c6159c47636b97a0,selected_q_proxy,strict_valid,emx_minus_frozen_proxy,Ls_nH,nH,2,0.0005375994965127751,0.0005844687922517141,-0.00022932629693384055,0.0005375994965127751,0.0007210605340598475,0.0007439931637532315,PROVISIONAL_SMALL_REQUEST_N,2,0.0003082731995789345,0.0007669257934466156,0.0003082731995789345,0.0007669257934466156,-0.0007669257934466156,0.0003082731995789345,0.0003082731995789345,0.0007669257934466156,0.0003082731995789345,0.0007669257934466156,0.0003082731995789345,0.0007669257934466156,20,2,2,0,0,0,0,0,18,2,2,2,2,,1.0,0.1,1.0,NOT_ESTIMABLE,,,PROVISIONAL_SMALL_REQUEST_N,1.0,1.0,PROVISIONAL_SMALL_REQUEST_N,1.0,1.0,NOT_PRIMARY; use physical units and frozen spans
7,f7-d0ffa9b31525,FORMAL_10K,HELDOUT_TRIPLE_AUDIT,STRICT_LUMPED,f12d43eace12231077007dc497fee8dad00fbe58cb2f1fe2c6159c47636b97a0,selected_q_proxy,strict_valid,emx_minus_frozen_proxy,Qmin,dimensionless,2,0.10994043858065883,0.11398472500746479,-0.030093479355497443,0.10994043858065883,0.13401522206505678,0.13702457000060653,PROVISIONAL_SMALL_REQUEST_N,2,0.07984695922516138,0.14003391793615627,0.07984695922516138,0.14003391793615627,-0.14003391793615627,0.07984695922516138,0.07984695922516138,0.14003391793615627,0.07984695922516138,0.14003391793615627,0.07984695922516138,0.14003391793615627,20,2,2,0,0,0,0,0,18,2,2,2,2,,1.0,0.1,1.0,NOT_ESTIMABLE,,,PROVISIONAL_SMALL_REQUEST_N,1.0,1.0,PROVISIONAL_SMALL_REQUEST_N,1.0,1.0,NOT_PRIMARY; use physical units and frozen spans
7,f7-d0ffa9b31525,FORMAL_10K,HELDOUT_TRIPLE_AUDIT,STRICT_LUMPED,f12d43eace12231077007dc497fee8dad00fbe58cb2f1fe2c6159c47636b97a0,selected_q_proxy,strict_valid,emx_minus_frozen_proxy,K_abs,dimensionless,2,0.002005628402869983,0.0020375796814793463,-0.002005628402869983,0.002005628402869983,0.00229316766541747,0.0023291100732359057,PROVISIONAL_SMALL_REQUEST_N,2,0.001646204324685624,0.0023650524810543416,0.001646204324685624,0.0023650524810543416,-0.0023650524810543416,-0.001646204324685624,0.001646204324685624,0.0023650524810543416,0.001646204324685624,0.0023650524810543416,0.001646204324685624,0.0023650524810543416,20,2,2,0,0,0,0,0,18,2,2,2,2,,1.0,0.1,1.0,NOT_ESTIMABLE,,,PROVISIONAL_SMALL_REQUEST_N,1.0,1.0,PROVISIONAL_SMALL_REQUEST_N,1.0,1.0,NOT_PRIMARY; use physical units and frozen spans
7,f7-d0ffa9b31525,FORMAL_10K,HELDOUT_TRIPLE_AUDIT,STRICT_LUMPED,f12d43eace12231077007dc497fee8dad00fbe58cb2f1fe2c6159c47636b97a0,selected_q_proxy,all_finite_diagnostic,emx_minus_target,Lp_nH,nH,2,0.00366498227192813,0.005090118381212559,0.00366498227192813,0.00366498227192813,0.0064908298353990816,0.006844060780832949,PROVISIONAL_SMALL_REQUEST_N,2,0.00013267281758944094,0.007197291726266819,0.00013267281758944094,0.007197291726266819,0.00013267281758944094,0.007197291726266819,0.00013267281758944094,0.007197291726266819,0.00013267281758944094,0.007197291726266819,0.00013267281758944094,0.007197291726266819,20,2,2,0,0,0,0,0,18,2,2,2,2,,1.0,0.1,1.0,NOT_ESTIMABLE,,,PROVISIONAL_SMALL_REQUEST_N,1.0,1.0,PROVISIONAL_SMALL_REQUEST_N,1.0,1.0,NOT_PRIMARY; use physical units and frozen spans
7,f7-d0ffa9b31525,FORMAL_10K,HELDOUT_TRIPLE_AUDIT,STRICT_LUMPED,f12d43eace12231077007dc497fee8dad00fbe58cb2f1fe2c6159c47636b97a0,selected_q_proxy,all_finite_diagnostic,emx_minus_target,Ls_nH,nH,2,0.0026106387123526753,0.002690908687765351,0.0026106387123526753,0.0026106387123526753,0.0031325153748431814,0.0031977499576544945,PROVISIONAL_SMALL_REQUEST_N,2,0.001958292884239543,0.0032629845404658075,0.001958292884239543,0.0032629845404658075,0.001958292884239543,0.0032629845404658075,0.001958292884239543,0.0032629845404658075,0.001958292884239543,0.0032629845404658075,0.001958292884239543,0.0032629845404658075,20,2,2,0,0,0,0,0,18,2,2,2,2,,1.0,0.1,1.0,NOT_ESTIMABLE,,,PROVISIONAL_SMALL_REQUEST_N,1.0,1.0,PROVISIONAL_SMALL_REQUEST_N,1.0,1.0,NOT_PRIMARY; use physical units and frozen spans
7,f7-d0ffa9b31525,FORMAL_10K,HELDOUT_TRIPLE_AUDIT,STRICT_LUMPED,f12d43eace12231077007dc497fee8dad00fbe58cb2f1fe2c6159c47636b97a0,selected_q_proxy,all_finite_diagnostic,emx_minus_target,Qmin,dimensionless,2,0.10823574574008266,0.10968734019522955,-0.017785835465116584,0.10823574574008266,0.12246441411217593,0.12424299765868757,PROVISIONAL_SMALL_REQUEST_N,2,0.09044991027496607,0.12602158120519924,0.09044991027496607,0.12602158120519924,-0.12602158120519924,0.09044991027496607,0.09044991027496607,0.12602158120519924,0.09044991027496607,0.12602158120519924,0.09044991027496607,0.12602158120519924,20,2,2,0,0,0,0,0,18,2,2,2,2,,1.0,0.1,1.0,NOT_ESTIMABLE,,,PROVISIONAL_SMALL_REQUEST_N,1.0,1.0,PROVISIONAL_SMALL_REQUEST_N,1.0,1.0,NOT_PRIMARY; use physical units and frozen spans
7,f7-d0ffa9b31525,FORMAL_10K,HELDOUT_TRIPLE_AUDIT,STRICT_LUMPED,f12d43eace12231077007dc497fee8dad00fbe58cb2f1fe2c6159c47636b97a0,selected_q_proxy,all_finite_diagnostic,emx_minus_target,K_abs,dimensionless,2,0.0014205433182590405,0.001448015462636102,-0.0014205433182590405,0.0014205433182590405,0.0016451218012644626,0.00167319411164014,PROVISIONAL_SMALL_REQUEST_N,2,0.001139820214502263,0.001701266422015818,0.001139820214502263,0.001701266422015818,-0.001701266422015818,-0.001139820214502263,0.001139820214502263,0.001701266422015818,0.001139820214502263,0.001701266422015818,0.001139820214502263,0.001701266422015818,20,2,2,0,0,0,0,0,18,2,2,2,2,,1.0,0.1,1.0,NOT_ESTIMABLE,,,PROVISIONAL_SMALL_REQUEST_N,1.0,1.0,PROVISIONAL_SMALL_REQUEST_N,1.0,1.0,NOT_PRIMARY; use physical units and frozen spans
7,f7-d0ffa9b31525,FORMAL_10K,HELDOUT_TRIPLE_AUDIT,STRICT_LUMPED,f12d43eace12231077007dc497fee8dad00fbe58cb2f1fe2c6159c47636b97a0,selected_q_proxy,all_finite_diagnostic,emx_minus_frozen_proxy,Lp_nH,nH,2,0.002718032650287694,0.002799238445352741,0.0006693537076246647,0.002718032650287694,0.0032535156163874257,0.003320450987149892,PROVISIONAL_SMALL_REQUEST_N,2,0.002048678942663029,0.0033873863579123586,0.002048678942663029,0.0033873863579123586,-0.002048678942663029,0.0033873863579123586,0.002048678942663029,0.0033873863579123586,0.002048678942663029,0.0033873863579123586,0.002048678942663029,0.0033873863579123586,20,2,2,0,0,0,0,0,18,2,2,2,2,,1.0,0.1,1.0,NOT_ESTIMABLE,,,PROVISIONAL_SMALL_REQUEST_N,1.0,1.0,PROVISIONAL_SMALL_REQUEST_N,1.0,1.0,NOT_PRIMARY; use physical units and frozen spans
7,f7-d0ffa9b31525,FORMAL_10K,HELDOUT_TRIPLE_AUDIT,STRICT_LUMPED,f12d43eace12231077007dc497fee8dad00fbe58cb2f1fe2c6159c47636b97a0,selected_q_proxy,all_finite_diagnostic,emx_minus_frozen_proxy,Ls_nH,nH,2,0.0005375994965127751,0.0005844687922517141,-0.00022932629693384055,0.0005375994965127751,0.0007210605340598475,0.0007439931637532315,PROVISIONAL_SMALL_REQUEST_N,2,0.0003082731995789345,0.0007669257934466156,0.0003082731995789345,0.0007669257934466156,-0.0007669257934466156,0.0003082731995789345,0.0003082731995789345,0.0007669257934466156,0.0003082731995789345,0.0007669257934466156,0.0003082731995789345,0.0007669257934466156,20,2,2,0,0,0,0,0,18,2,2,2,2,,1.0,0.1,1.0,NOT_ESTIMABLE,,,PROVISIONAL_SMALL_REQUEST_N,1.0,1.0,PROVISIONAL_SMALL_REQUEST_N,1.0,1.0,NOT_PRIMARY; use physical units and frozen spans
7,f7-d0ffa9b31525,FORMAL_10K,HELDOUT_TRIPLE_AUDIT,STRICT_LUMPED,f12d43eace12231077007dc497fee8dad00fbe58cb2f1fe2c6159c47636b97a0,selected_q_proxy,all_finite_diagnostic,emx_minus_frozen_proxy,Qmin,dimensionless,2,0.10994043858065883,0.11398472500746479,-0.030093479355497443,0.10994043858065883,0.13401522206505678,0.13702457000060653,PROVISIONAL_SMALL_REQUEST_N,2,0.07984695922516138,0.14003391793615627,0.07984695922516138,0.14003391793615627,-0.14003391793615627,0.07984695922516138,0.07984695922516138,0.14003391793615627,0.07984695922516138,0.14003391793615627,0.07984695922516138,0.14003391793615627,20,2,2,0,0,0,0,0,18,2,2,2,2,,1.0,0.1,1.0,NOT_ESTIMABLE,,,PROVISIONAL_SMALL_REQUEST_N,1.0,1.0,PROVISIONAL_SMALL_REQUEST_N,1.0,1.0,NOT_PRIMARY; use physical units and frozen spans
7,f7-d0ffa9b31525,FORMAL_10K,HELDOUT_TRIPLE_AUDIT,STRICT_LUMPED,f12d43eace12231077007dc497fee8dad00fbe58cb2f1fe2c6159c47636b97a0,selected_q_proxy,all_finite_diagnostic,emx_minus_frozen_proxy,K_abs,dimensionless,2,0.002005628402869983,0.0020375796814793463,-0.002005628402869983,0.002005628402869983,0.00229316766541747,0.0023291100732359057,PROVISIONAL_SMALL_REQUEST_N,2,0.001646204324685624,0.0023650524810543416,0.001646204324685624,0.0023650524810543416,-0.0023650524810543416,-0.001646204324685624,0.001646204324685624,0.0023650524810543416,0.001646204324685624,0.0023650524810543416,0.001646204324685624,0.0023650524810543416,20,2,2,0,0,0,0,0,18,2,2,2,2,,1.0,0.1,1.0,NOT_ESTIMABLE,,,PROVISIONAL_SMALL_REQUEST_N,1.0,1.0,PROVISIONAL_SMALL_REQUEST_N,1.0,1.0,NOT_PRIMARY; use physical units and frozen spans
8,f8-dc2e68a2a478,FORMAL_10K,HELDOUT_TRIPLE_AUDIT,STRICT_LUMPED,f12d43eace12231077007dc497fee8dad00fbe58cb2f1fe2c6159c47636b97a0,all_candidates,strict_valid,emx_minus_target,Lp_nH,nH,17,0.016022161177084653,0.025567457121601304,0.01066100779718135,0.006850435036915847,0.049045201390242356,0.05845715852514143,PROVISIONAL_SMALL_REQUEST_N,2,0.012987602510945384,0.018719546658097337,0.022491437263010523,0.02801962542587319,0.010404187817083126,0.010949930274791853,0.0025096241044959555,0.008105314634491156,0.04151537675282291,0.05081349496282547,0.05645498666810167,0.06646584595330052,220,17,17,0,35,1,4,0,163,12,17,17,22,,0.5454545454545454,0.05454545454545454,0.7058823529411765,NOT_ESTIMABLE,,,PROVISIONAL_SMALL_REQUEST_N,0.45454545454545453,0.6363636363636364,PROVISIONAL_SMALL_REQUEST_N,0.5555555555555556,0.875,NOT_PRIMARY; use physical units and frozen spans
8,f8-dc2e68a2a478,FORMAL_10K,HELDOUT_TRIPLE_AUDIT,STRICT_LUMPED,f12d43eace12231077007dc497fee8dad00fbe58cb2f1fe2c6159c47636b97a0,all_candidates,strict_valid,emx_minus_target,Ls_nH,nH,17,0.07283237144554949,0.13103763500146928,0.07209669550273962,0.0033002111559288227,0.21300312056492363,0.28223359654736613,PROVISIONAL_SMALL_REQUEST_N,2,0.04391025603345586,0.0985409184785216,0.07893239809943595,0.1639993437037709,0.043171997443967075,0.09780753822164853,0.001834844268474245,0.003806610186798398,0.1520014456232106,0.2940985992407993,0.18266947350120577,0.3771536180948297,220,17,17,0,35,1,4,0,163,12,17,17,22,,0.5454545454545454,0.05454545454545454,0.7058823529411765,NOT_ESTIMABLE,,,PROVISIONAL_SMALL_REQUEST_N,0.45454545454545453,0.6363636363636364,PROVISIONAL_SMALL_REQUEST_N,0.5555555555555556,0.875,NOT_PRIMARY; use physical units and frozen spans
8,f8-dc2e68a2a478,FORMAL_10K,HELDOUT_TRIPLE_AUDIT,STRICT_LUMPED,f12d43eace12231077007dc497fee8dad00fbe58cb2f1fe2c6159c47636b97a0,all_candidates,strict_valid,emx_minus_target,Qmin,dimensionless,17,0.5142621332595209,0.9884392258249639,-0.49124049899781486,0.11912353386947316,1.443760675752889,2.0440149583513607,PROVISIONAL_SMALL_REQUEST_N,2,0.4149285558034723,0.6025586465537862,0.7090520770560037,1.1826132536661367,-0.5599376727922851,-0.41395617847903576,0.11074248520676377,0.11912353386947316,1.3296880363885197,1.8566848819481812,1.73623500637434,3.27513476625945,220,17,17,0,35,1,4,0,163,12,17,17,22,,0.5454545454545454,0.05454545454545454,0.7058823529411765,NOT_ESTIMABLE,,,PROVISIONAL_SMALL_REQUEST_N,0.45454545454545453,0.6363636363636364,PROVISIONAL_SMALL_REQUEST_N,0.5555555555555556,0.875,NOT_PRIMARY; use physical units and frozen spans
8,f8-dc2e68a2a478,FORMAL_10K,HELDOUT_TRIPLE_AUDIT,STRICT_LUMPED,f12d43eace12231077007dc497fee8dad00fbe58cb2f1fe2c6159c47636b97a0,all_candidates,strict_valid,emx_minus_target,K_abs,dimensionless,17,0.029102084872079027,0.047685602935685446,-0.023810649903611595,0.009851817839891475,0.08649648718791511,0.10885843344828934,PROVISIONAL_SMALL_REQUEST_N,2,0.011009356622931551,0.04518450998243234,0.014914983004892433,0.06401122351283202,-0.03945821570025722,-0.00620713838238527,0.009399219560022237,0.021660542517301096,0.02699331487708566,0.11182614605305449,0.031121223116153784,0.13260013428641018,220,17,17,0,35,1,4,0,163,12,17,17,22,,0.5454545454545454,0.05454545454545454,0.7058823529411765,NOT_ESTIMABLE,,,PROVISIONAL_SMALL_REQUEST_N,0.45454545454545453,0.6363636363636364,PROVISIONAL_SMALL_REQUEST_N,0.5555555555555556,0.875,NOT_PRIMARY; use physical units and frozen spans
8,f8-dc2e68a2a478,FORMAL_10K,HELDOUT_TRIPLE_AUDIT,STRICT_LUMPED,f12d43eace12231077007dc497fee8dad00fbe58cb2f1fe2c6159c47636b97a0,all_candidates,strict_valid,emx_minus_frozen_proxy,Lp_nH,nH,17,0.0060001000743108435,0.006962612185660669,0.0017521639463522216,0.00483229173653843,0.01110034009466867,0.011280374596202103,PROVISIONAL_SMALL_REQUEST_N,2,0.005590263762967174,0.006364399017727439,0.006720227432728624,0.007171190894697187,0.0009420659239451901,0.002663524221560132,0.003805549061839053,0.006098500248249872,0.010902128749174622,0.011361885474659173,0.011105443918054458,0.011980097308792681,220,17,17,0,35,1,4,0,163,12,17,17,22,,0.5454545454545454,0.05454545454545454,0.7058823529411765,NOT_ESTIMABLE,,,PROVISIONAL_SMALL_REQUEST_N,0.45454545454545453,0.6363636363636364,PROVISIONAL_SMALL_REQUEST_N,0.5555555555555556,0.875,NOT_PRIMARY; use physical units and frozen spans
8,f8-dc2e68a2a478,FORMAL_10K,HELDOUT_TRIPLE_AUDIT,STRICT_LUMPED,f12d43eace12231077007dc497fee8dad00fbe58cb2f1fe2c6159c47636b97a0,all_candidates,strict_valid,emx_minus_frozen_proxy,Ls_nH,nH,17,0.007674740852555099,0.012216566584820971,0.006657175692322322,0.0028610092585721336,0.023749776059531727,0.028913378418220812,PROVISIONAL_SMALL_REQUEST_N,2,0.006778030129076431,0.0086835404164686,0.01119241392856377,0.013274624849352707,0.00605028140092434,0.007339931770145053,0.002827367555272464,0.0028885888557996786,0.019620046798414968,0.025137485861597142,0.028687474385813427,0.029816994547850362,220,17,17,0,35,1,4,0,163,12,17,17,22,,0.5454545454545454,0.05454545454545454,0.7058823529411765,NOT_ESTIMABLE,,,PROVISIONAL_SMALL_REQUEST_N,0.45454545454545453,0.6363636363636364,PROVISIONAL_SMALL_REQUEST_N,0.5555555555555556,0.875,NOT_PRIMARY; use physical units and frozen spans
8,f8-dc2e68a2a478,FORMAL_10K,HELDOUT_TRIPLE_AUDIT,STRICT_LUMPED,f12d43eace12231077007dc497fee8dad00fbe58cb2f1fe2c6159c47636b97a0,all_candidates,strict_valid,emx_minus_frozen_proxy,Qmin,dimensionless,17,0.08250924046241907,0.10396179453737191,-0.05208800580143963,0.06119059879783251,0.16211965825933383,0.1857585888714304,PROVISIONAL_SMALL_REQUEST_N,2,0.07613272729657616,0.08968281777399234,0.09740292556265508,0.11087772607970306,-0.08629669075473156,-0.021680285842957916,0.06119059879783251,0.09250602985127099,0.15888570162484775,0.16873909994728464,0.1815233980662505,0.20269935209215006,220,17,17,0,35,1,4,0,163,12,17,17,22,,0.5454545454545454,0.05454545454545454,0.7058823529411765,NOT_ESTIMABLE,,,PROVISIONAL_SMALL_REQUEST_N,0.45454545454545453,0.6363636363636364,PROVISIONAL_SMALL_REQUEST_N,0.5555555555555556,0.875,NOT_PRIMARY; use physical units and frozen spans
8,f8-dc2e68a2a478,FORMAL_10K,HELDOUT_TRIPLE_AUDIT,STRICT_LUMPED,f12d43eace12231077007dc497fee8dad00fbe58cb2f1fe2c6159c47636b97a0,all_candidates,strict_valid,emx_minus_frozen_proxy,K_abs,dimensionless,17,0.005389348670826696,0.006784640037705794,0.0031537401831937557,0.005254299739776758,0.011598260267805794,0.012550304151718683,PROVISIONAL_SMALL_REQUEST_N,2,0.004224038728704131,0.006425179730491198,0.006007453322089951,0.007407329884530827,0.002564516268104478,0.0038166170876691927,0.002703263009473378,0.005509087305179183,0.011016826104526034,0.012648788717158821,0.011094877099117384,0.013338180675239786,220,17,17,0,35,1,4,0,163,12,17,17,22,,0.5454545454545454,0.05454545454545454,0.7058823529411765,NOT_ESTIMABLE,,,PROVISIONAL_SMALL_REQUEST_N,0.45454545454545453,0.6363636363636364,PROVISIONAL_SMALL_REQUEST_N,0.5555555555555556,0.875,NOT_PRIMARY; use physical units and frozen spans
8,f8-dc2e68a2a478,FORMAL_10K,HELDOUT_TRIPLE_AUDIT,STRICT_LUMPED,f12d43eace12231077007dc497fee8dad00fbe58cb2f1fe2c6159c47636b97a0,all_candidates,all_finite_diagnostic,emx_minus_target,Lp_nH,nH,17,0.016022161177084653,0.025567457121601304,0.01066100779718135,0.006850435036915847,0.049045201390242356,0.05845715852514143,PROVISIONAL_SMALL_REQUEST_N,2,0.012987602510945384,0.018719546658097337,0.022491437263010523,0.02801962542587319,0.010404187817083126,0.010949930274791853,0.0025096241044959555,0.008105314634491156,0.04151537675282291,0.05081349496282547,0.05645498666810167,0.06646584595330052,220,17,17,0,35,1,4,0,163,12,17,17,22,,0.5454545454545454,0.05454545454545454,0.7058823529411765,NOT_ESTIMABLE,,,PROVISIONAL_SMALL_REQUEST_N,0.45454545454545453,0.6363636363636364,PROVISIONAL_SMALL_REQUEST_N,0.5555555555555556,0.875,NOT_PRIMARY; use physical units and frozen spans
8,f8-dc2e68a2a478,FORMAL_10K,HELDOUT_TRIPLE_AUDIT,STRICT_LUMPED,f12d43eace12231077007dc497fee8dad00fbe58cb2f1fe2c6159c47636b97a0,all_candidates,all_finite_diagnostic,emx_minus_target,Ls_nH,nH,17,0.07283237144554949,0.13103763500146928,0.07209669550273962,0.0033002111559288227,0.21300312056492363,0.28223359654736613,PROVISIONAL_SMALL_REQUEST_N,2,0.04391025603345586,0.0985409184785216,0.07893239809943595,0.1639993437037709,0.043171997443967075,0.09780753822164853,0.001834844268474245,0.003806610186798398,0.1520014456232106,0.2940985992407993,0.18266947350120577,0.3771536180948297,220,17,17,0,35,1,4,0,163,12,17,17,22,,0.5454545454545454,0.05454545454545454,0.7058823529411765,NOT_ESTIMABLE,,,PROVISIONAL_SMALL_REQUEST_N,0.45454545454545453,0.6363636363636364,PROVISIONAL_SMALL_REQUEST_N,0.5555555555555556,0.875,NOT_PRIMARY; use physical units and frozen spans
8,f8-dc2e68a2a478,FORMAL_10K,HELDOUT_TRIPLE_AUDIT,STRICT_LUMPED,f12d43eace12231077007dc497fee8dad00fbe58cb2f1fe2c6159c47636b97a0,all_candidates,all_finite_diagnostic,emx_minus_target,Qmin,dimensionless,17,0.5142621332595209,0.9884392258249639,-0.49124049899781486,0.11912353386947316,1.443760675752889,2.0440149583513607,PROVISIONAL_SMALL_REQUEST_N,2,0.4149285558034723,0.6025586465537862,0.7090520770560037,1.1826132536661367,-0.5599376727922851,-0.41395617847903576,0.11074248520676377,0.11912353386947316,1.3296880363885197,1.8566848819481812,1.73623500637434,3.27513476625945,220,17,17,0,35,1,4,0,163,12,17,17,22,,0.5454545454545454,0.05454545454545454,0.7058823529411765,NOT_ESTIMABLE,,,PROVISIONAL_SMALL_REQUEST_N,0.45454545454545453,0.6363636363636364,PROVISIONAL_SMALL_REQUEST_N,0.5555555555555556,0.875,NOT_PRIMARY; use physical units and frozen spans
8,f8-dc2e68a2a478,FORMAL_10K,HELDOUT_TRIPLE_AUDIT,STRICT_LUMPED,f12d43eace12231077007dc497fee8dad00fbe58cb2f1fe2c6159c47636b97a0,all_candidates,all_finite_diagnostic,emx_minus_target,K_abs,dimensionless,17,0.029102084872079027,0.047685602935685446,-0.023810649903611595,0.009851817839891475,0.08649648718791511,0.10885843344828934,PROVISIONAL_SMALL_REQUEST_N,2,0.011009356622931551,0.04518450998243234,0.014914983004892433,0.06401122351283202,-0.03945821570025722,-0.00620713838238527,0.009399219560022237,0.021660542517301096,0.02699331487708566,0.11182614605305449,0.031121223116153784,0.13260013428641018,220,17,17,0,35,1,4,0,163,12,17,17,22,,0.5454545454545454,0.05454545454545454,0.7058823529411765,NOT_ESTIMABLE,,,PROVISIONAL_SMALL_REQUEST_N,0.45454545454545453,0.6363636363636364,PROVISIONAL_SMALL_REQUEST_N,0.5555555555555556,0.875,NOT_PRIMARY; use physical units and frozen spans
8,f8-dc2e68a2a478,FORMAL_10K,HELDOUT_TRIPLE_AUDIT,STRICT_LUMPED,f12d43eace12231077007dc497fee8dad00fbe58cb2f1fe2c6159c47636b97a0,all_candidates,all_finite_diagnostic,emx_minus_frozen_proxy,Lp_nH,nH,17,0.0060001000743108435,0.006962612185660669,0.0017521639463522216,0.00483229173653843,0.01110034009466867,0.011280374596202103,PROVISIONAL_SMALL_REQUEST_N,2,0.005590263762967174,0.006364399017727439,0.006720227432728624,0.007171190894697187,0.0009420659239451901,0.002663524221560132,0.003805549061839053,0.006098500248249872,0.010902128749174622,0.011361885474659173,0.011105443918054458,0.011980097308792681,220,17,17,0,35,1,4,0,163,12,17,17,22,,0.5454545454545454,0.05454545454545454,0.7058823529411765,NOT_ESTIMABLE,,,PROVISIONAL_SMALL_REQUEST_N,0.45454545454545453,0.6363636363636364,PROVISIONAL_SMALL_REQUEST_N,0.5555555555555556,0.875,NOT_PRIMARY; use physical units and frozen spans
8,f8-dc2e68a2a478,FORMAL_10K,HELDOUT_TRIPLE_AUDIT,STRICT_LUMPED,f12d43eace12231077007dc497fee8dad00fbe58cb2f1fe2c6159c47636b97a0,all_candidates,all_finite_diagnostic,emx_minus_frozen_proxy,Ls_nH,nH,17,0.007674740852555099,0.012216566584820971,0.006657175692322322,0.0028610092585721336,0.023749776059531727,0.028913378418220812,PROVISIONAL_SMALL_REQUEST_N,2,0.006778030129076431,0.0086835404164686,0.01119241392856377,0.013274624849352707,0.00605028140092434,0.007339931770145053,0.002827367555272464,0.0028885888557996786,0.019620046798414968,0.025137485861597142,0.028687474385813427,0.029816994547850362,220,17,17,0,35,1,4,0,163,12,17,17,22,,0.5454545454545454,0.05454545454545454,0.7058823529411765,NOT_ESTIMABLE,,,PROVISIONAL_SMALL_REQUEST_N,0.45454545454545453,0.6363636363636364,PROVISIONAL_SMALL_REQUEST_N,0.5555555555555556,0.875,NOT_PRIMARY; use physical units and frozen spans
8,f8-dc2e68a2a478,FORMAL_10K,HELDOUT_TRIPLE_AUDIT,STRICT_LUMPED,f12d43eace12231077007dc497fee8dad00fbe58cb2f1fe2c6159c47636b97a0,all_candidates,all_finite_diagnostic,emx_minus_frozen_proxy,Qmin,dimensionless,17,0.08250924046241907,0.10396179453737191,-0.05208800580143963,0.06119059879783251,0.16211965825933383,0.1857585888714304,PROVISIONAL_SMALL_REQUEST_N,2,0.07613272729657616,0.08968281777399234,0.09740292556265508,0.11087772607970306,-0.08629669075473156,-0.021680285842957916,0.06119059879783251,0.09250602985127099,0.15888570162484775,0.16873909994728464,0.1815233980662505,0.20269935209215006,220,17,17,0,35,1,4,0,163,12,17,17,22,,0.5454545454545454,0.05454545454545454,0.7058823529411765,NOT_ESTIMABLE,,,PROVISIONAL_SMALL_REQUEST_N,0.45454545454545453,0.6363636363636364,PROVISIONAL_SMALL_REQUEST_N,0.5555555555555556,0.875,NOT_PRIMARY; use physical units and frozen spans
8,f8-dc2e68a2a478,FORMAL_10K,HELDOUT_TRIPLE_AUDIT,STRICT_LUMPED,f12d43eace12231077007dc497fee8dad00fbe58cb2f1fe2c6159c47636b97a0,all_candidates,all_finite_diagnostic,emx_minus_frozen_proxy,K_abs,dimensionless,17,0.005389348670826696,0.006784640037705794,0.0031537401831937557,0.005254299739776758,0.011598260267805794,0.012550304151718683,PROVISIONAL_SMALL_REQUEST_N,2,0.004224038728704131,0.006425179730491198,0.006007453322089951,0.007407329884530827,0.002564516268104478,0.0038166170876691927,0.002703263009473378,0.005509087305179183,0.011016826104526034,0.012648788717158821,0.011094877099117384,0.013338180675239786,220,17,17,0,35,1,4,0,163,12,17,17,22,,0.5454545454545454,0.05454545454545454,0.7058823529411765,NOT_ESTIMABLE,,,PROVISIONAL_SMALL_REQUEST_N,0.45454545454545453,0.6363636363636364,PROVISIONAL_SMALL_REQUEST_N,0.5555555555555556,0.875,NOT_PRIMARY; use physical units and frozen spans
8,f8-dc2e68a2a478,FORMAL_10K,HELDOUT_TRIPLE_AUDIT,STRICT_LUMPED,f12d43eace12231077007dc497fee8dad00fbe58cb2f1fe2c6159c47636b97a0,selected_q_proxy,strict_valid,emx_minus_target,Lp_nH,nH,1,0.006850435036915847,0.006850435036915847,-0.006850435036915847,0.006850435036915847,0.006850435036915847,0.006850435036915847,NOT_ESTIMABLE,1,,,,,,,,,,,,,20,1,1,0,2,1,0,0,16,1,1,1,2,,0.5,0.05,1.0,NOT_ESTIMABLE,,,PROVISIONAL_SMALL_REQUEST_N,0.0,1.0,NOT_ESTIMABLE,,,NOT_PRIMARY; use physical units and frozen spans
8,f8-dc2e68a2a478,FORMAL_10K,HELDOUT_TRIPLE_AUDIT,STRICT_LUMPED,f12d43eace12231077007dc497fee8dad00fbe58cb2f1fe2c6159c47636b97a0,selected_q_proxy,strict_valid,emx_minus_target,Ls_nH,nH,1,0.0030379677712530917,0.0030379677712530917,0.0030379677712530917,0.0030379677712530917,0.0030379677712530917,0.0030379677712530917,NOT_ESTIMABLE,1,,,,,,,,,,,,,20,1,1,0,2,1,0,0,16,1,1,1,2,,0.5,0.05,1.0,NOT_ESTIMABLE,,,PROVISIONAL_SMALL_REQUEST_N,0.0,1.0,NOT_ESTIMABLE,,,NOT_PRIMARY; use physical units and frozen spans
8,f8-dc2e68a2a478,FORMAL_10K,HELDOUT_TRIPLE_AUDIT,STRICT_LUMPED,f12d43eace12231077007dc497fee8dad00fbe58cb2f1fe2c6159c47636b97a0,selected_q_proxy,strict_valid,emx_minus_target,Qmin,dimensionless,1,0.05509471256736376,0.05509471256736376,0.05509471256736376,0.05509471256736376,0.05509471256736376,0.05509471256736376,NOT_ESTIMABLE,1,,,,,,,,,,,,,20,1,1,0,2,1,0,0,16,1,1,1,2,,0.5,0.05,1.0,NOT_ESTIMABLE,,,PROVISIONAL_SMALL_REQUEST_N,0.0,1.0,NOT_ESTIMABLE,,,NOT_PRIMARY; use physical units and frozen spans
8,f8-dc2e68a2a478,FORMAL_10K,HELDOUT_TRIPLE_AUDIT,STRICT_LUMPED,f12d43eace12231077007dc497fee8dad00fbe58cb2f1fe2c6159c47636b97a0,selected_q_proxy,strict_valid,emx_minus_target,K_abs,dimensionless,1,0.01163795636359155,0.01163795636359155,0.01163795636359155,0.01163795636359155,0.01163795636359155,0.01163795636359155,NOT_ESTIMABLE,1,,,,,,,,,,,,,20,1,1,0,2,1,0,0,16,1,1,1,2,,0.5,0.05,1.0,NOT_ESTIMABLE,,,PROVISIONAL_SMALL_REQUEST_N,0.0,1.0,NOT_ESTIMABLE,,,NOT_PRIMARY; use physical units and frozen spans
8,f8-dc2e68a2a478,FORMAL_10K,HELDOUT_TRIPLE_AUDIT,STRICT_LUMPED,f12d43eace12231077007dc497fee8dad00fbe58cb2f1fe2c6159c47636b97a0,selected_q_proxy,strict_valid,emx_minus_frozen_proxy,Lp_nH,nH,1,0.00483229173653843,0.00483229173653843,-0.00483229173653843,0.00483229173653843,0.00483229173653843,0.00483229173653843,NOT_ESTIMABLE,1,,,,,,,,,,,,,20,1,1,0,2,1,0,0,16,1,1,1,2,,0.5,0.05,1.0,NOT_ESTIMABLE,,,PROVISIONAL_SMALL_REQUEST_N,0.0,1.0,NOT_ESTIMABLE,,,NOT_PRIMARY; use physical units and frozen spans
8,f8-dc2e68a2a478,FORMAL_10K,HELDOUT_TRIPLE_AUDIT,STRICT_LUMPED,f12d43eace12231077007dc497fee8dad00fbe58cb2f1fe2c6159c47636b97a0,selected_q_proxy,strict_valid,emx_minus_frozen_proxy,Ls_nH,nH,1,0.003001265514263163,0.003001265514263163,0.003001265514263163,0.003001265514263163,0.003001265514263163,0.003001265514263163,NOT_ESTIMABLE,1,,,,,,,,,,,,,20,1,1,0,2,1,0,0,16,1,1,1,2,,0.5,0.05,1.0,NOT_ESTIMABLE,,,PROVISIONAL_SMALL_REQUEST_N,0.0,1.0,NOT_ESTIMABLE,,,NOT_PRIMARY; use physical units and frozen spans
8,f8-dc2e68a2a478,FORMAL_10K,HELDOUT_TRIPLE_AUDIT,STRICT_LUMPED,f12d43eace12231077007dc497fee8dad00fbe58cb2f1fe2c6159c47636b97a0,selected_q_proxy,strict_valid,emx_minus_frozen_proxy,Qmin,dimensionless,1,0.06119059879783251,0.06119059879783251,0.06119059879783251,0.06119059879783251,0.06119059879783251,0.06119059879783251,NOT_ESTIMABLE,1,,,,,,,,,,,,,20,1,1,0,2,1,0,0,16,1,1,1,2,,0.5,0.05,1.0,NOT_ESTIMABLE,,,PROVISIONAL_SMALL_REQUEST_N,0.0,1.0,NOT_ESTIMABLE,,,NOT_PRIMARY; use physical units and frozen spans
8,f8-dc2e68a2a478,FORMAL_10K,HELDOUT_TRIPLE_AUDIT,STRICT_LUMPED,f12d43eace12231077007dc497fee8dad00fbe58cb2f1fe2c6159c47636b97a0,selected_q_proxy,strict_valid,emx_minus_frozen_proxy,K_abs,dimensionless,1,0.012353335020838407,0.012353335020838407,0.012353335020838407,0.012353335020838407,0.012353335020838407,0.012353335020838407,NOT_ESTIMABLE,1,,,,,,,,,,,,,20,1,1,0,2,1,0,0,16,1,1,1,2,,0.5,0.05,1.0,NOT_ESTIMABLE,,,PROVISIONAL_SMALL_REQUEST_N,0.0,1.0,NOT_ESTIMABLE,,,NOT_PRIMARY; use physical units and frozen spans
8,f8-dc2e68a2a478,FORMAL_10K,HELDOUT_TRIPLE_AUDIT,STRICT_LUMPED,f12d43eace12231077007dc497fee8dad00fbe58cb2f1fe2c6159c47636b97a0,selected_q_proxy,all_finite_diagnostic,emx_minus_target,Lp_nH,nH,1,0.006850435036915847,0.006850435036915847,-0.006850435036915847,0.006850435036915847,0.006850435036915847,0.006850435036915847,NOT_ESTIMABLE,1,,,,,,,,,,,,,20,1,1,0,2,1,0,0,16,1,1,1,2,,0.5,0.05,1.0,NOT_ESTIMABLE,,,PROVISIONAL_SMALL_REQUEST_N,0.0,1.0,NOT_ESTIMABLE,,,NOT_PRIMARY; use physical units and frozen spans
8,f8-dc2e68a2a478,FORMAL_10K,HELDOUT_TRIPLE_AUDIT,STRICT_LUMPED,f12d43eace12231077007dc497fee8dad00fbe58cb2f1fe2c6159c47636b97a0,selected_q_proxy,all_finite_diagnostic,emx_minus_target,Ls_nH,nH,1,0.0030379677712530917,0.0030379677712530917,0.0030379677712530917,0.0030379677712530917,0.0030379677712530917,0.0030379677712530917,NOT_ESTIMABLE,1,,,,,,,,,,,,,20,1,1,0,2,1,0,0,16,1,1,1,2,,0.5,0.05,1.0,NOT_ESTIMABLE,,,PROVISIONAL_SMALL_REQUEST_N,0.0,1.0,NOT_ESTIMABLE,,,NOT_PRIMARY; use physical units and frozen spans
8,f8-dc2e68a2a478,FORMAL_10K,HELDOUT_TRIPLE_AUDIT,STRICT_LUMPED,f12d43eace12231077007dc497fee8dad00fbe58cb2f1fe2c6159c47636b97a0,selected_q_proxy,all_finite_diagnostic,emx_minus_target,Qmin,dimensionless,1,0.05509471256736376,0.05509471256736376,0.05509471256736376,0.05509471256736376,0.05509471256736376,0.05509471256736376,NOT_ESTIMABLE,1,,,,,,,,,,,,,20,1,1,0,2,1,0,0,16,1,1,1,2,,0.5,0.05,1.0,NOT_ESTIMABLE,,,PROVISIONAL_SMALL_REQUEST_N,0.0,1.0,NOT_ESTIMABLE,,,NOT_PRIMARY; use physical units and frozen spans
8,f8-dc2e68a2a478,FORMAL_10K,HELDOUT_TRIPLE_AUDIT,STRICT_LUMPED,f12d43eace12231077007dc497fee8dad00fbe58cb2f1fe2c6159c47636b97a0,selected_q_proxy,all_finite_diagnostic,emx_minus_target,K_abs,dimensionless,1,0.01163795636359155,0.01163795636359155,0.01163795636359155,0.01163795636359155,0.01163795636359155,0.01163795636359155,NOT_ESTIMABLE,1,,,,,,,,,,,,,20,1,1,0,2,1,0,0,16,1,1,1,2,,0.5,0.05,1.0,NOT_ESTIMABLE,,,PROVISIONAL_SMALL_REQUEST_N,0.0,1.0,NOT_ESTIMABLE,,,NOT_PRIMARY; use physical units and frozen spans
8,f8-dc2e68a2a478,FORMAL_10K,HELDOUT_TRIPLE_AUDIT,STRICT_LUMPED,f12d43eace12231077007dc497fee8dad00fbe58cb2f1fe2c6159c47636b97a0,selected_q_proxy,all_finite_diagnostic,emx_minus_frozen_proxy,Lp_nH,nH,1,0.00483229173653843,0.00483229173653843,-0.00483229173653843,0.00483229173653843,0.00483229173653843,0.00483229173653843,NOT_ESTIMABLE,1,,,,,,,,,,,,,20,1,1,0,2,1,0,0,16,1,1,1,2,,0.5,0.05,1.0,NOT_ESTIMABLE,,,PROVISIONAL_SMALL_REQUEST_N,0.0,1.0,NOT_ESTIMABLE,,,NOT_PRIMARY; use physical units and frozen spans
8,f8-dc2e68a2a478,FORMAL_10K,HELDOUT_TRIPLE_AUDIT,STRICT_LUMPED,f12d43eace12231077007dc497fee8dad00fbe58cb2f1fe2c6159c47636b97a0,selected_q_proxy,all_finite_diagnostic,emx_minus_frozen_proxy,Ls_nH,nH,1,0.003001265514263163,0.003001265514263163,0.003001265514263163,0.003001265514263163,0.003001265514263163,0.003001265514263163,NOT_ESTIMABLE,1,,,,,,,,,,,,,20,1,1,0,2,1,0,0,16,1,1,1,2,,0.5,0.05,1.0,NOT_ESTIMABLE,,,PROVISIONAL_SMALL_REQUEST_N,0.0,1.0,NOT_ESTIMABLE,,,NOT_PRIMARY; use physical units and frozen spans
8,f8-dc2e68a2a478,FORMAL_10K,HELDOUT_TRIPLE_AUDIT,STRICT_LUMPED,f12d43eace12231077007dc497fee8dad00fbe58cb2f1fe2c6159c47636b97a0,selected_q_proxy,all_finite_diagnostic,emx_minus_frozen_proxy,Qmin,dimensionless,1,0.06119059879783251,0.06119059879783251,0.06119059879783251,0.06119059879783251,0.06119059879783251,0.06119059879783251,NOT_ESTIMABLE,1,,,,,,,,,,,,,20,1,1,0,2,1,0,0,16,1,1,1,2,,0.5,0.05,1.0,NOT_ESTIMABLE,,,PROVISIONAL_SMALL_REQUEST_N,0.0,1.0,NOT_ESTIMABLE,,,NOT_PRIMARY; use physical units and frozen spans
8,f8-dc2e68a2a478,FORMAL_10K,HELDOUT_TRIPLE_AUDIT,STRICT_LUMPED,f12d43eace12231077007dc497fee8dad00fbe58cb2f1fe2c6159c47636b97a0,selected_q_proxy,all_finite_diagnostic,emx_minus_frozen_proxy,K_abs,dimensionless,1,0.012353335020838407,0.012353335020838407,0.012353335020838407,0.012353335020838407,0.012353335020838407,0.012353335020838407,NOT_ESTIMABLE,1,,,,,,,,,,,,,20,1,1,0,2,1,0,0,16,1,1,1,2,,0.5,0.05,1.0,NOT_ESTIMABLE,,,PROVISIONAL_SMALL_REQUEST_N,0.0,1.0,NOT_ESTIMABLE,,,NOT_PRIMARY; use physical units and frozen spans
9,f9-0cd8cd2dd857,FORMAL_10K,HELDOUT_TRIPLE_AUDIT,STRICT_LUMPED,f12d43eace12231077007dc497fee8dad00fbe58cb2f1fe2c6159c47636b97a0,all_candidates,strict_valid,emx_minus_target,Lp_nH,nH,19,0.019373757442751962,0.028835738773360327,0.008995039986088351,0.006512598318908047,0.051795277519442656,0.0601930755630893,PROVISIONAL_SMALL_REQUEST_N,2,0.008678205735846128,0.02715234050231984,0.014317225266327284,0.035876851573238396,-0.006729252121922963,0.02043088879191476,0.005663775212957356,0.015520777374835815,0.023021388503173146,0.059989480970100706,0.03820184239160529,0.06192362960349239,220,19,19,0,0,1,2,0,198,13,19,19,22,,0.5909090909090909,0.05909090909090909,0.6842105263157895,NOT_ESTIMABLE,,,PROVISIONAL_SMALL_REQUEST_N,0.5454545454545454,0.6363636363636364,PROVISIONAL_SMALL_REQUEST_N,0.6363636363636364,0.75,NOT_PRIMARY; use physical units and frozen spans
9,f9-0cd8cd2dd857,FORMAL_10K,HELDOUT_TRIPLE_AUDIT,STRICT_LUMPED,f12d43eace12231077007dc497fee8dad00fbe58cb2f1fe2c6159c47636b97a0,all_candidates,strict_valid,emx_minus_target,Ls_nH,nH,19,0.11260927095406428,0.1959218991691832,0.10343597816720065,0.015840988337679218,0.4070676029994855,0.4343718029761618,PROVISIONAL_SMALL_REQUEST_N,2,0.09027241861191027,0.12885425447563084,0.1669764971608768,0.2145340015590243,0.07902582783055007,0.12118881477567381,0.013347936697053031,0.015840988337679218,0.3084177649920914,0.4070676029994855,0.4281382390861155,0.48604018128614246,220,19,19,0,0,1,2,0,198,13,19,19,22,,0.5909090909090909,0.05909090909090909,0.6842105263157895,NOT_ESTIMABLE,,,PROVISIONAL_SMALL_REQUEST_N,0.5454545454545454,0.6363636363636364,PROVISIONAL_SMALL_REQUEST_N,0.6363636363636364,0.75,NOT_PRIMARY; use physical units and frozen spans
9,f9-0cd8cd2dd857,FORMAL_10K,HELDOUT_TRIPLE_AUDIT,STRICT_LUMPED,f12d43eace12231077007dc497fee8dad00fbe58cb2f1fe2c6159c47636b97a0,all_candidates,strict_valid,emx_minus_target,Qmin,dimensionless,19,0.9966245809544253,1.7900175175472979,-0.9157130770266345,0.22713456786466857,3.6117000122215654,4.244468826643875,PROVISIONAL_SMALL_REQUEST_N,2,0.7435741729521483,1.1806612413197177,1.5165254538461281,1.9651577760413121,-1.1053157235905415,-0.6550094380012625,0.15068162071432045,0.388203931361657,2.5499853871936553,3.6117000122215654,4.161581679630759,4.9146419720423005,220,19,19,0,0,1,2,0,198,13,19,19,22,,0.5909090909090909,0.05909090909090909,0.6842105263157895,NOT_ESTIMABLE,,,PROVISIONAL_SMALL_REQUEST_N,0.5454545454545454,0.6363636363636364,PROVISIONAL_SMALL_REQUEST_N,0.6363636363636364,0.75,NOT_PRIMARY; use physical units and frozen spans
9,f9-0cd8cd2dd857,FORMAL_10K,HELDOUT_TRIPLE_AUDIT,STRICT_LUMPED,f12d43eace12231077007dc497fee8dad00fbe58cb2f1fe2c6159c47636b97a0,all_candidates,strict_valid,emx_minus_target,K_abs,dimensionless,19,0.03725534261644701,0.060881981253000254,-0.036252698581090266,0.011234379097029679,0.10071447681047827,0.11927627473076448,PROVISIONAL_SMALL_REQUEST_N,2,0.032579889753713974,0.04368409030270493,0.051709848993954914,0.0716001954185261,-0.04368409030270493,-0.030848050056279594,0.007836893209369145,0.011972240431401826,0.09771469685907866,0.13203206997410558,0.11196365162822686,0.1783403777629552,220,19,19,0,0,1,2,0,198,13,19,19,22,,0.5909090909090909,0.05909090909090909,0.6842105263157895,NOT_ESTIMABLE,,,PROVISIONAL_SMALL_REQUEST_N,0.5454545454545454,0.6363636363636364,PROVISIONAL_SMALL_REQUEST_N,0.6363636363636364,0.75,NOT_PRIMARY; use physical units and frozen spans
9,f9-0cd8cd2dd857,FORMAL_10K,HELDOUT_TRIPLE_AUDIT,STRICT_LUMPED,f12d43eace12231077007dc497fee8dad00fbe58cb2f1fe2c6159c47636b97a0,all_candidates,strict_valid,emx_minus_frozen_proxy,Lp_nH,nH,19,0.006063065357242507,0.0077829281627820705,0.0033038025981263893,0.004798323318775388,0.012440812208508723,0.012789512100539973,PROVISIONAL_SMALL_REQUEST_N,2,0.004551620221223213,0.007162298183438357,0.005849823728909156,0.008929735533491105,0.0006483880038658241,0.0052350132121340735,0.0039696483946837224,0.006383931932623987,0.009878411658748032,0.01254089719626772,0.012312781844062037,0.014902738786854185,220,19,19,0,0,1,2,0,198,13,19,19,22,,0.5909090909090909,0.05909090909090909,0.6842105263157895,NOT_ESTIMABLE,,,PROVISIONAL_SMALL_REQUEST_N,0.5454545454545454,0.6363636363636364,PROVISIONAL_SMALL_REQUEST_N,0.6363636363636364,0.75,NOT_PRIMARY; use physical units and frozen spans
9,f9-0cd8cd2dd857,FORMAL_10K,HELDOUT_TRIPLE_AUDIT,STRICT_LUMPED,f12d43eace12231077007dc497fee8dad00fbe58cb2f1fe2c6159c47636b97a0,all_candidates,strict_valid,emx_minus_frozen_proxy,Ls_nH,nH,19,0.009693089056629783,0.010964841719434584,-0.003536721169631148,0.008916515756303145,0.016668234858011163,0.020021381937250067,PROVISIONAL_SMALL_REQUEST_N,2,0.008379925869738014,0.010648116828914705,0.00942876831555379,0.011958693867284405,-0.007232521446682572,-0.0008488664226846586,0.008916515756303145,0.00900378812408964,0.013856644913456506,0.019797758754270367,0.015885853883946366,0.021922178992577555,220,19,19,0,0,1,2,0,198,13,19,19,22,,0.5909090909090909,0.05909090909090909,0.6842105263157895,NOT_ESTIMABLE,,,PROVISIONAL_SMALL_REQUEST_N,0.5454545454545454,0.6363636363636364,PROVISIONAL_SMALL_REQUEST_N,0.6363636363636364,0.75,NOT_PRIMARY; use physical units and frozen spans
9,f9-0cd8cd2dd857,FORMAL_10K,HELDOUT_TRIPLE_AUDIT,STRICT_LUMPED,f12d43eace12231077007dc497fee8dad00fbe58cb2f1fe2c6159c47636b97a0,all_candidates,strict_valid,emx_minus_frozen_proxy,Qmin,dimensionless,19,0.1041216249930609,0.123829713921458,0.02862933542003999,0.07452240786619413,0.20686739500347356,0.23416107742002834,PROVISIONAL_SMALL_REQUEST_N,2,0.09276620702408289,0.11238011078868126,0.10522450544010047,0.1357687173055114,0.01714836970446918,0.04441566327894986,0.07267894932248176,0.0758650095646578,0.17191008244028883,0.23319769037509985,0.200284821160567,0.24234986730192068,220,19,19,0,0,1,2,0,198,13,19,19,22,,0.5909090909090909,0.05909090909090909,0.6842105263157895,NOT_ESTIMABLE,,,PROVISIONAL_SMALL_REQUEST_N,0.5454545454545454,0.6363636363636364,PROVISIONAL_SMALL_REQUEST_N,0.6363636363636364,0.75,NOT_PRIMARY; use physical units and frozen spans
9,f9-0cd8cd2dd857,FORMAL_10K,HELDOUT_TRIPLE_AUDIT,STRICT_LUMPED,f12d43eace12231077007dc497fee8dad00fbe58cb2f1fe2c6159c47636b97a0,all_candidates,strict_valid,emx_minus_frozen_proxy,K_abs,dimensionless,19,0.004662772013990011,0.005823533129199381,-0.002987275938372723,0.0037111437874658426,0.00914488895054377,0.010543843683505957,PROVISIONAL_SMALL_REQUEST_N,2,0.0027470387654865047,0.007296905230682334,0.003748556613033265,0.007824550949882861,-0.007296905230682334,0.0001469999105797214,0.001907856757638049,0.00761328420248511,0.006744635155830181,0.010996279128567155,0.00848461029695492,0.011561823434893648,220,19,19,0,0,1,2,0,198,13,19,19,22,,0.5909090909090909,0.05909090909090909,0.6842105263157895,NOT_ESTIMABLE,,,PROVISIONAL_SMALL_REQUEST_N,0.5454545454545454,0.6363636363636364,PROVISIONAL_SMALL_REQUEST_N,0.6363636363636364,0.75,NOT_PRIMARY; use physical units and frozen spans
9,f9-0cd8cd2dd857,FORMAL_10K,HELDOUT_TRIPLE_AUDIT,STRICT_LUMPED,f12d43eace12231077007dc497fee8dad00fbe58cb2f1fe2c6159c47636b97a0,all_candidates,all_finite_diagnostic,emx_minus_target,Lp_nH,nH,19,0.019373757442751962,0.028835738773360327,0.008995039986088351,0.006512598318908047,0.051795277519442656,0.0601930755630893,PROVISIONAL_SMALL_REQUEST_N,2,0.008678205735846128,0.02715234050231984,0.014317225266327284,0.035876851573238396,-0.006729252121922963,0.02043088879191476,0.005663775212957356,0.015520777374835815,0.023021388503173146,0.059989480970100706,0.03820184239160529,0.06192362960349239,220,19,19,0,0,1,2,0,198,13,19,19,22,,0.5909090909090909,0.05909090909090909,0.6842105263157895,NOT_ESTIMABLE,,,PROVISIONAL_SMALL_REQUEST_N,0.5454545454545454,0.6363636363636364,PROVISIONAL_SMALL_REQUEST_N,0.6363636363636364,0.75,NOT_PRIMARY; use physical units and frozen spans
9,f9-0cd8cd2dd857,FORMAL_10K,HELDOUT_TRIPLE_AUDIT,STRICT_LUMPED,f12d43eace12231077007dc497fee8dad00fbe58cb2f1fe2c6159c47636b97a0,all_candidates,all_finite_diagnostic,emx_minus_target,Ls_nH,nH,19,0.11260927095406428,0.1959218991691832,0.10343597816720065,0.015840988337679218,0.4070676029994855,0.4343718029761618,PROVISIONAL_SMALL_REQUEST_N,2,0.09027241861191027,0.12885425447563084,0.1669764971608768,0.2145340015590243,0.07902582783055007,0.12118881477567381,0.013347936697053031,0.015840988337679218,0.3084177649920914,0.4070676029994855,0.4281382390861155,0.48604018128614246,220,19,19,0,0,1,2,0,198,13,19,19,22,,0.5909090909090909,0.05909090909090909,0.6842105263157895,NOT_ESTIMABLE,,,PROVISIONAL_SMALL_REQUEST_N,0.5454545454545454,0.6363636363636364,PROVISIONAL_SMALL_REQUEST_N,0.6363636363636364,0.75,NOT_PRIMARY; use physical units and frozen spans
9,f9-0cd8cd2dd857,FORMAL_10K,HELDOUT_TRIPLE_AUDIT,STRICT_LUMPED,f12d43eace12231077007dc497fee8dad00fbe58cb2f1fe2c6159c47636b97a0,all_candidates,all_finite_diagnostic,emx_minus_target,Qmin,dimensionless,19,0.9966245809544253,1.7900175175472979,-0.9157130770266345,0.22713456786466857,3.6117000122215654,4.244468826643875,PROVISIONAL_SMALL_REQUEST_N,2,0.7435741729521483,1.1806612413197177,1.5165254538461281,1.9651577760413121,-1.1053157235905415,-0.6550094380012625,0.15068162071432045,0.388203931361657,2.5499853871936553,3.6117000122215654,4.161581679630759,4.9146419720423005,220,19,19,0,0,1,2,0,198,13,19,19,22,,0.5909090909090909,0.05909090909090909,0.6842105263157895,NOT_ESTIMABLE,,,PROVISIONAL_SMALL_REQUEST_N,0.5454545454545454,0.6363636363636364,PROVISIONAL_SMALL_REQUEST_N,0.6363636363636364,0.75,NOT_PRIMARY; use physical units and frozen spans
9,f9-0cd8cd2dd857,FORMAL_10K,HELDOUT_TRIPLE_AUDIT,STRICT_LUMPED,f12d43eace12231077007dc497fee8dad00fbe58cb2f1fe2c6159c47636b97a0,all_candidates,all_finite_diagnostic,emx_minus_target,K_abs,dimensionless,19,0.03725534261644701,0.060881981253000254,-0.036252698581090266,0.011234379097029679,0.10071447681047827,0.11927627473076448,PROVISIONAL_SMALL_REQUEST_N,2,0.032579889753713974,0.04368409030270493,0.051709848993954914,0.0716001954185261,-0.04368409030270493,-0.030848050056279594,0.007836893209369145,0.011972240431401826,0.09771469685907866,0.13203206997410558,0.11196365162822686,0.1783403777629552,220,19,19,0,0,1,2,0,198,13,19,19,22,,0.5909090909090909,0.05909090909090909,0.6842105263157895,NOT_ESTIMABLE,,,PROVISIONAL_SMALL_REQUEST_N,0.5454545454545454,0.6363636363636364,PROVISIONAL_SMALL_REQUEST_N,0.6363636363636364,0.75,NOT_PRIMARY; use physical units and frozen spans
9,f9-0cd8cd2dd857,FORMAL_10K,HELDOUT_TRIPLE_AUDIT,STRICT_LUMPED,f12d43eace12231077007dc497fee8dad00fbe58cb2f1fe2c6159c47636b97a0,all_candidates,all_finite_diagnostic,emx_minus_frozen_proxy,Lp_nH,nH,19,0.006063065357242507,0.0077829281627820705,0.0033038025981263893,0.004798323318775388,0.012440812208508723,0.012789512100539973,PROVISIONAL_SMALL_REQUEST_N,2,0.004551620221223213,0.007162298183438357,0.005849823728909156,0.008929735533491105,0.0006483880038658241,0.0052350132121340735,0.0039696483946837224,0.006383931932623987,0.009878411658748032,0.01254089719626772,0.012312781844062037,0.014902738786854185,220,19,19,0,0,1,2,0,198,13,19,19,22,,0.5909090909090909,0.05909090909090909,0.6842105263157895,NOT_ESTIMABLE,,,PROVISIONAL_SMALL_REQUEST_N,0.5454545454545454,0.6363636363636364,PROVISIONAL_SMALL_REQUEST_N,0.6363636363636364,0.75,NOT_PRIMARY; use physical units and frozen spans
9,f9-0cd8cd2dd857,FORMAL_10K,HELDOUT_TRIPLE_AUDIT,STRICT_LUMPED,f12d43eace12231077007dc497fee8dad00fbe58cb2f1fe2c6159c47636b97a0,all_candidates,all_finite_diagnostic,emx_minus_frozen_proxy,Ls_nH,nH,19,0.009693089056629783,0.010964841719434584,-0.003536721169631148,0.008916515756303145,0.016668234858011163,0.020021381937250067,PROVISIONAL_SMALL_REQUEST_N,2,0.008379925869738014,0.010648116828914705,0.00942876831555379,0.011958693867284405,-0.007232521446682572,-0.0008488664226846586,0.008916515756303145,0.00900378812408964,0.013856644913456506,0.019797758754270367,0.015885853883946366,0.021922178992577555,220,19,19,0,0,1,2,0,198,13,19,19,22,,0.5909090909090909,0.05909090909090909,0.6842105263157895,NOT_ESTIMABLE,,,PROVISIONAL_SMALL_REQUEST_N,0.5454545454545454,0.6363636363636364,PROVISIONAL_SMALL_REQUEST_N,0.6363636363636364,0.75,NOT_PRIMARY; use physical units and frozen spans
9,f9-0cd8cd2dd857,FORMAL_10K,HELDOUT_TRIPLE_AUDIT,STRICT_LUMPED,f12d43eace12231077007dc497fee8dad00fbe58cb2f1fe2c6159c47636b97a0,all_candidates,all_finite_diagnostic,emx_minus_frozen_proxy,Qmin,dimensionless,19,0.1041216249930609,0.123829713921458,0.02862933542003999,0.07452240786619413,0.20686739500347356,0.23416107742002834,PROVISIONAL_SMALL_REQUEST_N,2,0.09276620702408289,0.11238011078868126,0.10522450544010047,0.1357687173055114,0.01714836970446918,0.04441566327894986,0.07267894932248176,0.0758650095646578,0.17191008244028883,0.23319769037509985,0.200284821160567,0.24234986730192068,220,19,19,0,0,1,2,0,198,13,19,19,22,,0.5909090909090909,0.05909090909090909,0.6842105263157895,NOT_ESTIMABLE,,,PROVISIONAL_SMALL_REQUEST_N,0.5454545454545454,0.6363636363636364,PROVISIONAL_SMALL_REQUEST_N,0.6363636363636364,0.75,NOT_PRIMARY; use physical units and frozen spans
9,f9-0cd8cd2dd857,FORMAL_10K,HELDOUT_TRIPLE_AUDIT,STRICT_LUMPED,f12d43eace12231077007dc497fee8dad00fbe58cb2f1fe2c6159c47636b97a0,all_candidates,all_finite_diagnostic,emx_minus_frozen_proxy,K_abs,dimensionless,19,0.004662772013990011,0.005823533129199381,-0.002987275938372723,0.0037111437874658426,0.00914488895054377,0.010543843683505957,PROVISIONAL_SMALL_REQUEST_N,2,0.0027470387654865047,0.007296905230682334,0.003748556613033265,0.007824550949882861,-0.007296905230682334,0.0001469999105797214,0.001907856757638049,0.00761328420248511,0.006744635155830181,0.010996279128567155,0.00848461029695492,0.011561823434893648,220,19,19,0,0,1,2,0,198,13,19,19,22,,0.5909090909090909,0.05909090909090909,0.6842105263157895,NOT_ESTIMABLE,,,PROVISIONAL_SMALL_REQUEST_N,0.5454545454545454,0.6363636363636364,PROVISIONAL_SMALL_REQUEST_N,0.6363636363636364,0.75,NOT_PRIMARY; use physical units and frozen spans
9,f9-0cd8cd2dd857,FORMAL_10K,HELDOUT_TRIPLE_AUDIT,STRICT_LUMPED,f12d43eace12231077007dc497fee8dad00fbe58cb2f1fe2c6159c47636b97a0,selected_q_proxy,strict_valid,emx_minus_target,Lp_nH,nH,2,0.003965620805112313,0.004538338157633919,-0.0022068903151485353,0.003965620805112313,0.005731133057231142,0.005951822088745995,PROVISIONAL_SMALL_REQUEST_N,2,0.001758730489963778,0.0061725111202608485,0.001758730489963778,0.0061725111202608485,-0.0061725111202608485,0.001758730489963778,0.001758730489963778,0.0061725111202608485,0.001758730489963778,0.0061725111202608485,0.001758730489963778,0.0061725111202608485,20,2,2,0,0,0,0,0,18,2,2,2,2,,1.0,0.1,1.0,NOT_ESTIMABLE,,,PROVISIONAL_SMALL_REQUEST_N,1.0,1.0,PROVISIONAL_SMALL_REQUEST_N,1.0,1.0,NOT_PRIMARY; use physical units and frozen spans
9,f9-0cd8cd2dd857,FORMAL_10K,HELDOUT_TRIPLE_AUDIT,STRICT_LUMPED,f12d43eace12231077007dc497fee8dad00fbe58cb2f1fe2c6159c47636b97a0,selected_q_proxy,strict_valid,emx_minus_target,Ls_nH,nH,2,0.011343413546402226,0.012626038111181268,-0.011343413546402226,0.011343413546402226,0.01577918143935968,0.01633365242597936,PROVISIONAL_SMALL_REQUEST_N,2,0.005798703680205408,0.016888123412599043,0.005798703680205408,0.016888123412599043,-0.016888123412599043,-0.005798703680205408,0.005798703680205408,0.016888123412599043,0.005798703680205408,0.016888123412599043,0.005798703680205408,0.016888123412599043,20,2,2,0,0,0,0,0,18,2,2,2,2,,1.0,0.1,1.0,NOT_ESTIMABLE,,,PROVISIONAL_SMALL_REQUEST_N,1.0,1.0,PROVISIONAL_SMALL_REQUEST_N,1.0,1.0,NOT_PRIMARY; use physical units and frozen spans
9,f9-0cd8cd2dd857,FORMAL_10K,HELDOUT_TRIPLE_AUDIT,STRICT_LUMPED,f12d43eace12231077007dc497fee8dad00fbe58cb2f1fe2c6159c47636b97a0,selected_q_proxy,strict_valid,emx_minus_target,Qmin,dimensionless,2,0.05565038348074225,0.0586695665909534,-0.018578290083230087,0.05565038348074225,0.07051301554732632,0.07237084455564932,PROVISIONAL_SMALL_REQUEST_N,2,0.03707209339751216,0.07422867356397234,0.03707209339751216,0.07422867356397234,-0.07422867356397234,0.03707209339751216,0.03707209339751216,0.07422867356397234,0.03707209339751216,0.07422867356397234,0.03707209339751216,0.07422867356397234,20,2,2,0,0,0,0,0,18,2,2,2,2,,1.0,0.1,1.0,NOT_ESTIMABLE,,,PROVISIONAL_SMALL_REQUEST_N,1.0,1.0,PROVISIONAL_SMALL_REQUEST_N,1.0,1.0,NOT_PRIMARY; use physical units and frozen spans
9,f9-0cd8cd2dd857,FORMAL_10K,HELDOUT_TRIPLE_AUDIT,STRICT_LUMPED,f12d43eace12231077007dc497fee8dad00fbe58cb2f1fe2c6159c47636b97a0,selected_q_proxy,strict_valid,emx_minus_target,K_abs,dimensionless,2,0.006984043220246844,0.008175708823566505,-0.006984043220246844,0.006984043220246844,0.010384311921673113,0.010809345509351394,PROVISIONAL_SMALL_REQUEST_N,2,0.002733707343464009,0.011234379097029679,0.002733707343464009,0.011234379097029679,-0.011234379097029679,-0.002733707343464009,0.002733707343464009,0.011234379097029679,0.002733707343464009,0.011234379097029679,0.002733707343464009,0.011234379097029679,20,2,2,0,0,0,0,0,18,2,2,2,2,,1.0,0.1,1.0,NOT_ESTIMABLE,,,PROVISIONAL_SMALL_REQUEST_N,1.0,1.0,PROVISIONAL_SMALL_REQUEST_N,1.0,1.0,NOT_PRIMARY; use physical units and frozen spans
9,f9-0cd8cd2dd857,FORMAL_10K,HELDOUT_TRIPLE_AUDIT,STRICT_LUMPED,f12d43eace12231077007dc497fee8dad00fbe58cb2f1fe2c6159c47636b97a0,selected_q_proxy,strict_valid,emx_minus_frozen_proxy,Lp_nH,nH,2,0.0018077437240512362,0.0022462054511793736,-0.0013332297465408205,0.0018077437240512362,0.0028743275212838927,0.0030076504959379744,PROVISIONAL_SMALL_REQUEST_N,2,0.0004745139775104157,0.0031409734705920567,0.0004745139775104157,0.0031409734705920567,-0.0031409734705920567,0.0004745139775104157,0.0004745139775104157,0.0031409734705920567,0.0004745139775104157,0.0031409734705920567,0.0004745139775104157,0.0031409734705920567,20,2,2,0,0,0,0,0,18,2,2,2,2,,1.0,0.1,1.0,NOT_ESTIMABLE,,,PROVISIONAL_SMALL_REQUEST_N,1.0,1.0,PROVISIONAL_SMALL_REQUEST_N,1.0,1.0,NOT_PRIMARY; use physical units and frozen spans
9,f9-0cd8cd2dd857,FORMAL_10K,HELDOUT_TRIPLE_AUDIT,STRICT_LUMPED,f12d43eace12231077007dc497fee8dad00fbe58cb2f1fe2c6159c47636b97a0,selected_q_proxy,strict_valid,emx_minus_frozen_proxy,Ls_nH,nH,2,0.010724654200251205,0.01190194059344697,-0.010724654200251205,0.010724654200251205,0.014853613947207333,0.015369733915576849,PROVISIONAL_SMALL_REQUEST_N,2,0.005563454516556043,0.015885853883946366,0.005563454516556043,0.015885853883946366,-0.015885853883946366,-0.005563454516556043,0.005563454516556043,0.015885853883946366,0.005563454516556043,0.015885853883946366,0.005563454516556043,0.015885853883946366,20,2,2,0,0,0,0,0,18,2,2,2,2,,1.0,0.1,1.0,NOT_ESTIMABLE,,,PROVISIONAL_SMALL_REQUEST_N,1.0,1.0,PROVISIONAL_SMALL_REQUEST_N,1.0,1.0,NOT_PRIMARY; use physical units and frozen spans
9,f9-0cd8cd2dd857,FORMAL_10K,HELDOUT_TRIPLE_AUDIT,STRICT_LUMPED,f12d43eace12231077007dc497fee8dad00fbe58cb2f1fe2c6159c47636b97a0,selected_q_proxy,strict_valid,emx_minus_frozen_proxy,Qmin,dimensionless,2,0.045846611508086,0.046961619140634216,-0.0101726046584254,0.045846611508086,0.053984695234826324,0.05500195570066886,PROVISIONAL_SMALL_REQUEST_N,2,0.0356740068496606,0.0560192161665114,0.0356740068496606,0.0560192161665114,-0.0560192161665114,0.0356740068496606,0.0356740068496606,0.0560192161665114,0.0356740068496606,0.0560192161665114,0.0356740068496606,0.0560192161665114,20,2,2,0,0,0,0,0,18,2,2,2,2,,1.0,0.1,1.0,NOT_ESTIMABLE,,,PROVISIONAL_SMALL_REQUEST_N,1.0,1.0,PROVISIONAL_SMALL_REQUEST_N,1.0,1.0,NOT_PRIMARY; use physical units and frozen spans
9,f9-0cd8cd2dd857,FORMAL_10K,HELDOUT_TRIPLE_AUDIT,STRICT_LUMPED,f12d43eace12231077007dc497fee8dad00fbe58cb2f1fe2c6159c47636b97a0,selected_q_proxy,strict_valid,emx_minus_frozen_proxy,K_abs,dimensionless,2,0.006306942773396801,0.007535462030228138,-0.006306942773396801,0.006306942773396801,0.009605976412471889,0.010018355617356275,PROVISIONAL_SMALL_REQUEST_N,2,0.0021831507245529402,0.010430734822240662,0.0021831507245529402,0.010430734822240662,-0.010430734822240662,-0.0021831507245529402,0.0021831507245529402,0.010430734822240662,0.0021831507245529402,0.010430734822240662,0.0021831507245529402,0.010430734822240662,20,2,2,0,0,0,0,0,18,2,2,2,2,,1.0,0.1,1.0,NOT_ESTIMABLE,,,PROVISIONAL_SMALL_REQUEST_N,1.0,1.0,PROVISIONAL_SMALL_REQUEST_N,1.0,1.0,NOT_PRIMARY; use physical units and frozen spans
9,f9-0cd8cd2dd857,FORMAL_10K,HELDOUT_TRIPLE_AUDIT,STRICT_LUMPED,f12d43eace12231077007dc497fee8dad00fbe58cb2f1fe2c6159c47636b97a0,selected_q_proxy,all_finite_diagnostic,emx_minus_target,Lp_nH,nH,2,0.003965620805112313,0.004538338157633919,-0.0022068903151485353,0.003965620805112313,0.005731133057231142,0.005951822088745995,PROVISIONAL_SMALL_REQUEST_N,2,0.001758730489963778,0.0061725111202608485,0.001758730489963778,0.0061725111202608485,-0.0061725111202608485,0.001758730489963778,0.001758730489963778,0.0061725111202608485,0.001758730489963778,0.0061725111202608485,0.001758730489963778,0.0061725111202608485,20,2,2,0,0,0,0,0,18,2,2,2,2,,1.0,0.1,1.0,NOT_ESTIMABLE,,,PROVISIONAL_SMALL_REQUEST_N,1.0,1.0,PROVISIONAL_SMALL_REQUEST_N,1.0,1.0,NOT_PRIMARY; use physical units and frozen spans
9,f9-0cd8cd2dd857,FORMAL_10K,HELDOUT_TRIPLE_AUDIT,STRICT_LUMPED,f12d43eace12231077007dc497fee8dad00fbe58cb2f1fe2c6159c47636b97a0,selected_q_proxy,all_finite_diagnostic,emx_minus_target,Ls_nH,nH,2,0.011343413546402226,0.012626038111181268,-0.011343413546402226,0.011343413546402226,0.01577918143935968,0.01633365242597936,PROVISIONAL_SMALL_REQUEST_N,2,0.005798703680205408,0.016888123412599043,0.005798703680205408,0.016888123412599043,-0.016888123412599043,-0.005798703680205408,0.005798703680205408,0.016888123412599043,0.005798703680205408,0.016888123412599043,0.005798703680205408,0.016888123412599043,20,2,2,0,0,0,0,0,18,2,2,2,2,,1.0,0.1,1.0,NOT_ESTIMABLE,,,PROVISIONAL_SMALL_REQUEST_N,1.0,1.0,PROVISIONAL_SMALL_REQUEST_N,1.0,1.0,NOT_PRIMARY; use physical units and frozen spans
9,f9-0cd8cd2dd857,FORMAL_10K,HELDOUT_TRIPLE_AUDIT,STRICT_LUMPED,f12d43eace12231077007dc497fee8dad00fbe58cb2f1fe2c6159c47636b97a0,selected_q_proxy,all_finite_diagnostic,emx_minus_target,Qmin,dimensionless,2,0.05565038348074225,0.0586695665909534,-0.018578290083230087,0.05565038348074225,0.07051301554732632,0.07237084455564932,PROVISIONAL_SMALL_REQUEST_N,2,0.03707209339751216,0.07422867356397234,0.03707209339751216,0.07422867356397234,-0.07422867356397234,0.03707209339751216,0.03707209339751216,0.07422867356397234,0.03707209339751216,0.07422867356397234,0.03707209339751216,0.07422867356397234,20,2,2,0,0,0,0,0,18,2,2,2,2,,1.0,0.1,1.0,NOT_ESTIMABLE,,,PROVISIONAL_SMALL_REQUEST_N,1.0,1.0,PROVISIONAL_SMALL_REQUEST_N,1.0,1.0,NOT_PRIMARY; use physical units and frozen spans
9,f9-0cd8cd2dd857,FORMAL_10K,HELDOUT_TRIPLE_AUDIT,STRICT_LUMPED,f12d43eace12231077007dc497fee8dad00fbe58cb2f1fe2c6159c47636b97a0,selected_q_proxy,all_finite_diagnostic,emx_minus_target,K_abs,dimensionless,2,0.006984043220246844,0.008175708823566505,-0.006984043220246844,0.006984043220246844,0.010384311921673113,0.010809345509351394,PROVISIONAL_SMALL_REQUEST_N,2,0.002733707343464009,0.011234379097029679,0.002733707343464009,0.011234379097029679,-0.011234379097029679,-0.002733707343464009,0.002733707343464009,0.011234379097029679,0.002733707343464009,0.011234379097029679,0.002733707343464009,0.011234379097029679,20,2,2,0,0,0,0,0,18,2,2,2,2,,1.0,0.1,1.0,NOT_ESTIMABLE,,,PROVISIONAL_SMALL_REQUEST_N,1.0,1.0,PROVISIONAL_SMALL_REQUEST_N,1.0,1.0,NOT_PRIMARY; use physical units and frozen spans
9,f9-0cd8cd2dd857,FORMAL_10K,HELDOUT_TRIPLE_AUDIT,STRICT_LUMPED,f12d43eace12231077007dc497fee8dad00fbe58cb2f1fe2c6159c47636b97a0,selected_q_proxy,all_finite_diagnostic,emx_minus_frozen_proxy,Lp_nH,nH,2,0.0018077437240512362,0.0022462054511793736,-0.0013332297465408205,0.0018077437240512362,0.0028743275212838927,0.0030076504959379744,PROVISIONAL_SMALL_REQUEST_N,2,0.0004745139775104157,0.0031409734705920567,0.0004745139775104157,0.0031409734705920567,-0.0031409734705920567,0.0004745139775104157,0.0004745139775104157,0.0031409734705920567,0.0004745139775104157,0.0031409734705920567,0.0004745139775104157,0.0031409734705920567,20,2,2,0,0,0,0,0,18,2,2,2,2,,1.0,0.1,1.0,NOT_ESTIMABLE,,,PROVISIONAL_SMALL_REQUEST_N,1.0,1.0,PROVISIONAL_SMALL_REQUEST_N,1.0,1.0,NOT_PRIMARY; use physical units and frozen spans
9,f9-0cd8cd2dd857,FORMAL_10K,HELDOUT_TRIPLE_AUDIT,STRICT_LUMPED,f12d43eace12231077007dc497fee8dad00fbe58cb2f1fe2c6159c47636b97a0,selected_q_proxy,all_finite_diagnostic,emx_minus_frozen_proxy,Ls_nH,nH,2,0.010724654200251205,0.01190194059344697,-0.010724654200251205,0.010724654200251205,0.014853613947207333,0.015369733915576849,PROVISIONAL_SMALL_REQUEST_N,2,0.005563454516556043,0.015885853883946366,0.005563454516556043,0.015885853883946366,-0.015885853883946366,-0.005563454516556043,0.005563454516556043,0.015885853883946366,0.005563454516556043,0.015885853883946366,0.005563454516556043,0.015885853883946366,20,2,2,0,0,0,0,0,18,2,2,2,2,,1.0,0.1,1.0,NOT_ESTIMABLE,,,PROVISIONAL_SMALL_REQUEST_N,1.0,1.0,PROVISIONAL_SMALL_REQUEST_N,1.0,1.0,NOT_PRIMARY; use physical units and frozen spans
9,f9-0cd8cd2dd857,FORMAL_10K,HELDOUT_TRIPLE_AUDIT,STRICT_LUMPED,f12d43eace12231077007dc497fee8dad00fbe58cb2f1fe2c6159c47636b97a0,selected_q_proxy,all_finite_diagnostic,emx_minus_frozen_proxy,Qmin,dimensionless,2,0.045846611508086,0.046961619140634216,-0.0101726046584254,0.045846611508086,0.053984695234826324,0.05500195570066886,PROVISIONAL_SMALL_REQUEST_N,2,0.0356740068496606,0.0560192161665114,0.0356740068496606,0.0560192161665114,-0.0560192161665114,0.0356740068496606,0.0356740068496606,0.0560192161665114,0.0356740068496606,0.0560192161665114,0.0356740068496606,0.0560192161665114,20,2,2,0,0,0,0,0,18,2,2,2,2,,1.0,0.1,1.0,NOT_ESTIMABLE,,,PROVISIONAL_SMALL_REQUEST_N,1.0,1.0,PROVISIONAL_SMALL_REQUEST_N,1.0,1.0,NOT_PRIMARY; use physical units and frozen spans
9,f9-0cd8cd2dd857,FORMAL_10K,HELDOUT_TRIPLE_AUDIT,STRICT_LUMPED,f12d43eace12231077007dc497fee8dad00fbe58cb2f1fe2c6159c47636b97a0,selected_q_proxy,all_finite_diagnostic,emx_minus_frozen_proxy,K_abs,dimensionless,2,0.006306942773396801,0.007535462030228138,-0.006306942773396801,0.006306942773396801,0.009605976412471889,0.010018355617356275,PROVISIONAL_SMALL_REQUEST_N,2,0.0021831507245529402,0.010430734822240662,0.0021831507245529402,0.010430734822240662,-0.010430734822240662,-0.0021831507245529402,0.0021831507245529402,0.010430734822240662,0.0021831507245529402,0.010430734822240662,0.0021831507245529402,0.010430734822240662,20,2,2,0,0,0,0,0,18,2,2,2,2,,1.0,0.1,1.0,NOT_ESTIMABLE,,,PROVISIONAL_SMALL_REQUEST_N,1.0,1.0,PROVISIONAL_SMALL_REQUEST_N,1.0,1.0,NOT_PRIMARY; use physical units and frozen spans
11,f11-07165966aa39,FORMAL_10K,HELDOUT_TRIPLE_AUDIT,STRICT_LUMPED,f12d43eace12231077007dc497fee8dad00fbe58cb2f1fe2c6159c47636b97a0,all_candidates,strict_valid,emx_minus_target,Lp_nH,nH,17,0.08867264435385769,0.13653021247374544,-0.08166319991074499,0.03067856123397461,0.23178763314614517,0.25987693147295193,PROVISIONAL_SMALL_REQUEST_N,2,0.05436007048088887,0.1272742899609476,0.09355463946633549,0.17252400069159188,-0.11610528528367411,-0.05104801291258575,0.015296279190285533,0.09773796661962819,0.17866926579199638,0.2868153867522798,0.22503408105241962,0.3317128122178261,220,18,17,1,0,4,0,0,198,9,18,18,22,,0.4090909090909091,0.04090909090909091,0.5294117647058824,NOT_ESTIMABLE,,,PROVISIONAL_SMALL_REQUEST_N,0.2727272727272727,0.5454545454545454,PROVISIONAL_SMALL_REQUEST_N,0.375,0.6666666666666666,NOT_PRIMARY; use physical units and frozen spans
11,f11-07165966aa39,FORMAL_10K,HELDOUT_TRIPLE_AUDIT,STRICT_LUMPED,f12d43eace12231077007dc497fee8dad00fbe58cb2f1fe2c6159c47636b97a0,all_candidates,strict_valid,emx_minus_target,Ls_nH,nH,17,0.04573050230750876,0.06726453520625071,0.04216752795293444,0.032880767647487597,0.09008947784299637,0.11872590890216313,PROVISIONAL_SMALL_REQUEST_N,2,0.042612372302886885,0.04923839856270837,0.056876053980111946,0.07530509552622963,0.04055725505456293,0.043979084963602394,0.0063997997774472015,0.05208457080130213,0.08241451879076611,0.12756120531134435,0.08277891901579326,0.18940828017561184,220,18,17,1,0,4,0,0,198,9,18,18,22,,0.4090909090909091,0.04090909090909091,0.5294117647058824,NOT_ESTIMABLE,,,PROVISIONAL_SMALL_REQUEST_N,0.2727272727272727,0.5454545454545454,PROVISIONAL_SMALL_REQUEST_N,0.375,0.6666666666666666,NOT_PRIMARY; use physical units and frozen spans
11,f11-07165966aa39,FORMAL_10K,HELDOUT_TRIPLE_AUDIT,STRICT_LUMPED,f12d43eace12231077007dc497fee8dad00fbe58cb2f1fe2c6159c47636b97a0,all_candidates,strict_valid,emx_minus_target,Qmin,dimensionless,17,1.4630732075453157,2.4132557973965727,-1.4027246887030071,0.3442506438406969,4.024704964029558,5.080233606708894,PROVISIONAL_SMALL_REQUEST_N,2,0.7715147629521331,2.241076457712646,1.2670909605469451,3.2510572265353317,-2.241076457712646,-0.6575231162499949,0.3442506438406969,1.3206567694067273,1.8562803593336654,5.660854126566601,3.3492764248732207,6.628554992996111,220,18,17,1,0,4,0,0,198,9,18,18,22,,0.4090909090909091,0.04090909090909091,0.5294117647058824,NOT_ESTIMABLE,,,PROVISIONAL_SMALL_REQUEST_N,0.2727272727272727,0.5454545454545454,PROVISIONAL_SMALL_REQUEST_N,0.375,0.6666666666666666,NOT_PRIMARY; use physical units and frozen spans
11,f11-07165966aa39,FORMAL_10K,HELDOUT_TRIPLE_AUDIT,STRICT_LUMPED,f12d43eace12231077007dc497fee8dad00fbe58cb2f1fe2c6159c47636b97a0,all_candidates,strict_valid,emx_minus_target,K_abs,dimensionless,17,0.02153360202634033,0.03244533559766028,-0.0064015226349059375,0.0104846525160881,0.046834954620160615,0.056648901509779616,PROVISIONAL_SMALL_REQUEST_N,2,0.00904918722865585,0.03557856867373537,0.014484853516464492,0.04473197654114548,-0.007224038339356691,-0.005670397564283046,0.004889931750300169,0.0334909241281546,0.022477107380462963,0.07047278838155921,0.03800199833272311,0.09351259983452515,220,18,17,1,0,4,0,0,198,9,18,18,22,,0.4090909090909091,0.04090909090909091,0.5294117647058824,NOT_ESTIMABLE,,,PROVISIONAL_SMALL_REQUEST_N,0.2727272727272727,0.5454545454545454,PROVISIONAL_SMALL_REQUEST_N,0.375,0.6666666666666666,NOT_PRIMARY; use physical units and frozen spans
11,f11-07165966aa39,FORMAL_10K,HELDOUT_TRIPLE_AUDIT,STRICT_LUMPED,f12d43eace12231077007dc497fee8dad00fbe58cb2f1fe2c6159c47636b97a0,all_candidates,strict_valid,emx_minus_frozen_proxy,Lp_nH,nH,17,0.010088313249085134,0.012421867425945306,-0.0017231290356801775,0.009081710011421551,0.019940973329556577,0.022556990633551516,PROVISIONAL_SMALL_REQUEST_N,2,0.007430712806581585,0.013078113746901626,0.009048596420908396,0.015355184634251602,-0.002981867795234362,-0.0003070479311817198,0.007568760603824831,0.011080809669876901,0.013026423220048551,0.025193968321877036,0.019368951877260177,0.029588931135752894,220,18,17,1,0,4,0,0,198,9,18,18,22,,0.4090909090909091,0.04090909090909091,0.5294117647058824,NOT_ESTIMABLE,,,PROVISIONAL_SMALL_REQUEST_N,0.2727272727272727,0.5454545454545454,PROVISIONAL_SMALL_REQUEST_N,0.375,0.6666666666666666,NOT_PRIMARY; use physical units and frozen spans
11,f11-07165966aa39,FORMAL_10K,HELDOUT_TRIPLE_AUDIT,STRICT_LUMPED,f12d43eace12231077007dc497fee8dad00fbe58cb2f1fe2c6159c47636b97a0,all_candidates,strict_valid,emx_minus_frozen_proxy,Ls_nH,nH,17,0.011764817066286463,0.016525698919860728,0.00801982983765318,0.009447175930012097,0.02516695708800785,0.0351808617147618,PROVISIONAL_SMALL_REQUEST_N,2,0.004957389508232509,0.01942317306909716,0.007292099818675193,0.022814759048525902,0.0026091464119275295,0.014106848691594537,0.0034311377683300393,0.01778930483273089,0.01364551990004568,0.0376169677998377,0.016501758620819595,0.04167714460829752,220,18,17,1,0,4,0,0,198,9,18,18,22,,0.4090909090909091,0.04090909090909091,0.5294117647058824,NOT_ESTIMABLE,,,PROVISIONAL_SMALL_REQUEST_N,0.2727272727272727,0.5454545454545454,PROVISIONAL_SMALL_REQUEST_N,0.375,0.6666666666666666,NOT_PRIMARY; use physical units and frozen spans
11,f11-07165966aa39,FORMAL_10K,HELDOUT_TRIPLE_AUDIT,STRICT_LUMPED,f12d43eace12231077007dc497fee8dad00fbe58cb2f1fe2c6159c47636b97a0,all_candidates,strict_valid,emx_minus_frozen_proxy,Qmin,dimensionless,17,0.18885483291532346,0.23493847596314776,-0.07752157851300838,0.12130134995357267,0.3555193207496611,0.3973610838424739,PROVISIONAL_SMALL_REQUEST_N,2,0.13289648784496588,0.23859558408897463,0.1585990283583465,0.2861825899131102,-0.1290948273873287,-0.03167869062472365,0.10871692639840802,0.24641019234318406,0.27094855797532524,0.4153121776778606,0.2996968636952335,0.5409698345255656,220,18,17,1,0,4,0,0,198,9,18,18,22,,0.4090909090909091,0.04090909090909091,0.5294117647058824,NOT_ESTIMABLE,,,PROVISIONAL_SMALL_REQUEST_N,0.2727272727272727,0.5454545454545454,PROVISIONAL_SMALL_REQUEST_N,0.375,0.6666666666666666,NOT_PRIMARY; use physical units and frozen spans
11,f11-07165966aa39,FORMAL_10K,HELDOUT_TRIPLE_AUDIT,STRICT_LUMPED,f12d43eace12231077007dc497fee8dad00fbe58cb2f1fe2c6159c47636b97a0,all_candidates,strict_valid,emx_minus_frozen_proxy,K_abs,dimensionless,17,0.010529151830696219,0.01674834575140963,0.008580038923847304,0.005368531108563002,0.030480075471147,0.04049922893208526,PROVISIONAL_SMALL_REQUEST_N,2,0.004220562489158931,0.017626314839925668,0.005886812160424827,0.023602779061054992,0.0005389047762220933,0.017626314839925668,0.0021228167808981513,0.009444111030620095,0.009640419572271717,0.042359405202311656,0.012607239832245681,0.04545969898602231,220,18,17,1,0,4,0,0,198,9,18,18,22,,0.4090909090909091,0.04090909090909091,0.5294117647058824,NOT_ESTIMABLE,,,PROVISIONAL_SMALL_REQUEST_N,0.2727272727272727,0.5454545454545454,PROVISIONAL_SMALL_REQUEST_N,0.375,0.6666666666666666,NOT_PRIMARY; use physical units and frozen spans
11,f11-07165966aa39,FORMAL_10K,HELDOUT_TRIPLE_AUDIT,STRICT_LUMPED,f12d43eace12231077007dc497fee8dad00fbe58cb2f1fe2c6159c47636b97a0,all_candidates,all_finite_diagnostic,emx_minus_target,Lp_nH,nH,18,0.087278994771164,0.13352731348880403,-0.08065896390822422,0.0318139892339252,0.2300992451227138,0.2553871889263972,PROVISIONAL_SMALL_REQUEST_N,2,0.05436007048088887,0.12019791906143913,0.09355463946633549,0.16403236366460944,-0.11026991490386269,-0.05104801291258575,0.015296279190285533,0.06358695186537133,0.17866926579199638,0.26885641656606135,0.22503408105241962,0.3317128122178261,220,18,17,1,0,4,0,0,198,9,18,18,22,,0.4090909090909091,0.04090909090909091,0.5294117647058824,NOT_ESTIMABLE,,,PROVISIONAL_SMALL_REQUEST_N,0.2727272727272727,0.5454545454545454,PROVISIONAL_SMALL_REQUEST_N,0.375,0.6666666666666666,NOT_PRIMARY; use physical units and frozen spans
11,f11-07165966aa39,FORMAL_10K,HELDOUT_TRIPLE_AUDIT,STRICT_LUMPED,f12d43eace12231077007dc497fee8dad00fbe58cb2f1fe2c6159c47636b97a0,all_candidates,all_finite_diagnostic,emx_minus_target,Ls_nH,nH,18,0.04681347770573222,0.06715280203270564,0.04344844637085648,0.03622169520744278,0.0882618381361956,0.11430826069757252,PROVISIONAL_SMALL_REQUEST_N,2,0.042612372302886885,0.051014583108577566,0.05786311631318298,0.07530509552622963,0.04055725505456293,0.04633963768715003,0.0063997997774472015,0.0646065188352063,0.08226875870075526,0.12756120531134435,0.08277891901579326,0.18940828017561184,220,18,17,1,0,4,0,0,198,9,18,18,22,,0.4090909090909091,0.04090909090909091,0.5294117647058824,NOT_ESTIMABLE,,,PROVISIONAL_SMALL_REQUEST_N,0.2727272727272727,0.5454545454545454,PROVISIONAL_SMALL_REQUEST_N,0.375,0.6666666666666666,NOT_PRIMARY; use physical units and frozen spans
11,f11-07165966aa39,FORMAL_10K,HELDOUT_TRIPLE_AUDIT,STRICT_LUMPED,f12d43eace12231077007dc497fee8dad00fbe58cb2f1fe2c6159c47636b97a0,all_candidates,all_finite_diagnostic,emx_minus_target,Qmin,dimensionless,18,1.4673124525622914,2.37316420102189,-1.4103166292112224,0.36236055799870126,3.9132969146783037,4.983463520065941,PROVISIONAL_SMALL_REQUEST_N,2,0.7715147629521331,2.16311014217245,1.2670909605469451,3.1077800996408915,-2.16311014217245,-0.6575231162499949,0.3442506438406969,1.53937961785088,1.8562803593336654,5.273773779994799,3.3492764248732207,6.628554992996111,220,18,17,1,0,4,0,0,198,9,18,18,22,,0.4090909090909091,0.04090909090909091,0.5294117647058824,NOT_ESTIMABLE,,,PROVISIONAL_SMALL_REQUEST_N,0.2727272727272727,0.5454545454545454,PROVISIONAL_SMALL_REQUEST_N,0.375,0.6666666666666666,NOT_PRIMARY; use physical units and frozen spans
11,f11-07165966aa39,FORMAL_10K,HELDOUT_TRIPLE_AUDIT,STRICT_LUMPED,f12d43eace12231077007dc497fee8dad00fbe58cb2f1fe2c6159c47636b97a0,all_candidates,all_finite_diagnostic,emx_minus_target,K_abs,dimensionless,18,0.02254389844277993,0.03289164925483727,-0.0038392748483971,0.013154117601362633,0.046735284235421844,0.05434492036448299,PROVISIONAL_SMALL_REQUEST_N,2,0.00904918722865585,0.03603860965690401,0.014484853516464492,0.04420305645555566,-0.005670397564283046,-0.002008152132511154,0.004889931750300169,0.03693630020456484,0.022477107380462963,0.06125686380037287,0.03800199833272311,0.09351259983452515,220,18,17,1,0,4,0,0,198,9,18,18,22,,0.4090909090909091,0.04090909090909091,0.5294117647058824,NOT_ESTIMABLE,,,PROVISIONAL_SMALL_REQUEST_N,0.2727272727272727,0.5454545454545454,PROVISIONAL_SMALL_REQUEST_N,0.375,0.6666666666666666,NOT_PRIMARY; use physical units and frozen spans
11,f11-07165966aa39,FORMAL_10K,HELDOUT_TRIPLE_AUDIT,STRICT_LUMPED,f12d43eace12231077007dc497fee8dad00fbe58cb2f1fe2c6159c47636b97a0,all_candidates,all_finite_diagnostic,emx_minus_frozen_proxy,Lp_nH,nH,18,0.010055667135449475,0.012277826484375825,-0.0010995839112733189,0.009291196607532415,0.019797967966482477,0.022117494352163924,PROVISIONAL_SMALL_REQUEST_N,2,0.007430712806581585,0.012680621464317365,0.009048596420908396,0.014819343749721329,-0.002981867795234362,0.0007826999726877245,0.007568760603824831,0.011037758010931764,0.013026423220048551,0.0234359831963267,0.019368951877260177,0.029588931135752894,220,18,17,1,0,4,0,0,198,9,18,18,22,,0.4090909090909091,0.04090909090909091,0.5294117647058824,NOT_ESTIMABLE,,,PROVISIONAL_SMALL_REQUEST_N,0.2727272727272727,0.5454545454545454,PROVISIONAL_SMALL_REQUEST_N,0.375,0.6666666666666666,NOT_PRIMARY; use physical units and frozen spans
11,f11-07165966aa39,FORMAL_10K,HELDOUT_TRIPLE_AUDIT,STRICT_LUMPED,f12d43eace12231077007dc497fee8dad00fbe58cb2f1fe2c6159c47636b97a0,all_candidates,all_finite_diagnostic,emx_minus_frozen_proxy,Ls_nH,nH,18,0.012675811300496541,0.017377854267294757,0.009138878917898441,0.010934296760577333,0.029780936594860877,0.03477484403391581,PROVISIONAL_SMALL_REQUEST_N,2,0.004957389508232509,0.020394233092760575,0.007292099818675193,0.02346923343667506,0.0026091464119275295,0.015668611423869352,0.0034311377683300393,0.018419052666496016,0.01364551990004568,0.03599289707645377,0.016501758620819595,0.04167714460829752,220,18,17,1,0,4,0,0,198,9,18,18,22,,0.4090909090909091,0.04090909090909091,0.5294117647058824,NOT_ESTIMABLE,,,PROVISIONAL_SMALL_REQUEST_N,0.2727272727272727,0.5454545454545454,PROVISIONAL_SMALL_REQUEST_N,0.375,0.6666666666666666,NOT_PRIMARY; use physical units and frozen spans
11,f11-07165966aa39,FORMAL_10K,HELDOUT_TRIPLE_AUDIT,STRICT_LUMPED,f12d43eace12231077007dc497fee8dad00fbe58cb2f1fe2c6159c47636b97a0,all_candidates,all_finite_diagnostic,emx_minus_frozen_proxy,Qmin,dimensionless,18,0.20424146079545094,0.2533460847047484,-0.09909338719326449,0.1631125095285313,0.39276546774747634,0.47708748972281034,PROVISIONAL_SMALL_REQUEST_N,2,0.16988733750192728,0.23859558408897463,0.21556438133670347,0.2861825899131102,-0.16650808376180531,-0.03167869062472365,0.11611656830669759,0.24641019234318406,0.3495320450139491,0.4153121776778606,0.46581413475761835,0.5409698345255656,220,18,17,1,0,4,0,0,198,9,18,18,22,,0.4090909090909091,0.04090909090909091,0.5294117647058824,NOT_ESTIMABLE,,,PROVISIONAL_SMALL_REQUEST_N,0.2727272727272727,0.5454545454545454,PROVISIONAL_SMALL_REQUEST_N,0.375,0.6666666666666666,NOT_PRIMARY; use physical units and frozen spans
11,f11-07165966aa39,FORMAL_10K,HELDOUT_TRIPLE_AUDIT,STRICT_LUMPED,f12d43eace12231077007dc497fee8dad00fbe58cb2f1fe2c6159c47636b97a0,all_candidates,all_finite_diagnostic,emx_minus_frozen_proxy,K_abs,dimensionless,18,0.011988467730061918,0.018443047079178012,0.010147638873593498,0.006115381913651824,0.03753552003907546,0.04018919955371419,PROVISIONAL_SMALL_REQUEST_N,2,0.004220562489158931,0.019756372970964903,0.005886812160424827,0.02540939616987046,0.0005389047762220933,0.019756372970964903,0.0021228167808981513,0.01101590334906527,0.009640419572271717,0.041119287688827395,0.012607239832245681,0.04545969898602231,220,18,17,1,0,4,0,0,198,9,18,18,22,,0.4090909090909091,0.04090909090909091,0.5294117647058824,NOT_ESTIMABLE,,,PROVISIONAL_SMALL_REQUEST_N,0.2727272727272727,0.5454545454545454,PROVISIONAL_SMALL_REQUEST_N,0.375,0.6666666666666666,NOT_PRIMARY; use physical units and frozen spans
11,f11-07165966aa39,FORMAL_10K,HELDOUT_TRIPLE_AUDIT,STRICT_LUMPED,f12d43eace12231077007dc497fee8dad00fbe58cb2f1fe2c6159c47636b97a0,selected_q_proxy,strict_valid,emx_minus_target,Lp_nH,nH,2,0.011295725178097071,0.011614334449458115,0.002701732297022308,0.011295725178097071,0.013457111015714918,0.013727284245417148,PROVISIONAL_SMALL_REQUEST_N,2,0.008593992881074763,0.01399745747511938,0.008593992881074763,0.01399745747511938,-0.008593992881074763,0.01399745747511938,0.008593992881074763,0.01399745747511938,0.008593992881074763,0.01399745747511938,0.008593992881074763,0.01399745747511938,20,2,2,0,0,0,0,0,18,1,2,2,2,,0.5,0.05,0.5,NOT_ESTIMABLE,,,PROVISIONAL_SMALL_REQUEST_N,0.0,1.0,PROVISIONAL_SMALL_REQUEST_N,0.0,1.0,NOT_PRIMARY; use physical units and frozen spans
11,f11-07165966aa39,FORMAL_10K,HELDOUT_TRIPLE_AUDIT,STRICT_LUMPED,f12d43eace12231077007dc497fee8dad00fbe58cb2f1fe2c6159c47636b97a0,selected_q_proxy,strict_valid,emx_minus_target,Ls_nH,nH,2,0.017352486606705075,0.023285967953198875,0.015528281040782521,0.017352486606705075,0.029775111439331092,0.031327939543409344,PROVISIONAL_SMALL_REQUEST_N,2,0.0018242055659225542,0.032880767647487597,0.0018242055659225542,0.032880767647487597,-0.0018242055659225542,0.032880767647487597,0.0018242055659225542,0.032880767647487597,0.0018242055659225542,0.032880767647487597,0.0018242055659225542,0.032880767647487597,20,2,2,0,0,0,0,0,18,1,2,2,2,,0.5,0.05,0.5,NOT_ESTIMABLE,,,PROVISIONAL_SMALL_REQUEST_N,0.0,1.0,PROVISIONAL_SMALL_REQUEST_N,0.0,1.0,NOT_PRIMARY; use physical units and frozen spans
11,f11-07165966aa39,FORMAL_10K,HELDOUT_TRIPLE_AUDIT,STRICT_LUMPED,f12d43eace12231077007dc497fee8dad00fbe58cb2f1fe2c6159c47636b97a0,selected_q_proxy,strict_valid,emx_minus_target,Qmin,dimensionless,2,0.10589204402732655,0.10716622121318135,-0.016476467486304713,0.10589204402732655,0.11907321801637032,0.1207208647650008,PROVISIONAL_SMALL_REQUEST_N,2,0.08941557654102184,0.12236851151363126,0.08941557654102184,0.12236851151363126,-0.12236851151363126,0.08941557654102184,0.08941557654102184,0.12236851151363126,0.08941557654102184,0.12236851151363126,0.08941557654102184,0.12236851151363126,20,2,2,0,0,0,0,0,18,1,2,2,2,,0.5,0.05,0.5,NOT_ESTIMABLE,,,PROVISIONAL_SMALL_REQUEST_N,0.0,1.0,PROVISIONAL_SMALL_REQUEST_N,0.0,1.0,NOT_PRIMARY; use physical units and frozen spans
11,f11-07165966aa39,FORMAL_10K,HELDOUT_TRIPLE_AUDIT,STRICT_LUMPED,f12d43eace12231077007dc497fee8dad00fbe58cb2f1fe2c6159c47636b97a0,selected_q_proxy,strict_valid,emx_minus_target,K_abs,dimensionless,2,0.02685508178129098,0.03323580103147321,0.02685508178129098,0.02685508178129098,0.04252003482122261,0.04447815395121406,PROVISIONAL_SMALL_REQUEST_N,2,0.007273890481376444,0.046436273081205515,0.007273890481376444,0.046436273081205515,0.007273890481376444,0.046436273081205515,0.007273890481376444,0.046436273081205515,0.007273890481376444,0.046436273081205515,0.007273890481376444,0.046436273081205515,20,2,2,0,0,0,0,0,18,1,2,2,2,,0.5,0.05,0.5,NOT_ESTIMABLE,,,PROVISIONAL_SMALL_REQUEST_N,0.0,1.0,PROVISIONAL_SMALL_REQUEST_N,0.0,1.0,NOT_PRIMARY; use physical units and frozen spans
11,f11-07165966aa39,FORMAL_10K,HELDOUT_TRIPLE_AUDIT,STRICT_LUMPED,f12d43eace12231077007dc497fee8dad00fbe58cb2f1fe2c6159c47636b97a0,selected_q_proxy,strict_valid,emx_minus_frozen_proxy,Lp_nH,nH,2,0.014183883055913005,0.015650635245891366,0.0066151224520881735,0.014183883055913005,0.019475981017583542,0.02013749326279236,PROVISIONAL_SMALL_REQUEST_N,2,0.007568760603824831,0.020799005508001178,0.007568760603824831,0.020799005508001178,-0.007568760603824831,0.020799005508001178,0.007568760603824831,0.020799005508001178,0.007568760603824831,0.020799005508001178,0.007568760603824831,0.020799005508001178,20,2,2,0,0,0,0,0,18,1,2,2,2,,0.5,0.05,0.5,NOT_ESTIMABLE,,,PROVISIONAL_SMALL_REQUEST_N,0.0,1.0,PROVISIONAL_SMALL_REQUEST_N,0.0,1.0,NOT_PRIMARY; use physical units and frozen spans
11,f11-07165966aa39,FORMAL_10K,HELDOUT_TRIPLE_AUDIT,STRICT_LUMPED,f12d43eace12231077007dc497fee8dad00fbe58cb2f1fe2c6159c47636b97a0,selected_q_proxy,strict_valid,emx_minus_frozen_proxy,Ls_nH,nH,2,0.017797132774308055,0.02377193223331259,0.015759658217069816,0.017797132774308055,0.03040485934796391,0.03198082516967089,PROVISIONAL_SMALL_REQUEST_N,2,0.002037474557238239,0.03355679099137787,0.002037474557238239,0.03355679099137787,-0.002037474557238239,0.03355679099137787,0.002037474557238239,0.03355679099137787,0.002037474557238239,0.03355679099137787,0.002037474557238239,0.03355679099137787,20,2,2,0,0,0,0,0,18,1,2,2,2,,0.5,0.05,0.5,NOT_ESTIMABLE,,,PROVISIONAL_SMALL_REQUEST_N,0.0,1.0,PROVISIONAL_SMALL_REQUEST_N,0.0,1.0,NOT_PRIMARY; use physical units and frozen spans
11,f11-07165966aa39,FORMAL_10K,HELDOUT_TRIPLE_AUDIT,STRICT_LUMPED,f12d43eace12231077007dc497fee8dad00fbe58cb2f1fe2c6159c47636b97a0,selected_q_proxy,strict_valid,emx_minus_frozen_proxy,Qmin,dimensionless,2,0.10671554179954335,0.10770771866990884,-0.014585808154029323,0.10671554179954335,0.1183841883227668,0.11984276913816974,PROVISIONAL_SMALL_REQUEST_N,2,0.09212973364551402,0.12130134995357267,0.09212973364551402,0.12130134995357267,-0.12130134995357267,0.09212973364551402,0.09212973364551402,0.12130134995357267,0.09212973364551402,0.12130134995357267,0.09212973364551402,0.12130134995357267,20,2,2,0,0,0,0,0,18,1,2,2,2,,0.5,0.05,0.5,NOT_ESTIMABLE,,,PROVISIONAL_SMALL_REQUEST_N,0.0,1.0,PROVISIONAL_SMALL_REQUEST_N,0.0,1.0,NOT_PRIMARY; use physical units and frozen spans
11,f11-07165966aa39,FORMAL_10K,HELDOUT_TRIPLE_AUDIT,STRICT_LUMPED,f12d43eace12231077007dc497fee8dad00fbe58cb2f1fe2c6159c47636b97a0,selected_q_proxy,strict_valid,emx_minus_frozen_proxy,K_abs,dimensionless,2,0.02616096585238148,0.03250903312762403,0.02616096585238148,0.02616096585238148,0.041599952359294146,0.04352982567265823,PROVISIONAL_SMALL_REQUEST_N,2,0.006862232718740646,0.04545969898602231,0.006862232718740646,0.04545969898602231,0.006862232718740646,0.04545969898602231,0.006862232718740646,0.04545969898602231,0.006862232718740646,0.04545969898602231,0.006862232718740646,0.04545969898602231,20,2,2,0,0,0,0,0,18,1,2,2,2,,0.5,0.05,0.5,NOT_ESTIMABLE,,,PROVISIONAL_SMALL_REQUEST_N,0.0,1.0,PROVISIONAL_SMALL_REQUEST_N,0.0,1.0,NOT_PRIMARY; use physical units and frozen spans
11,f11-07165966aa39,FORMAL_10K,HELDOUT_TRIPLE_AUDIT,STRICT_LUMPED,f12d43eace12231077007dc497fee8dad00fbe58cb2f1fe2c6159c47636b97a0,selected_q_proxy,all_finite_diagnostic,emx_minus_target,Lp_nH,nH,2,0.011295725178097071,0.011614334449458115,0.002701732297022308,0.011295725178097071,0.013457111015714918,0.013727284245417148,PROVISIONAL_SMALL_REQUEST_N,2,0.008593992881074763,0.01399745747511938,0.008593992881074763,0.01399745747511938,-0.008593992881074763,0.01399745747511938,0.008593992881074763,0.01399745747511938,0.008593992881074763,0.01399745747511938,0.008593992881074763,0.01399745747511938,20,2,2,0,0,0,0,0,18,1,2,2,2,,0.5,0.05,0.5,NOT_ESTIMABLE,,,PROVISIONAL_SMALL_REQUEST_N,0.0,1.0,PROVISIONAL_SMALL_REQUEST_N,0.0,1.0,NOT_PRIMARY; use physical units and frozen spans
11,f11-07165966aa39,FORMAL_10K,HELDOUT_TRIPLE_AUDIT,STRICT_LUMPED,f12d43eace12231077007dc497fee8dad00fbe58cb2f1fe2c6159c47636b97a0,selected_q_proxy,all_finite_diagnostic,emx_minus_target,Ls_nH,nH,2,0.017352486606705075,0.023285967953198875,0.015528281040782521,0.017352486606705075,0.029775111439331092,0.031327939543409344,PROVISIONAL_SMALL_REQUEST_N,2,0.0018242055659225542,0.032880767647487597,0.0018242055659225542,0.032880767647487597,-0.0018242055659225542,0.032880767647487597,0.0018242055659225542,0.032880767647487597,0.0018242055659225542,0.032880767647487597,0.0018242055659225542,0.032880767647487597,20,2,2,0,0,0,0,0,18,1,2,2,2,,0.5,0.05,0.5,NOT_ESTIMABLE,,,PROVISIONAL_SMALL_REQUEST_N,0.0,1.0,PROVISIONAL_SMALL_REQUEST_N,0.0,1.0,NOT_PRIMARY; use physical units and frozen spans
11,f11-07165966aa39,FORMAL_10K,HELDOUT_TRIPLE_AUDIT,STRICT_LUMPED,f12d43eace12231077007dc497fee8dad00fbe58cb2f1fe2c6159c47636b97a0,selected_q_proxy,all_finite_diagnostic,emx_minus_target,Qmin,dimensionless,2,0.10589204402732655,0.10716622121318135,-0.016476467486304713,0.10589204402732655,0.11907321801637032,0.1207208647650008,PROVISIONAL_SMALL_REQUEST_N,2,0.08941557654102184,0.12236851151363126,0.08941557654102184,0.12236851151363126,-0.12236851151363126,0.08941557654102184,0.08941557654102184,0.12236851151363126,0.08941557654102184,0.12236851151363126,0.08941557654102184,0.12236851151363126,20,2,2,0,0,0,0,0,18,1,2,2,2,,0.5,0.05,0.5,NOT_ESTIMABLE,,,PROVISIONAL_SMALL_REQUEST_N,0.0,1.0,PROVISIONAL_SMALL_REQUEST_N,0.0,1.0,NOT_PRIMARY; use physical units and frozen spans
11,f11-07165966aa39,FORMAL_10K,HELDOUT_TRIPLE_AUDIT,STRICT_LUMPED,f12d43eace12231077007dc497fee8dad00fbe58cb2f1fe2c6159c47636b97a0,selected_q_proxy,all_finite_diagnostic,emx_minus_target,K_abs,dimensionless,2,0.02685508178129098,0.03323580103147321,0.02685508178129098,0.02685508178129098,0.04252003482122261,0.04447815395121406,PROVISIONAL_SMALL_REQUEST_N,2,0.007273890481376444,0.046436273081205515,0.007273890481376444,0.046436273081205515,0.007273890481376444,0.046436273081205515,0.007273890481376444,0.046436273081205515,0.007273890481376444,0.046436273081205515,0.007273890481376444,0.046436273081205515,20,2,2,0,0,0,0,0,18,1,2,2,2,,0.5,0.05,0.5,NOT_ESTIMABLE,,,PROVISIONAL_SMALL_REQUEST_N,0.0,1.0,PROVISIONAL_SMALL_REQUEST_N,0.0,1.0,NOT_PRIMARY; use physical units and frozen spans
11,f11-07165966aa39,FORMAL_10K,HELDOUT_TRIPLE_AUDIT,STRICT_LUMPED,f12d43eace12231077007dc497fee8dad00fbe58cb2f1fe2c6159c47636b97a0,selected_q_proxy,all_finite_diagnostic,emx_minus_frozen_proxy,Lp_nH,nH,2,0.014183883055913005,0.015650635245891366,0.0066151224520881735,0.014183883055913005,0.019475981017583542,0.02013749326279236,PROVISIONAL_SMALL_REQUEST_N,2,0.007568760603824831,0.020799005508001178,0.007568760603824831,0.020799005508001178,-0.007568760603824831,0.020799005508001178,0.007568760603824831,0.020799005508001178,0.007568760603824831,0.020799005508001178,0.007568760603824831,0.020799005508001178,20,2,2,0,0,0,0,0,18,1,2,2,2,,0.5,0.05,0.5,NOT_ESTIMABLE,,,PROVISIONAL_SMALL_REQUEST_N,0.0,1.0,PROVISIONAL_SMALL_REQUEST_N,0.0,1.0,NOT_PRIMARY; use physical units and frozen spans
11,f11-07165966aa39,FORMAL_10K,HELDOUT_TRIPLE_AUDIT,STRICT_LUMPED,f12d43eace12231077007dc497fee8dad00fbe58cb2f1fe2c6159c47636b97a0,selected_q_proxy,all_finite_diagnostic,emx_minus_frozen_proxy,Ls_nH,nH,2,0.017797132774308055,0.02377193223331259,0.015759658217069816,0.017797132774308055,0.03040485934796391,0.03198082516967089,PROVISIONAL_SMALL_REQUEST_N,2,0.002037474557238239,0.03355679099137787,0.002037474557238239,0.03355679099137787,-0.002037474557238239,0.03355679099137787,0.002037474557238239,0.03355679099137787,0.002037474557238239,0.03355679099137787,0.002037474557238239,0.03355679099137787,20,2,2,0,0,0,0,0,18,1,2,2,2,,0.5,0.05,0.5,NOT_ESTIMABLE,,,PROVISIONAL_SMALL_REQUEST_N,0.0,1.0,PROVISIONAL_SMALL_REQUEST_N,0.0,1.0,NOT_PRIMARY; use physical units and frozen spans
11,f11-07165966aa39,FORMAL_10K,HELDOUT_TRIPLE_AUDIT,STRICT_LUMPED,f12d43eace12231077007dc497fee8dad00fbe58cb2f1fe2c6159c47636b97a0,selected_q_proxy,all_finite_diagnostic,emx_minus_frozen_proxy,Qmin,dimensionless,2,0.10671554179954335,0.10770771866990884,-0.014585808154029323,0.10671554179954335,0.1183841883227668,0.11984276913816974,PROVISIONAL_SMALL_REQUEST_N,2,0.09212973364551402,0.12130134995357267,0.09212973364551402,0.12130134995357267,-0.12130134995357267,0.09212973364551402,0.09212973364551402,0.12130134995357267,0.09212973364551402,0.12130134995357267,0.09212973364551402,0.12130134995357267,20,2,2,0,0,0,0,0,18,1,2,2,2,,0.5,0.05,0.5,NOT_ESTIMABLE,,,PROVISIONAL_SMALL_REQUEST_N,0.0,1.0,PROVISIONAL_SMALL_REQUEST_N,0.0,1.0,NOT_PRIMARY; use physical units and frozen spans
11,f11-07165966aa39,FORMAL_10K,HELDOUT_TRIPLE_AUDIT,STRICT_LUMPED,f12d43eace12231077007dc497fee8dad00fbe58cb2f1fe2c6159c47636b97a0,selected_q_proxy,all_finite_diagnostic,emx_minus_frozen_proxy,K_abs,dimensionless,2,0.02616096585238148,0.03250903312762403,0.02616096585238148,0.02616096585238148,0.041599952359294146,0.04352982567265823,PROVISIONAL_SMALL_REQUEST_N,2,0.006862232718740646,0.04545969898602231,0.006862232718740646,0.04545969898602231,0.006862232718740646,0.04545969898602231,0.006862232718740646,0.04545969898602231,0.006862232718740646,0.04545969898602231,0.006862232718740646,0.04545969898602231,20,2,2,0,0,0,0,0,18,1,2,2,2,,0.5,0.05,0.5,NOT_ESTIMABLE,,,PROVISIONAL_SMALL_REQUEST_N,0.0,1.0,PROVISIONAL_SMALL_REQUEST_N,0.0,1.0,NOT_PRIMARY; use physical units and frozen spans
12,f12-bbbcad303b3e,FORMAL_10K,HELDOUT_TRIPLE_AUDIT,STRICT_LUMPED,f12d43eace12231077007dc497fee8dad00fbe58cb2f1fe2c6159c47636b97a0,all_candidates,strict_valid,emx_minus_target,Lp_nH,nH,20,0.08872590107628302,0.12492954848632758,0.010410908190620493,0.040897137706035314,0.21189143427778565,0.22228733451171154,PROVISIONAL_SMALL_REQUEST_N,2,0.07653883039874163,0.10091297175382441,0.10899636094925365,0.1390488312421768,-0.07449713729213041,0.0953189536733714,0.03512041615162742,0.05871265299161221,0.18701918086005123,0.22403115121286385,0.210930091663033,0.2554198518336046,220,20,20,0,3,2,0,0,195,12,20,20,22,,0.5454545454545454,0.05454545454545454,0.6,NOT_ESTIMABLE,,,PROVISIONAL_SMALL_REQUEST_N,0.5454545454545454,0.5454545454545454,PROVISIONAL_SMALL_REQUEST_N,0.6,0.6,NOT_PRIMARY; use physical units and frozen spans
12,f12-bbbcad303b3e,FORMAL_10K,HELDOUT_TRIPLE_AUDIT,STRICT_LUMPED,f12d43eace12231077007dc497fee8dad00fbe58cb2f1fe2c6159c47636b97a0,all_candidates,strict_valid,emx_minus_target,Ls_nH,nH,20,0.09711738226890082,0.14044410685952768,-0.02726359284714337,0.10131904582990714,0.2659699612849543,0.32426774509201906,PROVISIONAL_SMALL_REQUEST_N,2,0.05741440054876279,0.13682036398903885,0.07590217738248847,0.18354278458097478,-0.1119168249347259,0.05738963924043916,0.05533197276366719,0.11062411837902297,0.11129005936535681,0.3242800781088086,0.11184924625500703,0.324502072411021,220,20,20,0,3,2,0,0,195,12,20,20,22,,0.5454545454545454,0.05454545454545454,0.6,NOT_ESTIMABLE,,,PROVISIONAL_SMALL_REQUEST_N,0.5454545454545454,0.5454545454545454,PROVISIONAL_SMALL_REQUEST_N,0.6,0.6,NOT_PRIMARY; use physical units and frozen spans
12,f12-bbbcad303b3e,FORMAL_10K,HELDOUT_TRIPLE_AUDIT,STRICT_LUMPED,f12d43eace12231077007dc497fee8dad00fbe58cb2f1fe2c6159c47636b97a0,all_candidates,strict_valid,emx_minus_target,Qmin,dimensionless,20,1.1825597480369474,1.734641258262428,-1.0756251086073616,0.63465841960085,3.103008193519719,3.722568396711683,PROVISIONAL_SMALL_REQUEST_N,2,1.126946862455985,1.23817263361791,1.6786305144806168,1.7888991546722408,-1.178966035541856,-0.9722841816728669,0.5893650560286696,0.6764145698304489,2.9387551988857696,3.114932053876557,3.716606466533264,3.835845070101641,220,20,20,0,3,2,0,0,195,12,20,20,22,,0.5454545454545454,0.05454545454545454,0.6,NOT_ESTIMABLE,,,PROVISIONAL_SMALL_REQUEST_N,0.5454545454545454,0.5454545454545454,PROVISIONAL_SMALL_REQUEST_N,0.6,0.6,NOT_PRIMARY; use physical units and frozen spans
12,f12-bbbcad303b3e,FORMAL_10K,HELDOUT_TRIPLE_AUDIT,STRICT_LUMPED,f12d43eace12231077007dc497fee8dad00fbe58cb2f1fe2c6159c47636b97a0,all_candidates,strict_valid,emx_minus_target,K_abs,dimensionless,20,0.023536645033134317,0.04463267875137472,0.020469106389005825,0.008575435116024335,0.06756453765307617,0.12530770595409987,PROVISIONAL_SMALL_REQUEST_N,2,0.007719646582433427,0.0393536434838352,0.010520122924791969,0.062237280135736164,0.002314725406797201,0.038623487371214446,0.008041758463770907,0.010133712807496004,0.01209169722768435,0.12547292825492762,0.025680956432576438,0.12844692966982665,220,20,20,0,3,2,0,0,195,12,20,20,22,,0.5454545454545454,0.05454545454545454,0.6,NOT_ESTIMABLE,,,PROVISIONAL_SMALL_REQUEST_N,0.5454545454545454,0.5454545454545454,PROVISIONAL_SMALL_REQUEST_N,0.6,0.6,NOT_PRIMARY; use physical units and frozen spans
12,f12-bbbcad303b3e,FORMAL_10K,HELDOUT_TRIPLE_AUDIT,STRICT_LUMPED,f12d43eace12231077007dc497fee8dad00fbe58cb2f1fe2c6159c47636b97a0,all_candidates,strict_valid,emx_minus_frozen_proxy,Lp_nH,nH,20,0.011503159617601576,0.013430310831161262,0.006146051065493241,0.012120868255278694,0.020277939833637373,0.020705658477190615,PROVISIONAL_SMALL_REQUEST_N,2,0.009330044512851554,0.0136762747223516,0.011174734604969313,0.015358118522518192,0.005747405795604977,0.006544696335381506,0.006799575633354649,0.01580556081142348,0.01705504687748603,0.020314603501077368,0.020687326643470616,0.021053963317870572,220,20,20,0,3,2,0,0,195,12,20,20,22,,0.5454545454545454,0.05454545454545454,0.6,NOT_ESTIMABLE,,,PROVISIONAL_SMALL_REQUEST_N,0.5454545454545454,0.5454545454545454,PROVISIONAL_SMALL_REQUEST_N,0.6,0.6,NOT_PRIMARY; use physical units and frozen spans
12,f12-bbbcad303b3e,FORMAL_10K,HELDOUT_TRIPLE_AUDIT,STRICT_LUMPED,f12d43eace12231077007dc497fee8dad00fbe58cb2f1fe2c6159c47636b97a0,all_candidates,strict_valid,emx_minus_frozen_proxy,Ls_nH,nH,20,0.014650171053943317,0.017058638296678922,0.01337422643604912,0.015371439586806535,0.025973443272700857,0.0259819962305227,PROVISIONAL_SMALL_REQUEST_N,2,0.014158193025846578,0.015142149082040058,0.016334787873784548,0.017752999357638216,0.01160630379005818,0.015142149082040058,0.014331674034406272,0.015371439586806535,0.022496045528301915,0.025984395565480666,0.025163120603451494,0.026027583594724124,220,20,20,0,3,2,0,0,195,12,20,20,22,,0.5454545454545454,0.05454545454545454,0.6,NOT_ESTIMABLE,,,PROVISIONAL_SMALL_REQUEST_N,0.5454545454545454,0.5454545454545454,PROVISIONAL_SMALL_REQUEST_N,0.6,0.6,NOT_PRIMARY; use physical units and frozen spans
12,f12-bbbcad303b3e,FORMAL_10K,HELDOUT_TRIPLE_AUDIT,STRICT_LUMPED,f12d43eace12231077007dc497fee8dad00fbe58cb2f1fe2c6159c47636b97a0,all_candidates,strict_valid,emx_minus_frozen_proxy,Qmin,dimensionless,20,0.17909692743731886,0.21470471377031222,-0.02767770183856273,0.18492996316576882,0.3021146551600183,0.3365950212521825,PROVISIONAL_SMALL_REQUEST_N,2,0.16013896822316748,0.19805488665147025,0.1894595570989852,0.2372789591477503,-0.0866050320451814,0.031249628368055938,0.16732047994786825,0.20261506952110864,0.25954615623245025,0.34431594841924584,0.29914138416834035,0.4832926374263842,220,20,20,0,3,2,0,0,195,12,20,20,22,,0.5454545454545454,0.05454545454545454,0.6,NOT_ESTIMABLE,,,PROVISIONAL_SMALL_REQUEST_N,0.5454545454545454,0.5454545454545454,PROVISIONAL_SMALL_REQUEST_N,0.6,0.6,NOT_PRIMARY; use physical units and frozen spans
12,f12-bbbcad303b3e,FORMAL_10K,HELDOUT_TRIPLE_AUDIT,STRICT_LUMPED,f12d43eace12231077007dc497fee8dad00fbe58cb2f1fe2c6159c47636b97a0,all_candidates,strict_valid,emx_minus_frozen_proxy,K_abs,dimensionless,20,0.004327894906481453,0.005499929469510704,0.0011819805158798957,0.003672634314294501,0.009244232841091828,0.01011048333081222,PROVISIONAL_SMALL_REQUEST_N,2,0.0035323262988727635,0.005123463514090143,0.00409321429245219,0.006613928113855617,0.0009471721952795276,0.0014167888364802635,0.003672634314294501,0.0036741323317701635,0.005414241585722928,0.010265313511736384,0.0075314568847674596,0.013052256768371295,220,20,20,0,3,2,0,0,195,12,20,20,22,,0.5454545454545454,0.05454545454545454,0.6,NOT_ESTIMABLE,,,PROVISIONAL_SMALL_REQUEST_N,0.5454545454545454,0.5454545454545454,PROVISIONAL_SMALL_REQUEST_N,0.6,0.6,NOT_PRIMARY; use physical units and frozen spans
12,f12-bbbcad303b3e,FORMAL_10K,HELDOUT_TRIPLE_AUDIT,STRICT_LUMPED,f12d43eace12231077007dc497fee8dad00fbe58cb2f1fe2c6159c47636b97a0,all_candidates,all_finite_diagnostic,emx_minus_target,Lp_nH,nH,20,0.08872590107628302,0.12492954848632758,0.010410908190620493,0.040897137706035314,0.21189143427778565,0.22228733451171154,PROVISIONAL_SMALL_REQUEST_N,2,0.07653883039874163,0.10091297175382441,0.10899636094925365,0.1390488312421768,-0.07449713729213041,0.0953189536733714,0.03512041615162742,0.05871265299161221,0.18701918086005123,0.22403115121286385,0.210930091663033,0.2554198518336046,220,20,20,0,3,2,0,0,195,12,20,20,22,,0.5454545454545454,0.05454545454545454,0.6,NOT_ESTIMABLE,,,PROVISIONAL_SMALL_REQUEST_N,0.5454545454545454,0.5454545454545454,PROVISIONAL_SMALL_REQUEST_N,0.6,0.6,NOT_PRIMARY; use physical units and frozen spans
12,f12-bbbcad303b3e,FORMAL_10K,HELDOUT_TRIPLE_AUDIT,STRICT_LUMPED,f12d43eace12231077007dc497fee8dad00fbe58cb2f1fe2c6159c47636b97a0,all_candidates,all_finite_diagnostic,emx_minus_target,Ls_nH,nH,20,0.09711738226890082,0.14044410685952768,-0.02726359284714337,0.10131904582990714,0.2659699612849543,0.32426774509201906,PROVISIONAL_SMALL_REQUEST_N,2,0.05741440054876279,0.13682036398903885,0.07590217738248847,0.18354278458097478,-0.1119168249347259,0.05738963924043916,0.05533197276366719,0.11062411837902297,0.11129005936535681,0.3242800781088086,0.11184924625500703,0.324502072411021,220,20,20,0,3,2,0,0,195,12,20,20,22,,0.5454545454545454,0.05454545454545454,0.6,NOT_ESTIMABLE,,,PROVISIONAL_SMALL_REQUEST_N,0.5454545454545454,0.5454545454545454,PROVISIONAL_SMALL_REQUEST_N,0.6,0.6,NOT_PRIMARY; use physical units and frozen spans
12,f12-bbbcad303b3e,FORMAL_10K,HELDOUT_TRIPLE_AUDIT,STRICT_LUMPED,f12d43eace12231077007dc497fee8dad00fbe58cb2f1fe2c6159c47636b97a0,all_candidates,all_finite_diagnostic,emx_minus_target,Qmin,dimensionless,20,1.1825597480369474,1.734641258262428,-1.0756251086073616,0.63465841960085,3.103008193519719,3.722568396711683,PROVISIONAL_SMALL_REQUEST_N,2,1.126946862455985,1.23817263361791,1.6786305144806168,1.7888991546722408,-1.178966035541856,-0.9722841816728669,0.5893650560286696,0.6764145698304489,2.9387551988857696,3.114932053876557,3.716606466533264,3.835845070101641,220,20,20,0,3,2,0,0,195,12,20,20,22,,0.5454545454545454,0.05454545454545454,0.6,NOT_ESTIMABLE,,,PROVISIONAL_SMALL_REQUEST_N,0.5454545454545454,0.5454545454545454,PROVISIONAL_SMALL_REQUEST_N,0.6,0.6,NOT_PRIMARY; use physical units and frozen spans
12,f12-bbbcad303b3e,FORMAL_10K,HELDOUT_TRIPLE_AUDIT,STRICT_LUMPED,f12d43eace12231077007dc497fee8dad00fbe58cb2f1fe2c6159c47636b97a0,all_candidates,all_finite_diagnostic,emx_minus_target,K_abs,dimensionless,20,0.023536645033134317,0.04463267875137472,0.020469106389005825,0.008575435116024335,0.06756453765307617,0.12530770595409987,PROVISIONAL_SMALL_REQUEST_N,2,0.007719646582433427,0.0393536434838352,0.010520122924791969,0.062237280135736164,0.002314725406797201,0.038623487371214446,0.008041758463770907,0.010133712807496004,0.01209169722768435,0.12547292825492762,0.025680956432576438,0.12844692966982665,220,20,20,0,3,2,0,0,195,12,20,20,22,,0.5454545454545454,0.05454545454545454,0.6,NOT_ESTIMABLE,,,PROVISIONAL_SMALL_REQUEST_N,0.5454545454545454,0.5454545454545454,PROVISIONAL_SMALL_REQUEST_N,0.6,0.6,NOT_PRIMARY; use physical units and frozen spans
12,f12-bbbcad303b3e,FORMAL_10K,HELDOUT_TRIPLE_AUDIT,STRICT_LUMPED,f12d43eace12231077007dc497fee8dad00fbe58cb2f1fe2c6159c47636b97a0,all_candidates,all_finite_diagnostic,emx_minus_frozen_proxy,Lp_nH,nH,20,0.011503159617601576,0.013430310831161262,0.006146051065493241,0.012120868255278694,0.020277939833637373,0.020705658477190615,PROVISIONAL_SMALL_REQUEST_N,2,0.009330044512851554,0.0136762747223516,0.011174734604969313,0.015358118522518192,0.005747405795604977,0.006544696335381506,0.006799575633354649,0.01580556081142348,0.01705504687748603,0.020314603501077368,0.020687326643470616,0.021053963317870572,220,20,20,0,3,2,0,0,195,12,20,20,22,,0.5454545454545454,0.05454545454545454,0.6,NOT_ESTIMABLE,,,PROVISIONAL_SMALL_REQUEST_N,0.5454545454545454,0.5454545454545454,PROVISIONAL_SMALL_REQUEST_N,0.6,0.6,NOT_PRIMARY; use physical units and frozen spans
12,f12-bbbcad303b3e,FORMAL_10K,HELDOUT_TRIPLE_AUDIT,STRICT_LUMPED,f12d43eace12231077007dc497fee8dad00fbe58cb2f1fe2c6159c47636b97a0,all_candidates,all_finite_diagnostic,emx_minus_frozen_proxy,Ls_nH,nH,20,0.014650171053943317,0.017058638296678922,0.01337422643604912,0.015371439586806535,0.025973443272700857,0.0259819962305227,PROVISIONAL_SMALL_REQUEST_N,2,0.014158193025846578,0.015142149082040058,0.016334787873784548,0.017752999357638216,0.01160630379005818,0.015142149082040058,0.014331674034406272,0.015371439586806535,0.022496045528301915,0.025984395565480666,0.025163120603451494,0.026027583594724124,220,20,20,0,3,2,0,0,195,12,20,20,22,,0.5454545454545454,0.05454545454545454,0.6,NOT_ESTIMABLE,,,PROVISIONAL_SMALL_REQUEST_N,0.5454545454545454,0.5454545454545454,PROVISIONAL_SMALL_REQUEST_N,0.6,0.6,NOT_PRIMARY; use physical units and frozen spans
12,f12-bbbcad303b3e,FORMAL_10K,HELDOUT_TRIPLE_AUDIT,STRICT_LUMPED,f12d43eace12231077007dc497fee8dad00fbe58cb2f1fe2c6159c47636b97a0,all_candidates,all_finite_diagnostic,emx_minus_frozen_proxy,Qmin,dimensionless,20,0.17909692743731886,0.21470471377031222,-0.02767770183856273,0.18492996316576882,0.3021146551600183,0.3365950212521825,PROVISIONAL_SMALL_REQUEST_N,2,0.16013896822316748,0.19805488665147025,0.1894595570989852,0.2372789591477503,-0.0866050320451814,0.031249628368055938,0.16732047994786825,0.20261506952110864,0.25954615623245025,0.34431594841924584,0.29914138416834035,0.4832926374263842,220,20,20,0,3,2,0,0,195,12,20,20,22,,0.5454545454545454,0.05454545454545454,0.6,NOT_ESTIMABLE,,,PROVISIONAL_SMALL_REQUEST_N,0.5454545454545454,0.5454545454545454,PROVISIONAL_SMALL_REQUEST_N,0.6,0.6,NOT_PRIMARY; use physical units and frozen spans
12,f12-bbbcad303b3e,FORMAL_10K,HELDOUT_TRIPLE_AUDIT,STRICT_LUMPED,f12d43eace12231077007dc497fee8dad00fbe58cb2f1fe2c6159c47636b97a0,all_candidates,all_finite_diagnostic,emx_minus_frozen_proxy,K_abs,dimensionless,20,0.004327894906481453,0.005499929469510704,0.0011819805158798957,0.003672634314294501,0.009244232841091828,0.01011048333081222,PROVISIONAL_SMALL_REQUEST_N,2,0.0035323262988727635,0.005123463514090143,0.00409321429245219,0.006613928113855617,0.0009471721952795276,0.0014167888364802635,0.003672634314294501,0.0036741323317701635,0.005414241585722928,0.010265313511736384,0.0075314568847674596,0.013052256768371295,220,20,20,0,3,2,0,0,195,12,20,20,22,,0.5454545454545454,0.05454545454545454,0.6,NOT_ESTIMABLE,,,PROVISIONAL_SMALL_REQUEST_N,0.5454545454545454,0.5454545454545454,PROVISIONAL_SMALL_REQUEST_N,0.6,0.6,NOT_PRIMARY; use physical units and frozen spans
12,f12-bbbcad303b3e,FORMAL_10K,HELDOUT_TRIPLE_AUDIT,STRICT_LUMPED,f12d43eace12231077007dc497fee8dad00fbe58cb2f1fe2c6159c47636b97a0,selected_q_proxy,strict_valid,emx_minus_target,Lp_nH,nH,2,0.009411739062872404,0.010040153439740223,-0.009411739062872404,0.009411739062872404,0.012208748769647594,0.012558374982994492,PROVISIONAL_SMALL_REQUEST_N,2,0.005915476929403418,0.01290800119634139,0.005915476929403418,0.01290800119634139,-0.01290800119634139,-0.005915476929403418,0.005915476929403418,0.01290800119634139,0.005915476929403418,0.01290800119634139,0.005915476929403418,0.01290800119634139,20,2,2,0,0,0,0,0,18,2,2,2,2,,1.0,0.1,1.0,NOT_ESTIMABLE,,,PROVISIONAL_SMALL_REQUEST_N,1.0,1.0,PROVISIONAL_SMALL_REQUEST_N,1.0,1.0,NOT_PRIMARY; use physical units and frozen spans
12,f12-bbbcad303b3e,FORMAL_10K,HELDOUT_TRIPLE_AUDIT,STRICT_LUMPED,f12d43eace12231077007dc497fee8dad00fbe58cb2f1fe2c6159c47636b97a0,selected_q_proxy,strict_valid,emx_minus_target,Ls_nH,nH,2,0.007175597250856869,0.007187863632577562,-0.00041974717869980305,0.007175597250856869,0.0075113949938167114,0.007553369711686691,PROVISIONAL_SMALL_REQUEST_N,2,0.006755850072157066,0.007595344429556672,0.006755850072157066,0.007595344429556672,-0.007595344429556672,0.006755850072157066,0.006755850072157066,0.007595344429556672,0.006755850072157066,0.007595344429556672,0.006755850072157066,0.007595344429556672,20,2,2,0,0,0,0,0,18,2,2,2,2,,1.0,0.1,1.0,NOT_ESTIMABLE,,,PROVISIONAL_SMALL_REQUEST_N,1.0,1.0,PROVISIONAL_SMALL_REQUEST_N,1.0,1.0,NOT_PRIMARY; use physical units and frozen spans
12,f12-bbbcad303b3e,FORMAL_10K,HELDOUT_TRIPLE_AUDIT,STRICT_LUMPED,f12d43eace12231077007dc497fee8dad00fbe58cb2f1fe2c6159c47636b97a0,selected_q_proxy,strict_valid,emx_minus_target,Qmin,dimensionless,2,0.08480008707343334,0.10056124548126111,-0.08480008707343334,0.08480008707343334,0.12804087763109512,0.1334459764508028,PROVISIONAL_SMALL_REQUEST_N,2,0.03074909887635613,0.13885107527051055,0.03074909887635613,0.13885107527051055,-0.13885107527051055,-0.03074909887635613,0.03074909887635613,0.13885107527051055,0.03074909887635613,0.13885107527051055,0.03074909887635613,0.13885107527051055,20,2,2,0,0,0,0,0,18,2,2,2,2,,1.0,0.1,1.0,NOT_ESTIMABLE,,,PROVISIONAL_SMALL_REQUEST_N,1.0,1.0,PROVISIONAL_SMALL_REQUEST_N,1.0,1.0,NOT_PRIMARY; use physical units and frozen spans
12,f12-bbbcad303b3e,FORMAL_10K,HELDOUT_TRIPLE_AUDIT,STRICT_LUMPED,f12d43eace12231077007dc497fee8dad00fbe58cb2f1fe2c6159c47636b97a0,selected_q_proxy,strict_valid,emx_minus_target,K_abs,dimensionless,2,0.0007953666418370198,0.0010552071050548527,-0.0007953666418370198,0.0007953666418370198,0.0013501157034415735,0.0014194593361421426,PROVISIONAL_SMALL_REQUEST_N,2,0.00010193031483132775,0.0014888029688427118,0.00010193031483132775,0.0014888029688427118,-0.0014888029688427118,-0.00010193031483132775,0.00010193031483132775,0.0014888029688427118,0.00010193031483132775,0.0014888029688427118,0.00010193031483132775,0.0014888029688427118,20,2,2,0,0,0,0,0,18,2,2,2,2,,1.0,0.1,1.0,NOT_ESTIMABLE,,,PROVISIONAL_SMALL_REQUEST_N,1.0,1.0,PROVISIONAL_SMALL_REQUEST_N,1.0,1.0,NOT_PRIMARY; use physical units and frozen spans
12,f12-bbbcad303b3e,FORMAL_10K,HELDOUT_TRIPLE_AUDIT,STRICT_LUMPED,f12d43eace12231077007dc497fee8dad00fbe58cb2f1fe2c6159c47636b97a0,selected_q_proxy,strict_valid,emx_minus_frozen_proxy,Lp_nH,nH,2,0.011152399086406639,0.012365180351582765,-0.011152399086406639,0.011152399086406639,0.015424854473721794,0.015958911397136188,PROVISIONAL_SMALL_REQUEST_N,2,0.0058118298522626954,0.016492968320550583,0.0058118298522626954,0.016492968320550583,-0.016492968320550583,-0.0058118298522626954,0.0058118298522626954,0.016492968320550583,0.0058118298522626954,0.016492968320550583,0.0058118298522626954,0.016492968320550583,20,2,2,0,0,0,0,0,18,2,2,2,2,,1.0,0.1,1.0,NOT_ESTIMABLE,,,PROVISIONAL_SMALL_REQUEST_N,1.0,1.0,PROVISIONAL_SMALL_REQUEST_N,1.0,1.0,NOT_PRIMARY; use physical units and frozen spans
12,f12-bbbcad303b3e,FORMAL_10K,HELDOUT_TRIPLE_AUDIT,STRICT_LUMPED,f12d43eace12231077007dc497fee8dad00fbe58cb2f1fe2c6159c47636b97a0,selected_q_proxy,strict_valid,emx_minus_frozen_proxy,Ls_nH,nH,2,0.0036497983502274955,0.004081766946423175,0.0018275101662068582,0.0036497983502274955,0.005111806483192982,0.005294557499813668,PROVISIONAL_SMALL_REQUEST_N,2,0.0018222881840206373,0.005477308516434354,0.0018222881840206373,0.005477308516434354,-0.0018222881840206373,0.005477308516434354,0.0018222881840206373,0.005477308516434354,0.0018222881840206373,0.005477308516434354,0.0018222881840206373,0.005477308516434354,20,2,2,0,0,0,0,0,18,2,2,2,2,,1.0,0.1,1.0,NOT_ESTIMABLE,,,PROVISIONAL_SMALL_REQUEST_N,1.0,1.0,PROVISIONAL_SMALL_REQUEST_N,1.0,1.0,NOT_PRIMARY; use physical units and frozen spans
12,f12-bbbcad303b3e,FORMAL_10K,HELDOUT_TRIPLE_AUDIT,STRICT_LUMPED,f12d43eace12231077007dc497fee8dad00fbe58cb2f1fe2c6159c47636b97a0,selected_q_proxy,strict_valid,emx_minus_frozen_proxy,Qmin,dimensionless,2,0.09935744867621654,0.11575248382149544,-0.09935744867621654,0.09935744867621654,0.1468665040043861,0.15280513592040731,PROVISIONAL_SMALL_REQUEST_N,2,0.03997112951600457,0.15874376783642852,0.03997112951600457,0.15874376783642852,-0.15874376783642852,-0.03997112951600457,0.03997112951600457,0.15874376783642852,0.03997112951600457,0.15874376783642852,0.03997112951600457,0.15874376783642852,20,2,2,0,0,0,0,0,18,2,2,2,2,,1.0,0.1,1.0,NOT_ESTIMABLE,,,PROVISIONAL_SMALL_REQUEST_N,1.0,1.0,PROVISIONAL_SMALL_REQUEST_N,1.0,1.0,NOT_PRIMARY; use physical units and frozen spans
12,f12-bbbcad303b3e,FORMAL_10K,HELDOUT_TRIPLE_AUDIT,STRICT_LUMPED,f12d43eace12231077007dc497fee8dad00fbe58cb2f1fe2c6159c47636b97a0,selected_q_proxy,strict_valid,emx_minus_frozen_proxy,K_abs,dimensionless,2,0.0004645117097221013,0.0004666237291184401,4.434609461327621e-05,0.0004645117097221013,0.0004999885854127222,0.0005044231948740499,PROVISIONAL_SMALL_REQUEST_N,2,0.0004201656151088251,0.0005088578043353775,0.0004201656151088251,0.0005088578043353775,-0.0004201656151088251,0.0005088578043353775,0.0004201656151088251,0.0005088578043353775,0.0004201656151088251,0.0005088578043353775,0.0004201656151088251,0.0005088578043353775,20,2,2,0,0,0,0,0,18,2,2,2,2,,1.0,0.1,1.0,NOT_ESTIMABLE,,,PROVISIONAL_SMALL_REQUEST_N,1.0,1.0,PROVISIONAL_SMALL_REQUEST_N,1.0,1.0,NOT_PRIMARY; use physical units and frozen spans
12,f12-bbbcad303b3e,FORMAL_10K,HELDOUT_TRIPLE_AUDIT,STRICT_LUMPED,f12d43eace12231077007dc497fee8dad00fbe58cb2f1fe2c6159c47636b97a0,selected_q_proxy,all_finite_diagnostic,emx_minus_target,Lp_nH,nH,2,0.009411739062872404,0.010040153439740223,-0.009411739062872404,0.009411739062872404,0.012208748769647594,0.012558374982994492,PROVISIONAL_SMALL_REQUEST_N,2,0.005915476929403418,0.01290800119634139,0.005915476929403418,0.01290800119634139,-0.01290800119634139,-0.005915476929403418,0.005915476929403418,0.01290800119634139,0.005915476929403418,0.01290800119634139,0.005915476929403418,0.01290800119634139,20,2,2,0,0,0,0,0,18,2,2,2,2,,1.0,0.1,1.0,NOT_ESTIMABLE,,,PROVISIONAL_SMALL_REQUEST_N,1.0,1.0,PROVISIONAL_SMALL_REQUEST_N,1.0,1.0,NOT_PRIMARY; use physical units and frozen spans
12,f12-bbbcad303b3e,FORMAL_10K,HELDOUT_TRIPLE_AUDIT,STRICT_LUMPED,f12d43eace12231077007dc497fee8dad00fbe58cb2f1fe2c6159c47636b97a0,selected_q_proxy,all_finite_diagnostic,emx_minus_target,Ls_nH,nH,2,0.007175597250856869,0.007187863632577562,-0.00041974717869980305,0.007175597250856869,0.0075113949938167114,0.007553369711686691,PROVISIONAL_SMALL_REQUEST_N,2,0.006755850072157066,0.007595344429556672,0.006755850072157066,0.007595344429556672,-0.007595344429556672,0.006755850072157066,0.006755850072157066,0.007595344429556672,0.006755850072157066,0.007595344429556672,0.006755850072157066,0.007595344429556672,20,2,2,0,0,0,0,0,18,2,2,2,2,,1.0,0.1,1.0,NOT_ESTIMABLE,,,PROVISIONAL_SMALL_REQUEST_N,1.0,1.0,PROVISIONAL_SMALL_REQUEST_N,1.0,1.0,NOT_PRIMARY; use physical units and frozen spans
12,f12-bbbcad303b3e,FORMAL_10K,HELDOUT_TRIPLE_AUDIT,STRICT_LUMPED,f12d43eace12231077007dc497fee8dad00fbe58cb2f1fe2c6159c47636b97a0,selected_q_proxy,all_finite_diagnostic,emx_minus_target,Qmin,dimensionless,2,0.08480008707343334,0.10056124548126111,-0.08480008707343334,0.08480008707343334,0.12804087763109512,0.1334459764508028,PROVISIONAL_SMALL_REQUEST_N,2,0.03074909887635613,0.13885107527051055,0.03074909887635613,0.13885107527051055,-0.13885107527051055,-0.03074909887635613,0.03074909887635613,0.13885107527051055,0.03074909887635613,0.13885107527051055,0.03074909887635613,0.13885107527051055,20,2,2,0,0,0,0,0,18,2,2,2,2,,1.0,0.1,1.0,NOT_ESTIMABLE,,,PROVISIONAL_SMALL_REQUEST_N,1.0,1.0,PROVISIONAL_SMALL_REQUEST_N,1.0,1.0,NOT_PRIMARY; use physical units and frozen spans
12,f12-bbbcad303b3e,FORMAL_10K,HELDOUT_TRIPLE_AUDIT,STRICT_LUMPED,f12d43eace12231077007dc497fee8dad00fbe58cb2f1fe2c6159c47636b97a0,selected_q_proxy,all_finite_diagnostic,emx_minus_target,K_abs,dimensionless,2,0.0007953666418370198,0.0010552071050548527,-0.0007953666418370198,0.0007953666418370198,0.0013501157034415735,0.0014194593361421426,PROVISIONAL_SMALL_REQUEST_N,2,0.00010193031483132775,0.0014888029688427118,0.00010193031483132775,0.0014888029688427118,-0.0014888029688427118,-0.00010193031483132775,0.00010193031483132775,0.0014888029688427118,0.00010193031483132775,0.0014888029688427118,0.00010193031483132775,0.0014888029688427118,20,2,2,0,0,0,0,0,18,2,2,2,2,,1.0,0.1,1.0,NOT_ESTIMABLE,,,PROVISIONAL_SMALL_REQUEST_N,1.0,1.0,PROVISIONAL_SMALL_REQUEST_N,1.0,1.0,NOT_PRIMARY; use physical units and frozen spans
12,f12-bbbcad303b3e,FORMAL_10K,HELDOUT_TRIPLE_AUDIT,STRICT_LUMPED,f12d43eace12231077007dc497fee8dad00fbe58cb2f1fe2c6159c47636b97a0,selected_q_proxy,all_finite_diagnostic,emx_minus_frozen_proxy,Lp_nH,nH,2,0.011152399086406639,0.012365180351582765,-0.011152399086406639,0.011152399086406639,0.015424854473721794,0.015958911397136188,PROVISIONAL_SMALL_REQUEST_N,2,0.0058118298522626954,0.016492968320550583,0.0058118298522626954,0.016492968320550583,-0.016492968320550583,-0.0058118298522626954,0.0058118298522626954,0.016492968320550583,0.0058118298522626954,0.016492968320550583,0.0058118298522626954,0.016492968320550583,20,2,2,0,0,0,0,0,18,2,2,2,2,,1.0,0.1,1.0,NOT_ESTIMABLE,,,PROVISIONAL_SMALL_REQUEST_N,1.0,1.0,PROVISIONAL_SMALL_REQUEST_N,1.0,1.0,NOT_PRIMARY; use physical units and frozen spans
12,f12-bbbcad303b3e,FORMAL_10K,HELDOUT_TRIPLE_AUDIT,STRICT_LUMPED,f12d43eace12231077007dc497fee8dad00fbe58cb2f1fe2c6159c47636b97a0,selected_q_proxy,all_finite_diagnostic,emx_minus_frozen_proxy,Ls_nH,nH,2,0.0036497983502274955,0.004081766946423175,0.0018275101662068582,0.0036497983502274955,0.005111806483192982,0.005294557499813668,PROVISIONAL_SMALL_REQUEST_N,2,0.0018222881840206373,0.005477308516434354,0.0018222881840206373,0.005477308516434354,-0.0018222881840206373,0.005477308516434354,0.0018222881840206373,0.005477308516434354,0.0018222881840206373,0.005477308516434354,0.0018222881840206373,0.005477308516434354,20,2,2,0,0,0,0,0,18,2,2,2,2,,1.0,0.1,1.0,NOT_ESTIMABLE,,,PROVISIONAL_SMALL_REQUEST_N,1.0,1.0,PROVISIONAL_SMALL_REQUEST_N,1.0,1.0,NOT_PRIMARY; use physical units and frozen spans
12,f12-bbbcad303b3e,FORMAL_10K,HELDOUT_TRIPLE_AUDIT,STRICT_LUMPED,f12d43eace12231077007dc497fee8dad00fbe58cb2f1fe2c6159c47636b97a0,selected_q_proxy,all_finite_diagnostic,emx_minus_frozen_proxy,Qmin,dimensionless,2,0.09935744867621654,0.11575248382149544,-0.09935744867621654,0.09935744867621654,0.1468665040043861,0.15280513592040731,PROVISIONAL_SMALL_REQUEST_N,2,0.03997112951600457,0.15874376783642852,0.03997112951600457,0.15874376783642852,-0.15874376783642852,-0.03997112951600457,0.03997112951600457,0.15874376783642852,0.03997112951600457,0.15874376783642852,0.03997112951600457,0.15874376783642852,20,2,2,0,0,0,0,0,18,2,2,2,2,,1.0,0.1,1.0,NOT_ESTIMABLE,,,PROVISIONAL_SMALL_REQUEST_N,1.0,1.0,PROVISIONAL_SMALL_REQUEST_N,1.0,1.0,NOT_PRIMARY; use physical units and frozen spans
12,f12-bbbcad303b3e,FORMAL_10K,HELDOUT_TRIPLE_AUDIT,STRICT_LUMPED,f12d43eace12231077007dc497fee8dad00fbe58cb2f1fe2c6159c47636b97a0,selected_q_proxy,all_finite_diagnostic,emx_minus_frozen_proxy,K_abs,dimensionless,2,0.0004645117097221013,0.0004666237291184401,4.434609461327621e-05,0.0004645117097221013,0.0004999885854127222,0.0005044231948740499,PROVISIONAL_SMALL_REQUEST_N,2,0.0004201656151088251,0.0005088578043353775,0.0004201656151088251,0.0005088578043353775,-0.0004201656151088251,0.0005088578043353775,0.0004201656151088251,0.0005088578043353775,0.0004201656151088251,0.0005088578043353775,0.0004201656151088251,0.0005088578043353775,20,2,2,0,0,0,0,0,18,2,2,2,2,,1.0,0.1,1.0,NOT_ESTIMABLE,,,PROVISIONAL_SMALL_REQUEST_N,1.0,1.0,PROVISIONAL_SMALL_REQUEST_N,1.0,1.0,NOT_PRIMARY; use physical units and frozen spans
13,f13-940260e5c34c,FORMAL_10K,HELDOUT_TRIPLE_AUDIT,STRICT_LUMPED,f12d43eace12231077007dc497fee8dad00fbe58cb2f1fe2c6159c47636b97a0,all_candidates,strict_valid,emx_minus_target,Lp_nH,nH,16,0.02838732507901294,0.043302725782184026,0.016180264508908512,0.01528215294397628,0.08873804620440573,0.0952551045287201,PROVISIONAL_SMALL_REQUEST_N,2,0.012653213904203455,0.04062496710386476,0.013909288248569875,0.05641880977278547,-0.0077885938508493536,0.0348227098998313,0.013568633466347846,0.016995672421604713,0.019603133931491958,0.09547283017958712,0.020510922536101317,0.09852098929172537,220,16,16,0,8,6,0,0,190,8,16,16,22,,0.36363636363636365,0.03636363636363636,0.5,NOT_ESTIMABLE,,,PROVISIONAL_SMALL_REQUEST_N,0.36363636363636365,0.36363636363636365,PROVISIONAL_SMALL_REQUEST_N,0.4444444444444444,0.5714285714285714,NOT_PRIMARY; use physical units and frozen spans
13,f13-940260e5c34c,FORMAL_10K,HELDOUT_TRIPLE_AUDIT,STRICT_LUMPED,f12d43eace12231077007dc497fee8dad00fbe58cb2f1fe2c6159c47636b97a0,all_candidates,strict_valid,emx_minus_target,Ls_nH,nH,16,0.1097417015587064,0.18250144048747877,-0.06875730955932517,0.02141519921897983,0.3610214494085746,0.3971342084261233,PROVISIONAL_SMALL_REQUEST_N,2,0.03756121091934639,0.16588208316709752,0.05918557030624666,0.23767108232287618,-0.1513214673525091,0.03739660760333988,0.017274901119686215,0.04396899495651385,0.11444586994256506,0.39884981895383664,0.12457296577219079,0.42286836634182356,220,16,16,0,8,6,0,0,190,8,16,16,22,,0.36363636363636365,0.03636363636363636,0.5,NOT_ESTIMABLE,,,PROVISIONAL_SMALL_REQUEST_N,0.36363636363636365,0.36363636363636365,PROVISIONAL_SMALL_REQUEST_N,0.4444444444444444,0.5714285714285714,NOT_PRIMARY; use physical units and frozen spans
13,f13-940260e5c34c,FORMAL_10K,HELDOUT_TRIPLE_AUDIT,STRICT_LUMPED,f12d43eace12231077007dc497fee8dad00fbe58cb2f1fe2c6159c47636b97a0,all_candidates,strict_valid,emx_minus_target,Qmin,dimensionless,16,0.9791414435471955,1.4749166890320864,-0.717038363663159,0.4276397325692072,2.6823085513257636,3.192812938598266,PROVISIONAL_SMALL_REQUEST_N,2,0.43298683778838154,1.4039283591373841,0.690276394872926,1.8699583276442469,-1.066138259244915,-0.2681956407723298,0.14891858672070768,1.0589678663514661,1.3606414380263554,3.223194160040755,1.565190642707602,3.6485312602355933,220,16,16,0,8,6,0,0,190,8,16,16,22,,0.36363636363636365,0.03636363636363636,0.5,NOT_ESTIMABLE,,,PROVISIONAL_SMALL_REQUEST_N,0.36363636363636365,0.36363636363636365,PROVISIONAL_SMALL_REQUEST_N,0.4444444444444444,0.5714285714285714,NOT_PRIMARY; use physical units and frozen spans
13,f13-940260e5c34c,FORMAL_10K,HELDOUT_TRIPLE_AUDIT,STRICT_LUMPED,f12d43eace12231077007dc497fee8dad00fbe58cb2f1fe2c6159c47636b97a0,all_candidates,strict_valid,emx_minus_target,K_abs,dimensionless,16,0.04711330003760706,0.07163136627375984,-0.041833087573403795,0.012097142559199386,0.11999871781258749,0.14052205451862212,PROVISIONAL_SMALL_REQUEST_N,2,0.047087127920095374,0.04714694990297923,0.06756828349152787,0.07653905234958286,-0.04309823510928773,-0.040849083934382954,0.011513699546139011,0.012680585572259762,0.11676004008439747,0.15054174425082406,0.12809541213306255,0.17780198167530087,220,16,16,0,8,6,0,0,190,8,16,16,22,,0.36363636363636365,0.03636363636363636,0.5,NOT_ESTIMABLE,,,PROVISIONAL_SMALL_REQUEST_N,0.36363636363636365,0.36363636363636365,PROVISIONAL_SMALL_REQUEST_N,0.4444444444444444,0.5714285714285714,NOT_PRIMARY; use physical units and frozen spans
13,f13-940260e5c34c,FORMAL_10K,HELDOUT_TRIPLE_AUDIT,STRICT_LUMPED,f12d43eace12231077007dc497fee8dad00fbe58cb2f1fe2c6159c47636b97a0,all_candidates,strict_valid,emx_minus_frozen_proxy,Lp_nH,nH,16,0.007698497545139085,0.009349206329244046,-0.0059064276440164015,0.006682074396273552,0.015436715643676768,0.016619727795133266,PROVISIONAL_SMALL_REQUEST_N,2,0.005599941532082308,0.010396640990497799,0.007115938890550455,0.011605376014970668,-0.006300481216503094,-0.005599941532082308,0.0035954572243781513,0.010685937400096268,0.01055706367567218,0.01610877422448625,0.016536872078372067,0.016868294945416862,220,16,16,0,8,6,0,0,190,8,16,16,22,,0.36363636363636365,0.03636363636363636,0.5,NOT_ESTIMABLE,,,PROVISIONAL_SMALL_REQUEST_N,0.36363636363636365,0.36363636363636365,PROVISIONAL_SMALL_REQUEST_N,0.4444444444444444,0.5714285714285714,NOT_PRIMARY; use physical units and frozen spans
13,f13-940260e5c34c,FORMAL_10K,HELDOUT_TRIPLE_AUDIT,STRICT_LUMPED,f12d43eace12231077007dc497fee8dad00fbe58cb2f1fe2c6159c47636b97a0,all_candidates,strict_valid,emx_minus_frozen_proxy,Ls_nH,nH,16,0.003094655649314257,0.005072953881580066,0.0018053736852372687,0.001547222162006201,0.005621593097755895,0.008501789455858999,PROVISIONAL_SMALL_REQUEST_N,2,0.002043121945997317,0.0044466275535788935,0.002970283313940622,0.006890516574752218,0.0006367242662213988,0.003307922938257673,0.000556724369569439,0.0026223293272873427,0.005537641306958463,0.013177138338748307,0.0058314725747494744,0.016512740099187573,220,16,16,0,8,6,0,0,190,8,16,16,22,,0.36363636363636365,0.03636363636363636,0.5,NOT_ESTIMABLE,,,PROVISIONAL_SMALL_REQUEST_N,0.36363636363636365,0.36363636363636365,PROVISIONAL_SMALL_REQUEST_N,0.4444444444444444,0.5714285714285714,NOT_PRIMARY; use physical units and frozen spans
13,f13-940260e5c34c,FORMAL_10K,HELDOUT_TRIPLE_AUDIT,STRICT_LUMPED,f12d43eace12231077007dc497fee8dad00fbe58cb2f1fe2c6159c47636b97a0,all_candidates,strict_valid,emx_minus_frozen_proxy,Qmin,dimensionless,16,0.09493080903646978,0.11577472699237493,0.03956362560609761,0.09310144199259796,0.18121564158304881,0.21045744224585317,PROVISIONAL_SMALL_REQUEST_N,2,0.07342044560532715,0.12258699059079602,0.09137311990300057,0.14107706870221684,0.035827556946699195,0.04246945678562971,0.05744866864877629,0.10315437781957115,0.14827646420228985,0.22164661783162248,0.15819004957900518,0.2291060682221353,220,16,16,0,8,6,0,0,190,8,16,16,22,,0.36363636363636365,0.03636363636363636,0.5,NOT_ESTIMABLE,,,PROVISIONAL_SMALL_REQUEST_N,0.36363636363636365,0.36363636363636365,PROVISIONAL_SMALL_REQUEST_N,0.4444444444444444,0.5714285714285714,NOT_PRIMARY; use physical units and frozen spans
13,f13-940260e5c34c,FORMAL_10K,HELDOUT_TRIPLE_AUDIT,STRICT_LUMPED,f12d43eace12231077007dc497fee8dad00fbe58cb2f1fe2c6159c47636b97a0,all_candidates,strict_valid,emx_minus_frozen_proxy,K_abs,dimensionless,16,0.004914782528168153,0.005933620069302774,0.00027017576697274844,0.0036872694259577066,0.009328216397763281,0.010974362718028728,PROVISIONAL_SMALL_REQUEST_N,2,0.004259497884608637,0.005757291355601816,0.00506576603299219,0.006890652929047805,8.568332166319605e-05,0.0005073803395136015,0.0035879626836289313,0.003786576168286482,0.007767312974786225,0.011619084686590302,0.010294191984395046,0.013014874918929775,220,16,16,0,8,6,0,0,190,8,16,16,22,,0.36363636363636365,0.03636363636363636,0.5,NOT_ESTIMABLE,,,PROVISIONAL_SMALL_REQUEST_N,0.36363636363636365,0.36363636363636365,PROVISIONAL_SMALL_REQUEST_N,0.4444444444444444,0.5714285714285714,NOT_PRIMARY; use physical units and frozen spans
13,f13-940260e5c34c,FORMAL_10K,HELDOUT_TRIPLE_AUDIT,STRICT_LUMPED,f12d43eace12231077007dc497fee8dad00fbe58cb2f1fe2c6159c47636b97a0,all_candidates,all_finite_diagnostic,emx_minus_target,Lp_nH,nH,16,0.02838732507901294,0.043302725782184026,0.016180264508908512,0.01528215294397628,0.08873804620440573,0.0952551045287201,PROVISIONAL_SMALL_REQUEST_N,2,0.012653213904203455,0.04062496710386476,0.013909288248569875,0.05641880977278547,-0.0077885938508493536,0.0348227098998313,0.013568633466347846,0.016995672421604713,0.019603133931491958,0.09547283017958712,0.020510922536101317,0.09852098929172537,220,16,16,0,8,6,0,0,190,8,16,16,22,,0.36363636363636365,0.03636363636363636,0.5,NOT_ESTIMABLE,,,PROVISIONAL_SMALL_REQUEST_N,0.36363636363636365,0.36363636363636365,PROVISIONAL_SMALL_REQUEST_N,0.4444444444444444,0.5714285714285714,NOT_PRIMARY; use physical units and frozen spans
13,f13-940260e5c34c,FORMAL_10K,HELDOUT_TRIPLE_AUDIT,STRICT_LUMPED,f12d43eace12231077007dc497fee8dad00fbe58cb2f1fe2c6159c47636b97a0,all_candidates,all_finite_diagnostic,emx_minus_target,Ls_nH,nH,16,0.1097417015587064,0.18250144048747877,-0.06875730955932517,0.02141519921897983,0.3610214494085746,0.3971342084261233,PROVISIONAL_SMALL_REQUEST_N,2,0.03756121091934639,0.16588208316709752,0.05918557030624666,0.23767108232287618,-0.1513214673525091,0.03739660760333988,0.017274901119686215,0.04396899495651385,0.11444586994256506,0.39884981895383664,0.12457296577219079,0.42286836634182356,220,16,16,0,8,6,0,0,190,8,16,16,22,,0.36363636363636365,0.03636363636363636,0.5,NOT_ESTIMABLE,,,PROVISIONAL_SMALL_REQUEST_N,0.36363636363636365,0.36363636363636365,PROVISIONAL_SMALL_REQUEST_N,0.4444444444444444,0.5714285714285714,NOT_PRIMARY; use physical units and frozen spans
13,f13-940260e5c34c,FORMAL_10K,HELDOUT_TRIPLE_AUDIT,STRICT_LUMPED,f12d43eace12231077007dc497fee8dad00fbe58cb2f1fe2c6159c47636b97a0,all_candidates,all_finite_diagnostic,emx_minus_target,Qmin,dimensionless,16,0.9791414435471955,1.4749166890320864,-0.717038363663159,0.4276397325692072,2.6823085513257636,3.192812938598266,PROVISIONAL_SMALL_REQUEST_N,2,0.43298683778838154,1.4039283591373841,0.690276394872926,1.8699583276442469,-1.066138259244915,-0.2681956407723298,0.14891858672070768,1.0589678663514661,1.3606414380263554,3.223194160040755,1.565190642707602,3.6485312602355933,220,16,16,0,8,6,0,0,190,8,16,16,22,,0.36363636363636365,0.03636363636363636,0.5,NOT_ESTIMABLE,,,PROVISIONAL_SMALL_REQUEST_N,0.36363636363636365,0.36363636363636365,PROVISIONAL_SMALL_REQUEST_N,0.4444444444444444,0.5714285714285714,NOT_PRIMARY; use physical units and frozen spans
13,f13-940260e5c34c,FORMAL_10K,HELDOUT_TRIPLE_AUDIT,STRICT_LUMPED,f12d43eace12231077007dc497fee8dad00fbe58cb2f1fe2c6159c47636b97a0,all_candidates,all_finite_diagnostic,emx_minus_target,K_abs,dimensionless,16,0.04711330003760706,0.07163136627375984,-0.041833087573403795,0.012097142559199386,0.11999871781258749,0.14052205451862212,PROVISIONAL_SMALL_REQUEST_N,2,0.047087127920095374,0.04714694990297923,0.06756828349152787,0.07653905234958286,-0.04309823510928773,-0.040849083934382954,0.011513699546139011,0.012680585572259762,0.11676004008439747,0.15054174425082406,0.12809541213306255,0.17780198167530087,220,16,16,0,8,6,0,0,190,8,16,16,22,,0.36363636363636365,0.03636363636363636,0.5,NOT_ESTIMABLE,,,PROVISIONAL_SMALL_REQUEST_N,0.36363636363636365,0.36363636363636365,PROVISIONAL_SMALL_REQUEST_N,0.4444444444444444,0.5714285714285714,NOT_PRIMARY; use physical units and frozen spans
13,f13-940260e5c34c,FORMAL_10K,HELDOUT_TRIPLE_AUDIT,STRICT_LUMPED,f12d43eace12231077007dc497fee8dad00fbe58cb2f1fe2c6159c47636b97a0,all_candidates,all_finite_diagnostic,emx_minus_frozen_proxy,Lp_nH,nH,16,0.007698497545139085,0.009349206329244046,-0.0059064276440164015,0.006682074396273552,0.015436715643676768,0.016619727795133266,PROVISIONAL_SMALL_REQUEST_N,2,0.005599941532082308,0.010396640990497799,0.007115938890550455,0.011605376014970668,-0.006300481216503094,-0.005599941532082308,0.0035954572243781513,0.010685937400096268,0.01055706367567218,0.01610877422448625,0.016536872078372067,0.016868294945416862,220,16,16,0,8,6,0,0,190,8,16,16,22,,0.36363636363636365,0.03636363636363636,0.5,NOT_ESTIMABLE,,,PROVISIONAL_SMALL_REQUEST_N,0.36363636363636365,0.36363636363636365,PROVISIONAL_SMALL_REQUEST_N,0.4444444444444444,0.5714285714285714,NOT_PRIMARY; use physical units and frozen spans
13,f13-940260e5c34c,FORMAL_10K,HELDOUT_TRIPLE_AUDIT,STRICT_LUMPED,f12d43eace12231077007dc497fee8dad00fbe58cb2f1fe2c6159c47636b97a0,all_candidates,all_finite_diagnostic,emx_minus_frozen_proxy,Ls_nH,nH,16,0.003094655649314257,0.005072953881580066,0.0018053736852372687,0.001547222162006201,0.005621593097755895,0.008501789455858999,PROVISIONAL_SMALL_REQUEST_N,2,0.002043121945997317,0.0044466275535788935,0.002970283313940622,0.006890516574752218,0.0006367242662213988,0.003307922938257673,0.000556724369569439,0.0026223293272873427,0.005537641306958463,0.013177138338748307,0.0058314725747494744,0.016512740099187573,220,16,16,0,8,6,0,0,190,8,16,16,22,,0.36363636363636365,0.03636363636363636,0.5,NOT_ESTIMABLE,,,PROVISIONAL_SMALL_REQUEST_N,0.36363636363636365,0.36363636363636365,PROVISIONAL_SMALL_REQUEST_N,0.4444444444444444,0.5714285714285714,NOT_PRIMARY; use physical units and frozen spans
13,f13-940260e5c34c,FORMAL_10K,HELDOUT_TRIPLE_AUDIT,STRICT_LUMPED,f12d43eace12231077007dc497fee8dad00fbe58cb2f1fe2c6159c47636b97a0,all_candidates,all_finite_diagnostic,emx_minus_frozen_proxy,Qmin,dimensionless,16,0.09493080903646978,0.11577472699237493,0.03956362560609761,0.09310144199259796,0.18121564158304881,0.21045744224585317,PROVISIONAL_SMALL_REQUEST_N,2,0.07342044560532715,0.12258699059079602,0.09137311990300057,0.14107706870221684,0.035827556946699195,0.04246945678562971,0.05744866864877629,0.10315437781957115,0.14827646420228985,0.22164661783162248,0.15819004957900518,0.2291060682221353,220,16,16,0,8,6,0,0,190,8,16,16,22,,0.36363636363636365,0.03636363636363636,0.5,NOT_ESTIMABLE,,,PROVISIONAL_SMALL_REQUEST_N,0.36363636363636365,0.36363636363636365,PROVISIONAL_SMALL_REQUEST_N,0.4444444444444444,0.5714285714285714,NOT_PRIMARY; use physical units and frozen spans
13,f13-940260e5c34c,FORMAL_10K,HELDOUT_TRIPLE_AUDIT,STRICT_LUMPED,f12d43eace12231077007dc497fee8dad00fbe58cb2f1fe2c6159c47636b97a0,all_candidates,all_finite_diagnostic,emx_minus_frozen_proxy,K_abs,dimensionless,16,0.004914782528168153,0.005933620069302774,0.00027017576697274844,0.0036872694259577066,0.009328216397763281,0.010974362718028728,PROVISIONAL_SMALL_REQUEST_N,2,0.004259497884608637,0.005757291355601816,0.00506576603299219,0.006890652929047805,8.568332166319605e-05,0.0005073803395136015,0.0035879626836289313,0.003786576168286482,0.007767312974786225,0.011619084686590302,0.010294191984395046,0.013014874918929775,220,16,16,0,8,6,0,0,190,8,16,16,22,,0.36363636363636365,0.03636363636363636,0.5,NOT_ESTIMABLE,,,PROVISIONAL_SMALL_REQUEST_N,0.36363636363636365,0.36363636363636365,PROVISIONAL_SMALL_REQUEST_N,0.4444444444444444,0.5714285714285714,NOT_PRIMARY; use physical units and frozen spans
13,f13-940260e5c34c,FORMAL_10K,HELDOUT_TRIPLE_AUDIT,STRICT_LUMPED,f12d43eace12231077007dc497fee8dad00fbe58cb2f1fe2c6159c47636b97a0,selected_q_proxy,strict_valid,emx_minus_target,Lp_nH,nH,1,0.007683009906276794,0.007683009906276794,-0.007683009906276794,0.007683009906276794,0.007683009906276794,0.007683009906276794,NOT_ESTIMABLE,1,,,,,,,,,,,,,20,1,1,0,0,1,0,0,18,1,1,1,2,,0.5,0.05,1.0,NOT_ESTIMABLE,,,PROVISIONAL_SMALL_REQUEST_N,0.0,1.0,NOT_ESTIMABLE,,,NOT_PRIMARY; use physical units and frozen spans
13,f13-940260e5c34c,FORMAL_10K,HELDOUT_TRIPLE_AUDIT,STRICT_LUMPED,f12d43eace12231077007dc497fee8dad00fbe58cb2f1fe2c6159c47636b97a0,selected_q_proxy,strict_valid,emx_minus_target,Ls_nH,nH,1,0.004350135666308708,0.004350135666308708,0.004350135666308708,0.004350135666308708,0.004350135666308708,0.004350135666308708,NOT_ESTIMABLE,1,,,,,,,,,,,,,20,1,1,0,0,1,0,0,18,1,1,1,2,,0.5,0.05,1.0,NOT_ESTIMABLE,,,PROVISIONAL_SMALL_REQUEST_N,0.0,1.0,NOT_ESTIMABLE,,,NOT_PRIMARY; use physical units and frozen spans
13,f13-940260e5c34c,FORMAL_10K,HELDOUT_TRIPLE_AUDIT,STRICT_LUMPED,f12d43eace12231077007dc497fee8dad00fbe58cb2f1fe2c6159c47636b97a0,selected_q_proxy,strict_valid,emx_minus_target,Qmin,dimensionless,1,0.14381818311410832,0.14381818311410832,0.14381818311410832,0.14381818311410832,0.14381818311410832,0.14381818311410832,NOT_ESTIMABLE,1,,,,,,,,,,,,,20,1,1,0,0,1,0,0,18,1,1,1,2,,0.5,0.05,1.0,NOT_ESTIMABLE,,,PROVISIONAL_SMALL_REQUEST_N,0.0,1.0,NOT_ESTIMABLE,,,NOT_PRIMARY; use physical units and frozen spans
13,f13-940260e5c34c,FORMAL_10K,HELDOUT_TRIPLE_AUDIT,STRICT_LUMPED,f12d43eace12231077007dc497fee8dad00fbe58cb2f1fe2c6159c47636b97a0,selected_q_proxy,strict_valid,emx_minus_target,K_abs,dimensionless,1,0.0043280446792202665,0.0043280446792202665,-0.0043280446792202665,0.0043280446792202665,0.0043280446792202665,0.0043280446792202665,NOT_ESTIMABLE,1,,,,,,,,,,,,,20,1,1,0,0,1,0,0,18,1,1,1,2,,0.5,0.05,1.0,NOT_ESTIMABLE,,,PROVISIONAL_SMALL_REQUEST_N,0.0,1.0,NOT_ESTIMABLE,,,NOT_PRIMARY; use physical units and frozen spans
13,f13-940260e5c34c,FORMAL_10K,HELDOUT_TRIPLE_AUDIT,STRICT_LUMPED,f12d43eace12231077007dc497fee8dad00fbe58cb2f1fe2c6159c47636b97a0,selected_q_proxy,strict_valid,emx_minus_frozen_proxy,Lp_nH,nH,1,0.006472876600709387,0.006472876600709387,-0.006472876600709387,0.006472876600709387,0.006472876600709387,0.006472876600709387,NOT_ESTIMABLE,1,,,,,,,,,,,,,20,1,1,0,0,1,0,0,18,1,1,1,2,,0.5,0.05,1.0,NOT_ESTIMABLE,,,PROVISIONAL_SMALL_REQUEST_N,0.0,1.0,NOT_ESTIMABLE,,,NOT_PRIMARY; use physical units and frozen spans
13,f13-940260e5c34c,FORMAL_10K,HELDOUT_TRIPLE_AUDIT,STRICT_LUMPED,f12d43eace12231077007dc497fee8dad00fbe58cb2f1fe2c6159c47636b97a0,selected_q_proxy,strict_valid,emx_minus_frozen_proxy,Ls_nH,nH,1,0.0058314725747494744,0.0058314725747494744,-0.0058314725747494744,0.0058314725747494744,0.0058314725747494744,0.0058314725747494744,NOT_ESTIMABLE,1,,,,,,,,,,,,,20,1,1,0,0,1,0,0,18,1,1,1,2,,0.5,0.05,1.0,NOT_ESTIMABLE,,,PROVISIONAL_SMALL_REQUEST_N,0.0,1.0,NOT_ESTIMABLE,,,NOT_PRIMARY; use physical units and frozen spans
13,f13-940260e5c34c,FORMAL_10K,HELDOUT_TRIPLE_AUDIT,STRICT_LUMPED,f12d43eace12231077007dc497fee8dad00fbe58cb2f1fe2c6159c47636b97a0,selected_q_proxy,strict_valid,emx_minus_frozen_proxy,Qmin,dimensionless,1,0.05744866864877629,0.05744866864877629,0.05744866864877629,0.05744866864877629,0.05744866864877629,0.05744866864877629,NOT_ESTIMABLE,1,,,,,,,,,,,,,20,1,1,0,0,1,0,0,18,1,1,1,2,,0.5,0.05,1.0,NOT_ESTIMABLE,,,PROVISIONAL_SMALL_REQUEST_N,0.0,1.0,NOT_ESTIMABLE,,,NOT_PRIMARY; use physical units and frozen spans
13,f13-940260e5c34c,FORMAL_10K,HELDOUT_TRIPLE_AUDIT,STRICT_LUMPED,f12d43eace12231077007dc497fee8dad00fbe58cb2f1fe2c6159c47636b97a0,selected_q_proxy,strict_valid,emx_minus_frozen_proxy,K_abs,dimensionless,1,0.0035879626836289313,0.0035879626836289313,-0.0035879626836289313,0.0035879626836289313,0.0035879626836289313,0.0035879626836289313,NOT_ESTIMABLE,1,,,,,,,,,,,,,20,1,1,0,0,1,0,0,18,1,1,1,2,,0.5,0.05,1.0,NOT_ESTIMABLE,,,PROVISIONAL_SMALL_REQUEST_N,0.0,1.0,NOT_ESTIMABLE,,,NOT_PRIMARY; use physical units and frozen spans
13,f13-940260e5c34c,FORMAL_10K,HELDOUT_TRIPLE_AUDIT,STRICT_LUMPED,f12d43eace12231077007dc497fee8dad00fbe58cb2f1fe2c6159c47636b97a0,selected_q_proxy,all_finite_diagnostic,emx_minus_target,Lp_nH,nH,1,0.007683009906276794,0.007683009906276794,-0.007683009906276794,0.007683009906276794,0.007683009906276794,0.007683009906276794,NOT_ESTIMABLE,1,,,,,,,,,,,,,20,1,1,0,0,1,0,0,18,1,1,1,2,,0.5,0.05,1.0,NOT_ESTIMABLE,,,PROVISIONAL_SMALL_REQUEST_N,0.0,1.0,NOT_ESTIMABLE,,,NOT_PRIMARY; use physical units and frozen spans
13,f13-940260e5c34c,FORMAL_10K,HELDOUT_TRIPLE_AUDIT,STRICT_LUMPED,f12d43eace12231077007dc497fee8dad00fbe58cb2f1fe2c6159c47636b97a0,selected_q_proxy,all_finite_diagnostic,emx_minus_target,Ls_nH,nH,1,0.004350135666308708,0.004350135666308708,0.004350135666308708,0.004350135666308708,0.004350135666308708,0.004350135666308708,NOT_ESTIMABLE,1,,,,,,,,,,,,,20,1,1,0,0,1,0,0,18,1,1,1,2,,0.5,0.05,1.0,NOT_ESTIMABLE,,,PROVISIONAL_SMALL_REQUEST_N,0.0,1.0,NOT_ESTIMABLE,,,NOT_PRIMARY; use physical units and frozen spans
13,f13-940260e5c34c,FORMAL_10K,HELDOUT_TRIPLE_AUDIT,STRICT_LUMPED,f12d43eace12231077007dc497fee8dad00fbe58cb2f1fe2c6159c47636b97a0,selected_q_proxy,all_finite_diagnostic,emx_minus_target,Qmin,dimensionless,1,0.14381818311410832,0.14381818311410832,0.14381818311410832,0.14381818311410832,0.14381818311410832,0.14381818311410832,NOT_ESTIMABLE,1,,,,,,,,,,,,,20,1,1,0,0,1,0,0,18,1,1,1,2,,0.5,0.05,1.0,NOT_ESTIMABLE,,,PROVISIONAL_SMALL_REQUEST_N,0.0,1.0,NOT_ESTIMABLE,,,NOT_PRIMARY; use physical units and frozen spans
13,f13-940260e5c34c,FORMAL_10K,HELDOUT_TRIPLE_AUDIT,STRICT_LUMPED,f12d43eace12231077007dc497fee8dad00fbe58cb2f1fe2c6159c47636b97a0,selected_q_proxy,all_finite_diagnostic,emx_minus_target,K_abs,dimensionless,1,0.0043280446792202665,0.0043280446792202665,-0.0043280446792202665,0.0043280446792202665,0.0043280446792202665,0.0043280446792202665,NOT_ESTIMABLE,1,,,,,,,,,,,,,20,1,1,0,0,1,0,0,18,1,1,1,2,,0.5,0.05,1.0,NOT_ESTIMABLE,,,PROVISIONAL_SMALL_REQUEST_N,0.0,1.0,NOT_ESTIMABLE,,,NOT_PRIMARY; use physical units and frozen spans
13,f13-940260e5c34c,FORMAL_10K,HELDOUT_TRIPLE_AUDIT,STRICT_LUMPED,f12d43eace12231077007dc497fee8dad00fbe58cb2f1fe2c6159c47636b97a0,selected_q_proxy,all_finite_diagnostic,emx_minus_frozen_proxy,Lp_nH,nH,1,0.006472876600709387,0.006472876600709387,-0.006472876600709387,0.006472876600709387,0.006472876600709387,0.006472876600709387,NOT_ESTIMABLE,1,,,,,,,,,,,,,20,1,1,0,0,1,0,0,18,1,1,1,2,,0.5,0.05,1.0,NOT_ESTIMABLE,,,PROVISIONAL_SMALL_REQUEST_N,0.0,1.0,NOT_ESTIMABLE,,,NOT_PRIMARY; use physical units and frozen spans
13,f13-940260e5c34c,FORMAL_10K,HELDOUT_TRIPLE_AUDIT,STRICT_LUMPED,f12d43eace12231077007dc497fee8dad00fbe58cb2f1fe2c6159c47636b97a0,selected_q_proxy,all_finite_diagnostic,emx_minus_frozen_proxy,Ls_nH,nH,1,0.0058314725747494744,0.0058314725747494744,-0.0058314725747494744,0.0058314725747494744,0.0058314725747494744,0.0058314725747494744,NOT_ESTIMABLE,1,,,,,,,,,,,,,20,1,1,0,0,1,0,0,18,1,1,1,2,,0.5,0.05,1.0,NOT_ESTIMABLE,,,PROVISIONAL_SMALL_REQUEST_N,0.0,1.0,NOT_ESTIMABLE,,,NOT_PRIMARY; use physical units and frozen spans
13,f13-940260e5c34c,FORMAL_10K,HELDOUT_TRIPLE_AUDIT,STRICT_LUMPED,f12d43eace12231077007dc497fee8dad00fbe58cb2f1fe2c6159c47636b97a0,selected_q_proxy,all_finite_diagnostic,emx_minus_frozen_proxy,Qmin,dimensionless,1,0.05744866864877629,0.05744866864877629,0.05744866864877629,0.05744866864877629,0.05744866864877629,0.05744866864877629,NOT_ESTIMABLE,1,,,,,,,,,,,,,20,1,1,0,0,1,0,0,18,1,1,1,2,,0.5,0.05,1.0,NOT_ESTIMABLE,,,PROVISIONAL_SMALL_REQUEST_N,0.0,1.0,NOT_ESTIMABLE,,,NOT_PRIMARY; use physical units and frozen spans
13,f13-940260e5c34c,FORMAL_10K,HELDOUT_TRIPLE_AUDIT,STRICT_LUMPED,f12d43eace12231077007dc497fee8dad00fbe58cb2f1fe2c6159c47636b97a0,selected_q_proxy,all_finite_diagnostic,emx_minus_frozen_proxy,K_abs,dimensionless,1,0.0035879626836289313,0.0035879626836289313,-0.0035879626836289313,0.0035879626836289313,0.0035879626836289313,0.0035879626836289313,NOT_ESTIMABLE,1,,,,,,,,,,,,,20,1,1,0,0,1,0,0,18,1,1,1,2,,0.5,0.05,1.0,NOT_ESTIMABLE,,,PROVISIONAL_SMALL_REQUEST_N,0.0,1.0,NOT_ESTIMABLE,,,NOT_PRIMARY; use physical units and frozen spans
14,f14-734ef171b954,FORMAL_10K,HELDOUT_TRIPLE_AUDIT,STRICT_LUMPED,f12d43eace12231077007dc497fee8dad00fbe58cb2f1fe2c6159c47636b97a0,all_candidates,strict_valid,emx_minus_target,Lp_nH,nH,22,0.022771016671695697,0.029097499368738074,-0.0015849352836519095,0.02493986387098468,0.049806616414464044,0.05120488842485017,PROVISIONAL_SMALL_REQUEST_N,2,0.01646997788441894,0.029072055458972453,0.02142233596908244,0.03513420641846322,-0.015671436879925095,0.012501566312621277,0.008697953379623424,0.03616817441477016,0.035837514848795715,0.051220647922286755,0.03811673330200178,0.053344260974842024,220,22,22,0,3,0,0,0,195,11,22,22,22,,0.5,0.05,0.5,NOT_ESTIMABLE,,,PROVISIONAL_SMALL_REQUEST_N,0.45454545454545453,0.5454545454545454,PROVISIONAL_SMALL_REQUEST_N,0.45454545454545453,0.5454545454545454,NOT_PRIMARY; use physical units and frozen spans
14,f14-734ef171b954,FORMAL_10K,HELDOUT_TRIPLE_AUDIT,STRICT_LUMPED,f12d43eace12231077007dc497fee8dad00fbe58cb2f1fe2c6159c47636b97a0,all_candidates,strict_valid,emx_minus_target,Ls_nH,nH,22,0.07385857828765097,0.11491489834162068,-0.0711595241276639,0.04101485731008225,0.2359366988559131,0.2674979036859696,PROVISIONAL_SMALL_REQUEST_N,2,0.041316800325141685,0.10640035625016026,0.05618291652915128,0.1524937625347622,-0.10366078790073466,-0.03865826035459314,0.02486567393785033,0.0579700930113114,0.09621487395915373,0.26886749418365863,0.09719718933254116,0.28027764827430546,220,22,22,0,3,0,0,0,195,11,22,22,22,,0.5,0.05,0.5,NOT_ESTIMABLE,,,PROVISIONAL_SMALL_REQUEST_N,0.45454545454545453,0.5454545454545454,PROVISIONAL_SMALL_REQUEST_N,0.45454545454545453,0.5454545454545454,NOT_PRIMARY; use physical units and frozen spans
14,f14-734ef171b954,FORMAL_10K,HELDOUT_TRIPLE_AUDIT,STRICT_LUMPED,f12d43eace12231077007dc497fee8dad00fbe58cb2f1fe2c6159c47636b97a0,all_candidates,strict_valid,emx_minus_target,Qmin,dimensionless,22,1.2796695384332335,1.8480361514359966,-0.6476697002523414,0.8158174197619728,3.25242238036264,3.779112955202023,PROVISIONAL_SMALL_REQUEST_N,2,1.0127059579121132,1.546633118954354,1.4642323599000877,2.16483228686431,-0.9163540132805438,-0.37898538722413894,0.4376843079311179,1.3071164851870627,2.3734987889420616,3.8036165082829214,3.2665431137788117,4.591826660541672,220,22,22,0,3,0,0,0,195,11,22,22,22,,0.5,0.05,0.5,NOT_ESTIMABLE,,,PROVISIONAL_SMALL_REQUEST_N,0.45454545454545453,0.5454545454545454,PROVISIONAL_SMALL_REQUEST_N,0.45454545454545453,0.5454545454545454,NOT_PRIMARY; use physical units and frozen spans
14,f14-734ef171b954,FORMAL_10K,HELDOUT_TRIPLE_AUDIT,STRICT_LUMPED,f12d43eace12231077007dc497fee8dad00fbe58cb2f1fe2c6159c47636b97a0,all_candidates,strict_valid,emx_minus_target,K_abs,dimensionless,22,0.01942509723382583,0.03112045006251525,-0.01564452727245881,0.010121435314016006,0.061587985621642825,0.07432797337550434,PROVISIONAL_SMALL_REQUEST_N,2,0.007899034333133742,0.030951160134517916,0.010549331848710652,0.04272793491069735,-0.0260099285631839,-0.005279125981733723,0.0038821885713628546,0.014775941913768714,0.01717806196774796,0.07491649395280464,0.02081180304737333,0.08281154187925291,220,22,22,0,3,0,0,0,195,11,22,22,22,,0.5,0.05,0.5,NOT_ESTIMABLE,,,PROVISIONAL_SMALL_REQUEST_N,0.45454545454545453,0.5454545454545454,PROVISIONAL_SMALL_REQUEST_N,0.45454545454545453,0.5454545454545454,NOT_PRIMARY; use physical units and frozen spans
14,f14-734ef171b954,FORMAL_10K,HELDOUT_TRIPLE_AUDIT,STRICT_LUMPED,f12d43eace12231077007dc497fee8dad00fbe58cb2f1fe2c6159c47636b97a0,all_candidates,strict_valid,emx_minus_frozen_proxy,Lp_nH,nH,22,0.015002461650601222,0.01927282400952812,-0.010147358052318044,0.008326616768586259,0.03235051022505214,0.033623470401046684,PROVISIONAL_SMALL_REQUEST_N,2,0.014989359586549102,0.01501556371465334,0.01858685125489704,0.019935206320297248,-0.011208637840254316,-0.00908607826438177,0.006229206925817188,0.022718826969995165,0.02645411749407489,0.033666062907286465,0.028091033722402146,0.03398150481317962,220,22,22,0,3,0,0,0,195,11,22,22,22,,0.5,0.05,0.5,NOT_ESTIMABLE,,,PROVISIONAL_SMALL_REQUEST_N,0.45454545454545453,0.5454545454545454,PROVISIONAL_SMALL_REQUEST_N,0.45454545454545453,0.5454545454545454,NOT_PRIMARY; use physical units and frozen spans
14,f14-734ef171b954,FORMAL_10K,HELDOUT_TRIPLE_AUDIT,STRICT_LUMPED,f12d43eace12231077007dc497fee8dad00fbe58cb2f1fe2c6159c47636b97a0,all_candidates,strict_valid,emx_minus_frozen_proxy,Ls_nH,nH,22,0.0038284567510527504,0.00488531138397205,0.0017304341169500637,0.0027027876383166616,0.009740907080827095,0.01027393722352159,PROVISIONAL_SMALL_REQUEST_N,2,0.003445322785349723,0.004211590716755778,0.004424612671330911,0.005306160320366485,0.00044031948944697497,0.0030205487444531524,0.0023383198165289887,0.003205548763031585,0.00558801937995157,0.010074085643697606,0.01027393722352159,0.010495369907391958,220,22,22,0,3,0,0,0,195,11,22,22,22,,0.5,0.05,0.5,NOT_ESTIMABLE,,,PROVISIONAL_SMALL_REQUEST_N,0.45454545454545453,0.5454545454545454,PROVISIONAL_SMALL_REQUEST_N,0.45454545454545453,0.5454545454545454,NOT_PRIMARY; use physical units and frozen spans
14,f14-734ef171b954,FORMAL_10K,HELDOUT_TRIPLE_AUDIT,STRICT_LUMPED,f12d43eace12231077007dc497fee8dad00fbe58cb2f1fe2c6159c47636b97a0,all_candidates,strict_valid,emx_minus_frozen_proxy,Qmin,dimensionless,22,0.2331042951946493,0.3327259813856887,0.1428015934571535,0.16370835388416705,0.5928038198380421,0.7207339372207754,PROVISIONAL_SMALL_REQUEST_N,2,0.19915833349870093,0.2670502568905977,0.26828571192975637,0.3865694428592141,0.11665360848459291,0.16894957842971403,0.11675165537764798,0.16441606438333523,0.5040370532468046,0.7269479973953565,0.5977353068708883,0.8628237132632977,220,22,22,0,3,0,0,0,195,11,22,22,22,,0.5,0.05,0.5,NOT_ESTIMABLE,,,PROVISIONAL_SMALL_REQUEST_N,0.45454545454545453,0.5454545454545454,PROVISIONAL_SMALL_REQUEST_N,0.45454545454545453,0.5454545454545454,NOT_PRIMARY; use physical units and frozen spans
14,f14-734ef171b954,FORMAL_10K,HELDOUT_TRIPLE_AUDIT,STRICT_LUMPED,f12d43eace12231077007dc497fee8dad00fbe58cb2f1fe2c6159c47636b97a0,all_candidates,strict_valid,emx_minus_frozen_proxy,K_abs,dimensionless,22,0.005380383533779342,0.006299759928452428,6.308502692227688e-05,0.0054811721103162625,0.009439963200712108,0.010981547579335258,PROVISIONAL_SMALL_REQUEST_N,2,0.005335841448703809,0.005424925618854873,0.0062883885581960204,0.006311110809787709,-4.9968414353499726e-05,0.0001761384681980535,0.004604142995787347,0.005927650878475937,0.009146336310857484,0.009472588410695953,0.010981547579335258,0.011216740932209783,220,22,22,0,3,0,0,0,195,11,22,22,22,,0.5,0.05,0.5,NOT_ESTIMABLE,,,PROVISIONAL_SMALL_REQUEST_N,0.45454545454545453,0.5454545454545454,PROVISIONAL_SMALL_REQUEST_N,0.45454545454545453,0.5454545454545454,NOT_PRIMARY; use physical units and frozen spans
14,f14-734ef171b954,FORMAL_10K,HELDOUT_TRIPLE_AUDIT,STRICT_LUMPED,f12d43eace12231077007dc497fee8dad00fbe58cb2f1fe2c6159c47636b97a0,all_candidates,all_finite_diagnostic,emx_minus_target,Lp_nH,nH,22,0.022771016671695697,0.029097499368738074,-0.0015849352836519095,0.02493986387098468,0.049806616414464044,0.05120488842485017,PROVISIONAL_SMALL_REQUEST_N,2,0.01646997788441894,0.029072055458972453,0.02142233596908244,0.03513420641846322,-0.015671436879925095,0.012501566312621277,0.008697953379623424,0.03616817441477016,0.035837514848795715,0.051220647922286755,0.03811673330200178,0.053344260974842024,220,22,22,0,3,0,0,0,195,11,22,22,22,,0.5,0.05,0.5,NOT_ESTIMABLE,,,PROVISIONAL_SMALL_REQUEST_N,0.45454545454545453,0.5454545454545454,PROVISIONAL_SMALL_REQUEST_N,0.45454545454545453,0.5454545454545454,NOT_PRIMARY; use physical units and frozen spans
14,f14-734ef171b954,FORMAL_10K,HELDOUT_TRIPLE_AUDIT,STRICT_LUMPED,f12d43eace12231077007dc497fee8dad00fbe58cb2f1fe2c6159c47636b97a0,all_candidates,all_finite_diagnostic,emx_minus_target,Ls_nH,nH,22,0.07385857828765097,0.11491489834162068,-0.0711595241276639,0.04101485731008225,0.2359366988559131,0.2674979036859696,PROVISIONAL_SMALL_REQUEST_N,2,0.041316800325141685,0.10640035625016026,0.05618291652915128,0.1524937625347622,-0.10366078790073466,-0.03865826035459314,0.02486567393785033,0.0579700930113114,0.09621487395915373,0.26886749418365863,0.09719718933254116,0.28027764827430546,220,22,22,0,3,0,0,0,195,11,22,22,22,,0.5,0.05,0.5,NOT_ESTIMABLE,,,PROVISIONAL_SMALL_REQUEST_N,0.45454545454545453,0.5454545454545454,PROVISIONAL_SMALL_REQUEST_N,0.45454545454545453,0.5454545454545454,NOT_PRIMARY; use physical units and frozen spans
14,f14-734ef171b954,FORMAL_10K,HELDOUT_TRIPLE_AUDIT,STRICT_LUMPED,f12d43eace12231077007dc497fee8dad00fbe58cb2f1fe2c6159c47636b97a0,all_candidates,all_finite_diagnostic,emx_minus_target,Qmin,dimensionless,22,1.2796695384332335,1.8480361514359966,-0.6476697002523414,0.8158174197619728,3.25242238036264,3.779112955202023,PROVISIONAL_SMALL_REQUEST_N,2,1.0127059579121132,1.546633118954354,1.4642323599000877,2.16483228686431,-0.9163540132805438,-0.37898538722413894,0.4376843079311179,1.3071164851870627,2.3734987889420616,3.8036165082829214,3.2665431137788117,4.591826660541672,220,22,22,0,3,0,0,0,195,11,22,22,22,,0.5,0.05,0.5,NOT_ESTIMABLE,,,PROVISIONAL_SMALL_REQUEST_N,0.45454545454545453,0.5454545454545454,PROVISIONAL_SMALL_REQUEST_N,0.45454545454545453,0.5454545454545454,NOT_PRIMARY; use physical units and frozen spans
14,f14-734ef171b954,FORMAL_10K,HELDOUT_TRIPLE_AUDIT,STRICT_LUMPED,f12d43eace12231077007dc497fee8dad00fbe58cb2f1fe2c6159c47636b97a0,all_candidates,all_finite_diagnostic,emx_minus_target,K_abs,dimensionless,22,0.01942509723382583,0.03112045006251525,-0.01564452727245881,0.010121435314016006,0.061587985621642825,0.07432797337550434,PROVISIONAL_SMALL_REQUEST_N,2,0.007899034333133742,0.030951160134517916,0.010549331848710652,0.04272793491069735,-0.0260099285631839,-0.005279125981733723,0.0038821885713628546,0.014775941913768714,0.01717806196774796,0.07491649395280464,0.02081180304737333,0.08281154187925291,220,22,22,0,3,0,0,0,195,11,22,22,22,,0.5,0.05,0.5,NOT_ESTIMABLE,,,PROVISIONAL_SMALL_REQUEST_N,0.45454545454545453,0.5454545454545454,PROVISIONAL_SMALL_REQUEST_N,0.45454545454545453,0.5454545454545454,NOT_PRIMARY; use physical units and frozen spans
14,f14-734ef171b954,FORMAL_10K,HELDOUT_TRIPLE_AUDIT,STRICT_LUMPED,f12d43eace12231077007dc497fee8dad00fbe58cb2f1fe2c6159c47636b97a0,all_candidates,all_finite_diagnostic,emx_minus_frozen_proxy,Lp_nH,nH,22,0.015002461650601222,0.01927282400952812,-0.010147358052318044,0.008326616768586259,0.03235051022505214,0.033623470401046684,PROVISIONAL_SMALL_REQUEST_N,2,0.014989359586549102,0.01501556371465334,0.01858685125489704,0.019935206320297248,-0.011208637840254316,-0.00908607826438177,0.006229206925817188,0.022718826969995165,0.02645411749407489,0.033666062907286465,0.028091033722402146,0.03398150481317962,220,22,22,0,3,0,0,0,195,11,22,22,22,,0.5,0.05,0.5,NOT_ESTIMABLE,,,PROVISIONAL_SMALL_REQUEST_N,0.45454545454545453,0.5454545454545454,PROVISIONAL_SMALL_REQUEST_N,0.45454545454545453,0.5454545454545454,NOT_PRIMARY; use physical units and frozen spans
14,f14-734ef171b954,FORMAL_10K,HELDOUT_TRIPLE_AUDIT,STRICT_LUMPED,f12d43eace12231077007dc497fee8dad00fbe58cb2f1fe2c6159c47636b97a0,all_candidates,all_finite_diagnostic,emx_minus_frozen_proxy,Ls_nH,nH,22,0.0038284567510527504,0.00488531138397205,0.0017304341169500637,0.0027027876383166616,0.009740907080827095,0.01027393722352159,PROVISIONAL_SMALL_REQUEST_N,2,0.003445322785349723,0.004211590716755778,0.004424612671330911,0.005306160320366485,0.00044031948944697497,0.0030205487444531524,0.0023383198165289887,0.003205548763031585,0.00558801937995157,0.010074085643697606,0.01027393722352159,0.010495369907391958,220,22,22,0,3,0,0,0,195,11,22,22,22,,0.5,0.05,0.5,NOT_ESTIMABLE,,,PROVISIONAL_SMALL_REQUEST_N,0.45454545454545453,0.5454545454545454,PROVISIONAL_SMALL_REQUEST_N,0.45454545454545453,0.5454545454545454,NOT_PRIMARY; use physical units and frozen spans
14,f14-734ef171b954,FORMAL_10K,HELDOUT_TRIPLE_AUDIT,STRICT_LUMPED,f12d43eace12231077007dc497fee8dad00fbe58cb2f1fe2c6159c47636b97a0,all_candidates,all_finite_diagnostic,emx_minus_frozen_proxy,Qmin,dimensionless,22,0.2331042951946493,0.3327259813856887,0.1428015934571535,0.16370835388416705,0.5928038198380421,0.7207339372207754,PROVISIONAL_SMALL_REQUEST_N,2,0.19915833349870093,0.2670502568905977,0.26828571192975637,0.3865694428592141,0.11665360848459291,0.16894957842971403,0.11675165537764798,0.16441606438333523,0.5040370532468046,0.7269479973953565,0.5977353068708883,0.8628237132632977,220,22,22,0,3,0,0,0,195,11,22,22,22,,0.5,0.05,0.5,NOT_ESTIMABLE,,,PROVISIONAL_SMALL_REQUEST_N,0.45454545454545453,0.5454545454545454,PROVISIONAL_SMALL_REQUEST_N,0.45454545454545453,0.5454545454545454,NOT_PRIMARY; use physical units and frozen spans
14,f14-734ef171b954,FORMAL_10K,HELDOUT_TRIPLE_AUDIT,STRICT_LUMPED,f12d43eace12231077007dc497fee8dad00fbe58cb2f1fe2c6159c47636b97a0,all_candidates,all_finite_diagnostic,emx_minus_frozen_proxy,K_abs,dimensionless,22,0.005380383533779342,0.006299759928452428,6.308502692227688e-05,0.0054811721103162625,0.009439963200712108,0.010981547579335258,PROVISIONAL_SMALL_REQUEST_N,2,0.005335841448703809,0.005424925618854873,0.0062883885581960204,0.006311110809787709,-4.9968414353499726e-05,0.0001761384681980535,0.004604142995787347,0.005927650878475937,0.009146336310857484,0.009472588410695953,0.010981547579335258,0.011216740932209783,220,22,22,0,3,0,0,0,195,11,22,22,22,,0.5,0.05,0.5,NOT_ESTIMABLE,,,PROVISIONAL_SMALL_REQUEST_N,0.45454545454545453,0.5454545454545454,PROVISIONAL_SMALL_REQUEST_N,0.45454545454545453,0.5454545454545454,NOT_PRIMARY; use physical units and frozen spans
14,f14-734ef171b954,FORMAL_10K,HELDOUT_TRIPLE_AUDIT,STRICT_LUMPED,f12d43eace12231077007dc497fee8dad00fbe58cb2f1fe2c6159c47636b97a0,selected_q_proxy,strict_valid,emx_minus_target,Lp_nH,nH,2,0.004543028420618489,0.005390452054200715,-0.002901355910275294,0.004543028420618489,0.006864113148838724,0.0071542487398662535,PROVISIONAL_SMALL_REQUEST_N,2,0.001641672510343195,0.007444384330893783,0.001641672510343195,0.007444384330893783,-0.007444384330893783,0.001641672510343195,0.001641672510343195,0.007444384330893783,0.001641672510343195,0.007444384330893783,0.001641672510343195,0.007444384330893783,20,2,2,0,0,0,0,0,18,2,2,2,2,,1.0,0.1,1.0,NOT_ESTIMABLE,,,PROVISIONAL_SMALL_REQUEST_N,1.0,1.0,PROVISIONAL_SMALL_REQUEST_N,1.0,1.0,NOT_PRIMARY; use physical units and frozen spans
14,f14-734ef171b954,FORMAL_10K,HELDOUT_TRIPLE_AUDIT,STRICT_LUMPED,f12d43eace12231077007dc497fee8dad00fbe58cb2f1fe2c6159c47636b97a0,selected_q_proxy,strict_valid,emx_minus_target,Ls_nH,nH,2,0.007308352239782212,0.008749746611332767,0.0048110345355026896,0.007308352239782212,0.011157179868184364,0.011638283321734633,PROVISIONAL_SMALL_REQUEST_N,2,0.0024973177042795225,0.012119386775284902,0.0024973177042795225,0.012119386775284902,-0.0024973177042795225,0.012119386775284902,0.0024973177042795225,0.012119386775284902,0.0024973177042795225,0.012119386775284902,0.0024973177042795225,0.012119386775284902,20,2,2,0,0,0,0,0,18,2,2,2,2,,1.0,0.1,1.0,NOT_ESTIMABLE,,,PROVISIONAL_SMALL_REQUEST_N,1.0,1.0,PROVISIONAL_SMALL_REQUEST_N,1.0,1.0,NOT_PRIMARY; use physical units and frozen spans
14,f14-734ef171b954,FORMAL_10K,HELDOUT_TRIPLE_AUDIT,STRICT_LUMPED,f12d43eace12231077007dc497fee8dad00fbe58cb2f1fe2c6159c47636b97a0,selected_q_proxy,strict_valid,emx_minus_target,Qmin,dimensionless,2,0.11643833594891184,0.13339277727667792,0.06508261635055668,0.11643833594891184,0.1685044290293572,0.17501269066441283,PROVISIONAL_SMALL_REQUEST_N,2,0.051355719598355165,0.18152095229946852,0.051355719598355165,0.18152095229946852,-0.051355719598355165,0.18152095229946852,0.051355719598355165,0.18152095229946852,0.051355719598355165,0.18152095229946852,0.051355719598355165,0.18152095229946852,20,2,2,0,0,0,0,0,18,2,2,2,2,,1.0,0.1,1.0,NOT_ESTIMABLE,,,PROVISIONAL_SMALL_REQUEST_N,1.0,1.0,PROVISIONAL_SMALL_REQUEST_N,1.0,1.0,NOT_PRIMARY; use physical units and frozen spans
14,f14-734ef171b954,FORMAL_10K,HELDOUT_TRIPLE_AUDIT,STRICT_LUMPED,f12d43eace12231077007dc497fee8dad00fbe58cb2f1fe2c6159c47636b97a0,selected_q_proxy,strict_valid,emx_minus_target,K_abs,dimensionless,2,0.003954744247042494,0.004152328230479497,0.0012656333095021205,0.003954744247042494,0.00496725089464419,0.005093814225594402,PROVISIONAL_SMALL_REQUEST_N,2,0.0026891109375403732,0.005220377556544614,0.0026891109375403732,0.005220377556544614,-0.0026891109375403732,0.005220377556544614,0.0026891109375403732,0.005220377556544614,0.0026891109375403732,0.005220377556544614,0.0026891109375403732,0.005220377556544614,20,2,2,0,0,0,0,0,18,2,2,2,2,,1.0,0.1,1.0,NOT_ESTIMABLE,,,PROVISIONAL_SMALL_REQUEST_N,1.0,1.0,PROVISIONAL_SMALL_REQUEST_N,1.0,1.0,NOT_PRIMARY; use physical units and frozen spans
14,f14-734ef171b954,FORMAL_10K,HELDOUT_TRIPLE_AUDIT,STRICT_LUMPED,f12d43eace12231077007dc497fee8dad00fbe58cb2f1fe2c6159c47636b97a0,selected_q_proxy,strict_valid,emx_minus_frozen_proxy,Lp_nH,nH,2,0.004932888546776981,0.005091534287656637,-0.00126108365601163,0.004932888546776981,0.005941755471586286,0.006067863837187448,PROVISIONAL_SMALL_REQUEST_N,2,0.003671804890765351,0.006193972202788611,0.003671804890765351,0.006193972202788611,-0.006193972202788611,0.003671804890765351,0.003671804890765351,0.006193972202788611,0.003671804890765351,0.006193972202788611,0.003671804890765351,0.006193972202788611,20,2,2,0,0,0,0,0,18,2,2,2,2,,1.0,0.1,1.0,NOT_ESTIMABLE,,,PROVISIONAL_SMALL_REQUEST_N,1.0,1.0,PROVISIONAL_SMALL_REQUEST_N,1.0,1.0,NOT_PRIMARY; use physical units and frozen spans
14,f14-734ef171b954,FORMAL_10K,HELDOUT_TRIPLE_AUDIT,STRICT_LUMPED,f12d43eace12231077007dc497fee8dad00fbe58cb2f1fe2c6159c47636b97a0,selected_q_proxy,strict_valid,emx_minus_frozen_proxy,Ls_nH,nH,2,0.0061393864832003375,0.0076800721458512656,0.004614265030899012,0.0061393864832003375,0.009830798507919547,0.010292225011009447,PROVISIONAL_SMALL_REQUEST_N,2,0.0015251214523013257,0.01075365151409935,0.0015251214523013257,0.01075365151409935,-0.0015251214523013257,0.01075365151409935,0.0015251214523013257,0.01075365151409935,0.0015251214523013257,0.01075365151409935,0.0015251214523013257,0.01075365151409935,20,2,2,0,0,0,0,0,18,2,2,2,2,,1.0,0.1,1.0,NOT_ESTIMABLE,,,PROVISIONAL_SMALL_REQUEST_N,1.0,1.0,PROVISIONAL_SMALL_REQUEST_N,1.0,1.0,NOT_PRIMARY; use physical units and frozen spans
14,f14-734ef171b954,FORMAL_10K,HELDOUT_TRIPLE_AUDIT,STRICT_LUMPED,f12d43eace12231077007dc497fee8dad00fbe58cb2f1fe2c6159c47636b97a0,selected_q_proxy,strict_valid,emx_minus_frozen_proxy,Qmin,dimensionless,2,0.125251240306822,0.13646405582557555,0.05417162849655277,0.125251240306822,0.16858854310406424,0.1740057059537195,PROVISIONAL_SMALL_REQUEST_N,2,0.07107961181026923,0.17942286880337477,0.07107961181026923,0.17942286880337477,-0.07107961181026923,0.17942286880337477,0.07107961181026923,0.17942286880337477,0.07107961181026923,0.17942286880337477,0.07107961181026923,0.17942286880337477,20,2,2,0,0,0,0,0,18,2,2,2,2,,1.0,0.1,1.0,NOT_ESTIMABLE,,,PROVISIONAL_SMALL_REQUEST_N,1.0,1.0,PROVISIONAL_SMALL_REQUEST_N,1.0,1.0,NOT_PRIMARY; use physical units and frozen spans
14,f14-734ef171b954,FORMAL_10K,HELDOUT_TRIPLE_AUDIT,STRICT_LUMPED,f12d43eace12231077007dc497fee8dad00fbe58cb2f1fe2c6159c47636b97a0,selected_q_proxy,strict_valid,emx_minus_frozen_proxy,K_abs,dimensionless,2,0.005179901590033523,0.0052567425665446975,0.0008955232707702904,0.005179901590033523,0.005896320206649755,0.005985872533726784,PROVISIONAL_SMALL_REQUEST_N,2,0.004284378319263232,0.006075424860803813,0.004284378319263232,0.006075424860803813,-0.004284378319263232,0.006075424860803813,0.004284378319263232,0.006075424860803813,0.004284378319263232,0.006075424860803813,0.004284378319263232,0.006075424860803813,20,2,2,0,0,0,0,0,18,2,2,2,2,,1.0,0.1,1.0,NOT_ESTIMABLE,,,PROVISIONAL_SMALL_REQUEST_N,1.0,1.0,PROVISIONAL_SMALL_REQUEST_N,1.0,1.0,NOT_PRIMARY; use physical units and frozen spans
14,f14-734ef171b954,FORMAL_10K,HELDOUT_TRIPLE_AUDIT,STRICT_LUMPED,f12d43eace12231077007dc497fee8dad00fbe58cb2f1fe2c6159c47636b97a0,selected_q_proxy,all_finite_diagnostic,emx_minus_target,Lp_nH,nH,2,0.004543028420618489,0.005390452054200715,-0.002901355910275294,0.004543028420618489,0.006864113148838724,0.0071542487398662535,PROVISIONAL_SMALL_REQUEST_N,2,0.001641672510343195,0.007444384330893783,0.001641672510343195,0.007444384330893783,-0.007444384330893783,0.001641672510343195,0.001641672510343195,0.007444384330893783,0.001641672510343195,0.007444384330893783,0.001641672510343195,0.007444384330893783,20,2,2,0,0,0,0,0,18,2,2,2,2,,1.0,0.1,1.0,NOT_ESTIMABLE,,,PROVISIONAL_SMALL_REQUEST_N,1.0,1.0,PROVISIONAL_SMALL_REQUEST_N,1.0,1.0,NOT_PRIMARY; use physical units and frozen spans
14,f14-734ef171b954,FORMAL_10K,HELDOUT_TRIPLE_AUDIT,STRICT_LUMPED,f12d43eace12231077007dc497fee8dad00fbe58cb2f1fe2c6159c47636b97a0,selected_q_proxy,all_finite_diagnostic,emx_minus_target,Ls_nH,nH,2,0.007308352239782212,0.008749746611332767,0.0048110345355026896,0.007308352239782212,0.011157179868184364,0.011638283321734633,PROVISIONAL_SMALL_REQUEST_N,2,0.0024973177042795225,0.012119386775284902,0.0024973177042795225,0.012119386775284902,-0.0024973177042795225,0.012119386775284902,0.0024973177042795225,0.012119386775284902,0.0024973177042795225,0.012119386775284902,0.0024973177042795225,0.012119386775284902,20,2,2,0,0,0,0,0,18,2,2,2,2,,1.0,0.1,1.0,NOT_ESTIMABLE,,,PROVISIONAL_SMALL_REQUEST_N,1.0,1.0,PROVISIONAL_SMALL_REQUEST_N,1.0,1.0,NOT_PRIMARY; use physical units and frozen spans
14,f14-734ef171b954,FORMAL_10K,HELDOUT_TRIPLE_AUDIT,STRICT_LUMPED,f12d43eace12231077007dc497fee8dad00fbe58cb2f1fe2c6159c47636b97a0,selected_q_proxy,all_finite_diagnostic,emx_minus_target,Qmin,dimensionless,2,0.11643833594891184,0.13339277727667792,0.06508261635055668,0.11643833594891184,0.1685044290293572,0.17501269066441283,PROVISIONAL_SMALL_REQUEST_N,2,0.051355719598355165,0.18152095229946852,0.051355719598355165,0.18152095229946852,-0.051355719598355165,0.18152095229946852,0.051355719598355165,0.18152095229946852,0.051355719598355165,0.18152095229946852,0.051355719598355165,0.18152095229946852,20,2,2,0,0,0,0,0,18,2,2,2,2,,1.0,0.1,1.0,NOT_ESTIMABLE,,,PROVISIONAL_SMALL_REQUEST_N,1.0,1.0,PROVISIONAL_SMALL_REQUEST_N,1.0,1.0,NOT_PRIMARY; use physical units and frozen spans
14,f14-734ef171b954,FORMAL_10K,HELDOUT_TRIPLE_AUDIT,STRICT_LUMPED,f12d43eace12231077007dc497fee8dad00fbe58cb2f1fe2c6159c47636b97a0,selected_q_proxy,all_finite_diagnostic,emx_minus_target,K_abs,dimensionless,2,0.003954744247042494,0.004152328230479497,0.0012656333095021205,0.003954744247042494,0.00496725089464419,0.005093814225594402,PROVISIONAL_SMALL_REQUEST_N,2,0.0026891109375403732,0.005220377556544614,0.0026891109375403732,0.005220377556544614,-0.0026891109375403732,0.005220377556544614,0.0026891109375403732,0.005220377556544614,0.0026891109375403732,0.005220377556544614,0.0026891109375403732,0.005220377556544614,20,2,2,0,0,0,0,0,18,2,2,2,2,,1.0,0.1,1.0,NOT_ESTIMABLE,,,PROVISIONAL_SMALL_REQUEST_N,1.0,1.0,PROVISIONAL_SMALL_REQUEST_N,1.0,1.0,NOT_PRIMARY; use physical units and frozen spans
14,f14-734ef171b954,FORMAL_10K,HELDOUT_TRIPLE_AUDIT,STRICT_LUMPED,f12d43eace12231077007dc497fee8dad00fbe58cb2f1fe2c6159c47636b97a0,selected_q_proxy,all_finite_diagnostic,emx_minus_frozen_proxy,Lp_nH,nH,2,0.004932888546776981,0.005091534287656637,-0.00126108365601163,0.004932888546776981,0.005941755471586286,0.006067863837187448,PROVISIONAL_SMALL_REQUEST_N,2,0.003671804890765351,0.006193972202788611,0.003671804890765351,0.006193972202788611,-0.006193972202788611,0.003671804890765351,0.003671804890765351,0.006193972202788611,0.003671804890765351,0.006193972202788611,0.003671804890765351,0.006193972202788611,20,2,2,0,0,0,0,0,18,2,2,2,2,,1.0,0.1,1.0,NOT_ESTIMABLE,,,PROVISIONAL_SMALL_REQUEST_N,1.0,1.0,PROVISIONAL_SMALL_REQUEST_N,1.0,1.0,NOT_PRIMARY; use physical units and frozen spans
14,f14-734ef171b954,FORMAL_10K,HELDOUT_TRIPLE_AUDIT,STRICT_LUMPED,f12d43eace12231077007dc497fee8dad00fbe58cb2f1fe2c6159c47636b97a0,selected_q_proxy,all_finite_diagnostic,emx_minus_frozen_proxy,Ls_nH,nH,2,0.0061393864832003375,0.0076800721458512656,0.004614265030899012,0.0061393864832003375,0.009830798507919547,0.010292225011009447,PROVISIONAL_SMALL_REQUEST_N,2,0.0015251214523013257,0.01075365151409935,0.0015251214523013257,0.01075365151409935,-0.0015251214523013257,0.01075365151409935,0.0015251214523013257,0.01075365151409935,0.0015251214523013257,0.01075365151409935,0.0015251214523013257,0.01075365151409935,20,2,2,0,0,0,0,0,18,2,2,2,2,,1.0,0.1,1.0,NOT_ESTIMABLE,,,PROVISIONAL_SMALL_REQUEST_N,1.0,1.0,PROVISIONAL_SMALL_REQUEST_N,1.0,1.0,NOT_PRIMARY; use physical units and frozen spans
14,f14-734ef171b954,FORMAL_10K,HELDOUT_TRIPLE_AUDIT,STRICT_LUMPED,f12d43eace12231077007dc497fee8dad00fbe58cb2f1fe2c6159c47636b97a0,selected_q_proxy,all_finite_diagnostic,emx_minus_frozen_proxy,Qmin,dimensionless,2,0.125251240306822,0.13646405582557555,0.05417162849655277,0.125251240306822,0.16858854310406424,0.1740057059537195,PROVISIONAL_SMALL_REQUEST_N,2,0.07107961181026923,0.17942286880337477,0.07107961181026923,0.17942286880337477,-0.07107961181026923,0.17942286880337477,0.07107961181026923,0.17942286880337477,0.07107961181026923,0.17942286880337477,0.07107961181026923,0.17942286880337477,20,2,2,0,0,0,0,0,18,2,2,2,2,,1.0,0.1,1.0,NOT_ESTIMABLE,,,PROVISIONAL_SMALL_REQUEST_N,1.0,1.0,PROVISIONAL_SMALL_REQUEST_N,1.0,1.0,NOT_PRIMARY; use physical units and frozen spans
14,f14-734ef171b954,FORMAL_10K,HELDOUT_TRIPLE_AUDIT,STRICT_LUMPED,f12d43eace12231077007dc497fee8dad00fbe58cb2f1fe2c6159c47636b97a0,selected_q_proxy,all_finite_diagnostic,emx_minus_frozen_proxy,K_abs,dimensionless,2,0.005179901590033523,0.0052567425665446975,0.0008955232707702904,0.005179901590033523,0.005896320206649755,0.005985872533726784,PROVISIONAL_SMALL_REQUEST_N,2,0.004284378319263232,0.006075424860803813,0.004284378319263232,0.006075424860803813,-0.004284378319263232,0.006075424860803813,0.004284378319263232,0.006075424860803813,0.004284378319263232,0.006075424860803813,0.004284378319263232,0.006075424860803813,20,2,2,0,0,0,0,0,18,2,2,2,2,,1.0,0.1,1.0,NOT_ESTIMABLE,,,PROVISIONAL_SMALL_REQUEST_N,1.0,1.0,PROVISIONAL_SMALL_REQUEST_N,1.0,1.0,NOT_PRIMARY; use physical units and frozen spans
16,f16-d1f0e127f1c7,FORMAL_10K,HELDOUT_TRIPLE_AUDIT,STRICT_LUMPED,f12d43eace12231077007dc497fee8dad00fbe58cb2f1fe2c6159c47636b97a0,all_candidates,strict_valid,emx_minus_target,Lp_nH,nH,15,0.0628820907971637,0.12289942328708778,-0.059434635471650135,0.013149355282506825,0.19254342368928976,0.3048752972918526,PROVISIONAL_SMALL_REQUEST_N,2,0.021181690383845486,0.11053969126952737,0.03262020272909234,0.17649419361383492,-0.10640311695288153,-0.018337214175572658,0.00641160990917089,0.03687439988627217,0.05903070661737864,0.3405182381609303,0.06330522365970537,0.3672504438127384,220,15,15,0,38,2,0,0,165,9,15,15,22,,0.4090909090909091,0.04090909090909091,0.6,NOT_ESTIMABLE,,,PROVISIONAL_SMALL_REQUEST_N,0.36363636363636365,0.45454545454545453,PROVISIONAL_SMALL_REQUEST_N,0.5714285714285714,0.625,NOT_PRIMARY; use physical units and frozen spans
16,f16-d1f0e127f1c7,FORMAL_10K,HELDOUT_TRIPLE_AUDIT,STRICT_LUMPED,f12d43eace12231077007dc497fee8dad00fbe58cb2f1fe2c6159c47636b97a0,all_candidates,strict_valid,emx_minus_target,Ls_nH,nH,15,0.031662123618020656,0.05516755822146509,0.018782370129985064,0.008810745386859553,0.09391445423137247,0.1364444639496876,PROVISIONAL_SMALL_REQUEST_N,2,0.013847596554565827,0.05202158311911188,0.019216483662593285,0.07810039898100336,-0.010301941235500905,0.05202158311911188,0.007091310638129844,0.03166255890891723,0.03392633786353838,0.1467191910719998,0.04167850766650094,0.15442523641373385,220,15,15,0,38,2,0,0,165,9,15,15,22,,0.4090909090909091,0.04090909090909091,0.6,NOT_ESTIMABLE,,,PROVISIONAL_SMALL_REQUEST_N,0.36363636363636365,0.45454545454545453,PROVISIONAL_SMALL_REQUEST_N,0.5714285714285714,0.625,NOT_PRIMARY; use physical units and frozen spans
16,f16-d1f0e127f1c7,FORMAL_10K,HELDOUT_TRIPLE_AUDIT,STRICT_LUMPED,f12d43eace12231077007dc497fee8dad00fbe58cb2f1fe2c6159c47636b97a0,all_candidates,strict_valid,emx_minus_target,Qmin,dimensionless,15,0.3815174313025805,0.5884015347169365,0.12453647912746911,0.1524688087368613,1.0140515128772567,1.3728519047024157,PROVISIONAL_SMALL_REQUEST_N,2,0.3731758672330811,0.3888162998633924,0.547046020852126,0.6323618651438584,0.06937130469039461,0.17280600675990931,0.13171168873078543,0.25148494564983004,0.9179293667777193,1.2609508938958238,1.2973962488325235,1.548915101732165,220,15,15,0,38,2,0,0,165,9,15,15,22,,0.4090909090909091,0.04090909090909091,0.6,NOT_ESTIMABLE,,,PROVISIONAL_SMALL_REQUEST_N,0.36363636363636365,0.45454545454545453,PROVISIONAL_SMALL_REQUEST_N,0.5714285714285714,0.625,NOT_PRIMARY; use physical units and frozen spans
16,f16-d1f0e127f1c7,FORMAL_10K,HELDOUT_TRIPLE_AUDIT,STRICT_LUMPED,f12d43eace12231077007dc497fee8dad00fbe58cb2f1fe2c6159c47636b97a0,all_candidates,strict_valid,emx_minus_target,K_abs,dimensionless,15,0.02183949702479693,0.03262581456525241,0.012856747158647232,0.01130285016610924,0.05094008741870149,0.06364449096415753,PROVISIONAL_SMALL_REQUEST_N,2,0.010655800374520002,0.031625231593789244,0.013504638977264687,0.04285153107438191,0.006796343840494777,0.018159600062030632,0.011222989077657938,0.020004763010518012,0.02245957296887513,0.07187406685827577,0.0227833892734515,0.09244800659357125,220,15,15,0,38,2,0,0,165,9,15,15,22,,0.4090909090909091,0.04090909090909091,0.6,NOT_ESTIMABLE,,,PROVISIONAL_SMALL_REQUEST_N,0.36363636363636365,0.45454545454545453,PROVISIONAL_SMALL_REQUEST_N,0.5714285714285714,0.625,NOT_PRIMARY; use physical units and frozen spans
16,f16-d1f0e127f1c7,FORMAL_10K,HELDOUT_TRIPLE_AUDIT,STRICT_LUMPED,f12d43eace12231077007dc497fee8dad00fbe58cb2f1fe2c6159c47636b97a0,all_candidates,strict_valid,emx_minus_frozen_proxy,Lp_nH,nH,15,0.006888342546883974,0.008199620390831818,-0.0013628083160054743,0.005901545658587359,0.01382984309369637,0.014346135328929054,PROVISIONAL_SMALL_REQUEST_N,2,0.005729570286262309,0.008212653701880164,0.006776393528814181,0.009570419786638234,-0.0015933408540458962,-0.001161092345220105,0.00560900010841392,0.008611123770476459,0.01073655137860352,0.014672626627177767,0.014003554301085908,0.015145491060563065,220,15,15,0,38,2,0,0,165,9,15,15,22,,0.4090909090909091,0.04090909090909091,0.6,NOT_ESTIMABLE,,,PROVISIONAL_SMALL_REQUEST_N,0.36363636363636365,0.45454545454545453,PROVISIONAL_SMALL_REQUEST_N,0.5714285714285714,0.625,NOT_PRIMARY; use physical units and frozen spans
16,f16-d1f0e127f1c7,FORMAL_10K,HELDOUT_TRIPLE_AUDIT,STRICT_LUMPED,f12d43eace12231077007dc497fee8dad00fbe58cb2f1fe2c6159c47636b97a0,all_candidates,strict_valid,emx_minus_frozen_proxy,Ls_nH,nH,15,0.009150377626043649,0.013442047003843738,0.0005895471337106069,0.005149398351042889,0.022882171586328947,0.02786997379761441,PROVISIONAL_SMALL_REQUEST_N,2,0.007833317819880975,0.010655588833086704,0.00991751338691035,0.01657654470529626,-0.004567937917217352,0.00648381576334256,0.00458105110363205,0.005675042012118325,0.017923869860768438,0.03209721366101542,0.020156113115726848,0.03526764355856615,220,15,15,0,38,2,0,0,165,9,15,15,22,,0.4090909090909091,0.04090909090909091,0.6,NOT_ESTIMABLE,,,PROVISIONAL_SMALL_REQUEST_N,0.36363636363636365,0.45454545454545453,PROVISIONAL_SMALL_REQUEST_N,0.5714285714285714,0.625,NOT_PRIMARY; use physical units and frozen spans
16,f16-d1f0e127f1c7,FORMAL_10K,HELDOUT_TRIPLE_AUDIT,STRICT_LUMPED,f12d43eace12231077007dc497fee8dad00fbe58cb2f1fe2c6159c47636b97a0,all_candidates,strict_valid,emx_minus_frozen_proxy,Qmin,dimensionless,15,0.26769166297785885,0.38327262856670297,-0.1179651611923551,0.17689145430570896,0.713196150961722,0.8391607871246074,PROVISIONAL_SMALL_REQUEST_N,2,0.14749371896523278,0.4050607418494315,0.181967844797222,0.5262495666513698,-0.1385212494565083,-0.09997858396122106,0.1309521648606271,0.25376485997908205,0.28679906309546155,0.8927193221249641,0.31171493318995047,0.9328882233752314,220,15,15,0,38,2,0,0,165,9,15,15,22,,0.4090909090909091,0.04090909090909091,0.6,NOT_ESTIMABLE,,,PROVISIONAL_SMALL_REQUEST_N,0.36363636363636365,0.45454545454545453,PROVISIONAL_SMALL_REQUEST_N,0.5714285714285714,0.625,NOT_PRIMARY; use physical units and frozen spans
16,f16-d1f0e127f1c7,FORMAL_10K,HELDOUT_TRIPLE_AUDIT,STRICT_LUMPED,f12d43eace12231077007dc497fee8dad00fbe58cb2f1fe2c6159c47636b97a0,all_candidates,strict_valid,emx_minus_frozen_proxy,K_abs,dimensionless,15,0.005833192914186707,0.006952594498686706,0.0014077036152611569,0.004981053642534983,0.010568774468419417,0.012290247213149572,PROVISIONAL_SMALL_REQUEST_N,2,0.005668416475972635,0.0060215088435742175,0.006641018844150464,0.007292398230257483,0.0008147938643963939,0.0019264996472678243,0.004838171177408729,0.005647238677327859,0.010471747669063558,0.012991569312939912,0.010956881665842855,0.015401433490198596,220,15,15,0,38,2,0,0,165,9,15,15,22,,0.4090909090909091,0.04090909090909091,0.6,NOT_ESTIMABLE,,,PROVISIONAL_SMALL_REQUEST_N,0.36363636363636365,0.45454545454545453,PROVISIONAL_SMALL_REQUEST_N,0.5714285714285714,0.625,NOT_PRIMARY; use physical units and frozen spans
16,f16-d1f0e127f1c7,FORMAL_10K,HELDOUT_TRIPLE_AUDIT,STRICT_LUMPED,f12d43eace12231077007dc497fee8dad00fbe58cb2f1fe2c6159c47636b97a0,all_candidates,all_finite_diagnostic,emx_minus_target,Lp_nH,nH,15,0.0628820907971637,0.12289942328708778,-0.059434635471650135,0.013149355282506825,0.19254342368928976,0.3048752972918526,PROVISIONAL_SMALL_REQUEST_N,2,0.021181690383845486,0.11053969126952737,0.03262020272909234,0.17649419361383492,-0.10640311695288153,-0.018337214175572658,0.00641160990917089,0.03687439988627217,0.05903070661737864,0.3405182381609303,0.06330522365970537,0.3672504438127384,220,15,15,0,38,2,0,0,165,9,15,15,22,,0.4090909090909091,0.04090909090909091,0.6,NOT_ESTIMABLE,,,PROVISIONAL_SMALL_REQUEST_N,0.36363636363636365,0.45454545454545453,PROVISIONAL_SMALL_REQUEST_N,0.5714285714285714,0.625,NOT_PRIMARY; use physical units and frozen spans
16,f16-d1f0e127f1c7,FORMAL_10K,HELDOUT_TRIPLE_AUDIT,STRICT_LUMPED,f12d43eace12231077007dc497fee8dad00fbe58cb2f1fe2c6159c47636b97a0,all_candidates,all_finite_diagnostic,emx_minus_target,Ls_nH,nH,15,0.031662123618020656,0.05516755822146509,0.018782370129985064,0.008810745386859553,0.09391445423137247,0.1364444639496876,PROVISIONAL_SMALL_REQUEST_N,2,0.013847596554565827,0.05202158311911188,0.019216483662593285,0.07810039898100336,-0.010301941235500905,0.05202158311911188,0.007091310638129844,0.03166255890891723,0.03392633786353838,0.1467191910719998,0.04167850766650094,0.15442523641373385,220,15,15,0,38,2,0,0,165,9,15,15,22,,0.4090909090909091,0.04090909090909091,0.6,NOT_ESTIMABLE,,,PROVISIONAL_SMALL_REQUEST_N,0.36363636363636365,0.45454545454545453,PROVISIONAL_SMALL_REQUEST_N,0.5714285714285714,0.625,NOT_PRIMARY; use physical units and frozen spans
16,f16-d1f0e127f1c7,FORMAL_10K,HELDOUT_TRIPLE_AUDIT,STRICT_LUMPED,f12d43eace12231077007dc497fee8dad00fbe58cb2f1fe2c6159c47636b97a0,all_candidates,all_finite_diagnostic,emx_minus_target,Qmin,dimensionless,15,0.3815174313025805,0.5884015347169365,0.12453647912746911,0.1524688087368613,1.0140515128772567,1.3728519047024157,PROVISIONAL_SMALL_REQUEST_N,2,0.3731758672330811,0.3888162998633924,0.547046020852126,0.6323618651438584,0.06937130469039461,0.17280600675990931,0.13171168873078543,0.25148494564983004,0.9179293667777193,1.2609508938958238,1.2973962488325235,1.548915101732165,220,15,15,0,38,2,0,0,165,9,15,15,22,,0.4090909090909091,0.04090909090909091,0.6,NOT_ESTIMABLE,,,PROVISIONAL_SMALL_REQUEST_N,0.36363636363636365,0.45454545454545453,PROVISIONAL_SMALL_REQUEST_N,0.5714285714285714,0.625,NOT_PRIMARY; use physical units and frozen spans
16,f16-d1f0e127f1c7,FORMAL_10K,HELDOUT_TRIPLE_AUDIT,STRICT_LUMPED,f12d43eace12231077007dc497fee8dad00fbe58cb2f1fe2c6159c47636b97a0,all_candidates,all_finite_diagnostic,emx_minus_target,K_abs,dimensionless,15,0.02183949702479693,0.03262581456525241,0.012856747158647232,0.01130285016610924,0.05094008741870149,0.06364449096415753,PROVISIONAL_SMALL_REQUEST_N,2,0.010655800374520002,0.031625231593789244,0.013504638977264687,0.04285153107438191,0.006796343840494777,0.018159600062030632,0.011222989077657938,0.020004763010518012,0.02245957296887513,0.07187406685827577,0.0227833892734515,0.09244800659357125,220,15,15,0,38,2,0,0,165,9,15,15,22,,0.4090909090909091,0.04090909090909091,0.6,NOT_ESTIMABLE,,,PROVISIONAL_SMALL_REQUEST_N,0.36363636363636365,0.45454545454545453,PROVISIONAL_SMALL_REQUEST_N,0.5714285714285714,0.625,NOT_PRIMARY; use physical units and frozen spans
16,f16-d1f0e127f1c7,FORMAL_10K,HELDOUT_TRIPLE_AUDIT,STRICT_LUMPED,f12d43eace12231077007dc497fee8dad00fbe58cb2f1fe2c6159c47636b97a0,all_candidates,all_finite_diagnostic,emx_minus_frozen_proxy,Lp_nH,nH,15,0.006888342546883974,0.008199620390831818,-0.0013628083160054743,0.005901545658587359,0.01382984309369637,0.014346135328929054,PROVISIONAL_SMALL_REQUEST_N,2,0.005729570286262309,0.008212653701880164,0.006776393528814181,0.009570419786638234,-0.0015933408540458962,-0.001161092345220105,0.00560900010841392,0.008611123770476459,0.01073655137860352,0.014672626627177767,0.014003554301085908,0.015145491060563065,220,15,15,0,38,2,0,0,165,9,15,15,22,,0.4090909090909091,0.04090909090909091,0.6,NOT_ESTIMABLE,,,PROVISIONAL_SMALL_REQUEST_N,0.36363636363636365,0.45454545454545453,PROVISIONAL_SMALL_REQUEST_N,0.5714285714285714,0.625,NOT_PRIMARY; use physical units and frozen spans
16,f16-d1f0e127f1c7,FORMAL_10K,HELDOUT_TRIPLE_AUDIT,STRICT_LUMPED,f12d43eace12231077007dc497fee8dad00fbe58cb2f1fe2c6159c47636b97a0,all_candidates,all_finite_diagnostic,emx_minus_frozen_proxy,Ls_nH,nH,15,0.009150377626043649,0.013442047003843738,0.0005895471337106069,0.005149398351042889,0.022882171586328947,0.02786997379761441,PROVISIONAL_SMALL_REQUEST_N,2,0.007833317819880975,0.010655588833086704,0.00991751338691035,0.01657654470529626,-0.004567937917217352,0.00648381576334256,0.00458105110363205,0.005675042012118325,0.017923869860768438,0.03209721366101542,0.020156113115726848,0.03526764355856615,220,15,15,0,38,2,0,0,165,9,15,15,22,,0.4090909090909091,0.04090909090909091,0.6,NOT_ESTIMABLE,,,PROVISIONAL_SMALL_REQUEST_N,0.36363636363636365,0.45454545454545453,PROVISIONAL_SMALL_REQUEST_N,0.5714285714285714,0.625,NOT_PRIMARY; use physical units and frozen spans
16,f16-d1f0e127f1c7,FORMAL_10K,HELDOUT_TRIPLE_AUDIT,STRICT_LUMPED,f12d43eace12231077007dc497fee8dad00fbe58cb2f1fe2c6159c47636b97a0,all_candidates,all_finite_diagnostic,emx_minus_frozen_proxy,Qmin,dimensionless,15,0.26769166297785885,0.38327262856670297,-0.1179651611923551,0.17689145430570896,0.713196150961722,0.8391607871246074,PROVISIONAL_SMALL_REQUEST_N,2,0.14749371896523278,0.4050607418494315,0.181967844797222,0.5262495666513698,-0.1385212494565083,-0.09997858396122106,0.1309521648606271,0.25376485997908205,0.28679906309546155,0.8927193221249641,0.31171493318995047,0.9328882233752314,220,15,15,0,38,2,0,0,165,9,15,15,22,,0.4090909090909091,0.04090909090909091,0.6,NOT_ESTIMABLE,,,PROVISIONAL_SMALL_REQUEST_N,0.36363636363636365,0.45454545454545453,PROVISIONAL_SMALL_REQUEST_N,0.5714285714285714,0.625,NOT_PRIMARY; use physical units and frozen spans
16,f16-d1f0e127f1c7,FORMAL_10K,HELDOUT_TRIPLE_AUDIT,STRICT_LUMPED,f12d43eace12231077007dc497fee8dad00fbe58cb2f1fe2c6159c47636b97a0,all_candidates,all_finite_diagnostic,emx_minus_frozen_proxy,K_abs,dimensionless,15,0.005833192914186707,0.006952594498686706,0.0014077036152611569,0.004981053642534983,0.010568774468419417,0.012290247213149572,PROVISIONAL_SMALL_REQUEST_N,2,0.005668416475972635,0.0060215088435742175,0.006641018844150464,0.007292398230257483,0.0008147938643963939,0.0019264996472678243,0.004838171177408729,0.005647238677327859,0.010471747669063558,0.012991569312939912,0.010956881665842855,0.015401433490198596,220,15,15,0,38,2,0,0,165,9,15,15,22,,0.4090909090909091,0.04090909090909091,0.6,NOT_ESTIMABLE,,,PROVISIONAL_SMALL_REQUEST_N,0.36363636363636365,0.45454545454545453,PROVISIONAL_SMALL_REQUEST_N,0.5714285714285714,0.625,NOT_PRIMARY; use physical units and frozen spans
16,f16-d1f0e127f1c7,FORMAL_10K,HELDOUT_TRIPLE_AUDIT,STRICT_LUMPED,f12d43eace12231077007dc497fee8dad00fbe58cb2f1fe2c6159c47636b97a0,selected_q_proxy,strict_valid,emx_minus_target,Lp_nH,nH,1,0.012887971676218246,0.012887971676218246,-0.012887971676218246,0.012887971676218246,0.012887971676218246,0.012887971676218246,NOT_ESTIMABLE,1,,,,,,,,,,,,,20,1,1,0,0,1,0,0,18,1,1,1,2,,0.5,0.05,1.0,NOT_ESTIMABLE,,,PROVISIONAL_SMALL_REQUEST_N,0.0,1.0,NOT_ESTIMABLE,,,NOT_PRIMARY; use physical units and frozen spans
16,f16-d1f0e127f1c7,FORMAL_10K,HELDOUT_TRIPLE_AUDIT,STRICT_LUMPED,f12d43eace12231077007dc497fee8dad00fbe58cb2f1fe2c6159c47636b97a0,selected_q_proxy,strict_valid,emx_minus_target,Ls_nH,nH,1,0.0017136598858347174,0.0017136598858347174,0.0017136598858347174,0.0017136598858347174,0.0017136598858347174,0.0017136598858347174,NOT_ESTIMABLE,1,,,,,,,,,,,,,20,1,1,0,0,1,0,0,18,1,1,1,2,,0.5,0.05,1.0,NOT_ESTIMABLE,,,PROVISIONAL_SMALL_REQUEST_N,0.0,1.0,NOT_ESTIMABLE,,,NOT_PRIMARY; use physical units and frozen spans
16,f16-d1f0e127f1c7,FORMAL_10K,HELDOUT_TRIPLE_AUDIT,STRICT_LUMPED,f12d43eace12231077007dc497fee8dad00fbe58cb2f1fe2c6159c47636b97a0,selected_q_proxy,strict_valid,emx_minus_target,Qmin,dimensionless,1,0.08053207227147752,0.08053207227147752,-0.08053207227147752,0.08053207227147752,0.08053207227147752,0.08053207227147752,NOT_ESTIMABLE,1,,,,,,,,,,,,,20,1,1,0,0,1,0,0,18,1,1,1,2,,0.5,0.05,1.0,NOT_ESTIMABLE,,,PROVISIONAL_SMALL_REQUEST_N,0.0,1.0,NOT_ESTIMABLE,,,NOT_PRIMARY; use physical units and frozen spans
16,f16-d1f0e127f1c7,FORMAL_10K,HELDOUT_TRIPLE_AUDIT,STRICT_LUMPED,f12d43eace12231077007dc497fee8dad00fbe58cb2f1fe2c6159c47636b97a0,selected_q_proxy,strict_valid,emx_minus_target,K_abs,dimensionless,1,0.005302526314351019,0.005302526314351019,0.005302526314351019,0.005302526314351019,0.005302526314351019,0.005302526314351019,NOT_ESTIMABLE,1,,,,,,,,,,,,,20,1,1,0,0,1,0,0,18,1,1,1,2,,0.5,0.05,1.0,NOT_ESTIMABLE,,,PROVISIONAL_SMALL_REQUEST_N,0.0,1.0,NOT_ESTIMABLE,,,NOT_PRIMARY; use physical units and frozen spans
16,f16-d1f0e127f1c7,FORMAL_10K,HELDOUT_TRIPLE_AUDIT,STRICT_LUMPED,f12d43eace12231077007dc497fee8dad00fbe58cb2f1fe2c6159c47636b97a0,selected_q_proxy,strict_valid,emx_minus_frozen_proxy,Lp_nH,nH,1,0.015145491060563065,0.015145491060563065,-0.015145491060563065,0.015145491060563065,0.015145491060563065,0.015145491060563065,NOT_ESTIMABLE,1,,,,,,,,,,,,,20,1,1,0,0,1,0,0,18,1,1,1,2,,0.5,0.05,1.0,NOT_ESTIMABLE,,,PROVISIONAL_SMALL_REQUEST_N,0.0,1.0,NOT_ESTIMABLE,,,NOT_PRIMARY; use physical units and frozen spans
16,f16-d1f0e127f1c7,FORMAL_10K,HELDOUT_TRIPLE_AUDIT,STRICT_LUMPED,f12d43eace12231077007dc497fee8dad00fbe58cb2f1fe2c6159c47636b97a0,selected_q_proxy,strict_valid,emx_minus_frozen_proxy,Ls_nH,nH,1,2.0728628872590527e-05,2.0728628872590527e-05,2.0728628872590527e-05,2.0728628872590527e-05,2.0728628872590527e-05,2.0728628872590527e-05,NOT_ESTIMABLE,1,,,,,,,,,,,,,20,1,1,0,0,1,0,0,18,1,1,1,2,,0.5,0.05,1.0,NOT_ESTIMABLE,,,PROVISIONAL_SMALL_REQUEST_N,0.0,1.0,NOT_ESTIMABLE,,,NOT_PRIMARY; use physical units and frozen spans
16,f16-d1f0e127f1c7,FORMAL_10K,HELDOUT_TRIPLE_AUDIT,STRICT_LUMPED,f12d43eace12231077007dc497fee8dad00fbe58cb2f1fe2c6159c47636b97a0,selected_q_proxy,strict_valid,emx_minus_frozen_proxy,Qmin,dimensionless,1,0.09443187543309861,0.09443187543309861,-0.09443187543309861,0.09443187543309861,0.09443187543309861,0.09443187543309861,NOT_ESTIMABLE,1,,,,,,,,,,,,,20,1,1,0,0,1,0,0,18,1,1,1,2,,0.5,0.05,1.0,NOT_ESTIMABLE,,,PROVISIONAL_SMALL_REQUEST_N,0.0,1.0,NOT_ESTIMABLE,,,NOT_PRIMARY; use physical units and frozen spans
16,f16-d1f0e127f1c7,FORMAL_10K,HELDOUT_TRIPLE_AUDIT,STRICT_LUMPED,f12d43eace12231077007dc497fee8dad00fbe58cb2f1fe2c6159c47636b97a0,selected_q_proxy,strict_valid,emx_minus_frozen_proxy,K_abs,dimensionless,1,0.0034881658937613857,0.0034881658937613857,0.0034881658937613857,0.0034881658937613857,0.0034881658937613857,0.0034881658937613857,NOT_ESTIMABLE,1,,,,,,,,,,,,,20,1,1,0,0,1,0,0,18,1,1,1,2,,0.5,0.05,1.0,NOT_ESTIMABLE,,,PROVISIONAL_SMALL_REQUEST_N,0.0,1.0,NOT_ESTIMABLE,,,NOT_PRIMARY; use physical units and frozen spans
16,f16-d1f0e127f1c7,FORMAL_10K,HELDOUT_TRIPLE_AUDIT,STRICT_LUMPED,f12d43eace12231077007dc497fee8dad00fbe58cb2f1fe2c6159c47636b97a0,selected_q_proxy,all_finite_diagnostic,emx_minus_target,Lp_nH,nH,1,0.012887971676218246,0.012887971676218246,-0.012887971676218246,0.012887971676218246,0.012887971676218246,0.012887971676218246,NOT_ESTIMABLE,1,,,,,,,,,,,,,20,1,1,0,0,1,0,0,18,1,1,1,2,,0.5,0.05,1.0,NOT_ESTIMABLE,,,PROVISIONAL_SMALL_REQUEST_N,0.0,1.0,NOT_ESTIMABLE,,,NOT_PRIMARY; use physical units and frozen spans
16,f16-d1f0e127f1c7,FORMAL_10K,HELDOUT_TRIPLE_AUDIT,STRICT_LUMPED,f12d43eace12231077007dc497fee8dad00fbe58cb2f1fe2c6159c47636b97a0,selected_q_proxy,all_finite_diagnostic,emx_minus_target,Ls_nH,nH,1,0.0017136598858347174,0.0017136598858347174,0.0017136598858347174,0.0017136598858347174,0.0017136598858347174,0.0017136598858347174,NOT_ESTIMABLE,1,,,,,,,,,,,,,20,1,1,0,0,1,0,0,18,1,1,1,2,,0.5,0.05,1.0,NOT_ESTIMABLE,,,PROVISIONAL_SMALL_REQUEST_N,0.0,1.0,NOT_ESTIMABLE,,,NOT_PRIMARY; use physical units and frozen spans
16,f16-d1f0e127f1c7,FORMAL_10K,HELDOUT_TRIPLE_AUDIT,STRICT_LUMPED,f12d43eace12231077007dc497fee8dad00fbe58cb2f1fe2c6159c47636b97a0,selected_q_proxy,all_finite_diagnostic,emx_minus_target,Qmin,dimensionless,1,0.08053207227147752,0.08053207227147752,-0.08053207227147752,0.08053207227147752,0.08053207227147752,0.08053207227147752,NOT_ESTIMABLE,1,,,,,,,,,,,,,20,1,1,0,0,1,0,0,18,1,1,1,2,,0.5,0.05,1.0,NOT_ESTIMABLE,,,PROVISIONAL_SMALL_REQUEST_N,0.0,1.0,NOT_ESTIMABLE,,,NOT_PRIMARY; use physical units and frozen spans
16,f16-d1f0e127f1c7,FORMAL_10K,HELDOUT_TRIPLE_AUDIT,STRICT_LUMPED,f12d43eace12231077007dc497fee8dad00fbe58cb2f1fe2c6159c47636b97a0,selected_q_proxy,all_finite_diagnostic,emx_minus_target,K_abs,dimensionless,1,0.005302526314351019,0.005302526314351019,0.005302526314351019,0.005302526314351019,0.005302526314351019,0.005302526314351019,NOT_ESTIMABLE,1,,,,,,,,,,,,,20,1,1,0,0,1,0,0,18,1,1,1,2,,0.5,0.05,1.0,NOT_ESTIMABLE,,,PROVISIONAL_SMALL_REQUEST_N,0.0,1.0,NOT_ESTIMABLE,,,NOT_PRIMARY; use physical units and frozen spans
16,f16-d1f0e127f1c7,FORMAL_10K,HELDOUT_TRIPLE_AUDIT,STRICT_LUMPED,f12d43eace12231077007dc497fee8dad00fbe58cb2f1fe2c6159c47636b97a0,selected_q_proxy,all_finite_diagnostic,emx_minus_frozen_proxy,Lp_nH,nH,1,0.015145491060563065,0.015145491060563065,-0.015145491060563065,0.015145491060563065,0.015145491060563065,0.015145491060563065,NOT_ESTIMABLE,1,,,,,,,,,,,,,20,1,1,0,0,1,0,0,18,1,1,1,2,,0.5,0.05,1.0,NOT_ESTIMABLE,,,PROVISIONAL_SMALL_REQUEST_N,0.0,1.0,NOT_ESTIMABLE,,,NOT_PRIMARY; use physical units and frozen spans
16,f16-d1f0e127f1c7,FORMAL_10K,HELDOUT_TRIPLE_AUDIT,STRICT_LUMPED,f12d43eace12231077007dc497fee8dad00fbe58cb2f1fe2c6159c47636b97a0,selected_q_proxy,all_finite_diagnostic,emx_minus_frozen_proxy,Ls_nH,nH,1,2.0728628872590527e-05,2.0728628872590527e-05,2.0728628872590527e-05,2.0728628872590527e-05,2.0728628872590527e-05,2.0728628872590527e-05,NOT_ESTIMABLE,1,,,,,,,,,,,,,20,1,1,0,0,1,0,0,18,1,1,1,2,,0.5,0.05,1.0,NOT_ESTIMABLE,,,PROVISIONAL_SMALL_REQUEST_N,0.0,1.0,NOT_ESTIMABLE,,,NOT_PRIMARY; use physical units and frozen spans
16,f16-d1f0e127f1c7,FORMAL_10K,HELDOUT_TRIPLE_AUDIT,STRICT_LUMPED,f12d43eace12231077007dc497fee8dad00fbe58cb2f1fe2c6159c47636b97a0,selected_q_proxy,all_finite_diagnostic,emx_minus_frozen_proxy,Qmin,dimensionless,1,0.09443187543309861,0.09443187543309861,-0.09443187543309861,0.09443187543309861,0.09443187543309861,0.09443187543309861,NOT_ESTIMABLE,1,,,,,,,,,,,,,20,1,1,0,0,1,0,0,18,1,1,1,2,,0.5,0.05,1.0,NOT_ESTIMABLE,,,PROVISIONAL_SMALL_REQUEST_N,0.0,1.0,NOT_ESTIMABLE,,,NOT_PRIMARY; use physical units and frozen spans
16,f16-d1f0e127f1c7,FORMAL_10K,HELDOUT_TRIPLE_AUDIT,STRICT_LUMPED,f12d43eace12231077007dc497fee8dad00fbe58cb2f1fe2c6159c47636b97a0,selected_q_proxy,all_finite_diagnostic,emx_minus_frozen_proxy,K_abs,dimensionless,1,0.0034881658937613857,0.0034881658937613857,0.0034881658937613857,0.0034881658937613857,0.0034881658937613857,0.0034881658937613857,NOT_ESTIMABLE,1,,,,,,,,,,,,,20,1,1,0,0,1,0,0,18,1,1,1,2,,0.5,0.05,1.0,NOT_ESTIMABLE,,,PROVISIONAL_SMALL_REQUEST_N,0.0,1.0,NOT_ESTIMABLE,,,NOT_PRIMARY; use physical units and frozen spans
17,f17-7b878ff5d5dc,FORMAL_10K,HELDOUT_TRIPLE_AUDIT,STRICT_LUMPED,f12d43eace12231077007dc497fee8dad00fbe58cb2f1fe2c6159c47636b97a0,all_candidates,strict_valid,emx_minus_target,Lp_nH,nH,9,0.04479902444732267,0.10548332027755994,-0.028743912592663845,0.010227602722606033,0.08369097745081003,0.19906485937622492,PROVISIONAL_SMALL_REQUEST_N,2,0.012277751154198565,0.10984157103357088,0.013874610519526724,0.18164576223022033,-0.09978425650085583,0.0067762593614321505,0.00767241671555885,0.010596330083551653,0.024596043405197082,0.31443874130164007,0.026004036488102455,0.31443874130164007,220,11,9,2,47,2,0,0,160,6,11,11,22,,0.2727272727272727,0.02727272727272727,0.6666666666666666,NOT_ESTIMABLE,,,PROVISIONAL_SMALL_REQUEST_N,0.18181818181818182,0.36363636363636365,PROVISIONAL_SMALL_REQUEST_N,0.6666666666666666,0.6666666666666666,NOT_PRIMARY; use physical units and frozen spans
17,f17-7b878ff5d5dc,FORMAL_10K,HELDOUT_TRIPLE_AUDIT,STRICT_LUMPED,f12d43eace12231077007dc497fee8dad00fbe58cb2f1fe2c6159c47636b97a0,all_candidates,strict_valid,emx_minus_target,Ls_nH,nH,9,0.024755007845656443,0.03749958699257752,-0.02389828877405715,0.018083410239781328,0.04799889219144925,0.07301158065430838,PROVISIONAL_SMALL_REQUEST_N,2,0.01604274022653479,0.04217954308389974,0.020367103052051395,0.05821528407880446,-0.04217954308389974,-0.01475766161913585,0.011763073382916822,0.02296827064858631,0.034838184578707854,0.09802426911716755,0.03549254796001966,0.09802426911716755,220,11,9,2,47,2,0,0,160,6,11,11,22,,0.2727272727272727,0.02727272727272727,0.6666666666666666,NOT_ESTIMABLE,,,PROVISIONAL_SMALL_REQUEST_N,0.18181818181818182,0.36363636363636365,PROVISIONAL_SMALL_REQUEST_N,0.6666666666666666,0.6666666666666666,NOT_PRIMARY; use physical units and frozen spans
17,f17-7b878ff5d5dc,FORMAL_10K,HELDOUT_TRIPLE_AUDIT,STRICT_LUMPED,f12d43eace12231077007dc497fee8dad00fbe58cb2f1fe2c6159c47636b97a0,all_candidates,strict_valid,emx_minus_target,Qmin,dimensionless,9,0.7263587888932653,1.1246276913372915,0.49716142965895355,0.171116813525245,2.119091084280661,2.290432382683415,PROVISIONAL_SMALL_REQUEST_N,2,0.3711925105592986,0.9039419280602488,0.5073781324508763,1.3298364115707237,0.20228742208011674,0.644598433448372,0.13727098975163265,0.3890152419178152,0.860219898959123,2.4189383564854814,0.860219898959123,2.4617736810861697,220,11,9,2,47,2,0,0,160,6,11,11,22,,0.2727272727272727,0.02727272727272727,0.6666666666666666,NOT_ESTIMABLE,,,PROVISIONAL_SMALL_REQUEST_N,0.18181818181818182,0.36363636363636365,PROVISIONAL_SMALL_REQUEST_N,0.6666666666666666,0.6666666666666666,NOT_PRIMARY; use physical units and frozen spans
17,f17-7b878ff5d5dc,FORMAL_10K,HELDOUT_TRIPLE_AUDIT,STRICT_LUMPED,f12d43eace12231077007dc497fee8dad00fbe58cb2f1fe2c6159c47636b97a0,all_candidates,strict_valid,emx_minus_target,K_abs,dimensionless,9,0.008195155440012303,0.010660181593418834,-0.0005092017388566218,0.004310405214877494,0.01753698649692067,0.01813564705787708,PROVISIONAL_SMALL_REQUEST_N,2,0.006192147853218528,0.00919665923340919,0.008614956056940067,0.01154774754986852,-0.0024615104403723173,0.0033954156641747696,0.003972367377575656,0.007778783220194263,0.014381345276089946,0.018584642478594388,0.014381345276089946,0.01873430761883349,220,11,9,2,47,2,0,0,160,6,11,11,22,,0.2727272727272727,0.02727272727272727,0.6666666666666666,NOT_ESTIMABLE,,,PROVISIONAL_SMALL_REQUEST_N,0.18181818181818182,0.36363636363636365,PROVISIONAL_SMALL_REQUEST_N,0.6666666666666666,0.6666666666666666,NOT_PRIMARY; use physical units and frozen spans
17,f17-7b878ff5d5dc,FORMAL_10K,HELDOUT_TRIPLE_AUDIT,STRICT_LUMPED,f12d43eace12231077007dc497fee8dad00fbe58cb2f1fe2c6159c47636b97a0,all_candidates,strict_valid,emx_minus_frozen_proxy,Lp_nH,nH,9,0.013475596090263768,0.01467951052467315,0.0066465591335014285,0.012080419014059096,0.019768738294787893,0.022394255006003845,PROVISIONAL_SMALL_REQUEST_N,2,0.012985597260515513,0.014455593749760279,0.013780057432653883,0.01633046606920606,-0.002224254061719592,0.01108196573111194,0.01087012050713243,0.01304793937647597,0.01844816263642548,0.025019771717219808,0.018455979939179912,0.025019771717219808,220,11,9,2,47,2,0,0,160,6,11,11,22,,0.2727272727272727,0.02727272727272727,0.6666666666666666,NOT_ESTIMABLE,,,PROVISIONAL_SMALL_REQUEST_N,0.18181818181818182,0.36363636363636365,PROVISIONAL_SMALL_REQUEST_N,0.6666666666666666,0.6666666666666666,NOT_PRIMARY; use physical units and frozen spans
17,f17-7b878ff5d5dc,FORMAL_10K,HELDOUT_TRIPLE_AUDIT,STRICT_LUMPED,f12d43eace12231077007dc497fee8dad00fbe58cb2f1fe2c6159c47636b97a0,all_candidates,strict_valid,emx_minus_frozen_proxy,Ls_nH,nH,9,0.006272276081158841,0.0076157632495683384,-0.005242039313997372,0.00565297114739427,0.010480986742066769,0.013229829449513671,PROVISIONAL_SMALL_REQUEST_N,2,0.005667572519836239,0.007481683203804046,0.007614738498504267,0.007616275573396228,-0.007481683203804046,-0.004122217369094035,0.003916504694479794,0.007685513075674555,0.009106565388343313,0.015133841322086675,0.009106565388343313,0.015978672156960583,220,11,9,2,47,2,0,0,160,6,11,11,22,,0.2727272727272727,0.02727272727272727,0.6666666666666666,NOT_ESTIMABLE,,,PROVISIONAL_SMALL_REQUEST_N,0.18181818181818182,0.36363636363636365,PROVISIONAL_SMALL_REQUEST_N,0.6666666666666666,0.6666666666666666,NOT_PRIMARY; use physical units and frozen spans
17,f17-7b878ff5d5dc,FORMAL_10K,HELDOUT_TRIPLE_AUDIT,STRICT_LUMPED,f12d43eace12231077007dc497fee8dad00fbe58cb2f1fe2c6159c47636b97a0,all_candidates,strict_valid,emx_minus_frozen_proxy,Qmin,dimensionless,9,0.41278295085281574,0.6015503723049586,0.14698228723680729,0.17665259145346823,1.0722507598511013,1.208121909568464,PROVISIONAL_SMALL_REQUEST_N,2,0.14069455220373742,0.5488271501773548,0.14692822906680275,0.7293835228341795,-0.14069455220373742,0.2908207069570796,0.16418462679771295,0.3870096648304129,0.17665259145346823,1.3100252718564864,0.17665259145346823,1.3439930592858271,220,11,9,2,47,2,0,0,160,6,11,11,22,,0.2727272727272727,0.02727272727272727,0.6666666666666666,NOT_ESTIMABLE,,,PROVISIONAL_SMALL_REQUEST_N,0.18181818181818182,0.36363636363636365,PROVISIONAL_SMALL_REQUEST_N,0.6666666666666666,0.6666666666666666,NOT_PRIMARY; use physical units and frozen spans
17,f17-7b878ff5d5dc,FORMAL_10K,HELDOUT_TRIPLE_AUDIT,STRICT_LUMPED,f12d43eace12231077007dc497fee8dad00fbe58cb2f1fe2c6159c47636b97a0,all_candidates,strict_valid,emx_minus_frozen_proxy,K_abs,dimensionless,9,0.007900214322855781,0.010415015314096807,-0.0018498994063591676,0.003695299374182004,0.018344086274304876,0.018659574124625884,PROVISIONAL_SMALL_REQUEST_N,2,0.004160007583653873,0.009770317692456737,0.0042448048101055595,0.012397565569552713,-0.003708203576075278,0.0018667089330730534,0.003695299374182004,0.009023578941371874,0.005344775400908386,0.018896190012366636,0.005344775400908386,0.01897506197494689,220,11,9,2,47,2,0,0,160,6,11,11,22,,0.2727272727272727,0.02727272727272727,0.6666666666666666,NOT_ESTIMABLE,,,PROVISIONAL_SMALL_REQUEST_N,0.18181818181818182,0.36363636363636365,PROVISIONAL_SMALL_REQUEST_N,0.6666666666666666,0.6666666666666666,NOT_PRIMARY; use physical units and frozen spans
17,f17-7b878ff5d5dc,FORMAL_10K,HELDOUT_TRIPLE_AUDIT,STRICT_LUMPED,f12d43eace12231077007dc497fee8dad00fbe58cb2f1fe2c6159c47636b97a0,all_candidates,all_finite_diagnostic,emx_minus_target,Lp_nH,nH,11,0.041620375463938354,0.09668342384315222,-0.0279557004868203,0.010227602722606033,0.05172520104923328,0.18308197117543668,PROVISIONAL_SMALL_REQUEST_N,2,0.012277751154198565,0.0768315246356261,0.013874610519526724,0.1425969845431308,-0.06963405230472323,0.0067762593614321505,0.00767241671555885,0.010596330083551653,0.024596043405197082,0.31443874130164007,0.026004036488102455,0.31443874130164007,220,11,9,2,47,2,0,0,160,6,11,11,22,,0.2727272727272727,0.02727272727272727,0.6666666666666666,NOT_ESTIMABLE,,,PROVISIONAL_SMALL_REQUEST_N,0.18181818181818182,0.36363636363636365,PROVISIONAL_SMALL_REQUEST_N,0.6666666666666666,0.6666666666666666,NOT_PRIMARY; use physical units and frozen spans
17,f17-7b878ff5d5dc,FORMAL_10K,HELDOUT_TRIPLE_AUDIT,STRICT_LUMPED,f12d43eace12231077007dc497fee8dad00fbe58cb2f1fe2c6159c47636b97a0,all_candidates,all_finite_diagnostic,emx_minus_target,Ls_nH,nH,11,0.03349043228735322,0.049131453082859655,-0.03278948031968107,0.02296827064858631,0.09802426911716755,0.10571381427235105,PROVISIONAL_SMALL_REQUEST_N,2,0.01604274022653479,0.054427662760335324,0.020367103052051395,0.0693743226013319,-0.054427662760335324,-0.01475766161913585,0.011763073382916822,0.03219632512244286,0.034838184578707854,0.11340335942753454,0.03549254796001966,0.11340335942753454,220,11,9,2,47,2,0,0,160,6,11,11,22,,0.2727272727272727,0.02727272727272727,0.6666666666666666,NOT_ESTIMABLE,,,PROVISIONAL_SMALL_REQUEST_N,0.18181818181818182,0.36363636363636365,PROVISIONAL_SMALL_REQUEST_N,0.6666666666666666,0.6666666666666666,NOT_PRIMARY; use physical units and frozen spans
17,f17-7b878ff5d5dc,FORMAL_10K,HELDOUT_TRIPLE_AUDIT,STRICT_LUMPED,f12d43eace12231077007dc497fee8dad00fbe58cb2f1fe2c6159c47636b97a0,all_candidates,all_finite_diagnostic,emx_minus_target,Qmin,dimensionless,11,0.777182444142521,1.1408865269937383,0.5294876890516268,0.33093303644551497,2.033420435079284,2.247597058082727,PROVISIONAL_SMALL_REQUEST_N,2,0.6250710634412477,0.9039419280602488,0.86105208355806,1.3298364115707237,0.39135479577553267,0.644598433448372,0.33093303644551497,0.3890152419178152,1.6808447490828282,2.4189383564854814,1.6808447490828282,2.4617736810861697,220,11,9,2,47,2,0,0,160,6,11,11,22,,0.2727272727272727,0.02727272727272727,0.6666666666666666,NOT_ESTIMABLE,,,PROVISIONAL_SMALL_REQUEST_N,0.18181818181818182,0.36363636363636365,PROVISIONAL_SMALL_REQUEST_N,0.6666666666666666,0.6666666666666666,NOT_PRIMARY; use physical units and frozen spans
17,f17-7b878ff5d5dc,FORMAL_10K,HELDOUT_TRIPLE_AUDIT,STRICT_LUMPED,f12d43eace12231077007dc497fee8dad00fbe58cb2f1fe2c6159c47636b97a0,all_candidates,all_finite_diagnostic,emx_minus_target,K_abs,dimensionless,11,0.008460443226351613,0.01078981915371591,0.0013386964436406738,0.004310405214877494,0.017237656216442465,0.017985981917637978,PROVISIONAL_SMALL_REQUEST_N,2,0.0075769840178825185,0.00919665923340919,0.009803257930054434,0.01154774754986852,-0.0024615104403723173,0.005898944704456263,0.003972367377575656,0.007778783220194263,0.015631624553080148,0.018584642478594388,0.015631624553080148,0.01873430761883349,220,11,9,2,47,2,0,0,160,6,11,11,22,,0.2727272727272727,0.02727272727272727,0.6666666666666666,NOT_ESTIMABLE,,,PROVISIONAL_SMALL_REQUEST_N,0.18181818181818182,0.36363636363636365,PROVISIONAL_SMALL_REQUEST_N,0.6666666666666666,0.6666666666666666,NOT_PRIMARY; use physical units and frozen spans
17,f17-7b878ff5d5dc,FORMAL_10K,HELDOUT_TRIPLE_AUDIT,STRICT_LUMPED,f12d43eace12231077007dc497fee8dad00fbe58cb2f1fe2c6159c47636b97a0,all_candidates,all_finite_diagnostic,emx_minus_frozen_proxy,Lp_nH,nH,11,0.014891691658882034,0.01607941353389536,0.009304297785167392,0.014015459738892844,0.021654587779571743,0.023337179748395775,PROVISIONAL_SMALL_REQUEST_N,2,0.012985597260515513,0.01717900493692186,0.013780057432653883,0.018464468789817667,0.007171096250033937,0.01108196573111194,0.01304793937647597,0.020873655655756718,0.01844816263642548,0.025019771717219808,0.018455979939179912,0.025019771717219808,220,11,9,2,47,2,0,0,160,6,11,11,22,,0.2727272727272727,0.02727272727272727,0.6666666666666666,NOT_ESTIMABLE,,,PROVISIONAL_SMALL_REQUEST_N,0.18181818181818182,0.36363636363636365,PROVISIONAL_SMALL_REQUEST_N,0.6666666666666666,0.6666666666666666,NOT_PRIMARY; use physical units and frozen spans
17,f17-7b878ff5d5dc,FORMAL_10K,HELDOUT_TRIPLE_AUDIT,STRICT_LUMPED,f12d43eace12231077007dc497fee8dad00fbe58cb2f1fe2c6159c47636b97a0,all_candidates,all_finite_diagnostic,emx_minus_frozen_proxy,Ls_nH,nH,11,0.00674009153135845,0.008203158936965027,-0.0058971705400445214,0.00565297114739427,0.014401070934892735,0.015189871545926659,PROVISIONAL_SMALL_REQUEST_N,2,0.005667572519836239,0.008027114345185105,0.007616275573396228,0.008856230127280219,-0.008027114345185105,-0.004122217369094035,0.003916504694479794,0.007685513075674555,0.014401070934892735,0.015133841322086675,0.014401070934892735,0.015978672156960583,220,11,9,2,47,2,0,0,160,6,11,11,22,,0.2727272727272727,0.02727272727272727,0.6666666666666666,NOT_ESTIMABLE,,,PROVISIONAL_SMALL_REQUEST_N,0.18181818181818182,0.36363636363636365,PROVISIONAL_SMALL_REQUEST_N,0.6666666666666666,0.6666666666666666,NOT_PRIMARY; use physical units and frozen spans
17,f17-7b878ff5d5dc,FORMAL_10K,HELDOUT_TRIPLE_AUDIT,STRICT_LUMPED,f12d43eace12231077007dc497fee8dad00fbe58cb2f1fe2c6159c47636b97a0,all_candidates,all_finite_diagnostic,emx_minus_frozen_proxy,Qmin,dimensionless,11,0.47067204930558176,0.6347731264108638,0.16217759855313607,0.2162999952879403,1.0043151849924197,1.1741541221391234,PROVISIONAL_SMALL_REQUEST_N,2,0.37688592825945405,0.5488271501773548,0.4980570653761796,0.7293835228341795,0.007805868468403787,0.2908207069570796,0.17665259145346823,0.3870096648304129,0.9617294918196446,1.3100252718564864,0.9617294918196446,1.3439930592858271,220,11,9,2,47,2,0,0,160,6,11,11,22,,0.2727272727272727,0.02727272727272727,0.6666666666666666,NOT_ESTIMABLE,,,PROVISIONAL_SMALL_REQUEST_N,0.18181818181818182,0.36363636363636365,PROVISIONAL_SMALL_REQUEST_N,0.6666666666666666,0.6666666666666666,NOT_PRIMARY; use physical units and frozen spans
17,f17-7b878ff5d5dc,FORMAL_10K,HELDOUT_TRIPLE_AUDIT,STRICT_LUMPED,f12d43eace12231077007dc497fee8dad00fbe58cb2f1fe2c6159c47636b97a0,all_candidates,all_finite_diagnostic,emx_minus_frozen_proxy,K_abs,dimensionless,11,0.007386306313020539,0.009790833037547686,-0.0008489053102417435,0.003695299374182004,0.018186342349144374,0.01858070216204563,PROVISIONAL_SMALL_REQUEST_N,2,0.004525492657697102,0.009770317692456737,0.005143281733530342,0.012397565569552713,-0.003708203576075278,0.0025822526087584978,0.003695299374182004,0.009023578941371874,0.008729288391048612,0.018896190012366636,0.008729288391048612,0.01897506197494689,220,11,9,2,47,2,0,0,160,6,11,11,22,,0.2727272727272727,0.02727272727272727,0.6666666666666666,NOT_ESTIMABLE,,,PROVISIONAL_SMALL_REQUEST_N,0.18181818181818182,0.36363636363636365,PROVISIONAL_SMALL_REQUEST_N,0.6666666666666666,0.6666666666666666,NOT_PRIMARY; use physical units and frozen spans
17,f17-7b878ff5d5dc,FORMAL_10K,HELDOUT_TRIPLE_AUDIT,STRICT_LUMPED,f12d43eace12231077007dc497fee8dad00fbe58cb2f1fe2c6159c47636b97a0,selected_q_proxy,strict_valid,emx_minus_target,Lp_nH,nH,2,0.008820578903059872,0.008932095398834205,0.008820578903059872,0.008820578903059872,0.009946197958696801,0.010086900340651416,PROVISIONAL_SMALL_REQUEST_N,2,0.007413555083513712,0.010227602722606033,0.007413555083513712,0.010227602722606033,0.007413555083513712,0.010227602722606033,0.007413555083513712,0.010227602722606033,0.007413555083513712,0.010227602722606033,0.007413555083513712,0.010227602722606033,20,2,2,0,0,0,0,0,18,2,2,2,2,,1.0,0.1,1.0,NOT_ESTIMABLE,,,PROVISIONAL_SMALL_REQUEST_N,1.0,1.0,PROVISIONAL_SMALL_REQUEST_N,1.0,1.0,NOT_PRIMARY; use physical units and frozen spans
17,f17-7b878ff5d5dc,FORMAL_10K,HELDOUT_TRIPLE_AUDIT,STRICT_LUMPED,f12d43eace12231077007dc497fee8dad00fbe58cb2f1fe2c6159c47636b97a0,selected_q_proxy,strict_valid,emx_minus_target,Ls_nH,nH,2,0.005494413005998844,0.005494656016446245,-0.005494413005998844,0.005494413005998844,0.005535754189956066,0.005540921837950718,PROVISIONAL_SMALL_REQUEST_N,2,0.005442736526052316,0.005546089485945371,0.005442736526052316,0.005546089485945371,-0.005546089485945371,-0.005442736526052316,0.005442736526052316,0.005546089485945371,0.005442736526052316,0.005546089485945371,0.005442736526052316,0.005546089485945371,20,2,2,0,0,0,0,0,18,2,2,2,2,,1.0,0.1,1.0,NOT_ESTIMABLE,,,PROVISIONAL_SMALL_REQUEST_N,1.0,1.0,PROVISIONAL_SMALL_REQUEST_N,1.0,1.0,NOT_PRIMARY; use physical units and frozen spans
17,f17-7b878ff5d5dc,FORMAL_10K,HELDOUT_TRIPLE_AUDIT,STRICT_LUMPED,f12d43eace12231077007dc497fee8dad00fbe58cb2f1fe2c6159c47636b97a0,selected_q_proxy,strict_valid,emx_minus_target,Qmin,dimensionless,2,0.07725589737398497,0.09782783342258625,-0.06001509237764768,0.07725589737398497,0.12526797127610312,0.1312694805138679,PROVISIONAL_SMALL_REQUEST_N,2,0.01724080499633729,0.13727098975163265,0.01724080499633729,0.13727098975163265,-0.13727098975163265,0.01724080499633729,0.01724080499633729,0.13727098975163265,0.01724080499633729,0.13727098975163265,0.01724080499633729,0.13727098975163265,20,2,2,0,0,0,0,0,18,2,2,2,2,,1.0,0.1,1.0,NOT_ESTIMABLE,,,PROVISIONAL_SMALL_REQUEST_N,1.0,1.0,PROVISIONAL_SMALL_REQUEST_N,1.0,1.0,NOT_PRIMARY; use physical units and frozen spans
17,f17-7b878ff5d5dc,FORMAL_10K,HELDOUT_TRIPLE_AUDIT,STRICT_LUMPED,f12d43eace12231077007dc497fee8dad00fbe58cb2f1fe2c6159c47636b97a0,selected_q_proxy,strict_valid,emx_minus_target,K_abs,dimensionless,2,0.0030758268710445943,0.0032038251856945864,-0.0030758268710445943,0.0030758268710445943,0.0037930592762694436,0.0038827133269225492,PROVISIONAL_SMALL_REQUEST_N,2,0.002179286364513533,0.003972367377575656,0.002179286364513533,0.003972367377575656,-0.003972367377575656,-0.002179286364513533,0.002179286364513533,0.003972367377575656,0.002179286364513533,0.003972367377575656,0.002179286364513533,0.003972367377575656,20,2,2,0,0,0,0,0,18,2,2,2,2,,1.0,0.1,1.0,NOT_ESTIMABLE,,,PROVISIONAL_SMALL_REQUEST_N,1.0,1.0,PROVISIONAL_SMALL_REQUEST_N,1.0,1.0,NOT_PRIMARY; use physical units and frozen spans
17,f17-7b878ff5d5dc,FORMAL_10K,HELDOUT_TRIPLE_AUDIT,STRICT_LUMPED,f12d43eace12231077007dc497fee8dad00fbe58cb2f1fe2c6159c47636b97a0,selected_q_proxy,strict_valid,emx_minus_frozen_proxy,Lp_nH,nH,2,0.009778654019493849,0.010045904465162367,0.009778654019493849,0.009778654019493849,0.011620066015146046,0.011850242514602571,PROVISIONAL_SMALL_REQUEST_N,2,0.007476889024928601,0.012080419014059096,0.007476889024928601,0.012080419014059096,0.007476889024928601,0.012080419014059096,0.007476889024928601,0.012080419014059096,0.007476889024928601,0.012080419014059096,0.007476889024928601,0.012080419014059096,20,2,2,0,0,0,0,0,18,2,2,2,2,,1.0,0.1,1.0,NOT_ESTIMABLE,,,PROVISIONAL_SMALL_REQUEST_N,1.0,1.0,PROVISIONAL_SMALL_REQUEST_N,1.0,1.0,NOT_PRIMARY; use physical units and frozen spans
17,f17-7b878ff5d5dc,FORMAL_10K,HELDOUT_TRIPLE_AUDIT,STRICT_LUMPED,f12d43eace12231077007dc497fee8dad00fbe58cb2f1fe2c6159c47636b97a0,selected_q_proxy,strict_valid,emx_minus_frozen_proxy,Ls_nH,nH,2,0.005235893692712823,0.0052524790684583865,-0.005235893692712823,0.005235893692712823,0.00556955565645798,0.005611263401926125,PROVISIONAL_SMALL_REQUEST_N,2,0.004818816238031376,0.00565297114739427,0.004818816238031376,0.00565297114739427,-0.00565297114739427,-0.004818816238031376,0.004818816238031376,0.00565297114739427,0.004818816238031376,0.00565297114739427,0.004818816238031376,0.00565297114739427,20,2,2,0,0,0,0,0,18,2,2,2,2,,1.0,0.1,1.0,NOT_ESTIMABLE,,,PROVISIONAL_SMALL_REQUEST_N,1.0,1.0,PROVISIONAL_SMALL_REQUEST_N,1.0,1.0,NOT_PRIMARY; use physical units and frozen spans
17,f17-7b878ff5d5dc,FORMAL_10K,HELDOUT_TRIPLE_AUDIT,STRICT_LUMPED,f12d43eace12231077007dc497fee8dad00fbe58cb2f1fe2c6159c47636b97a0,selected_q_proxy,strict_valid,emx_minus_frozen_proxy,Qmin,dimensionless,2,0.05919664368135802,0.06316989843674996,-0.022049794678673074,0.05919664368135802,0.07683647942429647,0.07904145889216378,PROVISIONAL_SMALL_REQUEST_N,2,0.037146849002684945,0.08124643836003109,0.037146849002684945,0.08124643836003109,-0.08124643836003109,0.037146849002684945,0.037146849002684945,0.08124643836003109,0.037146849002684945,0.08124643836003109,0.037146849002684945,0.08124643836003109,20,2,2,0,0,0,0,0,18,2,2,2,2,,1.0,0.1,1.0,NOT_ESTIMABLE,,,PROVISIONAL_SMALL_REQUEST_N,1.0,1.0,PROVISIONAL_SMALL_REQUEST_N,1.0,1.0,NOT_PRIMARY; use physical units and frozen spans
17,f17-7b878ff5d5dc,FORMAL_10K,HELDOUT_TRIPLE_AUDIT,STRICT_LUMPED,f12d43eace12231077007dc497fee8dad00fbe58cb2f1fe2c6159c47636b97a0,selected_q_proxy,strict_valid,emx_minus_frozen_proxy,K_abs,dimensionless,2,0.003030812441507734,0.003058302787671125,-0.003030812441507734,0.003030812441507734,0.0033581208689985307,0.00339903442243488,PROVISIONAL_SMALL_REQUEST_N,2,0.002621676907144238,0.00343994797587123,0.002621676907144238,0.00343994797587123,-0.00343994797587123,-0.002621676907144238,0.002621676907144238,0.00343994797587123,0.002621676907144238,0.00343994797587123,0.002621676907144238,0.00343994797587123,20,2,2,0,0,0,0,0,18,2,2,2,2,,1.0,0.1,1.0,NOT_ESTIMABLE,,,PROVISIONAL_SMALL_REQUEST_N,1.0,1.0,PROVISIONAL_SMALL_REQUEST_N,1.0,1.0,NOT_PRIMARY; use physical units and frozen spans
17,f17-7b878ff5d5dc,FORMAL_10K,HELDOUT_TRIPLE_AUDIT,STRICT_LUMPED,f12d43eace12231077007dc497fee8dad00fbe58cb2f1fe2c6159c47636b97a0,selected_q_proxy,all_finite_diagnostic,emx_minus_target,Lp_nH,nH,2,0.008820578903059872,0.008932095398834205,0.008820578903059872,0.008820578903059872,0.009946197958696801,0.010086900340651416,PROVISIONAL_SMALL_REQUEST_N,2,0.007413555083513712,0.010227602722606033,0.007413555083513712,0.010227602722606033,0.007413555083513712,0.010227602722606033,0.007413555083513712,0.010227602722606033,0.007413555083513712,0.010227602722606033,0.007413555083513712,0.010227602722606033,20,2,2,0,0,0,0,0,18,2,2,2,2,,1.0,0.1,1.0,NOT_ESTIMABLE,,,PROVISIONAL_SMALL_REQUEST_N,1.0,1.0,PROVISIONAL_SMALL_REQUEST_N,1.0,1.0,NOT_PRIMARY; use physical units and frozen spans
17,f17-7b878ff5d5dc,FORMAL_10K,HELDOUT_TRIPLE_AUDIT,STRICT_LUMPED,f12d43eace12231077007dc497fee8dad00fbe58cb2f1fe2c6159c47636b97a0,selected_q_proxy,all_finite_diagnostic,emx_minus_target,Ls_nH,nH,2,0.005494413005998844,0.005494656016446245,-0.005494413005998844,0.005494413005998844,0.005535754189956066,0.005540921837950718,PROVISIONAL_SMALL_REQUEST_N,2,0.005442736526052316,0.005546089485945371,0.005442736526052316,0.005546089485945371,-0.005546089485945371,-0.005442736526052316,0.005442736526052316,0.005546089485945371,0.005442736526052316,0.005546089485945371,0.005442736526052316,0.005546089485945371,20,2,2,0,0,0,0,0,18,2,2,2,2,,1.0,0.1,1.0,NOT_ESTIMABLE,,,PROVISIONAL_SMALL_REQUEST_N,1.0,1.0,PROVISIONAL_SMALL_REQUEST_N,1.0,1.0,NOT_PRIMARY; use physical units and frozen spans
17,f17-7b878ff5d5dc,FORMAL_10K,HELDOUT_TRIPLE_AUDIT,STRICT_LUMPED,f12d43eace12231077007dc497fee8dad00fbe58cb2f1fe2c6159c47636b97a0,selected_q_proxy,all_finite_diagnostic,emx_minus_target,Qmin,dimensionless,2,0.07725589737398497,0.09782783342258625,-0.06001509237764768,0.07725589737398497,0.12526797127610312,0.1312694805138679,PROVISIONAL_SMALL_REQUEST_N,2,0.01724080499633729,0.13727098975163265,0.01724080499633729,0.13727098975163265,-0.13727098975163265,0.01724080499633729,0.01724080499633729,0.13727098975163265,0.01724080499633729,0.13727098975163265,0.01724080499633729,0.13727098975163265,20,2,2,0,0,0,0,0,18,2,2,2,2,,1.0,0.1,1.0,NOT_ESTIMABLE,,,PROVISIONAL_SMALL_REQUEST_N,1.0,1.0,PROVISIONAL_SMALL_REQUEST_N,1.0,1.0,NOT_PRIMARY; use physical units and frozen spans
17,f17-7b878ff5d5dc,FORMAL_10K,HELDOUT_TRIPLE_AUDIT,STRICT_LUMPED,f12d43eace12231077007dc497fee8dad00fbe58cb2f1fe2c6159c47636b97a0,selected_q_proxy,all_finite_diagnostic,emx_minus_target,K_abs,dimensionless,2,0.0030758268710445943,0.0032038251856945864,-0.0030758268710445943,0.0030758268710445943,0.0037930592762694436,0.0038827133269225492,PROVISIONAL_SMALL_REQUEST_N,2,0.002179286364513533,0.003972367377575656,0.002179286364513533,0.003972367377575656,-0.003972367377575656,-0.002179286364513533,0.002179286364513533,0.003972367377575656,0.002179286364513533,0.003972367377575656,0.002179286364513533,0.003972367377575656,20,2,2,0,0,0,0,0,18,2,2,2,2,,1.0,0.1,1.0,NOT_ESTIMABLE,,,PROVISIONAL_SMALL_REQUEST_N,1.0,1.0,PROVISIONAL_SMALL_REQUEST_N,1.0,1.0,NOT_PRIMARY; use physical units and frozen spans
17,f17-7b878ff5d5dc,FORMAL_10K,HELDOUT_TRIPLE_AUDIT,STRICT_LUMPED,f12d43eace12231077007dc497fee8dad00fbe58cb2f1fe2c6159c47636b97a0,selected_q_proxy,all_finite_diagnostic,emx_minus_frozen_proxy,Lp_nH,nH,2,0.009778654019493849,0.010045904465162367,0.009778654019493849,0.009778654019493849,0.011620066015146046,0.011850242514602571,PROVISIONAL_SMALL_REQUEST_N,2,0.007476889024928601,0.012080419014059096,0.007476889024928601,0.012080419014059096,0.007476889024928601,0.012080419014059096,0.007476889024928601,0.012080419014059096,0.007476889024928601,0.012080419014059096,0.007476889024928601,0.012080419014059096,20,2,2,0,0,0,0,0,18,2,2,2,2,,1.0,0.1,1.0,NOT_ESTIMABLE,,,PROVISIONAL_SMALL_REQUEST_N,1.0,1.0,PROVISIONAL_SMALL_REQUEST_N,1.0,1.0,NOT_PRIMARY; use physical units and frozen spans
17,f17-7b878ff5d5dc,FORMAL_10K,HELDOUT_TRIPLE_AUDIT,STRICT_LUMPED,f12d43eace12231077007dc497fee8dad00fbe58cb2f1fe2c6159c47636b97a0,selected_q_proxy,all_finite_diagnostic,emx_minus_frozen_proxy,Ls_nH,nH,2,0.005235893692712823,0.0052524790684583865,-0.005235893692712823,0.005235893692712823,0.00556955565645798,0.005611263401926125,PROVISIONAL_SMALL_REQUEST_N,2,0.004818816238031376,0.00565297114739427,0.004818816238031376,0.00565297114739427,-0.00565297114739427,-0.004818816238031376,0.004818816238031376,0.00565297114739427,0.004818816238031376,0.00565297114739427,0.004818816238031376,0.00565297114739427,20,2,2,0,0,0,0,0,18,2,2,2,2,,1.0,0.1,1.0,NOT_ESTIMABLE,,,PROVISIONAL_SMALL_REQUEST_N,1.0,1.0,PROVISIONAL_SMALL_REQUEST_N,1.0,1.0,NOT_PRIMARY; use physical units and frozen spans
17,f17-7b878ff5d5dc,FORMAL_10K,HELDOUT_TRIPLE_AUDIT,STRICT_LUMPED,f12d43eace12231077007dc497fee8dad00fbe58cb2f1fe2c6159c47636b97a0,selected_q_proxy,all_finite_diagnostic,emx_minus_frozen_proxy,Qmin,dimensionless,2,0.05919664368135802,0.06316989843674996,-0.022049794678673074,0.05919664368135802,0.07683647942429647,0.07904145889216378,PROVISIONAL_SMALL_REQUEST_N,2,0.037146849002684945,0.08124643836003109,0.037146849002684945,0.08124643836003109,-0.08124643836003109,0.037146849002684945,0.037146849002684945,0.08124643836003109,0.037146849002684945,0.08124643836003109,0.037146849002684945,0.08124643836003109,20,2,2,0,0,0,0,0,18,2,2,2,2,,1.0,0.1,1.0,NOT_ESTIMABLE,,,PROVISIONAL_SMALL_REQUEST_N,1.0,1.0,PROVISIONAL_SMALL_REQUEST_N,1.0,1.0,NOT_PRIMARY; use physical units and frozen spans
17,f17-7b878ff5d5dc,FORMAL_10K,HELDOUT_TRIPLE_AUDIT,STRICT_LUMPED,f12d43eace12231077007dc497fee8dad00fbe58cb2f1fe2c6159c47636b97a0,selected_q_proxy,all_finite_diagnostic,emx_minus_frozen_proxy,K_abs,dimensionless,2,0.003030812441507734,0.003058302787671125,-0.003030812441507734,0.003030812441507734,0.0033581208689985307,0.00339903442243488,PROVISIONAL_SMALL_REQUEST_N,2,0.002621676907144238,0.00343994797587123,0.002621676907144238,0.00343994797587123,-0.00343994797587123,-0.002621676907144238,0.002621676907144238,0.00343994797587123,0.002621676907144238,0.00343994797587123,0.002621676907144238,0.00343994797587123,20,2,2,0,0,0,0,0,18,2,2,2,2,,1.0,0.1,1.0,NOT_ESTIMABLE,,,PROVISIONAL_SMALL_REQUEST_N,1.0,1.0,PROVISIONAL_SMALL_REQUEST_N,1.0,1.0,NOT_PRIMARY; use physical units and frozen spans
18,f18-1a136fda6a2a,FORMAL_10K,HELDOUT_TRIPLE_AUDIT,STRICT_LUMPED,f12d43eace12231077007dc497fee8dad00fbe58cb2f1fe2c6159c47636b97a0,all_candidates,strict_valid,emx_minus_target,Lp_nH,nH,19,0.029277868579804866,0.0475064634388676,0.013475272829379863,0.0169286811419308,0.0561892026562597,0.09378485499861842,PROVISIONAL_SMALL_REQUEST_N,2,0.020697130366760373,0.04107638362274105,0.02410634475703297,0.0675353082356801,0.0029618880513961987,0.0279311768991074,0.016547590100392084,0.0169286811419308,0.04161615093122317,0.12539313749065373,0.04840832441166225,0.16490349060569764,220,21,19,2,45,0,0,0,154,11,21,21,22,,0.5,0.05,0.5789473684210527,NOT_ESTIMABLE,,,PROVISIONAL_SMALL_REQUEST_N,0.45454545454545453,0.5454545454545454,PROVISIONAL_SMALL_REQUEST_N,0.5454545454545454,0.625,NOT_PRIMARY; use physical units and frozen spans
18,f18-1a136fda6a2a,FORMAL_10K,HELDOUT_TRIPLE_AUDIT,STRICT_LUMPED,f12d43eace12231077007dc497fee8dad00fbe58cb2f1fe2c6159c47636b97a0,all_candidates,strict_valid,emx_minus_target,Ls_nH,nH,19,0.08768169981551437,0.14050563496717017,-0.06955250336540604,0.034117268422927394,0.26145021209776426,0.330689125062215,PROVISIONAL_SMALL_REQUEST_N,2,0.07155594633890447,0.0994095205257761,0.11214415906911979,0.15796557058320865,-0.06960175421118256,-0.06951668456847768,0.0273134825385426,0.06165690215178177,0.21724558344981726,0.3263133029450259,0.2452344393859489,0.36788361305832273,220,21,19,2,45,0,0,0,154,11,21,21,22,,0.5,0.05,0.5789473684210527,NOT_ESTIMABLE,,,PROVISIONAL_SMALL_REQUEST_N,0.45454545454545453,0.5454545454545454,PROVISIONAL_SMALL_REQUEST_N,0.5454545454545454,0.625,NOT_PRIMARY; use physical units and frozen spans
18,f18-1a136fda6a2a,FORMAL_10K,HELDOUT_TRIPLE_AUDIT,STRICT_LUMPED,f12d43eace12231077007dc497fee8dad00fbe58cb2f1fe2c6159c47636b97a0,all_candidates,strict_valid,emx_minus_target,Qmin,dimensionless,19,1.5455765031136472,2.4370715222794366,0.5299367847262058,0.5437637861053659,4.687669516600814,5.671321383268417,PROVISIONAL_SMALL_REQUEST_N,2,1.0244710064356182,1.9245623188794865,1.4799621454696508,2.9437874625791136,-0.8208878507024535,1.5123547014015943,0.4668387812239052,0.5437637861053659,2.8101542727928877,5.617856961766012,3.1661028213602016,6.125768966038868,220,21,19,2,45,0,0,0,154,11,21,21,22,,0.5,0.05,0.5789473684210527,NOT_ESTIMABLE,,,PROVISIONAL_SMALL_REQUEST_N,0.45454545454545453,0.5454545454545454,PROVISIONAL_SMALL_REQUEST_N,0.5454545454545454,0.625,NOT_PRIMARY; use physical units and frozen spans
18,f18-1a136fda6a2a,FORMAL_10K,HELDOUT_TRIPLE_AUDIT,STRICT_LUMPED,f12d43eace12231077007dc497fee8dad00fbe58cb2f1fe2c6159c47636b97a0,all_candidates,strict_valid,emx_minus_target,K_abs,dimensionless,19,0.04130052094866987,0.062371019046604304,0.04130052094866987,0.018146905766112054,0.1095133345986254,0.13132447338379438,PROVISIONAL_SMALL_REQUEST_N,2,0.03762720538060667,0.04397202317998856,0.05446421838490154,0.06754253047127867,0.03762720538060667,0.04397202317998856,0.01547434995649391,0.018146905766112054,0.09804707497285069,0.12827724488251882,0.10482235702765207,0.1572259156446373,220,21,19,2,45,0,0,0,154,11,21,21,22,,0.5,0.05,0.5789473684210527,NOT_ESTIMABLE,,,PROVISIONAL_SMALL_REQUEST_N,0.45454545454545453,0.5454545454545454,PROVISIONAL_SMALL_REQUEST_N,0.5454545454545454,0.625,NOT_PRIMARY; use physical units and frozen spans
18,f18-1a136fda6a2a,FORMAL_10K,HELDOUT_TRIPLE_AUDIT,STRICT_LUMPED,f12d43eace12231077007dc497fee8dad00fbe58cb2f1fe2c6159c47636b97a0,all_candidates,strict_valid,emx_minus_frozen_proxy,Lp_nH,nH,19,0.015765402253036215,0.01859411456051172,-0.007677965805900551,0.01610258354200833,0.025770333309194107,0.03397877456616674,PROVISIONAL_SMALL_REQUEST_N,2,0.011331159103376925,0.01899030636187933,0.015594354384405956,0.02050190616452244,-0.01640126387126082,0.004316569033969819,0.010313839649538303,0.020191880932800554,0.023781961451692202,0.026187971275429933,0.033226727774826284,0.036273359008851536,220,21,19,2,45,0,0,0,154,11,21,21,22,,0.5,0.05,0.5789473684210527,NOT_ESTIMABLE,,,PROVISIONAL_SMALL_REQUEST_N,0.45454545454545453,0.5454545454545454,PROVISIONAL_SMALL_REQUEST_N,0.5454545454545454,0.625,NOT_PRIMARY; use physical units and frozen spans
18,f18-1a136fda6a2a,FORMAL_10K,HELDOUT_TRIPLE_AUDIT,STRICT_LUMPED,f12d43eace12231077007dc497fee8dad00fbe58cb2f1fe2c6159c47636b97a0,all_candidates,strict_valid,emx_minus_frozen_proxy,Ls_nH,nH,19,0.008868560559839785,0.011547564543165054,0.003280436609756667,0.007771702733479602,0.020751622122734358,0.022145680211962053,PROVISIONAL_SMALL_REQUEST_N,2,0.00578475320828431,0.013108795668228562,0.00736424815983732,0.015560466855690543,0.002553003258078168,0.004280657468314603,0.003928724867619415,0.013184718249761529,0.012800677503817748,0.023248451126027914,0.012989635852369319,0.02462691476861023,220,21,19,2,45,0,0,0,154,11,21,21,22,,0.5,0.05,0.5789473684210527,NOT_ESTIMABLE,,,PROVISIONAL_SMALL_REQUEST_N,0.45454545454545453,0.5454545454545454,PROVISIONAL_SMALL_REQUEST_N,0.5454545454545454,0.625,NOT_PRIMARY; use physical units and frozen spans
18,f18-1a136fda6a2a,FORMAL_10K,HELDOUT_TRIPLE_AUDIT,STRICT_LUMPED,f12d43eace12231077007dc497fee8dad00fbe58cb2f1fe2c6159c47636b97a0,all_candidates,strict_valid,emx_minus_frozen_proxy,Qmin,dimensionless,19,0.5133493105996592,0.8010153478783301,-0.32496543253646387,0.24844359103367175,1.6181731898035046,1.808445462434706,PROVISIONAL_SMALL_REQUEST_N,2,0.3281816443481975,0.6480167042370858,0.46036011899086854,0.9767959985184357,-0.39058925653408577,-0.2347326745397338,0.22135548962859541,0.26610346066770063,0.8417150096929422,1.775144594630472,1.0136768545966675,2.0915028387707015,220,21,19,2,45,0,0,0,154,11,21,21,22,,0.5,0.05,0.5789473684210527,NOT_ESTIMABLE,,,PROVISIONAL_SMALL_REQUEST_N,0.45454545454545453,0.5454545454545454,PROVISIONAL_SMALL_REQUEST_N,0.5454545454545454,0.625,NOT_PRIMARY; use physical units and frozen spans
18,f18-1a136fda6a2a,FORMAL_10K,HELDOUT_TRIPLE_AUDIT,STRICT_LUMPED,f12d43eace12231077007dc497fee8dad00fbe58cb2f1fe2c6159c47636b97a0,all_candidates,strict_valid,emx_minus_frozen_proxy,K_abs,dimensionless,19,0.02205913876618242,0.03418935756612206,0.02205913876618242,0.009885296332316482,0.05381473069170718,0.08965723678682055,PROVISIONAL_SMALL_REQUEST_N,2,0.007951598823370352,0.03231916781550029,0.012450194180785808,0.043661167022866015,0.007951598823370352,0.03231916781550029,0.003924895120144184,0.021069990011847783,0.020837945251850988,0.08962806244509769,0.031790594171385494,0.08990521869146496,220,21,19,2,45,0,0,0,154,11,21,21,22,,0.5,0.05,0.5789473684210527,NOT_ESTIMABLE,,,PROVISIONAL_SMALL_REQUEST_N,0.45454545454545453,0.5454545454545454,PROVISIONAL_SMALL_REQUEST_N,0.5454545454545454,0.625,NOT_PRIMARY; use physical units and frozen spans
18,f18-1a136fda6a2a,FORMAL_10K,HELDOUT_TRIPLE_AUDIT,STRICT_LUMPED,f12d43eace12231077007dc497fee8dad00fbe58cb2f1fe2c6159c47636b97a0,all_candidates,all_finite_diagnostic,emx_minus_target,Lp_nH,nH,21,0.034687803137736076,0.05275579358794512,0.003993610518192967,0.01843223475160971,0.08588278437560981,0.10539471203084227,PROVISIONAL_SMALL_REQUEST_N,2,0.020697130366760373,0.05007754318580935,0.02410634475703297,0.07214871756724237,0.0029618880513961987,0.005128505231669411,0.0169286811419308,0.02870772484118217,0.04161615093122317,0.11134558988832789,0.04840832441166225,0.16490349060569764,220,21,19,2,45,0,0,0,154,11,21,21,22,,0.5,0.05,0.5789473684210527,NOT_ESTIMABLE,,,PROVISIONAL_SMALL_REQUEST_N,0.45454545454545453,0.5454545454545454,PROVISIONAL_SMALL_REQUEST_N,0.5454545454545454,0.625,NOT_PRIMARY; use physical units and frozen spans
18,f18-1a136fda6a2a,FORMAL_10K,HELDOUT_TRIPLE_AUDIT,STRICT_LUMPED,f12d43eace12231077007dc497fee8dad00fbe58cb2f1fe2c6159c47636b97a0,all_candidates,all_finite_diagnostic,emx_minus_target,Ls_nH,nH,21,0.08205283178153489,0.13410182693347872,-0.06497218699378902,0.034117268422927394,0.2452344393859489,0.3263133029450259,PROVISIONAL_SMALL_REQUEST_N,2,0.06296047416286957,0.0994095205257761,0.10157015473965017,0.15796557058320865,-0.06951668456847768,-0.059973239661631504,0.0273134825385426,0.06165690215178177,0.194854498700912,0.3263133029450259,0.2452344393859489,0.36788361305832273,220,21,19,2,45,0,0,0,154,11,21,21,22,,0.5,0.05,0.5789473684210527,NOT_ESTIMABLE,,,PROVISIONAL_SMALL_REQUEST_N,0.45454545454545453,0.5454545454545454,PROVISIONAL_SMALL_REQUEST_N,0.5454545454545454,0.625,NOT_PRIMARY; use physical units and frozen spans
18,f18-1a136fda6a2a,FORMAL_10K,HELDOUT_TRIPLE_AUDIT,STRICT_LUMPED,f12d43eace12231077007dc497fee8dad00fbe58cb2f1fe2c6159c47636b97a0,all_candidates,all_finite_diagnostic,emx_minus_target,Qmin,dimensionless,21,1.474558619069137,2.336360231855056,0.555646492909071,0.5437637861053659,4.455122655309516,5.617856961766012,PROVISIONAL_SMALL_REQUEST_N,2,0.9795545492777527,1.9245623188794865,1.3894398482716799,2.9437874625791136,-0.49673253643270476,1.5123547014015943,0.4668387812239052,0.5437637861053659,2.5253954339390376,5.617856961766012,3.1661028213602016,6.125768966038868,220,21,19,2,45,0,0,0,154,11,21,21,22,,0.5,0.05,0.5789473684210527,NOT_ESTIMABLE,,,PROVISIONAL_SMALL_REQUEST_N,0.45454545454545453,0.5454545454545454,PROVISIONAL_SMALL_REQUEST_N,0.5454545454545454,0.625,NOT_PRIMARY; use physical units and frozen spans
18,f18-1a136fda6a2a,FORMAL_10K,HELDOUT_TRIPLE_AUDIT,STRICT_LUMPED,f12d43eace12231077007dc497fee8dad00fbe58cb2f1fe2c6159c47636b97a0,all_candidates,all_finite_diagnostic,emx_minus_target,K_abs,dimensionless,21,0.044908278942148626,0.06433888618202546,0.044908278942148626,0.020437644161503704,0.10482235702765207,0.12827724488251882,PROVISIONAL_SMALL_REQUEST_N,2,0.04397202317998856,0.04593816028052469,0.06061964213925754,0.06754253047127867,0.04397202317998856,0.04593816028052469,0.018146905766112054,0.04138157328217542,0.09564554925553664,0.12827724488251882,0.10482235702765207,0.1572259156446373,220,21,19,2,45,0,0,0,154,11,21,21,22,,0.5,0.05,0.5789473684210527,NOT_ESTIMABLE,,,PROVISIONAL_SMALL_REQUEST_N,0.45454545454545453,0.5454545454545454,PROVISIONAL_SMALL_REQUEST_N,0.5454545454545454,0.625,NOT_PRIMARY; use physical units and frozen spans
18,f18-1a136fda6a2a,FORMAL_10K,HELDOUT_TRIPLE_AUDIT,STRICT_LUMPED,f12d43eace12231077007dc497fee8dad00fbe58cb2f1fe2c6159c47636b97a0,all_candidates,all_finite_diagnostic,emx_minus_frozen_proxy,Lp_nH,nH,21,0.015387027964389484,0.01805723017086355,-0.008069823559838171,0.012241540065007217,0.023781961451692202,0.03372382073920177,PROVISIONAL_SMALL_REQUEST_N,2,0.011423421727150652,0.01899030636187933,0.014912159703231205,0.02050190616452244,-0.01640126387126082,0.0010947607827267447,0.010975528478279095,0.020191880932800554,0.01811966108869268,0.023781961451692202,0.033226727774826284,0.036273359008851536,220,21,19,2,45,0,0,0,154,11,21,21,22,,0.5,0.05,0.5789473684210527,NOT_ESTIMABLE,,,PROVISIONAL_SMALL_REQUEST_N,0.45454545454545453,0.5454545454545454,PROVISIONAL_SMALL_REQUEST_N,0.5454545454545454,0.625,NOT_PRIMARY; use physical units and frozen spans
18,f18-1a136fda6a2a,FORMAL_10K,HELDOUT_TRIPLE_AUDIT,STRICT_LUMPED,f12d43eace12231077007dc497fee8dad00fbe58cb2f1fe2c6159c47636b97a0,all_candidates,all_finite_diagnostic,emx_minus_frozen_proxy,Ls_nH,nH,21,0.009655343829847203,0.012968688745506362,0.004334086439306318,0.007771702733479602,0.021869987483445597,0.02462691476861023,PROVISIONAL_SMALL_REQUEST_N,2,0.00578475320828431,0.013912993513566386,0.00736424815983732,0.017132924393628634,0.002553003258078168,0.006293277938657282,0.003928724867619415,0.013184718249761529,0.012800677503817748,0.025311577763243786,0.012989635852369319,0.03147354471494568,220,21,19,2,45,0,0,0,154,11,21,21,22,,0.5,0.05,0.5789473684210527,NOT_ESTIMABLE,,,PROVISIONAL_SMALL_REQUEST_N,0.45454545454545453,0.5454545454545454,PROVISIONAL_SMALL_REQUEST_N,0.5454545454545454,0.625,NOT_PRIMARY; use physical units and frozen spans
18,f18-1a136fda6a2a,FORMAL_10K,HELDOUT_TRIPLE_AUDIT,STRICT_LUMPED,f12d43eace12231077007dc497fee8dad00fbe58cb2f1fe2c6159c47636b97a0,all_candidates,all_finite_diagnostic,emx_minus_frozen_proxy,Qmin,dimensionless,21,0.5217788940263842,0.7842831567922438,-0.3513363376834932,0.26610346066770063,1.5789303385967628,1.775144594630472,PROVISIONAL_SMALL_REQUEST_N,2,0.38291730279461245,0.6480167042370858,0.49210434062810754,0.9767959985184357,-0.39058925653408577,-0.30815812694784145,0.26610346066770063,0.28366868980927684,0.7041455337699625,1.775144594630472,1.0136768545966675,2.0915028387707015,220,21,19,2,45,0,0,0,154,11,21,21,22,,0.5,0.05,0.5789473684210527,NOT_ESTIMABLE,,,PROVISIONAL_SMALL_REQUEST_N,0.45454545454545453,0.5454545454545454,PROVISIONAL_SMALL_REQUEST_N,0.5454545454545454,0.625,NOT_PRIMARY; use physical units and frozen spans
18,f18-1a136fda6a2a,FORMAL_10K,HELDOUT_TRIPLE_AUDIT,STRICT_LUMPED,f12d43eace12231077007dc497fee8dad00fbe58cb2f1fe2c6159c47636b97a0,all_candidates,all_finite_diagnostic,emx_minus_frozen_proxy,K_abs,dimensionless,21,0.023375759751915914,0.034580619381465276,0.023375759751915914,0.010616906377536262,0.04868207200354871,0.08962806244509769,PROVISIONAL_SMALL_REQUEST_N,2,0.013538010881973105,0.03231916781550029,0.02035419221963028,0.043661167022866015,0.013538010881973105,0.03231916781550029,0.006766353479675059,0.021069990011847783,0.03347974195460184,0.08962806244509769,0.04868207200354871,0.08990521869146496,220,21,19,2,45,0,0,0,154,11,21,21,22,,0.5,0.05,0.5789473684210527,NOT_ESTIMABLE,,,PROVISIONAL_SMALL_REQUEST_N,0.45454545454545453,0.5454545454545454,PROVISIONAL_SMALL_REQUEST_N,0.5454545454545454,0.625,NOT_PRIMARY; use physical units and frozen spans
18,f18-1a136fda6a2a,FORMAL_10K,HELDOUT_TRIPLE_AUDIT,STRICT_LUMPED,f12d43eace12231077007dc497fee8dad00fbe58cb2f1fe2c6159c47636b97a0,selected_q_proxy,strict_valid,emx_minus_target,Lp_nH,nH,2,0.01184492655660091,0.014296168991207303,-0.008004883677723729,0.01184492655660091,0.01824883349877989,0.019049321866552265,PROVISIONAL_SMALL_REQUEST_N,2,0.003840042878877181,0.01984981023432464,0.003840042878877181,0.01984981023432464,-0.01984981023432464,0.003840042878877181,0.003840042878877181,0.01984981023432464,0.003840042878877181,0.01984981023432464,0.003840042878877181,0.01984981023432464,20,2,2,0,0,0,0,0,18,2,2,2,2,,1.0,0.1,1.0,NOT_ESTIMABLE,,,PROVISIONAL_SMALL_REQUEST_N,1.0,1.0,PROVISIONAL_SMALL_REQUEST_N,1.0,1.0,NOT_PRIMARY; use physical units and frozen spans
18,f18-1a136fda6a2a,FORMAL_10K,HELDOUT_TRIPLE_AUDIT,STRICT_LUMPED,f12d43eace12231077007dc497fee8dad00fbe58cb2f1fe2c6159c47636b97a0,selected_q_proxy,strict_valid,emx_minus_target,Ls_nH,nH,2,0.00761320385232217,0.008661270513919177,-0.004129979905310999,0.00761320385232217,0.010917187776570969,0.011330185767102069,PROVISIONAL_SMALL_REQUEST_N,2,0.0034832239470111714,0.011743183757633169,0.0034832239470111714,0.011743183757633169,-0.011743183757633169,0.0034832239470111714,0.0034832239470111714,0.011743183757633169,0.0034832239470111714,0.011743183757633169,0.0034832239470111714,0.011743183757633169,20,2,2,0,0,0,0,0,18,2,2,2,2,,1.0,0.1,1.0,NOT_ESTIMABLE,,,PROVISIONAL_SMALL_REQUEST_N,1.0,1.0,PROVISIONAL_SMALL_REQUEST_N,1.0,1.0,NOT_PRIMARY; use physical units and frozen spans
18,f18-1a136fda6a2a,FORMAL_10K,HELDOUT_TRIPLE_AUDIT,STRICT_LUMPED,f12d43eace12231077007dc497fee8dad00fbe58cb2f1fe2c6159c47636b97a0,selected_q_proxy,strict_valid,emx_minus_target,Qmin,dimensionless,2,0.17639077306981576,0.17774733788467473,0.17639077306981576,0.17639077306981576,0.19392540259512217,0.19611723128578545,PROVISIONAL_SMALL_REQUEST_N,2,0.15447248616318277,0.19830905997644876,0.15447248616318277,0.19830905997644876,0.15447248616318277,0.19830905997644876,0.15447248616318277,0.19830905997644876,0.15447248616318277,0.19830905997644876,0.15447248616318277,0.19830905997644876,20,2,2,0,0,0,0,0,18,2,2,2,2,,1.0,0.1,1.0,NOT_ESTIMABLE,,,PROVISIONAL_SMALL_REQUEST_N,1.0,1.0,PROVISIONAL_SMALL_REQUEST_N,1.0,1.0,NOT_PRIMARY; use physical units and frozen spans
18,f18-1a136fda6a2a,FORMAL_10K,HELDOUT_TRIPLE_AUDIT,STRICT_LUMPED,f12d43eace12231077007dc497fee8dad00fbe58cb2f1fe2c6159c47636b97a0,selected_q_proxy,strict_valid,emx_minus_target,K_abs,dimensionless,2,0.005246534855994224,0.005396494323688486,0.005246534855994224,0.005246534855994224,0.006257205283918883,0.006383539087409466,PROVISIONAL_SMALL_REQUEST_N,2,0.0039831968210884,0.006509872890900048,0.0039831968210884,0.006509872890900048,0.0039831968210884,0.006509872890900048,0.0039831968210884,0.006509872890900048,0.0039831968210884,0.006509872890900048,0.0039831968210884,0.006509872890900048,20,2,2,0,0,0,0,0,18,2,2,2,2,,1.0,0.1,1.0,NOT_ESTIMABLE,,,PROVISIONAL_SMALL_REQUEST_N,1.0,1.0,PROVISIONAL_SMALL_REQUEST_N,1.0,1.0,NOT_PRIMARY; use physical units and frozen spans
18,f18-1a136fda6a2a,FORMAL_10K,HELDOUT_TRIPLE_AUDIT,STRICT_LUMPED,f12d43eace12231077007dc497fee8dad00fbe58cb2f1fe2c6159c47636b97a0,selected_q_proxy,strict_valid,emx_minus_frozen_proxy,Lp_nH,nH,2,0.01380138966459682,0.014211316310733493,-0.01380138966459682,0.01380138966459682,0.01651233395583468,0.016851201992239412,PROVISIONAL_SMALL_REQUEST_N,2,0.010412709300549494,0.017190070028644144,0.010412709300549494,0.017190070028644144,-0.017190070028644144,-0.010412709300549494,0.010412709300549494,0.017190070028644144,0.010412709300549494,0.017190070028644144,0.010412709300549494,0.017190070028644144,20,2,2,0,0,0,0,0,18,2,2,2,2,,1.0,0.1,1.0,NOT_ESTIMABLE,,,PROVISIONAL_SMALL_REQUEST_N,1.0,1.0,PROVISIONAL_SMALL_REQUEST_N,1.0,1.0,NOT_PRIMARY; use physical units and frozen spans
18,f18-1a136fda6a2a,FORMAL_10K,HELDOUT_TRIPLE_AUDIT,STRICT_LUMPED,f12d43eace12231077007dc497fee8dad00fbe58cb2f1fe2c6159c47636b97a0,selected_q_proxy,strict_valid,emx_minus_frozen_proxy,Ls_nH,nH,2,0.008848974609085292,0.010124880698093742,-0.004920249741465876,0.008848974609085292,0.012785174402257992,0.01327719937640458,PROVISIONAL_SMALL_REQUEST_N,2,0.003928724867619415,0.013769224350551168,0.003928724867619415,0.013769224350551168,-0.013769224350551168,0.003928724867619415,0.003928724867619415,0.013769224350551168,0.003928724867619415,0.013769224350551168,0.003928724867619415,0.013769224350551168,20,2,2,0,0,0,0,0,18,2,2,2,2,,1.0,0.1,1.0,NOT_ESTIMABLE,,,PROVISIONAL_SMALL_REQUEST_N,1.0,1.0,PROVISIONAL_SMALL_REQUEST_N,1.0,1.0,NOT_PRIMARY; use physical units and frozen spans
18,f18-1a136fda6a2a,FORMAL_10K,HELDOUT_TRIPLE_AUDIT,STRICT_LUMPED,f12d43eace12231077007dc497fee8dad00fbe58cb2f1fe2c6159c47636b97a0,selected_q_proxy,strict_valid,emx_minus_frozen_proxy,Qmin,dimensionless,2,0.21491253973241342,0.21590188052692216,0.21491253973241342,0.21491253973241342,0.2314286609395289,0.23349317609041834,PROVISIONAL_SMALL_REQUEST_N,2,0.19426738822351908,0.23555769124130777,0.19426738822351908,0.23555769124130777,0.19426738822351908,0.23555769124130777,0.19426738822351908,0.23555769124130777,0.19426738822351908,0.23555769124130777,0.19426738822351908,0.23555769124130777,20,2,2,0,0,0,0,0,18,2,2,2,2,,1.0,0.1,1.0,NOT_ESTIMABLE,,,PROVISIONAL_SMALL_REQUEST_N,1.0,1.0,PROVISIONAL_SMALL_REQUEST_N,1.0,1.0,NOT_PRIMARY; use physical units and frozen spans
18,f18-1a136fda6a2a,FORMAL_10K,HELDOUT_TRIPLE_AUDIT,STRICT_LUMPED,f12d43eace12231077007dc497fee8dad00fbe58cb2f1fe2c6159c47636b97a0,selected_q_proxy,strict_valid,emx_minus_frozen_proxy,K_abs,dimensionless,2,0.004065826237819231,0.0048377032910592,0.004065826237819231,0.004065826237819231,0.006163051854475405,0.006425205056557426,PROVISIONAL_SMALL_REQUEST_N,2,0.0014442942169990147,0.0066873582586394476,0.0014442942169990147,0.0066873582586394476,0.0014442942169990147,0.0066873582586394476,0.0014442942169990147,0.0066873582586394476,0.0014442942169990147,0.0066873582586394476,0.0014442942169990147,0.0066873582586394476,20,2,2,0,0,0,0,0,18,2,2,2,2,,1.0,0.1,1.0,NOT_ESTIMABLE,,,PROVISIONAL_SMALL_REQUEST_N,1.0,1.0,PROVISIONAL_SMALL_REQUEST_N,1.0,1.0,NOT_PRIMARY; use physical units and frozen spans
18,f18-1a136fda6a2a,FORMAL_10K,HELDOUT_TRIPLE_AUDIT,STRICT_LUMPED,f12d43eace12231077007dc497fee8dad00fbe58cb2f1fe2c6159c47636b97a0,selected_q_proxy,all_finite_diagnostic,emx_minus_target,Lp_nH,nH,2,0.01184492655660091,0.014296168991207303,-0.008004883677723729,0.01184492655660091,0.01824883349877989,0.019049321866552265,PROVISIONAL_SMALL_REQUEST_N,2,0.003840042878877181,0.01984981023432464,0.003840042878877181,0.01984981023432464,-0.01984981023432464,0.003840042878877181,0.003840042878877181,0.01984981023432464,0.003840042878877181,0.01984981023432464,0.003840042878877181,0.01984981023432464,20,2,2,0,0,0,0,0,18,2,2,2,2,,1.0,0.1,1.0,NOT_ESTIMABLE,,,PROVISIONAL_SMALL_REQUEST_N,1.0,1.0,PROVISIONAL_SMALL_REQUEST_N,1.0,1.0,NOT_PRIMARY; use physical units and frozen spans
18,f18-1a136fda6a2a,FORMAL_10K,HELDOUT_TRIPLE_AUDIT,STRICT_LUMPED,f12d43eace12231077007dc497fee8dad00fbe58cb2f1fe2c6159c47636b97a0,selected_q_proxy,all_finite_diagnostic,emx_minus_target,Ls_nH,nH,2,0.00761320385232217,0.008661270513919177,-0.004129979905310999,0.00761320385232217,0.010917187776570969,0.011330185767102069,PROVISIONAL_SMALL_REQUEST_N,2,0.0034832239470111714,0.011743183757633169,0.0034832239470111714,0.011743183757633169,-0.011743183757633169,0.0034832239470111714,0.0034832239470111714,0.011743183757633169,0.0034832239470111714,0.011743183757633169,0.0034832239470111714,0.011743183757633169,20,2,2,0,0,0,0,0,18,2,2,2,2,,1.0,0.1,1.0,NOT_ESTIMABLE,,,PROVISIONAL_SMALL_REQUEST_N,1.0,1.0,PROVISIONAL_SMALL_REQUEST_N,1.0,1.0,NOT_PRIMARY; use physical units and frozen spans
18,f18-1a136fda6a2a,FORMAL_10K,HELDOUT_TRIPLE_AUDIT,STRICT_LUMPED,f12d43eace12231077007dc497fee8dad00fbe58cb2f1fe2c6159c47636b97a0,selected_q_proxy,all_finite_diagnostic,emx_minus_target,Qmin,dimensionless,2,0.17639077306981576,0.17774733788467473,0.17639077306981576,0.17639077306981576,0.19392540259512217,0.19611723128578545,PROVISIONAL_SMALL_REQUEST_N,2,0.15447248616318277,0.19830905997644876,0.15447248616318277,0.19830905997644876,0.15447248616318277,0.19830905997644876,0.15447248616318277,0.19830905997644876,0.15447248616318277,0.19830905997644876,0.15447248616318277,0.19830905997644876,20,2,2,0,0,0,0,0,18,2,2,2,2,,1.0,0.1,1.0,NOT_ESTIMABLE,,,PROVISIONAL_SMALL_REQUEST_N,1.0,1.0,PROVISIONAL_SMALL_REQUEST_N,1.0,1.0,NOT_PRIMARY; use physical units and frozen spans
18,f18-1a136fda6a2a,FORMAL_10K,HELDOUT_TRIPLE_AUDIT,STRICT_LUMPED,f12d43eace12231077007dc497fee8dad00fbe58cb2f1fe2c6159c47636b97a0,selected_q_proxy,all_finite_diagnostic,emx_minus_target,K_abs,dimensionless,2,0.005246534855994224,0.005396494323688486,0.005246534855994224,0.005246534855994224,0.006257205283918883,0.006383539087409466,PROVISIONAL_SMALL_REQUEST_N,2,0.0039831968210884,0.006509872890900048,0.0039831968210884,0.006509872890900048,0.0039831968210884,0.006509872890900048,0.0039831968210884,0.006509872890900048,0.0039831968210884,0.006509872890900048,0.0039831968210884,0.006509872890900048,20,2,2,0,0,0,0,0,18,2,2,2,2,,1.0,0.1,1.0,NOT_ESTIMABLE,,,PROVISIONAL_SMALL_REQUEST_N,1.0,1.0,PROVISIONAL_SMALL_REQUEST_N,1.0,1.0,NOT_PRIMARY; use physical units and frozen spans
18,f18-1a136fda6a2a,FORMAL_10K,HELDOUT_TRIPLE_AUDIT,STRICT_LUMPED,f12d43eace12231077007dc497fee8dad00fbe58cb2f1fe2c6159c47636b97a0,selected_q_proxy,all_finite_diagnostic,emx_minus_frozen_proxy,Lp_nH,nH,2,0.01380138966459682,0.014211316310733493,-0.01380138966459682,0.01380138966459682,0.01651233395583468,0.016851201992239412,PROVISIONAL_SMALL_REQUEST_N,2,0.010412709300549494,0.017190070028644144,0.010412709300549494,0.017190070028644144,-0.017190070028644144,-0.010412709300549494,0.010412709300549494,0.017190070028644144,0.010412709300549494,0.017190070028644144,0.010412709300549494,0.017190070028644144,20,2,2,0,0,0,0,0,18,2,2,2,2,,1.0,0.1,1.0,NOT_ESTIMABLE,,,PROVISIONAL_SMALL_REQUEST_N,1.0,1.0,PROVISIONAL_SMALL_REQUEST_N,1.0,1.0,NOT_PRIMARY; use physical units and frozen spans
18,f18-1a136fda6a2a,FORMAL_10K,HELDOUT_TRIPLE_AUDIT,STRICT_LUMPED,f12d43eace12231077007dc497fee8dad00fbe58cb2f1fe2c6159c47636b97a0,selected_q_proxy,all_finite_diagnostic,emx_minus_frozen_proxy,Ls_nH,nH,2,0.008848974609085292,0.010124880698093742,-0.004920249741465876,0.008848974609085292,0.012785174402257992,0.01327719937640458,PROVISIONAL_SMALL_REQUEST_N,2,0.003928724867619415,0.013769224350551168,0.003928724867619415,0.013769224350551168,-0.013769224350551168,0.003928724867619415,0.003928724867619415,0.013769224350551168,0.003928724867619415,0.013769224350551168,0.003928724867619415,0.013769224350551168,20,2,2,0,0,0,0,0,18,2,2,2,2,,1.0,0.1,1.0,NOT_ESTIMABLE,,,PROVISIONAL_SMALL_REQUEST_N,1.0,1.0,PROVISIONAL_SMALL_REQUEST_N,1.0,1.0,NOT_PRIMARY; use physical units and frozen spans
18,f18-1a136fda6a2a,FORMAL_10K,HELDOUT_TRIPLE_AUDIT,STRICT_LUMPED,f12d43eace12231077007dc497fee8dad00fbe58cb2f1fe2c6159c47636b97a0,selected_q_proxy,all_finite_diagnostic,emx_minus_frozen_proxy,Qmin,dimensionless,2,0.21491253973241342,0.21590188052692216,0.21491253973241342,0.21491253973241342,0.2314286609395289,0.23349317609041834,PROVISIONAL_SMALL_REQUEST_N,2,0.19426738822351908,0.23555769124130777,0.19426738822351908,0.23555769124130777,0.19426738822351908,0.23555769124130777,0.19426738822351908,0.23555769124130777,0.19426738822351908,0.23555769124130777,0.19426738822351908,0.23555769124130777,20,2,2,0,0,0,0,0,18,2,2,2,2,,1.0,0.1,1.0,NOT_ESTIMABLE,,,PROVISIONAL_SMALL_REQUEST_N,1.0,1.0,PROVISIONAL_SMALL_REQUEST_N,1.0,1.0,NOT_PRIMARY; use physical units and frozen spans
18,f18-1a136fda6a2a,FORMAL_10K,HELDOUT_TRIPLE_AUDIT,STRICT_LUMPED,f12d43eace12231077007dc497fee8dad00fbe58cb2f1fe2c6159c47636b97a0,selected_q_proxy,all_finite_diagnostic,emx_minus_frozen_proxy,K_abs,dimensionless,2,0.004065826237819231,0.0048377032910592,0.004065826237819231,0.004065826237819231,0.006163051854475405,0.006425205056557426,PROVISIONAL_SMALL_REQUEST_N,2,0.0014442942169990147,0.0066873582586394476,0.0014442942169990147,0.0066873582586394476,0.0014442942169990147,0.0066873582586394476,0.0014442942169990147,0.0066873582586394476,0.0014442942169990147,0.0066873582586394476,0.0014442942169990147,0.0066873582586394476,20,2,2,0,0,0,0,0,18,2,2,2,2,,1.0,0.1,1.0,NOT_ESTIMABLE,,,PROVISIONAL_SMALL_REQUEST_N,1.0,1.0,PROVISIONAL_SMALL_REQUEST_N,1.0,1.0,NOT_PRIMARY; use physical units and frozen spans
19,f19-e02801471b97,FORMAL_10K,HELDOUT_TRIPLE_AUDIT,STRICT_LUMPED,f12d43eace12231077007dc497fee8dad00fbe58cb2f1fe2c6159c47636b97a0,all_candidates,strict_valid,emx_minus_target,Lp_nH,nH,13,0.021066700418879345,0.02587714235979847,0.005348482807545689,0.01948512564893956,0.037690164947008546,0.04400846899371558,PROVISIONAL_SMALL_REQUEST_N,2,0.012768351671898623,0.028179570773434248,0.017007625703223957,0.03155400917441805,-0.002781636607875134,0.012317156592192109,0.008358075109032803,0.02797089503676875,0.032751473967339365,0.04809757472669127,0.034225512669383784,0.0521866804596669,220,16,13,3,24,3,0,0,177,10,16,16,22,,0.45454545454545453,0.045454545454545456,0.7692307692307693,NOT_ESTIMABLE,,,PROVISIONAL_SMALL_REQUEST_N,0.36363636363636365,0.5454545454545454,PROVISIONAL_SMALL_REQUEST_N,0.6666666666666666,0.8571428571428571,NOT_PRIMARY; use physical units and frozen spans
19,f19-e02801471b97,FORMAL_10K,HELDOUT_TRIPLE_AUDIT,STRICT_LUMPED,f12d43eace12231077007dc497fee8dad00fbe58cb2f1fe2c6159c47636b97a0,all_candidates,strict_valid,emx_minus_target,Ls_nH,nH,13,0.013830789551173877,0.01955487183544654,0.008415111418829703,0.009132847455077697,0.017500651640908905,0.03384707026665937,PROVISIONAL_SMALL_REQUEST_N,2,0.011146745844670422,0.016131398442462554,0.012434441093939643,0.02403395577272674,0.006836086617383409,0.010257307020517045,0.008109490357195881,0.01158854332732423,0.01731644651366663,0.0460731908033826,0.01732095333376349,0.058299311340105686,220,16,13,3,24,3,0,0,177,10,16,16,22,,0.45454545454545453,0.045454545454545456,0.7692307692307693,NOT_ESTIMABLE,,,PROVISIONAL_SMALL_REQUEST_N,0.36363636363636365,0.5454545454545454,PROVISIONAL_SMALL_REQUEST_N,0.6666666666666666,0.8571428571428571,NOT_PRIMARY; use physical units and frozen spans
19,f19-e02801471b97,FORMAL_10K,HELDOUT_TRIPLE_AUDIT,STRICT_LUMPED,f12d43eace12231077007dc497fee8dad00fbe58cb2f1fe2c6159c47636b97a0,all_candidates,strict_valid,emx_minus_target,Qmin,dimensionless,13,0.5709803452733087,0.6988519727441967,0.1803994083669756,0.4637814456767799,1.1100251364089517,1.2577884910738664,PROVISIONAL_SMALL_REQUEST_N,2,0.5678376936046394,0.5736740467035967,0.697102098648499,0.7008879708304472,0.018037056197684958,0.31956713879779614,0.36875847731074884,0.5326609901506281,1.1100251364089517,1.2489638336973237,1.1273901733338043,1.4533859676839604,220,16,13,3,24,3,0,0,177,10,16,16,22,,0.45454545454545453,0.045454545454545456,0.7692307692307693,NOT_ESTIMABLE,,,PROVISIONAL_SMALL_REQUEST_N,0.36363636363636365,0.5454545454545454,PROVISIONAL_SMALL_REQUEST_N,0.6666666666666666,0.8571428571428571,NOT_PRIMARY; use physical units and frozen spans
19,f19-e02801471b97,FORMAL_10K,HELDOUT_TRIPLE_AUDIT,STRICT_LUMPED,f12d43eace12231077007dc497fee8dad00fbe58cb2f1fe2c6159c47636b97a0,all_candidates,strict_valid,emx_minus_target,K_abs,dimensionless,13,0.017062507679520444,0.023676027408776546,0.006837660895618201,0.008726028548542819,0.044324812680604335,0.050423880630484794,PROVISIONAL_SMALL_REQUEST_N,2,0.016855908420083828,0.017239592759037546,0.02338596014044889,0.024010010545465362,-0.002704070276719738,0.015016287614765006,0.007781568004953887,0.010951649475077513,0.04199978859305536,0.049392890811386425,0.048974860855702296,0.05259741029265855,220,16,13,3,24,3,0,0,177,10,16,16,22,,0.45454545454545453,0.045454545454545456,0.7692307692307693,NOT_ESTIMABLE,,,PROVISIONAL_SMALL_REQUEST_N,0.36363636363636365,0.5454545454545454,PROVISIONAL_SMALL_REQUEST_N,0.6666666666666666,0.8571428571428571,NOT_PRIMARY; use physical units and frozen spans
19,f19-e02801471b97,FORMAL_10K,HELDOUT_TRIPLE_AUDIT,STRICT_LUMPED,f12d43eace12231077007dc497fee8dad00fbe58cb2f1fe2c6159c47636b97a0,all_candidates,strict_valid,emx_minus_frozen_proxy,Lp_nH,nH,13,0.013211362958834636,0.017347303849789112,0.0035180498839968177,0.009915486079472569,0.03233307297419508,0.035570197045117075,PROVISIONAL_SMALL_REQUEST_N,2,0.006032961881059451,0.019364278168356223,0.006877451794187685,0.022766768708710867,0.003096574268506939,0.0038793146972738563,0.0057739775509556,0.01384401674719471,0.01202399595436882,0.036473766915057375,0.012643854341865213,0.03737733678499766,220,16,13,3,24,3,0,0,177,10,16,16,22,,0.45454545454545453,0.045454545454545456,0.7692307692307693,NOT_ESTIMABLE,,,PROVISIONAL_SMALL_REQUEST_N,0.36363636363636365,0.5454545454545454,PROVISIONAL_SMALL_REQUEST_N,0.6666666666666666,0.8571428571428571,NOT_PRIMARY; use physical units and frozen spans
19,f19-e02801471b97,FORMAL_10K,HELDOUT_TRIPLE_AUDIT,STRICT_LUMPED,f12d43eace12231077007dc497fee8dad00fbe58cb2f1fe2c6159c47636b97a0,all_candidates,strict_valid,emx_minus_frozen_proxy,Ls_nH,nH,13,0.005182278945984809,0.0066837680690784934,-0.001518792652540299,0.0051716945297695105,0.008053351785380981,0.011977960866482694,PROVISIONAL_SMALL_REQUEST_N,2,0.0036084791042969946,0.006531250238860079,0.004452231780834944,0.008122381915198205,-0.004118889238671842,0.0015146533646131684,0.003966055564545878,0.0051716945297695105,0.0067015567708061385,0.014680857561865211,0.006770364503014048,0.017383754257247697,220,16,13,3,24,3,0,0,177,10,16,16,22,,0.45454545454545453,0.045454545454545456,0.7692307692307693,NOT_ESTIMABLE,,,PROVISIONAL_SMALL_REQUEST_N,0.36363636363636365,0.5454545454545454,PROVISIONAL_SMALL_REQUEST_N,0.6666666666666666,0.8571428571428571,NOT_PRIMARY; use physical units and frozen spans
19,f19-e02801471b97,FORMAL_10K,HELDOUT_TRIPLE_AUDIT,STRICT_LUMPED,f12d43eace12231077007dc497fee8dad00fbe58cb2f1fe2c6159c47636b97a0,all_candidates,strict_valid,emx_minus_frozen_proxy,Qmin,dimensionless,13,0.2069183787864987,0.24085715671627494,0.0511124222360411,0.20706821829554833,0.33699284534316903,0.3949462871114564,PROVISIONAL_SMALL_REQUEST_N,2,0.20076251618603358,0.21219483244404028,0.23626945791850176,0.24610140593635663,-0.04052252047264382,0.12965665884348532,0.15176694943158964,0.21600675509096945,0.33343373692513567,0.4523112112304852,0.3441110621792358,0.47119912450978774,220,16,13,3,24,3,0,0,177,10,16,16,22,,0.45454545454545453,0.045454545454545456,0.7692307692307693,NOT_ESTIMABLE,,,PROVISIONAL_SMALL_REQUEST_N,0.36363636363636365,0.5454545454545454,PROVISIONAL_SMALL_REQUEST_N,0.6666666666666666,0.8571428571428571,NOT_PRIMARY; use physical units and frozen spans
19,f19-e02801471b97,FORMAL_10K,HELDOUT_TRIPLE_AUDIT,STRICT_LUMPED,f12d43eace12231077007dc497fee8dad00fbe58cb2f1fe2c6159c47636b97a0,all_candidates,strict_valid,emx_minus_frozen_proxy,K_abs,dimensionless,13,0.008134268393959717,0.009559731057347552,-0.0007475873406914285,0.009061127105410682,0.014185592775823066,0.014885348728950486,PROVISIONAL_SMALL_REQUEST_N,2,0.006851524253912119,0.00963080322401525,0.007600593873714433,0.011428522519866554,-0.0009348599690173764,-0.0005291026076444891,0.008043864113020632,0.012873843806543689,0.00987655751479259,0.015370690111353542,0.01014735356182192,0.015467758387834152,220,16,13,3,24,3,0,0,177,10,16,16,22,,0.45454545454545453,0.045454545454545456,0.7692307692307693,NOT_ESTIMABLE,,,PROVISIONAL_SMALL_REQUEST_N,0.36363636363636365,0.5454545454545454,PROVISIONAL_SMALL_REQUEST_N,0.6666666666666666,0.8571428571428571,NOT_PRIMARY; use physical units and frozen spans
19,f19-e02801471b97,FORMAL_10K,HELDOUT_TRIPLE_AUDIT,STRICT_LUMPED,f12d43eace12231077007dc497fee8dad00fbe58cb2f1fe2c6159c47636b97a0,all_candidates,all_finite_diagnostic,emx_minus_target,Lp_nH,nH,16,0.03015636842050115,0.03830588658143326,-0.008694032049030812,0.02703276826485357,0.0655615326484616,0.07541504702018961,PROVISIONAL_SMALL_REQUEST_N,2,0.028179570773434248,0.031693877701553186,0.03155400917441805,0.042827647720938465,-0.02503606765887086,0.012317156592192109,0.01948512564893956,0.02797089503676875,0.04809757472669127,0.07555482548455456,0.0521866804596669,0.07751172398566375,220,16,13,3,24,3,0,0,177,10,16,16,22,,0.45454545454545453,0.045454545454545456,0.7692307692307693,NOT_ESTIMABLE,,,PROVISIONAL_SMALL_REQUEST_N,0.36363636363636365,0.5454545454545454,PROVISIONAL_SMALL_REQUEST_N,0.6666666666666666,0.8571428571428571,NOT_PRIMARY; use physical units and frozen spans
19,f19-e02801471b97,FORMAL_10K,HELDOUT_TRIPLE_AUDIT,STRICT_LUMPED,f12d43eace12231077007dc497fee8dad00fbe58cb2f1fe2c6159c47636b97a0,all_candidates,all_finite_diagnostic,emx_minus_target,Ls_nH,nH,16,0.030963103270066336,0.051882388195167016,-0.012888308731938428,0.014010817605865034,0.08552578422274748,0.12218003880069561,PROVISIONAL_SMALL_REQUEST_N,2,0.016131398442462554,0.042498873691535946,0.02403395577272674,0.06584923695394097,-0.0282295051147443,0.006836086617383409,0.008109490357195881,0.017275885132794877,0.0460731908033826,0.1240655951397569,0.058299311340105686,0.15046338388661462,220,16,13,3,24,3,0,0,177,10,16,16,22,,0.45454545454545453,0.045454545454545456,0.7692307692307693,NOT_ESTIMABLE,,,PROVISIONAL_SMALL_REQUEST_N,0.36363636363636365,0.5454545454545454,PROVISIONAL_SMALL_REQUEST_N,0.6666666666666666,0.8571428571428571,NOT_PRIMARY; use physical units and frozen spans
19,f19-e02801471b97,FORMAL_10K,HELDOUT_TRIPLE_AUDIT,STRICT_LUMPED,f12d43eace12231077007dc497fee8dad00fbe58cb2f1fe2c6159c47636b97a0,all_candidates,all_finite_diagnostic,emx_minus_target,Qmin,dimensionless,16,1.201075635702665,1.8289477560776324,0.8837286244662695,0.5610781174920145,3.6471749499821593,4.1589360604915395,PROVISIONAL_SMALL_REQUEST_N,2,0.5736740467035967,1.6890546493686074,0.697102098648499,2.3598290653680243,0.31956713879779614,1.3225208910973043,0.36875847731074884,1.0405649887095407,1.2489638336973237,4.181681375307124,1.4533859676839604,4.500115782725311,220,16,13,3,24,3,0,0,177,10,16,16,22,,0.45454545454545453,0.045454545454545456,0.7692307692307693,NOT_ESTIMABLE,,,PROVISIONAL_SMALL_REQUEST_N,0.36363636363636365,0.5454545454545454,PROVISIONAL_SMALL_REQUEST_N,0.6666666666666666,0.8571428571428571,NOT_PRIMARY; use physical units and frozen spans
19,f19-e02801471b97,FORMAL_10K,HELDOUT_TRIPLE_AUDIT,STRICT_LUMPED,f12d43eace12231077007dc497fee8dad00fbe58cb2f1fe2c6159c47636b97a0,all_candidates,all_finite_diagnostic,emx_minus_target,K_abs,dimensionless,16,0.028213087837656813,0.0395446663149036,0.01990539982573624,0.016864742940774724,0.0713431936258459,0.07544793746796064,PROVISIONAL_SMALL_REQUEST_N,2,0.017239592759037546,0.03674802845436069,0.02338596014044889,0.04852510028781038,0.015016287614765006,0.023708042656491644,0.007781568004953887,0.02055221547993724,0.04199978859305536,0.07621210285790003,0.048974860855702296,0.08691041831705143,220,16,13,3,24,3,0,0,177,10,16,16,22,,0.45454545454545453,0.045454545454545456,0.7692307692307693,NOT_ESTIMABLE,,,PROVISIONAL_SMALL_REQUEST_N,0.36363636363636365,0.5454545454545454,PROVISIONAL_SMALL_REQUEST_N,0.6666666666666666,0.8571428571428571,NOT_PRIMARY; use physical units and frozen spans
19,f19-e02801471b97,FORMAL_10K,HELDOUT_TRIPLE_AUDIT,STRICT_LUMPED,f12d43eace12231077007dc497fee8dad00fbe58cb2f1fe2c6159c47636b97a0,all_candidates,all_finite_diagnostic,emx_minus_frozen_proxy,Lp_nH,nH,16,0.01270430231833223,0.01669481822174105,0.004828485445026502,0.009034922695250303,0.02928452660769265,0.035118412110146935,PROVISIONAL_SMALL_REQUEST_N,2,0.0075243211016469014,0.019364278168356223,0.009610127674374911,0.022766768708710867,0.0038793146972738563,0.005566729359945227,0.006116033118396702,0.01384401674719471,0.015414378042506002,0.036473766915057375,0.02187893334400115,0.03737733678499766,220,16,13,3,24,3,0,0,177,10,16,16,22,,0.45454545454545453,0.045454545454545456,0.7692307692307693,NOT_ESTIMABLE,,,PROVISIONAL_SMALL_REQUEST_N,0.36363636363636365,0.5454545454545454,PROVISIONAL_SMALL_REQUEST_N,0.6666666666666666,0.8571428571428571,NOT_PRIMARY; use physical units and frozen spans
19,f19-e02801471b97,FORMAL_10K,HELDOUT_TRIPLE_AUDIT,STRICT_LUMPED,f12d43eace12231077007dc497fee8dad00fbe58cb2f1fe2c6159c47636b97a0,all_candidates,all_finite_diagnostic,emx_minus_frozen_proxy,Ls_nH,nH,16,0.008317622278351082,0.011491663021423815,0.0028730016045494314,0.005571463329917814,0.01808070061569883,0.02151287072534086,PROVISIONAL_SMALL_REQUEST_N,2,0.006531250238860079,0.009707022753510751,0.008122381915198205,0.013544664747637231,-0.004118889238671842,0.008311138927054866,0.0051716945297695105,0.006082287180934953,0.014680857561865211,0.022059915475579048,0.017383754257247697,0.02971854197891355,220,16,13,3,24,3,0,0,177,10,16,16,22,,0.45454545454545453,0.045454545454545456,0.7692307692307693,NOT_ESTIMABLE,,,PROVISIONAL_SMALL_REQUEST_N,0.36363636363636365,0.5454545454545454,PROVISIONAL_SMALL_REQUEST_N,0.6666666666666666,0.8571428571428571,NOT_PRIMARY; use physical units and frozen spans
19,f19-e02801471b97,FORMAL_10K,HELDOUT_TRIPLE_AUDIT,STRICT_LUMPED,f12d43eace12231077007dc497fee8dad00fbe58cb2f1fe2c6159c47636b97a0,all_candidates,all_finite_diagnostic,emx_minus_frozen_proxy,Qmin,dimensionless,16,0.376933798176983,0.5585986966501924,-0.16728377234616942,0.24279059807341774,0.8752144619441102,1.2768172849979629,PROVISIONAL_SMALL_REQUEST_N,2,0.21219483244404028,0.5050641048581608,0.23626945791850176,0.7150568947971887,-0.3982374410492342,0.12965665884348532,0.21600675509096945,0.28231999171676136,0.33343373692513567,1.2977343275127007,0.3441110621792358,1.5905729227190246,220,16,13,3,24,3,0,0,177,10,16,16,22,,0.45454545454545453,0.045454545454545456,0.7692307692307693,NOT_ESTIMABLE,,,PROVISIONAL_SMALL_REQUEST_N,0.36363636363636365,0.5454545454545454,PROVISIONAL_SMALL_REQUEST_N,0.6666666666666666,0.8571428571428571,NOT_PRIMARY; use physical units and frozen spans
19,f19-e02801471b97,FORMAL_10K,HELDOUT_TRIPLE_AUDIT,STRICT_LUMPED,f12d43eace12231077007dc497fee8dad00fbe58cb2f1fe2c6159c47636b97a0,all_candidates,all_finite_diagnostic,emx_minus_frozen_proxy,K_abs,dimensionless,16,0.016294646799880054,0.02530119593629606,0.009078139015475996,0.009696026816773035,0.0394728648842016,0.0552898095142651,PROVISIONAL_SMALL_REQUEST_N,2,0.006851524253912119,0.023639297668966223,0.007600593873714433,0.033062272998216714,-0.0009348599690173764,0.016866027114526397,0.008043864113020632,0.014497075623028044,0.00987655751479259,0.056672030873860864,0.01014735356182192,0.07602312990820131,220,16,13,3,24,3,0,0,177,10,16,16,22,,0.45454545454545453,0.045454545454545456,0.7692307692307693,NOT_ESTIMABLE,,,PROVISIONAL_SMALL_REQUEST_N,0.36363636363636365,0.5454545454545454,PROVISIONAL_SMALL_REQUEST_N,0.6666666666666666,0.8571428571428571,NOT_PRIMARY; use physical units and frozen spans
19,f19-e02801471b97,FORMAL_10K,HELDOUT_TRIPLE_AUDIT,STRICT_LUMPED,f12d43eace12231077007dc497fee8dad00fbe58cb2f1fe2c6159c47636b97a0,selected_q_proxy,strict_valid,emx_minus_target,Lp_nH,nH,2,0.011830681228847506,0.013472713153676886,0.011830681228847506,0.011830681228847506,0.016987361176730463,0.017631946170215834,PROVISIONAL_SMALL_REQUEST_N,2,0.005384831293993808,0.018276531163701204,0.005384831293993808,0.018276531163701204,0.005384831293993808,0.018276531163701204,0.005384831293993808,0.018276531163701204,0.005384831293993808,0.018276531163701204,0.005384831293993808,0.018276531163701204,20,2,2,0,0,0,0,0,18,2,2,2,2,,1.0,0.1,1.0,NOT_ESTIMABLE,,,PROVISIONAL_SMALL_REQUEST_N,1.0,1.0,PROVISIONAL_SMALL_REQUEST_N,1.0,1.0,NOT_PRIMARY; use physical units and frozen spans
19,f19-e02801471b97,FORMAL_10K,HELDOUT_TRIPLE_AUDIT,STRICT_LUMPED,f12d43eace12231077007dc497fee8dad00fbe58cb2f1fe2c6159c47636b97a0,selected_q_proxy,strict_valid,emx_minus_target,Ls_nH,nH,2,0.005388903414828006,0.006036710472213118,0.0027205869423678752,0.005388903414828006,0.007565372968722306,0.007837431662959093,PROVISIONAL_SMALL_REQUEST_N,2,0.0026683164724601305,0.008109490357195881,0.0026683164724601305,0.008109490357195881,-0.0026683164724601305,0.008109490357195881,0.0026683164724601305,0.008109490357195881,0.0026683164724601305,0.008109490357195881,0.0026683164724601305,0.008109490357195881,20,2,2,0,0,0,0,0,18,2,2,2,2,,1.0,0.1,1.0,NOT_ESTIMABLE,,,PROVISIONAL_SMALL_REQUEST_N,1.0,1.0,PROVISIONAL_SMALL_REQUEST_N,1.0,1.0,NOT_PRIMARY; use physical units and frozen spans
19,f19-e02801471b97,FORMAL_10K,HELDOUT_TRIPLE_AUDIT,STRICT_LUMPED,f12d43eace12231077007dc497fee8dad00fbe58cb2f1fe2c6159c47636b97a0,selected_q_proxy,strict_valid,emx_minus_target,Qmin,dimensionless,2,0.3312687193152657,0.35678927540571875,-0.13251272636151423,0.3312687193152657,0.4372789004044771,0.4505301730406285,PROVISIONAL_SMALL_REQUEST_N,2,0.19875599295375146,0.4637814456767799,0.19875599295375146,0.4637814456767799,-0.4637814456767799,0.19875599295375146,0.19875599295375146,0.4637814456767799,0.19875599295375146,0.4637814456767799,0.19875599295375146,0.4637814456767799,20,2,2,0,0,0,0,0,18,2,2,2,2,,1.0,0.1,1.0,NOT_ESTIMABLE,,,PROVISIONAL_SMALL_REQUEST_N,1.0,1.0,PROVISIONAL_SMALL_REQUEST_N,1.0,1.0,NOT_PRIMARY; use physical units and frozen spans
19,f19-e02801471b97,FORMAL_10K,HELDOUT_TRIPLE_AUDIT,STRICT_LUMPED,f12d43eace12231077007dc497fee8dad00fbe58cb2f1fe2c6159c47636b97a0,selected_q_proxy,strict_valid,emx_minus_target,K_abs,dimensionless,2,0.010479419203283047,0.010821119532029187,0.0026978511983291598,0.010479419203283047,0.012637700161946375,0.01290748528177929,PROVISIONAL_SMALL_REQUEST_N,2,0.007781568004953887,0.013177270401612207,0.007781568004953887,0.013177270401612207,-0.007781568004953887,0.013177270401612207,0.007781568004953887,0.013177270401612207,0.007781568004953887,0.013177270401612207,0.007781568004953887,0.013177270401612207,20,2,2,0,0,0,0,0,18,2,2,2,2,,1.0,0.1,1.0,NOT_ESTIMABLE,,,PROVISIONAL_SMALL_REQUEST_N,1.0,1.0,PROVISIONAL_SMALL_REQUEST_N,1.0,1.0,NOT_PRIMARY; use physical units and frozen spans
19,f19-e02801471b97,FORMAL_10K,HELDOUT_TRIPLE_AUDIT,STRICT_LUMPED,f12d43eace12231077007dc497fee8dad00fbe58cb2f1fe2c6159c47636b97a0,selected_q_proxy,strict_valid,emx_minus_frozen_proxy,Lp_nH,nH,2,0.009492034426622054,0.010074527402777637,0.0033760013082253515,0.009492034426622054,0.012192835473202334,0.01253043560402487,PROVISIONAL_SMALL_REQUEST_N,2,0.006116033118396702,0.012868035734847405,0.006116033118396702,0.012868035734847405,-0.006116033118396702,0.012868035734847405,0.006116033118396702,0.012868035734847405,0.006116033118396702,0.012868035734847405,0.006116033118396702,0.012868035734847405,20,2,2,0,0,0,0,0,18,2,2,2,2,,1.0,0.1,1.0,NOT_ESTIMABLE,,,PROVISIONAL_SMALL_REQUEST_N,1.0,1.0,PROVISIONAL_SMALL_REQUEST_N,1.0,1.0,NOT_PRIMARY; use physical units and frozen spans
19,f19-e02801471b97,FORMAL_10K,HELDOUT_TRIPLE_AUDIT,STRICT_LUMPED,f12d43eace12231077007dc497fee8dad00fbe58cb2f1fe2c6159c47636b97a0,selected_q_proxy,strict_valid,emx_minus_frozen_proxy,Ls_nH,nH,2,0.0029888702308158988,0.004053859121198821,0.0027386910227094607,0.0029888702308158988,0.0051798230489834675,0.005453692151254413,PROVISIONAL_SMALL_REQUEST_N,2,0.000250179208106438,0.0057275612535253595,0.000250179208106438,0.0057275612535253595,-0.000250179208106438,0.0057275612535253595,0.000250179208106438,0.0057275612535253595,0.000250179208106438,0.0057275612535253595,0.000250179208106438,0.0057275612535253595,20,2,2,0,0,0,0,0,18,2,2,2,2,,1.0,0.1,1.0,NOT_ESTIMABLE,,,PROVISIONAL_SMALL_REQUEST_N,1.0,1.0,PROVISIONAL_SMALL_REQUEST_N,1.0,1.0,NOT_PRIMARY; use physical units and frozen spans
19,f19-e02801471b97,FORMAL_10K,HELDOUT_TRIPLE_AUDIT,STRICT_LUMPED,f12d43eace12231077007dc497fee8dad00fbe58cb2f1fe2c6159c47636b97a0,selected_q_proxy,strict_valid,emx_minus_frozen_proxy,Qmin,dimensionless,2,0.33913367140266804,0.3639408344545053,-0.1320654531071197,0.33913367140266804,0.4447860338883638,0.45799257919907577,PROVISIONAL_SMALL_REQUEST_N,2,0.20706821829554833,0.47119912450978774,0.20706821829554833,0.47119912450978774,-0.47119912450978774,0.20706821829554833,0.20706821829554833,0.47119912450978774,0.20706821829554833,0.47119912450978774,0.20706821829554833,0.47119912450978774,20,2,2,0,0,0,0,0,18,2,2,2,2,,1.0,0.1,1.0,NOT_ESTIMABLE,,,PROVISIONAL_SMALL_REQUEST_N,1.0,1.0,PROVISIONAL_SMALL_REQUEST_N,1.0,1.0,NOT_PRIMARY; use physical units and frozen spans
19,f19-e02801471b97,FORMAL_10K,HELDOUT_TRIPLE_AUDIT,STRICT_LUMPED,f12d43eace12231077007dc497fee8dad00fbe58cb2f1fe2c6159c47636b97a0,selected_q_proxy,strict_valid,emx_minus_frozen_proxy,K_abs,dimensionless,2,0.010425945169552434,0.010694608119907965,0.0023820810565318012,0.010425945169552434,0.012331610014777875,0.012569818120431054,PROVISIONAL_SMALL_REQUEST_N,2,0.008043864113020632,0.012808026226084235,0.008043864113020632,0.012808026226084235,-0.008043864113020632,0.012808026226084235,0.008043864113020632,0.012808026226084235,0.008043864113020632,0.012808026226084235,0.008043864113020632,0.012808026226084235,20,2,2,0,0,0,0,0,18,2,2,2,2,,1.0,0.1,1.0,NOT_ESTIMABLE,,,PROVISIONAL_SMALL_REQUEST_N,1.0,1.0,PROVISIONAL_SMALL_REQUEST_N,1.0,1.0,NOT_PRIMARY; use physical units and frozen spans
19,f19-e02801471b97,FORMAL_10K,HELDOUT_TRIPLE_AUDIT,STRICT_LUMPED,f12d43eace12231077007dc497fee8dad00fbe58cb2f1fe2c6159c47636b97a0,selected_q_proxy,all_finite_diagnostic,emx_minus_target,Lp_nH,nH,2,0.011830681228847506,0.013472713153676886,0.011830681228847506,0.011830681228847506,0.016987361176730463,0.017631946170215834,PROVISIONAL_SMALL_REQUEST_N,2,0.005384831293993808,0.018276531163701204,0.005384831293993808,0.018276531163701204,0.005384831293993808,0.018276531163701204,0.005384831293993808,0.018276531163701204,0.005384831293993808,0.018276531163701204,0.005384831293993808,0.018276531163701204,20,2,2,0,0,0,0,0,18,2,2,2,2,,1.0,0.1,1.0,NOT_ESTIMABLE,,,PROVISIONAL_SMALL_REQUEST_N,1.0,1.0,PROVISIONAL_SMALL_REQUEST_N,1.0,1.0,NOT_PRIMARY; use physical units and frozen spans
19,f19-e02801471b97,FORMAL_10K,HELDOUT_TRIPLE_AUDIT,STRICT_LUMPED,f12d43eace12231077007dc497fee8dad00fbe58cb2f1fe2c6159c47636b97a0,selected_q_proxy,all_finite_diagnostic,emx_minus_target,Ls_nH,nH,2,0.005388903414828006,0.006036710472213118,0.0027205869423678752,0.005388903414828006,0.007565372968722306,0.007837431662959093,PROVISIONAL_SMALL_REQUEST_N,2,0.0026683164724601305,0.008109490357195881,0.0026683164724601305,0.008109490357195881,-0.0026683164724601305,0.008109490357195881,0.0026683164724601305,0.008109490357195881,0.0026683164724601305,0.008109490357195881,0.0026683164724601305,0.008109490357195881,20,2,2,0,0,0,0,0,18,2,2,2,2,,1.0,0.1,1.0,NOT_ESTIMABLE,,,PROVISIONAL_SMALL_REQUEST_N,1.0,1.0,PROVISIONAL_SMALL_REQUEST_N,1.0,1.0,NOT_PRIMARY; use physical units and frozen spans
19,f19-e02801471b97,FORMAL_10K,HELDOUT_TRIPLE_AUDIT,STRICT_LUMPED,f12d43eace12231077007dc497fee8dad00fbe58cb2f1fe2c6159c47636b97a0,selected_q_proxy,all_finite_diagnostic,emx_minus_target,Qmin,dimensionless,2,0.3312687193152657,0.35678927540571875,-0.13251272636151423,0.3312687193152657,0.4372789004044771,0.4505301730406285,PROVISIONAL_SMALL_REQUEST_N,2,0.19875599295375146,0.4637814456767799,0.19875599295375146,0.4637814456767799,-0.4637814456767799,0.19875599295375146,0.19875599295375146,0.4637814456767799,0.19875599295375146,0.4637814456767799,0.19875599295375146,0.4637814456767799,20,2,2,0,0,0,0,0,18,2,2,2,2,,1.0,0.1,1.0,NOT_ESTIMABLE,,,PROVISIONAL_SMALL_REQUEST_N,1.0,1.0,PROVISIONAL_SMALL_REQUEST_N,1.0,1.0,NOT_PRIMARY; use physical units and frozen spans
19,f19-e02801471b97,FORMAL_10K,HELDOUT_TRIPLE_AUDIT,STRICT_LUMPED,f12d43eace12231077007dc497fee8dad00fbe58cb2f1fe2c6159c47636b97a0,selected_q_proxy,all_finite_diagnostic,emx_minus_target,K_abs,dimensionless,2,0.010479419203283047,0.010821119532029187,0.0026978511983291598,0.010479419203283047,0.012637700161946375,0.01290748528177929,PROVISIONAL_SMALL_REQUEST_N,2,0.007781568004953887,0.013177270401612207,0.007781568004953887,0.013177270401612207,-0.007781568004953887,0.013177270401612207,0.007781568004953887,0.013177270401612207,0.007781568004953887,0.013177270401612207,0.007781568004953887,0.013177270401612207,20,2,2,0,0,0,0,0,18,2,2,2,2,,1.0,0.1,1.0,NOT_ESTIMABLE,,,PROVISIONAL_SMALL_REQUEST_N,1.0,1.0,PROVISIONAL_SMALL_REQUEST_N,1.0,1.0,NOT_PRIMARY; use physical units and frozen spans
19,f19-e02801471b97,FORMAL_10K,HELDOUT_TRIPLE_AUDIT,STRICT_LUMPED,f12d43eace12231077007dc497fee8dad00fbe58cb2f1fe2c6159c47636b97a0,selected_q_proxy,all_finite_diagnostic,emx_minus_frozen_proxy,Lp_nH,nH,2,0.009492034426622054,0.010074527402777637,0.0033760013082253515,0.009492034426622054,0.012192835473202334,0.01253043560402487,PROVISIONAL_SMALL_REQUEST_N,2,0.006116033118396702,0.012868035734847405,0.006116033118396702,0.012868035734847405,-0.006116033118396702,0.012868035734847405,0.006116033118396702,0.012868035734847405,0.006116033118396702,0.012868035734847405,0.006116033118396702,0.012868035734847405,20,2,2,0,0,0,0,0,18,2,2,2,2,,1.0,0.1,1.0,NOT_ESTIMABLE,,,PROVISIONAL_SMALL_REQUEST_N,1.0,1.0,PROVISIONAL_SMALL_REQUEST_N,1.0,1.0,NOT_PRIMARY; use physical units and frozen spans
19,f19-e02801471b97,FORMAL_10K,HELDOUT_TRIPLE_AUDIT,STRICT_LUMPED,f12d43eace12231077007dc497fee8dad00fbe58cb2f1fe2c6159c47636b97a0,selected_q_proxy,all_finite_diagnostic,emx_minus_frozen_proxy,Ls_nH,nH,2,0.0029888702308158988,0.004053859121198821,0.0027386910227094607,0.0029888702308158988,0.0051798230489834675,0.005453692151254413,PROVISIONAL_SMALL_REQUEST_N,2,0.000250179208106438,0.0057275612535253595,0.000250179208106438,0.0057275612535253595,-0.000250179208106438,0.0057275612535253595,0.000250179208106438,0.0057275612535253595,0.000250179208106438,0.0057275612535253595,0.000250179208106438,0.0057275612535253595,20,2,2,0,0,0,0,0,18,2,2,2,2,,1.0,0.1,1.0,NOT_ESTIMABLE,,,PROVISIONAL_SMALL_REQUEST_N,1.0,1.0,PROVISIONAL_SMALL_REQUEST_N,1.0,1.0,NOT_PRIMARY; use physical units and frozen spans
19,f19-e02801471b97,FORMAL_10K,HELDOUT_TRIPLE_AUDIT,STRICT_LUMPED,f12d43eace12231077007dc497fee8dad00fbe58cb2f1fe2c6159c47636b97a0,selected_q_proxy,all_finite_diagnostic,emx_minus_frozen_proxy,Qmin,dimensionless,2,0.33913367140266804,0.3639408344545053,-0.1320654531071197,0.33913367140266804,0.4447860338883638,0.45799257919907577,PROVISIONAL_SMALL_REQUEST_N,2,0.20706821829554833,0.47119912450978774,0.20706821829554833,0.47119912450978774,-0.47119912450978774,0.20706821829554833,0.20706821829554833,0.47119912450978774,0.20706821829554833,0.47119912450978774,0.20706821829554833,0.47119912450978774,20,2,2,0,0,0,0,0,18,2,2,2,2,,1.0,0.1,1.0,NOT_ESTIMABLE,,,PROVISIONAL_SMALL_REQUEST_N,1.0,1.0,PROVISIONAL_SMALL_REQUEST_N,1.0,1.0,NOT_PRIMARY; use physical units and frozen spans
19,f19-e02801471b97,FORMAL_10K,HELDOUT_TRIPLE_AUDIT,STRICT_LUMPED,f12d43eace12231077007dc497fee8dad00fbe58cb2f1fe2c6159c47636b97a0,selected_q_proxy,all_finite_diagnostic,emx_minus_frozen_proxy,K_abs,dimensionless,2,0.010425945169552434,0.010694608119907965,0.0023820810565318012,0.010425945169552434,0.012331610014777875,0.012569818120431054,PROVISIONAL_SMALL_REQUEST_N,2,0.008043864113020632,0.012808026226084235,0.008043864113020632,0.012808026226084235,-0.008043864113020632,0.012808026226084235,0.008043864113020632,0.012808026226084235,0.008043864113020632,0.012808026226084235,0.008043864113020632,0.012808026226084235,20,2,2,0,0,0,0,0,18,2,2,2,2,,1.0,0.1,1.0,NOT_ESTIMABLE,,,PROVISIONAL_SMALL_REQUEST_N,1.0,1.0,PROVISIONAL_SMALL_REQUEST_N,1.0,1.0,NOT_PRIMARY; use physical units and frozen spans
