frequency_ghz,model_id,dataset_scope,target_source,label_mode,protocol_sha256,estimand,validity,comparison,feature,unit,n,mae,rmse,bias,abs_error_p50,abs_error_p90,abs_error_p95,ci_status,n_request_groups,mae_ci_low,mae_ci_high,rmse_ci_low,rmse_ci_high,bias_ci_low,bias_ci_high,abs_error_p50_ci_low,abs_error_p50_ci_high,abs_error_p90_ci_low,abs_error_p90_ci_high,abs_error_p95_ci_low,abs_error_p95_ci_high,N_original,N_solved,N_strict_valid,N_invalid,N_analytic_fail,N_gds_fail,N_drc_fail,N_emx_not_solved,N_pending,N_joint_hit,N_independent_solves,N_unique_s4p_sha,N_accounted_candidates,joint_hit_fraction_original,joint_hit_fraction_accounted_original,confirmed_joint_hit_coverage_original,joint_hit_fraction_strict,joint_hit_original_ci_status,joint_hit_original_ci_low,joint_hit_original_ci_high,joint_hit_accounted_original_ci_status,joint_hit_accounted_original_ci_low,joint_hit_accounted_original_ci_high,joint_hit_strict_ci_status,joint_hit_strict_ci_low,joint_hit_strict_ci_high,percentage_metric
15,f15-5a9547401a37,DEVELOPMENT_5K_NOT_FORMAL_10K,HELDOUT_TRIPLE_AUDIT,STRICT_LUMPED,f12d43eace12231077007dc497fee8dad00fbe58cb2f1fe2c6159c47636b97a0,all_candidates,strict_valid,emx_minus_target,Lp_nH,nH,40,0.05398923816888677,0.09875988536525059,0.032303449763361435,0.01209661057578626,0.20070379574219477,0.22582543614839906,PROVISIONAL_SMALL_REQUEST_N,5,0.016964631775451815,0.08896684844904375,0.03657648426503226,0.1338989381930739,-0.0197948737802419,0.07672314819287492,0.008905402399496665,0.04313083558979258,0.028744843578840534,0.26880556453472093,0.046240378473366636,0.30637086902481725,220,47,40,7,13,0,0,0,160,24,47,47,55,,0.43636363636363634,0.10909090909090909,0.6,NOT_ESTIMABLE,,,PROVISIONAL_SMALL_REQUEST_N,0.34545454545454546,0.509090909090909,PROVISIONAL_SMALL_REQUEST_N,0.575,0.6216216216216216,NOT_PRIMARY; use physical units and frozen spans
15,f15-5a9547401a37,DEVELOPMENT_5K_NOT_FORMAL_10K,HELDOUT_TRIPLE_AUDIT,STRICT_LUMPED,f12d43eace12231077007dc497fee8dad00fbe58cb2f1fe2c6159c47636b97a0,all_candidates,strict_valid,emx_minus_target,Ls_nH,nH,40,0.06380255185757551,0.10004191370863787,0.021714652253968438,0.026274209580024466,0.20050889435206148,0.2189898073669859,PROVISIONAL_SMALL_REQUEST_N,5,0.04969521891775305,0.0763939959148553,0.07883613101350695,0.1166938826727488,-0.03476403474120328,0.06656551843979884,0.018081827997033395,0.03475352726130593,0.12247106020763661,0.217315533360654,0.16107333693254744,0.2619388559951601,220,47,40,7,13,0,0,0,160,24,47,47,55,,0.43636363636363634,0.10909090909090909,0.6,NOT_ESTIMABLE,,,PROVISIONAL_SMALL_REQUEST_N,0.34545454545454546,0.509090909090909,PROVISIONAL_SMALL_REQUEST_N,0.575,0.6216216216216216,NOT_PRIMARY; use physical units and frozen spans
15,f15-5a9547401a37,DEVELOPMENT_5K_NOT_FORMAL_10K,HELDOUT_TRIPLE_AUDIT,STRICT_LUMPED,f12d43eace12231077007dc497fee8dad00fbe58cb2f1fe2c6159c47636b97a0,all_candidates,strict_valid,emx_minus_target,Qmin,dimensionless,40,0.9616231583850687,1.6731610369173406,-0.6919550214150607,0.3970905400532274,2.2637506270121888,3.4318043840871146,PROVISIONAL_SMALL_REQUEST_N,5,0.7470050937679297,1.2931520202767532,1.0432438051192547,2.3488824540680153,-1.1527242209799338,-0.28686808286704124,0.17846912497113898,0.5478664925048697,1.7969257973372845,4.383414857057936,1.9116706552970273,6.909314358378648,220,47,40,7,13,0,0,0,160,24,47,47,55,,0.43636363636363634,0.10909090909090909,0.6,NOT_ESTIMABLE,,,PROVISIONAL_SMALL_REQUEST_N,0.34545454545454546,0.509090909090909,PROVISIONAL_SMALL_REQUEST_N,0.575,0.6216216216216216,NOT_PRIMARY; use physical units and frozen spans
15,f15-5a9547401a37,DEVELOPMENT_5K_NOT_FORMAL_10K,HELDOUT_TRIPLE_AUDIT,STRICT_LUMPED,f12d43eace12231077007dc497fee8dad00fbe58cb2f1fe2c6159c47636b97a0,all_candidates,strict_valid,emx_minus_target,K_abs,dimensionless,40,0.014742323560734866,0.02435220218927195,-0.004579706960803264,0.009036155614660313,0.02939126578512966,0.05342719696630601,PROVISIONAL_SMALL_REQUEST_N,5,0.009215086702740658,0.02339002793690574,0.011982382219653207,0.035992301623374835,-0.018140500739581046,0.006391549727146291,0.006014137838711714,0.01117224344954823,0.01641991205623171,0.07863539921368387,0.023174975104009635,0.08696845205002571,220,47,40,7,13,0,0,0,160,24,47,47,55,,0.43636363636363634,0.10909090909090909,0.6,NOT_ESTIMABLE,,,PROVISIONAL_SMALL_REQUEST_N,0.34545454545454546,0.509090909090909,PROVISIONAL_SMALL_REQUEST_N,0.575,0.6216216216216216,NOT_PRIMARY; use physical units and frozen spans
15,f15-5a9547401a37,DEVELOPMENT_5K_NOT_FORMAL_10K,HELDOUT_TRIPLE_AUDIT,STRICT_LUMPED,f12d43eace12231077007dc497fee8dad00fbe58cb2f1fe2c6159c47636b97a0,all_candidates,strict_valid,emx_minus_frozen_proxy,Lp_nH,nH,40,0.010911093370865215,0.01390604321519211,-0.007034492513876678,0.008697878845225437,0.019969638182501054,0.03236085359870548,PROVISIONAL_SMALL_REQUEST_N,5,0.008412698500437032,0.014219707693760221,0.010221085473962378,0.017688893358795067,-0.009820750923965924,-0.005013721365257272,0.007339554775037005,0.010861434697511219,0.013549437049923396,0.03339735691716834,0.015839585791493336,0.034552517122567794,220,47,40,7,13,0,0,0,160,24,47,47,55,,0.43636363636363634,0.10909090909090909,0.6,NOT_ESTIMABLE,,,PROVISIONAL_SMALL_REQUEST_N,0.34545454545454546,0.509090909090909,PROVISIONAL_SMALL_REQUEST_N,0.575,0.6216216216216216,NOT_PRIMARY; use physical units and frozen spans
15,f15-5a9547401a37,DEVELOPMENT_5K_NOT_FORMAL_10K,HELDOUT_TRIPLE_AUDIT,STRICT_LUMPED,f12d43eace12231077007dc497fee8dad00fbe58cb2f1fe2c6159c47636b97a0,all_candidates,strict_valid,emx_minus_frozen_proxy,Ls_nH,nH,40,0.007424644689769467,0.010502025129789531,-0.0026723462209242823,0.0050743107921148445,0.013440877677951527,0.023993639576648407,PROVISIONAL_SMALL_REQUEST_N,5,0.004338823916511496,0.01087351082428573,0.0051640451923317225,0.015237941242817774,-0.008358763281057063,0.0010761038162388676,0.0037186276651725025,0.008168117288353649,0.009293691996938303,0.031046143722086805,0.00978041642823313,0.03366522439312947,220,47,40,7,13,0,0,0,160,24,47,47,55,,0.43636363636363634,0.10909090909090909,0.6,NOT_ESTIMABLE,,,PROVISIONAL_SMALL_REQUEST_N,0.34545454545454546,0.509090909090909,PROVISIONAL_SMALL_REQUEST_N,0.575,0.6216216216216216,NOT_PRIMARY; use physical units and frozen spans
15,f15-5a9547401a37,DEVELOPMENT_5K_NOT_FORMAL_10K,HELDOUT_TRIPLE_AUDIT,STRICT_LUMPED,f12d43eace12231077007dc497fee8dad00fbe58cb2f1fe2c6159c47636b97a0,all_candidates,strict_valid,emx_minus_frozen_proxy,Qmin,dimensionless,40,0.2529494600198208,0.3610463507976738,0.01590919157474637,0.15321788162761507,0.6933233356107775,0.8830777984921108,PROVISIONAL_SMALL_REQUEST_N,5,0.18839219673677995,0.3218577056036185,0.2633670424266603,0.4413382503878609,-0.1041711499257037,0.11387119283039468,0.08899288331781019,0.2171150407060809,0.3616854810557708,0.9103285961171482,0.5314983519387665,0.9505825373908738,220,47,40,7,13,0,0,0,160,24,47,47,55,,0.43636363636363634,0.10909090909090909,0.6,NOT_ESTIMABLE,,,PROVISIONAL_SMALL_REQUEST_N,0.34545454545454546,0.509090909090909,PROVISIONAL_SMALL_REQUEST_N,0.575,0.6216216216216216,NOT_PRIMARY; use physical units and frozen spans
15,f15-5a9547401a37,DEVELOPMENT_5K_NOT_FORMAL_10K,HELDOUT_TRIPLE_AUDIT,STRICT_LUMPED,f12d43eace12231077007dc497fee8dad00fbe58cb2f1fe2c6159c47636b97a0,all_candidates,strict_valid,emx_minus_frozen_proxy,K_abs,dimensionless,40,0.010170997401454636,0.01315850578123152,-0.004985547416589042,0.0077162117918534445,0.02342771895599968,0.026047126117537237,PROVISIONAL_SMALL_REQUEST_N,5,0.007432383096198899,0.012776020764990582,0.009338094400344494,0.015965589275457086,-0.009416100470354606,-0.0009782733149971035,0.004253832016640868,0.011409618494280432,0.012805119766963136,0.026026884249711862,0.014877204302939163,0.032959960951727485,220,47,40,7,13,0,0,0,160,24,47,47,55,,0.43636363636363634,0.10909090909090909,0.6,NOT_ESTIMABLE,,,PROVISIONAL_SMALL_REQUEST_N,0.34545454545454546,0.509090909090909,PROVISIONAL_SMALL_REQUEST_N,0.575,0.6216216216216216,NOT_PRIMARY; use physical units and frozen spans
15,f15-5a9547401a37,DEVELOPMENT_5K_NOT_FORMAL_10K,HELDOUT_TRIPLE_AUDIT,STRICT_LUMPED,f12d43eace12231077007dc497fee8dad00fbe58cb2f1fe2c6159c47636b97a0,all_candidates,all_finite_diagnostic,emx_minus_target,Lp_nH,nH,47,0.06616922624343531,0.11266433200332658,0.028683335953096547,0.015175083708535375,0.2076382960499208,0.2552328924127244,PROVISIONAL_SMALL_REQUEST_N,5,0.026400554594168457,0.09909361087135216,0.05434742835293028,0.14172057291334947,-0.0382623991312766,0.08275489121355178,0.009711622038607537,0.07384976787925512,0.06534923248894023,0.26880556453472093,0.15786884122476663,0.3248187097872936,220,47,40,7,13,0,0,0,160,24,47,47,55,,0.43636363636363634,0.10909090909090909,0.6,NOT_ESTIMABLE,,,PROVISIONAL_SMALL_REQUEST_N,0.34545454545454546,0.509090909090909,PROVISIONAL_SMALL_REQUEST_N,0.575,0.6216216216216216,NOT_PRIMARY; use physical units and frozen spans
15,f15-5a9547401a37,DEVELOPMENT_5K_NOT_FORMAL_10K,HELDOUT_TRIPLE_AUDIT,STRICT_LUMPED,f12d43eace12231077007dc497fee8dad00fbe58cb2f1fe2c6159c47636b97a0,all_candidates,all_finite_diagnostic,emx_minus_target,Ls_nH,nH,47,0.0774567221460765,0.12084693509736902,0.04002884233003139,0.030627308049896662,0.21494095315184863,0.2407553694493017,PROVISIONAL_SMALL_REQUEST_N,5,0.05507566876494417,0.10328673921775951,0.08784928586650828,0.14562834914430572,-0.019271705811587256,0.0983157798811758,0.018645703920393053,0.05134497553256791,0.14043669937752573,0.2619388559951601,0.2044945450413204,0.32578065902680997,220,47,40,7,13,0,0,0,160,24,47,47,55,,0.43636363636363634,0.10909090909090909,0.6,NOT_ESTIMABLE,,,PROVISIONAL_SMALL_REQUEST_N,0.34545454545454546,0.509090909090909,PROVISIONAL_SMALL_REQUEST_N,0.575,0.6216216216216216,NOT_PRIMARY; use physical units and frozen spans
15,f15-5a9547401a37,DEVELOPMENT_5K_NOT_FORMAL_10K,HELDOUT_TRIPLE_AUDIT,STRICT_LUMPED,f12d43eace12231077007dc497fee8dad00fbe58cb2f1fe2c6159c47636b97a0,all_candidates,all_finite_diagnostic,emx_minus_target,Qmin,dimensionless,47,1.1532195596851718,2.111423364595397,-0.856516582042685,0.464792908168036,2.54013635250759,4.082906286646094,PROVISIONAL_SMALL_REQUEST_N,5,0.7771386801503469,1.6303489332637375,1.0501623113356742,3.1192143817487907,-1.44110874642632,-0.3038910172898992,0.2777946409696277,0.6671432253744403,1.7471668211668354,6.909314358378648,2.140074239579742,8.120817449740924,220,47,40,7,13,0,0,0,160,24,47,47,55,,0.43636363636363634,0.10909090909090909,0.6,NOT_ESTIMABLE,,,PROVISIONAL_SMALL_REQUEST_N,0.34545454545454546,0.509090909090909,PROVISIONAL_SMALL_REQUEST_N,0.575,0.6216216216216216,NOT_PRIMARY; use physical units and frozen spans
15,f15-5a9547401a37,DEVELOPMENT_5K_NOT_FORMAL_10K,HELDOUT_TRIPLE_AUDIT,STRICT_LUMPED,f12d43eace12231077007dc497fee8dad00fbe58cb2f1fe2c6159c47636b97a0,all_candidates,all_finite_diagnostic,emx_minus_target,K_abs,dimensionless,47,0.020990526406887856,0.03518133145838865,0.003186521964106945,0.009470852403711566,0.048055433242975086,0.07067491429345919,PROVISIONAL_SMALL_REQUEST_N,5,0.009935145320711441,0.03330171621132516,0.012858215397680348,0.05207928227780984,-0.004676801038434574,0.013566112147365465,0.008348787658427448,0.02529666542996828,0.02257435247862877,0.08696845205002571,0.023174975104009635,0.12124117508272601,220,47,40,7,13,0,0,0,160,24,47,47,55,,0.43636363636363634,0.10909090909090909,0.6,NOT_ESTIMABLE,,,PROVISIONAL_SMALL_REQUEST_N,0.34545454545454546,0.509090909090909,PROVISIONAL_SMALL_REQUEST_N,0.575,0.6216216216216216,NOT_PRIMARY; use physical units and frozen spans
15,f15-5a9547401a37,DEVELOPMENT_5K_NOT_FORMAL_10K,HELDOUT_TRIPLE_AUDIT,STRICT_LUMPED,f12d43eace12231077007dc497fee8dad00fbe58cb2f1fe2c6159c47636b97a0,all_candidates,all_finite_diagnostic,emx_minus_frozen_proxy,Lp_nH,nH,47,0.013002586642899189,0.01829569062036105,-0.0022910961399208074,0.010213471688085063,0.03187986963012097,0.03434948490504281,PROVISIONAL_SMALL_REQUEST_N,5,0.008853086964314418,0.017453508044297867,0.010592855618228128,0.02408705913513917,-0.004567887496291193,-1.9790901552140934e-05,0.007669708093606342,0.01287315886634599,0.013736065510129424,0.034552517122567794,0.015762577211642887,0.054184777820444986,220,47,40,7,13,0,0,0,160,24,47,47,55,,0.43636363636363634,0.10909090909090909,0.6,NOT_ESTIMABLE,,,PROVISIONAL_SMALL_REQUEST_N,0.34545454545454546,0.509090909090909,PROVISIONAL_SMALL_REQUEST_N,0.575,0.6216216216216216,NOT_PRIMARY; use physical units and frozen spans
15,f15-5a9547401a37,DEVELOPMENT_5K_NOT_FORMAL_10K,HELDOUT_TRIPLE_AUDIT,STRICT_LUMPED,f12d43eace12231077007dc497fee8dad00fbe58cb2f1fe2c6159c47636b97a0,all_candidates,all_finite_diagnostic,emx_minus_frozen_proxy,Ls_nH,nH,47,0.008921513920712713,0.013417150293879623,-0.0005907215355754867,0.0053977158326441455,0.018849667788837267,0.03287950019181666,PROVISIONAL_SMALL_REQUEST_N,5,0.004477989334680729,0.014210572718190595,0.005206780811200768,0.020156850901194717,-0.0020166762698178874,0.0008972312305904967,0.004165399461390773,0.008282506936254985,0.009067903090150604,0.03750812267233883,0.00978041642823313,0.04264695971911314,220,47,40,7,13,0,0,0,160,24,47,47,55,,0.43636363636363634,0.10909090909090909,0.6,NOT_ESTIMABLE,,,PROVISIONAL_SMALL_REQUEST_N,0.34545454545454546,0.509090909090909,PROVISIONAL_SMALL_REQUEST_N,0.575,0.6216216216216216,NOT_PRIMARY; use physical units and frozen spans
15,f15-5a9547401a37,DEVELOPMENT_5K_NOT_FORMAL_10K,HELDOUT_TRIPLE_AUDIT,STRICT_LUMPED,f12d43eace12231077007dc497fee8dad00fbe58cb2f1fe2c6159c47636b97a0,all_candidates,all_finite_diagnostic,emx_minus_frozen_proxy,Qmin,dimensionless,47,0.2917482205691347,0.40545737314538033,-0.06293234687163068,0.16388106561605476,0.7911746422613326,0.9039166437347863,PROVISIONAL_SMALL_REQUEST_N,5,0.21934936286867063,0.35718798115863243,0.3020828356964966,0.4818213231933364,-0.21983205754979765,0.03582215634570622,0.15305811010792247,0.24212347713147153,0.4483190513412115,0.8939949854853015,0.677969286726573,0.9505825373908738,220,47,40,7,13,0,0,0,160,24,47,47,55,,0.43636363636363634,0.10909090909090909,0.6,NOT_ESTIMABLE,,,PROVISIONAL_SMALL_REQUEST_N,0.34545454545454546,0.509090909090909,PROVISIONAL_SMALL_REQUEST_N,0.575,0.6216216216216216,NOT_PRIMARY; use physical units and frozen spans
15,f15-5a9547401a37,DEVELOPMENT_5K_NOT_FORMAL_10K,HELDOUT_TRIPLE_AUDIT,STRICT_LUMPED,f12d43eace12231077007dc497fee8dad00fbe58cb2f1fe2c6159c47636b97a0,all_candidates,all_finite_diagnostic,emx_minus_frozen_proxy,K_abs,dimensionless,47,0.012270953545143284,0.020404855670714046,-0.0007204932844510997,0.0077143120898574,0.025981057031574894,0.030089593107547715,PROVISIONAL_SMALL_REQUEST_N,5,0.0074325390903515745,0.018175382370817825,0.009292130047632845,0.03036554560684616,-0.00375086759931692,0.0021823176431707047,0.005075426224716961,0.01274194673276513,0.01315161835612294,0.03165725232240274,0.015428541938395178,0.06899680909078548,220,47,40,7,13,0,0,0,160,24,47,47,55,,0.43636363636363634,0.10909090909090909,0.6,NOT_ESTIMABLE,,,PROVISIONAL_SMALL_REQUEST_N,0.34545454545454546,0.509090909090909,PROVISIONAL_SMALL_REQUEST_N,0.575,0.6216216216216216,NOT_PRIMARY; use physical units and frozen spans
15,f15-5a9547401a37,DEVELOPMENT_5K_NOT_FORMAL_10K,HELDOUT_TRIPLE_AUDIT,STRICT_LUMPED,f12d43eace12231077007dc497fee8dad00fbe58cb2f1fe2c6159c47636b97a0,selected_q_proxy,strict_valid,emx_minus_target,Lp_nH,nH,5,0.005617393025004258,0.007041597472218691,-0.0038734416304664343,0.003248392608169448,0.010917122822738313,0.011562412654480568,PROVISIONAL_SMALL_REQUEST_N,5,0.0022515775595262967,0.009125260847127637,0.002450184436849921,0.009694677686101237,-0.008898574981600982,0.0008120648673348226,0.0011114858781751114,0.012207702486222827,0.0029642878948786143,0.012207702486222827,0.003106340251524031,0.012207702486222827,20,5,5,0,0,0,0,0,15,5,5,5,5,,1.0,0.25,1.0,NOT_ESTIMABLE,,,PROVISIONAL_SMALL_REQUEST_N,1.0,1.0,PROVISIONAL_SMALL_REQUEST_N,1.0,1.0,NOT_PRIMARY; use physical units and frozen spans
15,f15-5a9547401a37,DEVELOPMENT_5K_NOT_FORMAL_10K,HELDOUT_TRIPLE_AUDIT,STRICT_LUMPED,f12d43eace12231077007dc497fee8dad00fbe58cb2f1fe2c6159c47636b97a0,selected_q_proxy,strict_valid,emx_minus_target,Ls_nH,nH,5,0.005880866780572758,0.006503991970182966,0.001288141743827831,0.005262581815834277,0.00920586812082913,0.009420942721713566,PROVISIONAL_SMALL_REQUEST_N,5,0.0034305525416691296,0.008331181019476386,0.0035510400207895663,0.008496907978462493,-0.004668103882475938,0.006249893101988357,0.002921168273686492,0.009636017322598,0.004367117958528244,0.009636017322598,0.00481484988718126,0.009636017322598,20,5,5,0,0,0,0,0,15,5,5,5,5,,1.0,0.25,1.0,NOT_ESTIMABLE,,,PROVISIONAL_SMALL_REQUEST_N,1.0,1.0,PROVISIONAL_SMALL_REQUEST_N,1.0,1.0,NOT_PRIMARY; use physical units and frozen spans
15,f15-5a9547401a37,DEVELOPMENT_5K_NOT_FORMAL_10K,HELDOUT_TRIPLE_AUDIT,STRICT_LUMPED,f12d43eace12231077007dc497fee8dad00fbe58cb2f1fe2c6159c47636b97a0,selected_q_proxy,strict_valid,emx_minus_target,Qmin,dimensionless,5,0.11002624014621461,0.11900721339184445,0.07440911289936736,0.08904281811711812,0.16473398377064577,0.16688578320775455,PROVISIONAL_SMALL_REQUEST_N,5,0.07325222159525069,0.1487350308650967,0.07493478109763706,0.15177631790307888,-0.00879131788077691,0.14464845926006972,0.05440325723224504,0.16903758264486335,0.08904281811711812,0.16903758264486335,0.08904281811711812,0.16903758264486335,20,5,5,0,0,0,0,0,15,5,5,5,5,,1.0,0.25,1.0,NOT_ESTIMABLE,,,PROVISIONAL_SMALL_REQUEST_N,1.0,1.0,PROVISIONAL_SMALL_REQUEST_N,1.0,1.0,NOT_PRIMARY; use physical units and frozen spans
15,f15-5a9547401a37,DEVELOPMENT_5K_NOT_FORMAL_10K,HELDOUT_TRIPLE_AUDIT,STRICT_LUMPED,f12d43eace12231077007dc497fee8dad00fbe58cb2f1fe2c6159c47636b97a0,selected_q_proxy,strict_valid,emx_minus_target,K_abs,dimensionless,5,0.004668082199531276,0.0062456205388059065,-0.0045019613005735535,0.0034872102911953917,0.009416069707781983,0.010913811532986182,PROVISIONAL_SMALL_REQUEST_N,5,0.0016544503686118429,0.008565074246894695,0.0020666407204786275,0.009864551095518896,-0.008565074246894695,-0.0011560876717386758,0.00041530224739430577,0.012411553358190386,0.002933726522200003,0.012411553358190386,0.0032104684066976974,0.012411553358190386,20,5,5,0,0,0,0,0,15,5,5,5,5,,1.0,0.25,1.0,NOT_ESTIMABLE,,,PROVISIONAL_SMALL_REQUEST_N,1.0,1.0,PROVISIONAL_SMALL_REQUEST_N,1.0,1.0,NOT_PRIMARY; use physical units and frozen spans
15,f15-5a9547401a37,DEVELOPMENT_5K_NOT_FORMAL_10K,HELDOUT_TRIPLE_AUDIT,STRICT_LUMPED,f12d43eace12231077007dc497fee8dad00fbe58cb2f1fe2c6159c47636b97a0,selected_q_proxy,strict_valid,emx_minus_frozen_proxy,Lp_nH,nH,5,0.007274893994901288,0.009214284855563606,-0.00366509782593647,0.005322409975396569,0.014185800007189543,0.01520742046947423,PROVISIONAL_SMALL_REQUEST_N,5,0.002916476715279477,0.012545241689036058,0.003301192081891699,0.01358187149532468,-0.010897130288043132,0.0030354875844432207,0.0007839334174474244,0.01622904093175892,0.004360704797065163,0.01622904093175892,0.004841557386230866,0.01622904093175892,20,5,5,0,0,0,0,0,15,5,5,5,5,,1.0,0.25,1.0,NOT_ESTIMABLE,,,PROVISIONAL_SMALL_REQUEST_N,1.0,1.0,PROVISIONAL_SMALL_REQUEST_N,1.0,1.0,NOT_PRIMARY; use physical units and frozen spans
15,f15-5a9547401a37,DEVELOPMENT_5K_NOT_FORMAL_10K,HELDOUT_TRIPLE_AUDIT,STRICT_LUMPED,f12d43eace12231077007dc497fee8dad00fbe58cb2f1fe2c6159c47636b97a0,selected_q_proxy,strict_valid,emx_minus_frozen_proxy,Ls_nH,nH,5,0.005929839128141512,0.007707669608413855,-0.0015045677421276383,0.0032908726439976332,0.011356190581091052,0.013512000065262873,PROVISIONAL_SMALL_REQUEST_N,5,0.002978875056279384,0.010955146893868228,0.0029829972414117285,0.012398835329241215,-0.009006574829193337,0.0038485626475215804,0.0028835436924614655,0.015667809549434697,0.0031418066368938515,0.015667809549434697,0.0032163396404457424,0.015667809549434697,20,5,5,0,0,0,0,0,15,5,5,5,5,,1.0,0.25,1.0,NOT_ESTIMABLE,,,PROVISIONAL_SMALL_REQUEST_N,1.0,1.0,PROVISIONAL_SMALL_REQUEST_N,1.0,1.0,NOT_PRIMARY; use physical units and frozen spans
15,f15-5a9547401a37,DEVELOPMENT_5K_NOT_FORMAL_10K,HELDOUT_TRIPLE_AUDIT,STRICT_LUMPED,f12d43eace12231077007dc497fee8dad00fbe58cb2f1fe2c6159c47636b97a0,selected_q_proxy,strict_valid,emx_minus_frozen_proxy,Qmin,dimensionless,5,0.1060732601047107,0.11503797855589831,0.0733018970180197,0.08192840771672749,0.1596797006285559,0.16178038312230533,PROVISIONAL_SMALL_REQUEST_N,5,0.06905681754251632,0.14328916904869046,0.07074476626013589,0.14661219614742646,-0.006383728922036674,0.14098902017315568,0.05024809823566301,0.16388106561605476,0.08192840771672749,0.16388106561605476,0.08192840771672749,0.16388106561605476,20,5,5,0,0,0,0,0,15,5,5,5,5,,1.0,0.25,1.0,NOT_ESTIMABLE,,,PROVISIONAL_SMALL_REQUEST_N,1.0,1.0,PROVISIONAL_SMALL_REQUEST_N,1.0,1.0,NOT_PRIMARY; use physical units and frozen spans
15,f15-5a9547401a37,DEVELOPMENT_5K_NOT_FORMAL_10K,HELDOUT_TRIPLE_AUDIT,STRICT_LUMPED,f12d43eace12231077007dc497fee8dad00fbe58cb2f1fe2c6159c47636b97a0,selected_q_proxy,strict_valid,emx_minus_frozen_proxy,K_abs,dimensionless,5,0.005215257834859183,0.006541325000570777,-0.004625490896419599,0.004537904960355221,0.009511067262751239,0.011126506997758183,PROVISIONAL_SMALL_REQUEST_N,5,0.0023490544346746966,0.009084203447199363,0.002658672182371337,0.010146184464557425,-0.009084203447199363,-0.0005797536193559438,0.0014744173460989607,0.01274194673276513,0.0037856518071516135,0.01274194673276513,0.004161778383753417,0.01274194673276513,20,5,5,0,0,0,0,0,15,5,5,5,5,,1.0,0.25,1.0,NOT_ESTIMABLE,,,PROVISIONAL_SMALL_REQUEST_N,1.0,1.0,PROVISIONAL_SMALL_REQUEST_N,1.0,1.0,NOT_PRIMARY; use physical units and frozen spans
15,f15-5a9547401a37,DEVELOPMENT_5K_NOT_FORMAL_10K,HELDOUT_TRIPLE_AUDIT,STRICT_LUMPED,f12d43eace12231077007dc497fee8dad00fbe58cb2f1fe2c6159c47636b97a0,selected_q_proxy,all_finite_diagnostic,emx_minus_target,Lp_nH,nH,5,0.005617393025004258,0.007041597472218691,-0.0038734416304664343,0.003248392608169448,0.010917122822738313,0.011562412654480568,PROVISIONAL_SMALL_REQUEST_N,5,0.0022515775595262967,0.009125260847127637,0.002450184436849921,0.009694677686101237,-0.008898574981600982,0.0008120648673348226,0.0011114858781751114,0.012207702486222827,0.0029642878948786143,0.012207702486222827,0.003106340251524031,0.012207702486222827,20,5,5,0,0,0,0,0,15,5,5,5,5,,1.0,0.25,1.0,NOT_ESTIMABLE,,,PROVISIONAL_SMALL_REQUEST_N,1.0,1.0,PROVISIONAL_SMALL_REQUEST_N,1.0,1.0,NOT_PRIMARY; use physical units and frozen spans
15,f15-5a9547401a37,DEVELOPMENT_5K_NOT_FORMAL_10K,HELDOUT_TRIPLE_AUDIT,STRICT_LUMPED,f12d43eace12231077007dc497fee8dad00fbe58cb2f1fe2c6159c47636b97a0,selected_q_proxy,all_finite_diagnostic,emx_minus_target,Ls_nH,nH,5,0.005880866780572758,0.006503991970182966,0.001288141743827831,0.005262581815834277,0.00920586812082913,0.009420942721713566,PROVISIONAL_SMALL_REQUEST_N,5,0.0034305525416691296,0.008331181019476386,0.0035510400207895663,0.008496907978462493,-0.004668103882475938,0.006249893101988357,0.002921168273686492,0.009636017322598,0.004367117958528244,0.009636017322598,0.00481484988718126,0.009636017322598,20,5,5,0,0,0,0,0,15,5,5,5,5,,1.0,0.25,1.0,NOT_ESTIMABLE,,,PROVISIONAL_SMALL_REQUEST_N,1.0,1.0,PROVISIONAL_SMALL_REQUEST_N,1.0,1.0,NOT_PRIMARY; use physical units and frozen spans
15,f15-5a9547401a37,DEVELOPMENT_5K_NOT_FORMAL_10K,HELDOUT_TRIPLE_AUDIT,STRICT_LUMPED,f12d43eace12231077007dc497fee8dad00fbe58cb2f1fe2c6159c47636b97a0,selected_q_proxy,all_finite_diagnostic,emx_minus_target,Qmin,dimensionless,5,0.11002624014621461,0.11900721339184445,0.07440911289936736,0.08904281811711812,0.16473398377064577,0.16688578320775455,PROVISIONAL_SMALL_REQUEST_N,5,0.07325222159525069,0.1487350308650967,0.07493478109763706,0.15177631790307888,-0.00879131788077691,0.14464845926006972,0.05440325723224504,0.16903758264486335,0.08904281811711812,0.16903758264486335,0.08904281811711812,0.16903758264486335,20,5,5,0,0,0,0,0,15,5,5,5,5,,1.0,0.25,1.0,NOT_ESTIMABLE,,,PROVISIONAL_SMALL_REQUEST_N,1.0,1.0,PROVISIONAL_SMALL_REQUEST_N,1.0,1.0,NOT_PRIMARY; use physical units and frozen spans
15,f15-5a9547401a37,DEVELOPMENT_5K_NOT_FORMAL_10K,HELDOUT_TRIPLE_AUDIT,STRICT_LUMPED,f12d43eace12231077007dc497fee8dad00fbe58cb2f1fe2c6159c47636b97a0,selected_q_proxy,all_finite_diagnostic,emx_minus_target,K_abs,dimensionless,5,0.004668082199531276,0.0062456205388059065,-0.0045019613005735535,0.0034872102911953917,0.009416069707781983,0.010913811532986182,PROVISIONAL_SMALL_REQUEST_N,5,0.0016544503686118429,0.008565074246894695,0.0020666407204786275,0.009864551095518896,-0.008565074246894695,-0.0011560876717386758,0.00041530224739430577,0.012411553358190386,0.002933726522200003,0.012411553358190386,0.0032104684066976974,0.012411553358190386,20,5,5,0,0,0,0,0,15,5,5,5,5,,1.0,0.25,1.0,NOT_ESTIMABLE,,,PROVISIONAL_SMALL_REQUEST_N,1.0,1.0,PROVISIONAL_SMALL_REQUEST_N,1.0,1.0,NOT_PRIMARY; use physical units and frozen spans
15,f15-5a9547401a37,DEVELOPMENT_5K_NOT_FORMAL_10K,HELDOUT_TRIPLE_AUDIT,STRICT_LUMPED,f12d43eace12231077007dc497fee8dad00fbe58cb2f1fe2c6159c47636b97a0,selected_q_proxy,all_finite_diagnostic,emx_minus_frozen_proxy,Lp_nH,nH,5,0.007274893994901288,0.009214284855563606,-0.00366509782593647,0.005322409975396569,0.014185800007189543,0.01520742046947423,PROVISIONAL_SMALL_REQUEST_N,5,0.002916476715279477,0.012545241689036058,0.003301192081891699,0.01358187149532468,-0.010897130288043132,0.0030354875844432207,0.0007839334174474244,0.01622904093175892,0.004360704797065163,0.01622904093175892,0.004841557386230866,0.01622904093175892,20,5,5,0,0,0,0,0,15,5,5,5,5,,1.0,0.25,1.0,NOT_ESTIMABLE,,,PROVISIONAL_SMALL_REQUEST_N,1.0,1.0,PROVISIONAL_SMALL_REQUEST_N,1.0,1.0,NOT_PRIMARY; use physical units and frozen spans
15,f15-5a9547401a37,DEVELOPMENT_5K_NOT_FORMAL_10K,HELDOUT_TRIPLE_AUDIT,STRICT_LUMPED,f12d43eace12231077007dc497fee8dad00fbe58cb2f1fe2c6159c47636b97a0,selected_q_proxy,all_finite_diagnostic,emx_minus_frozen_proxy,Ls_nH,nH,5,0.005929839128141512,0.007707669608413855,-0.0015045677421276383,0.0032908726439976332,0.011356190581091052,0.013512000065262873,PROVISIONAL_SMALL_REQUEST_N,5,0.002978875056279384,0.010955146893868228,0.0029829972414117285,0.012398835329241215,-0.009006574829193337,0.0038485626475215804,0.0028835436924614655,0.015667809549434697,0.0031418066368938515,0.015667809549434697,0.0032163396404457424,0.015667809549434697,20,5,5,0,0,0,0,0,15,5,5,5,5,,1.0,0.25,1.0,NOT_ESTIMABLE,,,PROVISIONAL_SMALL_REQUEST_N,1.0,1.0,PROVISIONAL_SMALL_REQUEST_N,1.0,1.0,NOT_PRIMARY; use physical units and frozen spans
15,f15-5a9547401a37,DEVELOPMENT_5K_NOT_FORMAL_10K,HELDOUT_TRIPLE_AUDIT,STRICT_LUMPED,f12d43eace12231077007dc497fee8dad00fbe58cb2f1fe2c6159c47636b97a0,selected_q_proxy,all_finite_diagnostic,emx_minus_frozen_proxy,Qmin,dimensionless,5,0.1060732601047107,0.11503797855589831,0.0733018970180197,0.08192840771672749,0.1596797006285559,0.16178038312230533,PROVISIONAL_SMALL_REQUEST_N,5,0.06905681754251632,0.14328916904869046,0.07074476626013589,0.14661219614742646,-0.006383728922036674,0.14098902017315568,0.05024809823566301,0.16388106561605476,0.08192840771672749,0.16388106561605476,0.08192840771672749,0.16388106561605476,20,5,5,0,0,0,0,0,15,5,5,5,5,,1.0,0.25,1.0,NOT_ESTIMABLE,,,PROVISIONAL_SMALL_REQUEST_N,1.0,1.0,PROVISIONAL_SMALL_REQUEST_N,1.0,1.0,NOT_PRIMARY; use physical units and frozen spans
15,f15-5a9547401a37,DEVELOPMENT_5K_NOT_FORMAL_10K,HELDOUT_TRIPLE_AUDIT,STRICT_LUMPED,f12d43eace12231077007dc497fee8dad00fbe58cb2f1fe2c6159c47636b97a0,selected_q_proxy,all_finite_diagnostic,emx_minus_frozen_proxy,K_abs,dimensionless,5,0.005215257834859183,0.006541325000570777,-0.004625490896419599,0.004537904960355221,0.009511067262751239,0.011126506997758183,PROVISIONAL_SMALL_REQUEST_N,5,0.0023490544346746966,0.009084203447199363,0.002658672182371337,0.010146184464557425,-0.009084203447199363,-0.0005797536193559438,0.0014744173460989607,0.01274194673276513,0.0037856518071516135,0.01274194673276513,0.004161778383753417,0.01274194673276513,20,5,5,0,0,0,0,0,15,5,5,5,5,,1.0,0.25,1.0,NOT_ESTIMABLE,,,PROVISIONAL_SMALL_REQUEST_N,1.0,1.0,PROVISIONAL_SMALL_REQUEST_N,1.0,1.0,NOT_PRIMARY; use physical units and frozen spans
5,f5-fac1f3ff42e4,FORMAL_10K,HELDOUT_TRIPLE_AUDIT,STRICT_LUMPED,f12d43eace12231077007dc497fee8dad00fbe58cb2f1fe2c6159c47636b97a0,all_candidates,strict_valid,emx_minus_target,Lp_nH,nH,41,0.08148754353259459,0.10781176647058073,-0.021450600333584383,0.07542699287005639,0.15384070091328983,0.20352313498491226,PROVISIONAL_SMALL_REQUEST_N,5,0.05504829822546546,0.11423202862554122,0.07402025667823282,0.14582652828401257,-0.08453511179540293,0.05951761810134163,0.028503773677540978,0.12325892930692528,0.11791291121530764,0.25719462696946627,0.12636339867719026,0.26617405277394357,220,41,41,0,0,5,9,0,165,11,41,41,55,,0.2,0.05,0.2682926829268293,NOT_ESTIMABLE,,,PROVISIONAL_SMALL_REQUEST_N,0.12727272727272726,0.2727272727272727,PROVISIONAL_SMALL_REQUEST_N,0.19444444444444445,0.32608695652173914,NOT_PRIMARY; use physical units and frozen spans
5,f5-fac1f3ff42e4,FORMAL_10K,HELDOUT_TRIPLE_AUDIT,STRICT_LUMPED,f12d43eace12231077007dc497fee8dad00fbe58cb2f1fe2c6159c47636b97a0,all_candidates,strict_valid,emx_minus_target,Ls_nH,nH,41,0.2042320201459688,0.3059708730046358,0.2002364788707281,0.04400836821761933,0.5242941890534156,0.5910732881467524,PROVISIONAL_SMALL_REQUEST_N,5,0.06890336486806811,0.3406389812462086,0.15504857611830325,0.41885720199705295,0.06071250525382462,0.3406275044553494,0.007683341465415605,0.39242683520191457,0.30887809803636845,0.681680621252486,0.4237186744078943,0.7138401135284342,220,41,41,0,0,5,9,0,165,11,41,41,55,,0.2,0.05,0.2682926829268293,NOT_ESTIMABLE,,,PROVISIONAL_SMALL_REQUEST_N,0.12727272727272726,0.2727272727272727,PROVISIONAL_SMALL_REQUEST_N,0.19444444444444445,0.32608695652173914,NOT_PRIMARY; use physical units and frozen spans
5,f5-fac1f3ff42e4,FORMAL_10K,HELDOUT_TRIPLE_AUDIT,STRICT_LUMPED,f12d43eace12231077007dc497fee8dad00fbe58cb2f1fe2c6159c47636b97a0,all_candidates,strict_valid,emx_minus_target,Qmin,dimensionless,41,3.458260491874256,4.500729098430373,-3.4485170113642254,3.0066616466877836,8.1109919112547,8.123282219395659,PROVISIONAL_SMALL_REQUEST_N,5,3.157592351867936,3.8028038350062454,4.318584351859819,4.7455946981506045,-3.8028038350062454,-3.1313662030917704,2.0663098281040195,3.5165868479769795,7.511746033570916,8.123738879637417,8.1109919112547,8.1311898463189,220,41,41,0,0,5,9,0,165,11,41,41,55,,0.2,0.05,0.2682926829268293,NOT_ESTIMABLE,,,PROVISIONAL_SMALL_REQUEST_N,0.12727272727272726,0.2727272727272727,PROVISIONAL_SMALL_REQUEST_N,0.19444444444444445,0.32608695652173914,NOT_PRIMARY; use physical units and frozen spans
5,f5-fac1f3ff42e4,FORMAL_10K,HELDOUT_TRIPLE_AUDIT,STRICT_LUMPED,f12d43eace12231077007dc497fee8dad00fbe58cb2f1fe2c6159c47636b97a0,all_candidates,strict_valid,emx_minus_target,K_abs,dimensionless,41,0.06518957309062628,0.09322364837760361,-0.06274305420495199,0.05022070998235473,0.17854604300647947,0.1800349372215474,PROVISIONAL_SMALL_REQUEST_N,5,0.03192488523250781,0.0953598713805477,0.046586573163175715,0.12084885268679384,-0.09510745242729801,-0.027046842829033572,0.010794775153104522,0.11355955290198244,0.06598831421460788,0.19417477781800668,0.10581503282801902,0.19544924807391995,220,41,41,0,0,5,9,0,165,11,41,41,55,,0.2,0.05,0.2682926829268293,NOT_ESTIMABLE,,,PROVISIONAL_SMALL_REQUEST_N,0.12727272727272726,0.2727272727272727,PROVISIONAL_SMALL_REQUEST_N,0.19444444444444445,0.32608695652173914,NOT_PRIMARY; use physical units and frozen spans
5,f5-fac1f3ff42e4,FORMAL_10K,HELDOUT_TRIPLE_AUDIT,STRICT_LUMPED,f12d43eace12231077007dc497fee8dad00fbe58cb2f1fe2c6159c47636b97a0,all_candidates,strict_valid,emx_minus_frozen_proxy,Lp_nH,nH,41,0.011599206537149746,0.014909180195288514,-0.009288145392323345,0.009288021248560874,0.023615146780392005,0.02502684576587133,PROVISIONAL_SMALL_REQUEST_N,5,0.010810976776217673,0.012368994938675607,0.014242148131753353,0.015398010764618556,-0.010369845585775462,-0.008152360189198621,0.006730296131919888,0.011693600147221428,0.023148820283435345,0.02514085569330876,0.023435744707833717,0.025415791214747872,220,41,41,0,0,5,9,0,165,11,41,41,55,,0.2,0.05,0.2682926829268293,NOT_ESTIMABLE,,,PROVISIONAL_SMALL_REQUEST_N,0.12727272727272726,0.2727272727272727,PROVISIONAL_SMALL_REQUEST_N,0.19444444444444445,0.32608695652173914,NOT_PRIMARY; use physical units and frozen spans
5,f5-fac1f3ff42e4,FORMAL_10K,HELDOUT_TRIPLE_AUDIT,STRICT_LUMPED,f12d43eace12231077007dc497fee8dad00fbe58cb2f1fe2c6159c47636b97a0,all_candidates,strict_valid,emx_minus_frozen_proxy,Ls_nH,nH,41,0.015623439087468207,0.018589075592087115,0.014770430422389095,0.02065398704935717,0.027139526900345823,0.027398173609701093,PROVISIONAL_SMALL_REQUEST_N,5,0.014466439911778211,0.016752494050413562,0.01785898213916105,0.019156938325553752,0.013154778828483269,0.016145769794984832,0.015229919644393464,0.02083094039397082,0.02328015036397557,0.027483573697552055,0.02442069729520742,0.02764964912180412,220,41,41,0,0,5,9,0,165,11,41,41,55,,0.2,0.05,0.2682926829268293,NOT_ESTIMABLE,,,PROVISIONAL_SMALL_REQUEST_N,0.12727272727272726,0.2727272727272727,PROVISIONAL_SMALL_REQUEST_N,0.19444444444444445,0.32608695652173914,NOT_PRIMARY; use physical units and frozen spans
5,f5-fac1f3ff42e4,FORMAL_10K,HELDOUT_TRIPLE_AUDIT,STRICT_LUMPED,f12d43eace12231077007dc497fee8dad00fbe58cb2f1fe2c6159c47636b97a0,all_candidates,strict_valid,emx_minus_frozen_proxy,Qmin,dimensionless,41,0.30225684719115886,0.3816116144078013,-0.25531976099801423,0.17336852585640017,0.6242839014992558,0.6341007688488212,PROVISIONAL_SMALL_REQUEST_N,5,0.28170283212609876,0.32089886085481806,0.35802280139449777,0.40181032382120396,-0.2752463281215082,-0.23255234834798102,0.16150711521263172,0.2936977377465366,0.5757546656548378,0.6354727309568489,0.5823987867649922,0.7415323569024928,220,41,41,0,0,5,9,0,165,11,41,41,55,,0.2,0.05,0.2682926829268293,NOT_ESTIMABLE,,,PROVISIONAL_SMALL_REQUEST_N,0.12727272727272726,0.2727272727272727,PROVISIONAL_SMALL_REQUEST_N,0.19444444444444445,0.32608695652173914,NOT_PRIMARY; use physical units and frozen spans
5,f5-fac1f3ff42e4,FORMAL_10K,HELDOUT_TRIPLE_AUDIT,STRICT_LUMPED,f12d43eace12231077007dc497fee8dad00fbe58cb2f1fe2c6159c47636b97a0,all_candidates,strict_valid,emx_minus_frozen_proxy,K_abs,dimensionless,41,0.004917530139329899,0.005532138017464295,0.003334403877992688,0.004643576237549324,0.008244166947607906,0.00858582622186492,PROVISIONAL_SMALL_REQUEST_N,5,0.003913506459346687,0.006083277928597092,0.004289310182460787,0.006563913870656983,0.002432854907944456,0.004321292589028401,0.003395077237622446,0.006585337088004614,0.006220009220787803,0.008623020247214452,0.007023582780192129,0.010864948770442806,220,41,41,0,0,5,9,0,165,11,41,41,55,,0.2,0.05,0.2682926829268293,NOT_ESTIMABLE,,,PROVISIONAL_SMALL_REQUEST_N,0.12727272727272726,0.2727272727272727,PROVISIONAL_SMALL_REQUEST_N,0.19444444444444445,0.32608695652173914,NOT_PRIMARY; use physical units and frozen spans
5,f5-fac1f3ff42e4,FORMAL_10K,HELDOUT_TRIPLE_AUDIT,STRICT_LUMPED,f12d43eace12231077007dc497fee8dad00fbe58cb2f1fe2c6159c47636b97a0,all_candidates,all_finite_diagnostic,emx_minus_target,Lp_nH,nH,41,0.08148754353259459,0.10781176647058073,-0.021450600333584383,0.07542699287005639,0.15384070091328983,0.20352313498491226,PROVISIONAL_SMALL_REQUEST_N,5,0.05504829822546546,0.11423202862554122,0.07402025667823282,0.14582652828401257,-0.08453511179540293,0.05951761810134163,0.028503773677540978,0.12325892930692528,0.11791291121530764,0.25719462696946627,0.12636339867719026,0.26617405277394357,220,41,41,0,0,5,9,0,165,11,41,41,55,,0.2,0.05,0.2682926829268293,NOT_ESTIMABLE,,,PROVISIONAL_SMALL_REQUEST_N,0.12727272727272726,0.2727272727272727,PROVISIONAL_SMALL_REQUEST_N,0.19444444444444445,0.32608695652173914,NOT_PRIMARY; use physical units and frozen spans
5,f5-fac1f3ff42e4,FORMAL_10K,HELDOUT_TRIPLE_AUDIT,STRICT_LUMPED,f12d43eace12231077007dc497fee8dad00fbe58cb2f1fe2c6159c47636b97a0,all_candidates,all_finite_diagnostic,emx_minus_target,Ls_nH,nH,41,0.2042320201459688,0.3059708730046358,0.2002364788707281,0.04400836821761933,0.5242941890534156,0.5910732881467524,PROVISIONAL_SMALL_REQUEST_N,5,0.06890336486806811,0.3406389812462086,0.15504857611830325,0.41885720199705295,0.06071250525382462,0.3406275044553494,0.007683341465415605,0.39242683520191457,0.30887809803636845,0.681680621252486,0.4237186744078943,0.7138401135284342,220,41,41,0,0,5,9,0,165,11,41,41,55,,0.2,0.05,0.2682926829268293,NOT_ESTIMABLE,,,PROVISIONAL_SMALL_REQUEST_N,0.12727272727272726,0.2727272727272727,PROVISIONAL_SMALL_REQUEST_N,0.19444444444444445,0.32608695652173914,NOT_PRIMARY; use physical units and frozen spans
5,f5-fac1f3ff42e4,FORMAL_10K,HELDOUT_TRIPLE_AUDIT,STRICT_LUMPED,f12d43eace12231077007dc497fee8dad00fbe58cb2f1fe2c6159c47636b97a0,all_candidates,all_finite_diagnostic,emx_minus_target,Qmin,dimensionless,41,3.458260491874256,4.500729098430373,-3.4485170113642254,3.0066616466877836,8.1109919112547,8.123282219395659,PROVISIONAL_SMALL_REQUEST_N,5,3.157592351867936,3.8028038350062454,4.318584351859819,4.7455946981506045,-3.8028038350062454,-3.1313662030917704,2.0663098281040195,3.5165868479769795,7.511746033570916,8.123738879637417,8.1109919112547,8.1311898463189,220,41,41,0,0,5,9,0,165,11,41,41,55,,0.2,0.05,0.2682926829268293,NOT_ESTIMABLE,,,PROVISIONAL_SMALL_REQUEST_N,0.12727272727272726,0.2727272727272727,PROVISIONAL_SMALL_REQUEST_N,0.19444444444444445,0.32608695652173914,NOT_PRIMARY; use physical units and frozen spans
5,f5-fac1f3ff42e4,FORMAL_10K,HELDOUT_TRIPLE_AUDIT,STRICT_LUMPED,f12d43eace12231077007dc497fee8dad00fbe58cb2f1fe2c6159c47636b97a0,all_candidates,all_finite_diagnostic,emx_minus_target,K_abs,dimensionless,41,0.06518957309062628,0.09322364837760361,-0.06274305420495199,0.05022070998235473,0.17854604300647947,0.1800349372215474,PROVISIONAL_SMALL_REQUEST_N,5,0.03192488523250781,0.0953598713805477,0.046586573163175715,0.12084885268679384,-0.09510745242729801,-0.027046842829033572,0.010794775153104522,0.11355955290198244,0.06598831421460788,0.19417477781800668,0.10581503282801902,0.19544924807391995,220,41,41,0,0,5,9,0,165,11,41,41,55,,0.2,0.05,0.2682926829268293,NOT_ESTIMABLE,,,PROVISIONAL_SMALL_REQUEST_N,0.12727272727272726,0.2727272727272727,PROVISIONAL_SMALL_REQUEST_N,0.19444444444444445,0.32608695652173914,NOT_PRIMARY; use physical units and frozen spans
5,f5-fac1f3ff42e4,FORMAL_10K,HELDOUT_TRIPLE_AUDIT,STRICT_LUMPED,f12d43eace12231077007dc497fee8dad00fbe58cb2f1fe2c6159c47636b97a0,all_candidates,all_finite_diagnostic,emx_minus_frozen_proxy,Lp_nH,nH,41,0.011599206537149746,0.014909180195288514,-0.009288145392323345,0.009288021248560874,0.023615146780392005,0.02502684576587133,PROVISIONAL_SMALL_REQUEST_N,5,0.010810976776217673,0.012368994938675607,0.014242148131753353,0.015398010764618556,-0.010369845585775462,-0.008152360189198621,0.006730296131919888,0.011693600147221428,0.023148820283435345,0.02514085569330876,0.023435744707833717,0.025415791214747872,220,41,41,0,0,5,9,0,165,11,41,41,55,,0.2,0.05,0.2682926829268293,NOT_ESTIMABLE,,,PROVISIONAL_SMALL_REQUEST_N,0.12727272727272726,0.2727272727272727,PROVISIONAL_SMALL_REQUEST_N,0.19444444444444445,0.32608695652173914,NOT_PRIMARY; use physical units and frozen spans
5,f5-fac1f3ff42e4,FORMAL_10K,HELDOUT_TRIPLE_AUDIT,STRICT_LUMPED,f12d43eace12231077007dc497fee8dad00fbe58cb2f1fe2c6159c47636b97a0,all_candidates,all_finite_diagnostic,emx_minus_frozen_proxy,Ls_nH,nH,41,0.015623439087468207,0.018589075592087115,0.014770430422389095,0.02065398704935717,0.027139526900345823,0.027398173609701093,PROVISIONAL_SMALL_REQUEST_N,5,0.014466439911778211,0.016752494050413562,0.01785898213916105,0.019156938325553752,0.013154778828483269,0.016145769794984832,0.015229919644393464,0.02083094039397082,0.02328015036397557,0.027483573697552055,0.02442069729520742,0.02764964912180412,220,41,41,0,0,5,9,0,165,11,41,41,55,,0.2,0.05,0.2682926829268293,NOT_ESTIMABLE,,,PROVISIONAL_SMALL_REQUEST_N,0.12727272727272726,0.2727272727272727,PROVISIONAL_SMALL_REQUEST_N,0.19444444444444445,0.32608695652173914,NOT_PRIMARY; use physical units and frozen spans
5,f5-fac1f3ff42e4,FORMAL_10K,HELDOUT_TRIPLE_AUDIT,STRICT_LUMPED,f12d43eace12231077007dc497fee8dad00fbe58cb2f1fe2c6159c47636b97a0,all_candidates,all_finite_diagnostic,emx_minus_frozen_proxy,Qmin,dimensionless,41,0.30225684719115886,0.3816116144078013,-0.25531976099801423,0.17336852585640017,0.6242839014992558,0.6341007688488212,PROVISIONAL_SMALL_REQUEST_N,5,0.28170283212609876,0.32089886085481806,0.35802280139449777,0.40181032382120396,-0.2752463281215082,-0.23255234834798102,0.16150711521263172,0.2936977377465366,0.5757546656548378,0.6354727309568489,0.5823987867649922,0.7415323569024928,220,41,41,0,0,5,9,0,165,11,41,41,55,,0.2,0.05,0.2682926829268293,NOT_ESTIMABLE,,,PROVISIONAL_SMALL_REQUEST_N,0.12727272727272726,0.2727272727272727,PROVISIONAL_SMALL_REQUEST_N,0.19444444444444445,0.32608695652173914,NOT_PRIMARY; use physical units and frozen spans
5,f5-fac1f3ff42e4,FORMAL_10K,HELDOUT_TRIPLE_AUDIT,STRICT_LUMPED,f12d43eace12231077007dc497fee8dad00fbe58cb2f1fe2c6159c47636b97a0,all_candidates,all_finite_diagnostic,emx_minus_frozen_proxy,K_abs,dimensionless,41,0.004917530139329899,0.005532138017464295,0.003334403877992688,0.004643576237549324,0.008244166947607906,0.00858582622186492,PROVISIONAL_SMALL_REQUEST_N,5,0.003913506459346687,0.006083277928597092,0.004289310182460787,0.006563913870656983,0.002432854907944456,0.004321292589028401,0.003395077237622446,0.006585337088004614,0.006220009220787803,0.008623020247214452,0.007023582780192129,0.010864948770442806,220,41,41,0,0,5,9,0,165,11,41,41,55,,0.2,0.05,0.2682926829268293,NOT_ESTIMABLE,,,PROVISIONAL_SMALL_REQUEST_N,0.12727272727272726,0.2727272727272727,PROVISIONAL_SMALL_REQUEST_N,0.19444444444444445,0.32608695652173914,NOT_PRIMARY; use physical units and frozen spans
5,f5-fac1f3ff42e4,FORMAL_10K,HELDOUT_TRIPLE_AUDIT,STRICT_LUMPED,f12d43eace12231077007dc497fee8dad00fbe58cb2f1fe2c6159c47636b97a0,selected_q_proxy,strict_valid,emx_minus_target,Lp_nH,nH,3,0.0026663619325695276,0.0029289288483776,-0.0012777610922380205,0.0020829012604972608,0.0038997313090087804,0.00412683506507272,PROVISIONAL_SMALL_REQUEST_N,3,0.0015622457160746617,0.00435393882113666,0.0015622457160746617,0.00435393882113666,-0.00435393882113666,0.0020829012604972608,0.0015622457160746617,0.00435393882113666,0.0015622457160746617,0.00435393882113666,0.0015622457160746617,0.00435393882113666,20,3,3,0,0,2,0,0,15,3,3,3,5,,0.6,0.15,1.0,NOT_ESTIMABLE,,,PROVISIONAL_SMALL_REQUEST_N,0.2,1.0,PROVISIONAL_SMALL_REQUEST_N,1.0,1.0,NOT_PRIMARY; use physical units and frozen spans
5,f5-fac1f3ff42e4,FORMAL_10K,HELDOUT_TRIPLE_AUDIT,STRICT_LUMPED,f12d43eace12231077007dc497fee8dad00fbe58cb2f1fe2c6159c47636b97a0,selected_q_proxy,strict_valid,emx_minus_target,Ls_nH,nH,3,0.000987011427358242,0.0016095327953788432,0.000987011427358242,0.00016060889639812892,0.0022586084987668456,0.002520858449062935,PROVISIONAL_SMALL_REQUEST_N,3,1.7316986317572614e-05,0.0027831083993590244,1.7316986317572614e-05,0.0027831083993590244,1.7316986317572614e-05,0.0027831083993590244,1.7316986317572614e-05,0.0027831083993590244,1.7316986317572614e-05,0.0027831083993590244,1.7316986317572614e-05,0.0027831083993590244,20,3,3,0,0,2,0,0,15,3,3,3,5,,0.6,0.15,1.0,NOT_ESTIMABLE,,,PROVISIONAL_SMALL_REQUEST_N,0.2,1.0,PROVISIONAL_SMALL_REQUEST_N,1.0,1.0,NOT_PRIMARY; use physical units and frozen spans
5,f5-fac1f3ff42e4,FORMAL_10K,HELDOUT_TRIPLE_AUDIT,STRICT_LUMPED,f12d43eace12231077007dc497fee8dad00fbe58cb2f1fe2c6159c47636b97a0,selected_q_proxy,strict_valid,emx_minus_target,Qmin,dimensionless,3,0.09531821880093598,0.11035112124017532,0.01731334768431836,0.08241544947615154,0.15164096967753551,0.1602941597027085,PROVISIONAL_SMALL_REQUEST_N,3,0.03459185719877489,0.1689473497278815,0.03459185719877489,0.1689473497278815,-0.08241544947615154,0.1689473497278815,0.03459185719877489,0.1689473497278815,0.03459185719877489,0.1689473497278815,0.03459185719877489,0.1689473497278815,20,3,3,0,0,2,0,0,15,3,3,3,5,,0.6,0.15,1.0,NOT_ESTIMABLE,,,PROVISIONAL_SMALL_REQUEST_N,0.2,1.0,PROVISIONAL_SMALL_REQUEST_N,1.0,1.0,NOT_PRIMARY; use physical units and frozen spans
5,f5-fac1f3ff42e4,FORMAL_10K,HELDOUT_TRIPLE_AUDIT,STRICT_LUMPED,f12d43eace12231077007dc497fee8dad00fbe58cb2f1fe2c6159c47636b97a0,selected_q_proxy,strict_valid,emx_minus_target,K_abs,dimensionless,3,0.0006764753311728858,0.000986650676530755,0.0004426814662373176,0.00031816485838381814,0.001406621128569008,0.0015426781623421564,PROVISIONAL_SMALL_REQUEST_N,3,3.252593901953427e-05,0.0016787351961153052,3.252593901953427e-05,0.0016787351961153052,-0.00031816485838381814,0.0016787351961153052,3.252593901953427e-05,0.0016787351961153052,3.252593901953427e-05,0.0016787351961153052,3.252593901953427e-05,0.0016787351961153052,20,3,3,0,0,2,0,0,15,3,3,3,5,,0.6,0.15,1.0,NOT_ESTIMABLE,,,PROVISIONAL_SMALL_REQUEST_N,0.2,1.0,PROVISIONAL_SMALL_REQUEST_N,1.0,1.0,NOT_PRIMARY; use physical units and frozen spans
5,f5-fac1f3ff42e4,FORMAL_10K,HELDOUT_TRIPLE_AUDIT,STRICT_LUMPED,f12d43eace12231077007dc497fee8dad00fbe58cb2f1fe2c6159c47636b97a0,selected_q_proxy,strict_valid,emx_minus_frozen_proxy,Lp_nH,nH,3,0.001419217708317877,0.0016886023624171184,-0.0013054047774749833,0.0017489545119109273,0.002220174275804876,0.0022790767462916193,PROVISIONAL_SMALL_REQUEST_N,3,0.00017071939626434052,0.002337979216778363,0.00017071939626434052,0.002337979216778363,-0.002337979216778363,0.00017071939626434052,0.00017071939626434052,0.002337979216778363,0.00017071939626434052,0.002337979216778363,0.00017071939626434052,0.002337979216778363,20,3,3,0,0,2,0,0,15,3,3,3,5,,0.6,0.15,1.0,NOT_ESTIMABLE,,,PROVISIONAL_SMALL_REQUEST_N,0.2,1.0,PROVISIONAL_SMALL_REQUEST_N,1.0,1.0,NOT_PRIMARY; use physical units and frozen spans
5,f5-fac1f3ff42e4,FORMAL_10K,HELDOUT_TRIPLE_AUDIT,STRICT_LUMPED,f12d43eace12231077007dc497fee8dad00fbe58cb2f1fe2c6159c47636b97a0,selected_q_proxy,strict_valid,emx_minus_frozen_proxy,Ls_nH,nH,3,0.0021435549145798483,0.002147105251194451,-0.0021435549145798483,0.002193629213872006,0.0022493864502461046,0.0022563561047928673,PROVISIONAL_SMALL_REQUEST_N,3,0.0019737097705279094,0.0022633257593396294,0.0019737097705279094,0.0022633257593396294,-0.0022633257593396294,-0.0019737097705279094,0.0019737097705279094,0.0022633257593396294,0.0019737097705279094,0.0022633257593396294,0.0019737097705279094,0.0022633257593396294,20,3,3,0,0,2,0,0,15,3,3,3,5,,0.6,0.15,1.0,NOT_ESTIMABLE,,,PROVISIONAL_SMALL_REQUEST_N,0.2,1.0,PROVISIONAL_SMALL_REQUEST_N,1.0,1.0,NOT_PRIMARY; use physical units and frozen spans
5,f5-fac1f3ff42e4,FORMAL_10K,HELDOUT_TRIPLE_AUDIT,STRICT_LUMPED,f12d43eace12231077007dc497fee8dad00fbe58cb2f1fe2c6159c47636b97a0,selected_q_proxy,strict_valid,emx_minus_frozen_proxy,Qmin,dimensionless,3,0.08167495403042817,0.0937492502900591,0.015082385566805337,0.062462675428299974,0.12860134260234019,0.13686867599909522,PROVISIONAL_SMALL_REQUEST_N,3,0.037426177267134264,0.14513600939585025,0.037426177267134264,0.14513600939585025,-0.062462675428299974,0.14513600939585025,0.037426177267134264,0.14513600939585025,0.037426177267134264,0.14513600939585025,0.037426177267134264,0.14513600939585025,20,3,3,0,0,2,0,0,15,3,3,3,5,,0.6,0.15,1.0,NOT_ESTIMABLE,,,PROVISIONAL_SMALL_REQUEST_N,0.2,1.0,PROVISIONAL_SMALL_REQUEST_N,1.0,1.0,NOT_PRIMARY; use physical units and frozen spans
5,f5-fac1f3ff42e4,FORMAL_10K,HELDOUT_TRIPLE_AUDIT,STRICT_LUMPED,f12d43eace12231077007dc497fee8dad00fbe58cb2f1fe2c6159c47636b97a0,selected_q_proxy,strict_valid,emx_minus_frozen_proxy,K_abs,dimensionless,3,0.0020125340393990867,0.0022397875401674754,0.0012159227232871144,0.0014476079064068559,0.003005583371379328,0.0032003303045008867,PROVISIONAL_SMALL_REQUEST_N,3,0.0011949169741679588,0.003395077237622446,0.0011949169741679588,0.003395077237622446,-0.0011949169741679588,0.003395077237622446,0.0011949169741679588,0.003395077237622446,0.0011949169741679588,0.003395077237622446,0.0011949169741679588,0.003395077237622446,20,3,3,0,0,2,0,0,15,3,3,3,5,,0.6,0.15,1.0,NOT_ESTIMABLE,,,PROVISIONAL_SMALL_REQUEST_N,0.2,1.0,PROVISIONAL_SMALL_REQUEST_N,1.0,1.0,NOT_PRIMARY; use physical units and frozen spans
5,f5-fac1f3ff42e4,FORMAL_10K,HELDOUT_TRIPLE_AUDIT,STRICT_LUMPED,f12d43eace12231077007dc497fee8dad00fbe58cb2f1fe2c6159c47636b97a0,selected_q_proxy,all_finite_diagnostic,emx_minus_target,Lp_nH,nH,3,0.0026663619325695276,0.0029289288483776,-0.0012777610922380205,0.0020829012604972608,0.0038997313090087804,0.00412683506507272,PROVISIONAL_SMALL_REQUEST_N,3,0.0015622457160746617,0.00435393882113666,0.0015622457160746617,0.00435393882113666,-0.00435393882113666,0.0020829012604972608,0.0015622457160746617,0.00435393882113666,0.0015622457160746617,0.00435393882113666,0.0015622457160746617,0.00435393882113666,20,3,3,0,0,2,0,0,15,3,3,3,5,,0.6,0.15,1.0,NOT_ESTIMABLE,,,PROVISIONAL_SMALL_REQUEST_N,0.2,1.0,PROVISIONAL_SMALL_REQUEST_N,1.0,1.0,NOT_PRIMARY; use physical units and frozen spans
5,f5-fac1f3ff42e4,FORMAL_10K,HELDOUT_TRIPLE_AUDIT,STRICT_LUMPED,f12d43eace12231077007dc497fee8dad00fbe58cb2f1fe2c6159c47636b97a0,selected_q_proxy,all_finite_diagnostic,emx_minus_target,Ls_nH,nH,3,0.000987011427358242,0.0016095327953788432,0.000987011427358242,0.00016060889639812892,0.0022586084987668456,0.002520858449062935,PROVISIONAL_SMALL_REQUEST_N,3,1.7316986317572614e-05,0.0027831083993590244,1.7316986317572614e-05,0.0027831083993590244,1.7316986317572614e-05,0.0027831083993590244,1.7316986317572614e-05,0.0027831083993590244,1.7316986317572614e-05,0.0027831083993590244,1.7316986317572614e-05,0.0027831083993590244,20,3,3,0,0,2,0,0,15,3,3,3,5,,0.6,0.15,1.0,NOT_ESTIMABLE,,,PROVISIONAL_SMALL_REQUEST_N,0.2,1.0,PROVISIONAL_SMALL_REQUEST_N,1.0,1.0,NOT_PRIMARY; use physical units and frozen spans
5,f5-fac1f3ff42e4,FORMAL_10K,HELDOUT_TRIPLE_AUDIT,STRICT_LUMPED,f12d43eace12231077007dc497fee8dad00fbe58cb2f1fe2c6159c47636b97a0,selected_q_proxy,all_finite_diagnostic,emx_minus_target,Qmin,dimensionless,3,0.09531821880093598,0.11035112124017532,0.01731334768431836,0.08241544947615154,0.15164096967753551,0.1602941597027085,PROVISIONAL_SMALL_REQUEST_N,3,0.03459185719877489,0.1689473497278815,0.03459185719877489,0.1689473497278815,-0.08241544947615154,0.1689473497278815,0.03459185719877489,0.1689473497278815,0.03459185719877489,0.1689473497278815,0.03459185719877489,0.1689473497278815,20,3,3,0,0,2,0,0,15,3,3,3,5,,0.6,0.15,1.0,NOT_ESTIMABLE,,,PROVISIONAL_SMALL_REQUEST_N,0.2,1.0,PROVISIONAL_SMALL_REQUEST_N,1.0,1.0,NOT_PRIMARY; use physical units and frozen spans
5,f5-fac1f3ff42e4,FORMAL_10K,HELDOUT_TRIPLE_AUDIT,STRICT_LUMPED,f12d43eace12231077007dc497fee8dad00fbe58cb2f1fe2c6159c47636b97a0,selected_q_proxy,all_finite_diagnostic,emx_minus_target,K_abs,dimensionless,3,0.0006764753311728858,0.000986650676530755,0.0004426814662373176,0.00031816485838381814,0.001406621128569008,0.0015426781623421564,PROVISIONAL_SMALL_REQUEST_N,3,3.252593901953427e-05,0.0016787351961153052,3.252593901953427e-05,0.0016787351961153052,-0.00031816485838381814,0.0016787351961153052,3.252593901953427e-05,0.0016787351961153052,3.252593901953427e-05,0.0016787351961153052,3.252593901953427e-05,0.0016787351961153052,20,3,3,0,0,2,0,0,15,3,3,3,5,,0.6,0.15,1.0,NOT_ESTIMABLE,,,PROVISIONAL_SMALL_REQUEST_N,0.2,1.0,PROVISIONAL_SMALL_REQUEST_N,1.0,1.0,NOT_PRIMARY; use physical units and frozen spans
5,f5-fac1f3ff42e4,FORMAL_10K,HELDOUT_TRIPLE_AUDIT,STRICT_LUMPED,f12d43eace12231077007dc497fee8dad00fbe58cb2f1fe2c6159c47636b97a0,selected_q_proxy,all_finite_diagnostic,emx_minus_frozen_proxy,Lp_nH,nH,3,0.001419217708317877,0.0016886023624171184,-0.0013054047774749833,0.0017489545119109273,0.002220174275804876,0.0022790767462916193,PROVISIONAL_SMALL_REQUEST_N,3,0.00017071939626434052,0.002337979216778363,0.00017071939626434052,0.002337979216778363,-0.002337979216778363,0.00017071939626434052,0.00017071939626434052,0.002337979216778363,0.00017071939626434052,0.002337979216778363,0.00017071939626434052,0.002337979216778363,20,3,3,0,0,2,0,0,15,3,3,3,5,,0.6,0.15,1.0,NOT_ESTIMABLE,,,PROVISIONAL_SMALL_REQUEST_N,0.2,1.0,PROVISIONAL_SMALL_REQUEST_N,1.0,1.0,NOT_PRIMARY; use physical units and frozen spans
5,f5-fac1f3ff42e4,FORMAL_10K,HELDOUT_TRIPLE_AUDIT,STRICT_LUMPED,f12d43eace12231077007dc497fee8dad00fbe58cb2f1fe2c6159c47636b97a0,selected_q_proxy,all_finite_diagnostic,emx_minus_frozen_proxy,Ls_nH,nH,3,0.0021435549145798483,0.002147105251194451,-0.0021435549145798483,0.002193629213872006,0.0022493864502461046,0.0022563561047928673,PROVISIONAL_SMALL_REQUEST_N,3,0.0019737097705279094,0.0022633257593396294,0.0019737097705279094,0.0022633257593396294,-0.0022633257593396294,-0.0019737097705279094,0.0019737097705279094,0.0022633257593396294,0.0019737097705279094,0.0022633257593396294,0.0019737097705279094,0.0022633257593396294,20,3,3,0,0,2,0,0,15,3,3,3,5,,0.6,0.15,1.0,NOT_ESTIMABLE,,,PROVISIONAL_SMALL_REQUEST_N,0.2,1.0,PROVISIONAL_SMALL_REQUEST_N,1.0,1.0,NOT_PRIMARY; use physical units and frozen spans
5,f5-fac1f3ff42e4,FORMAL_10K,HELDOUT_TRIPLE_AUDIT,STRICT_LUMPED,f12d43eace12231077007dc497fee8dad00fbe58cb2f1fe2c6159c47636b97a0,selected_q_proxy,all_finite_diagnostic,emx_minus_frozen_proxy,Qmin,dimensionless,3,0.08167495403042817,0.0937492502900591,0.015082385566805337,0.062462675428299974,0.12860134260234019,0.13686867599909522,PROVISIONAL_SMALL_REQUEST_N,3,0.037426177267134264,0.14513600939585025,0.037426177267134264,0.14513600939585025,-0.062462675428299974,0.14513600939585025,0.037426177267134264,0.14513600939585025,0.037426177267134264,0.14513600939585025,0.037426177267134264,0.14513600939585025,20,3,3,0,0,2,0,0,15,3,3,3,5,,0.6,0.15,1.0,NOT_ESTIMABLE,,,PROVISIONAL_SMALL_REQUEST_N,0.2,1.0,PROVISIONAL_SMALL_REQUEST_N,1.0,1.0,NOT_PRIMARY; use physical units and frozen spans
5,f5-fac1f3ff42e4,FORMAL_10K,HELDOUT_TRIPLE_AUDIT,STRICT_LUMPED,f12d43eace12231077007dc497fee8dad00fbe58cb2f1fe2c6159c47636b97a0,selected_q_proxy,all_finite_diagnostic,emx_minus_frozen_proxy,K_abs,dimensionless,3,0.0020125340393990867,0.0022397875401674754,0.0012159227232871144,0.0014476079064068559,0.003005583371379328,0.0032003303045008867,PROVISIONAL_SMALL_REQUEST_N,3,0.0011949169741679588,0.003395077237622446,0.0011949169741679588,0.003395077237622446,-0.0011949169741679588,0.003395077237622446,0.0011949169741679588,0.003395077237622446,0.0011949169741679588,0.003395077237622446,0.0011949169741679588,0.003395077237622446,20,3,3,0,0,2,0,0,15,3,3,3,5,,0.6,0.15,1.0,NOT_ESTIMABLE,,,PROVISIONAL_SMALL_REQUEST_N,0.2,1.0,PROVISIONAL_SMALL_REQUEST_N,1.0,1.0,NOT_PRIMARY; use physical units and frozen spans
10,f10-d26d41688df1,FORMAL_10K,HELDOUT_TRIPLE_AUDIT,STRICT_LUMPED,f12d43eace12231077007dc497fee8dad00fbe58cb2f1fe2c6159c47636b97a0,all_candidates,strict_valid,emx_minus_target,Lp_nH,nH,47,0.1319885546621691,0.21015386841979947,-0.12348090525764865,0.03648194817489592,0.363511577585307,0.4897467222704258,PROVISIONAL_SMALL_REQUEST_N,5,0.08771152423924487,0.17265113362199747,0.13317731026017135,0.2610982153369077,-0.16575177685225345,-0.07745262285463453,0.015105136471730285,0.09434032769428824,0.24679566722719698,0.4920928253992427,0.2747798462497981,0.5804999771165151,220,47,47,0,0,6,2,0,165,22,47,47,55,,0.4,0.1,0.46808510638297873,NOT_ESTIMABLE,,,PROVISIONAL_SMALL_REQUEST_N,0.32727272727272727,0.4909090909090909,PROVISIONAL_SMALL_REQUEST_N,0.3673469387755102,0.5777777777777777,NOT_PRIMARY; use physical units and frozen spans
10,f10-d26d41688df1,FORMAL_10K,HELDOUT_TRIPLE_AUDIT,STRICT_LUMPED,f12d43eace12231077007dc497fee8dad00fbe58cb2f1fe2c6159c47636b97a0,all_candidates,strict_valid,emx_minus_target,Ls_nH,nH,47,0.08383055982732363,0.1341665782545789,-0.062061270934801516,0.038424725195026266,0.3042748542126247,0.3220950731501256,PROVISIONAL_SMALL_REQUEST_N,5,0.03136297460992789,0.15246435261895744,0.04507053937940551,0.20458132206545288,-0.14173351510846974,0.010286801688664325,0.012842536602138521,0.0905244600166577,0.06236139691765885,0.3306527844650353,0.08498388727018026,0.33366981997608236,220,47,47,0,0,6,2,0,165,22,47,47,55,,0.4,0.1,0.46808510638297873,NOT_ESTIMABLE,,,PROVISIONAL_SMALL_REQUEST_N,0.32727272727272727,0.4909090909090909,PROVISIONAL_SMALL_REQUEST_N,0.3673469387755102,0.5777777777777777,NOT_PRIMARY; use physical units and frozen spans
10,f10-d26d41688df1,FORMAL_10K,HELDOUT_TRIPLE_AUDIT,STRICT_LUMPED,f12d43eace12231077007dc497fee8dad00fbe58cb2f1fe2c6159c47636b97a0,all_candidates,strict_valid,emx_minus_target,Qmin,dimensionless,47,1.9501461111097171,2.8228398354902833,-1.8780752748352778,1.1621655649947122,5.044032697228428,5.606228403071675,PROVISIONAL_SMALL_REQUEST_N,5,1.4331893621187837,2.367275139099104,2.3243030929241453,3.2333372078253246,-2.263051989279226,-1.3649772239697873,0.2956635500424287,2.01070616716477,4.70081028803605,5.776711631094223,4.945613095931995,6.484217164869865,220,47,47,0,0,6,2,0,165,22,47,47,55,,0.4,0.1,0.46808510638297873,NOT_ESTIMABLE,,,PROVISIONAL_SMALL_REQUEST_N,0.32727272727272727,0.4909090909090909,PROVISIONAL_SMALL_REQUEST_N,0.3673469387755102,0.5777777777777777,NOT_PRIMARY; use physical units and frozen spans
10,f10-d26d41688df1,FORMAL_10K,HELDOUT_TRIPLE_AUDIT,STRICT_LUMPED,f12d43eace12231077007dc497fee8dad00fbe58cb2f1fe2c6159c47636b97a0,all_candidates,strict_valid,emx_minus_target,K_abs,dimensionless,47,0.03658556321481508,0.06753933184466605,-0.026454454497850412,0.013142412491536082,0.10833932985164366,0.1636176727428605,PROVISIONAL_SMALL_REQUEST_N,5,0.012003167314291584,0.06173758796808704,0.022119855543785767,0.09989091602869317,-0.055305282598455546,-0.004971461227976792,0.003107119748526649,0.027184372447235955,0.018941549949061803,0.21795959878198296,0.05351472337622032,0.22992045464076166,220,47,47,0,0,6,2,0,165,22,47,47,55,,0.4,0.1,0.46808510638297873,NOT_ESTIMABLE,,,PROVISIONAL_SMALL_REQUEST_N,0.32727272727272727,0.4909090909090909,PROVISIONAL_SMALL_REQUEST_N,0.3673469387755102,0.5777777777777777,NOT_PRIMARY; use physical units and frozen spans
10,f10-d26d41688df1,FORMAL_10K,HELDOUT_TRIPLE_AUDIT,STRICT_LUMPED,f12d43eace12231077007dc497fee8dad00fbe58cb2f1fe2c6159c47636b97a0,all_candidates,strict_valid,emx_minus_frozen_proxy,Lp_nH,nH,47,0.009745345846993277,0.011880424213914663,0.00827688290757931,0.009039523550597783,0.0174544479237428,0.01909970305838095,PROVISIONAL_SMALL_REQUEST_N,5,0.008391178847270007,0.01121988324669195,0.009971199074437706,0.013659156745665983,0.00546202181135945,0.01071347103092707,0.006215837245974631,0.01026365132296414,0.01542754025678046,0.019697218267022754,0.016101746490025087,0.031358071812073965,220,47,47,0,0,6,2,0,165,22,47,47,55,,0.4,0.1,0.46808510638297873,NOT_ESTIMABLE,,,PROVISIONAL_SMALL_REQUEST_N,0.32727272727272727,0.4909090909090909,PROVISIONAL_SMALL_REQUEST_N,0.3673469387755102,0.5777777777777777,NOT_PRIMARY; use physical units and frozen spans
10,f10-d26d41688df1,FORMAL_10K,HELDOUT_TRIPLE_AUDIT,STRICT_LUMPED,f12d43eace12231077007dc497fee8dad00fbe58cb2f1fe2c6159c47636b97a0,all_candidates,strict_valid,emx_minus_frozen_proxy,Ls_nH,nH,47,0.01605090696874423,0.019833647171718958,0.014396892451641363,0.014031634331487686,0.03265745293105926,0.038870148088384786,PROVISIONAL_SMALL_REQUEST_N,5,0.014496760581136142,0.01793358116621529,0.017795936865429067,0.02238498374372654,0.013188362673798939,0.01577560220440487,0.013064936781019165,0.018015605927008682,0.029014086001408767,0.04073138749285632,0.031713592263115986,0.04223795013259823,220,47,47,0,0,6,2,0,165,22,47,47,55,,0.4,0.1,0.46808510638297873,NOT_ESTIMABLE,,,PROVISIONAL_SMALL_REQUEST_N,0.32727272727272727,0.4909090909090909,PROVISIONAL_SMALL_REQUEST_N,0.3673469387755102,0.5777777777777777,NOT_PRIMARY; use physical units and frozen spans
10,f10-d26d41688df1,FORMAL_10K,HELDOUT_TRIPLE_AUDIT,STRICT_LUMPED,f12d43eace12231077007dc497fee8dad00fbe58cb2f1fe2c6159c47636b97a0,all_candidates,strict_valid,emx_minus_frozen_proxy,Qmin,dimensionless,47,0.19836262244348113,0.26409274283701917,-0.13572914024366786,0.14801147203684906,0.4800927410718603,0.5982438265761609,PROVISIONAL_SMALL_REQUEST_N,5,0.14155851968395947,0.31229622175351535,0.16656367282759446,0.3926379481775886,-0.2644619097909009,-0.04957604789434224,0.14073313261505227,0.20033716813736321,0.22323571490744776,0.6057310703544392,0.2949917112520337,0.7301499793609266,220,47,47,0,0,6,2,0,165,22,47,47,55,,0.4,0.1,0.46808510638297873,NOT_ESTIMABLE,,,PROVISIONAL_SMALL_REQUEST_N,0.32727272727272727,0.4909090909090909,PROVISIONAL_SMALL_REQUEST_N,0.3673469387755102,0.5777777777777777,NOT_PRIMARY; use physical units and frozen spans
10,f10-d26d41688df1,FORMAL_10K,HELDOUT_TRIPLE_AUDIT,STRICT_LUMPED,f12d43eace12231077007dc497fee8dad00fbe58cb2f1fe2c6159c47636b97a0,all_candidates,strict_valid,emx_minus_frozen_proxy,K_abs,dimensionless,47,0.004180578185425549,0.006193831171495503,0.0008391123265460276,0.0032077093289683556,0.008690064011505455,0.013126210589478108,PROVISIONAL_SMALL_REQUEST_N,5,0.002384700475185561,0.005904718216929008,0.0034613939872026453,0.00844840846882385,-0.0004934516932360988,0.0022994162048161925,0.001427817593978864,0.0037133784204886333,0.004800595401931618,0.018556712306968703,0.005314302296101664,0.02051867777478336,220,47,47,0,0,6,2,0,165,22,47,47,55,,0.4,0.1,0.46808510638297873,NOT_ESTIMABLE,,,PROVISIONAL_SMALL_REQUEST_N,0.32727272727272727,0.4909090909090909,PROVISIONAL_SMALL_REQUEST_N,0.3673469387755102,0.5777777777777777,NOT_PRIMARY; use physical units and frozen spans
10,f10-d26d41688df1,FORMAL_10K,HELDOUT_TRIPLE_AUDIT,STRICT_LUMPED,f12d43eace12231077007dc497fee8dad00fbe58cb2f1fe2c6159c47636b97a0,all_candidates,all_finite_diagnostic,emx_minus_target,Lp_nH,nH,47,0.1319885546621691,0.21015386841979947,-0.12348090525764865,0.03648194817489592,0.363511577585307,0.4897467222704258,PROVISIONAL_SMALL_REQUEST_N,5,0.08771152423924487,0.17265113362199747,0.13317731026017135,0.2610982153369077,-0.16575177685225345,-0.07745262285463453,0.015105136471730285,0.09434032769428824,0.24679566722719698,0.4920928253992427,0.2747798462497981,0.5804999771165151,220,47,47,0,0,6,2,0,165,22,47,47,55,,0.4,0.1,0.46808510638297873,NOT_ESTIMABLE,,,PROVISIONAL_SMALL_REQUEST_N,0.32727272727272727,0.4909090909090909,PROVISIONAL_SMALL_REQUEST_N,0.3673469387755102,0.5777777777777777,NOT_PRIMARY; use physical units and frozen spans
10,f10-d26d41688df1,FORMAL_10K,HELDOUT_TRIPLE_AUDIT,STRICT_LUMPED,f12d43eace12231077007dc497fee8dad00fbe58cb2f1fe2c6159c47636b97a0,all_candidates,all_finite_diagnostic,emx_minus_target,Ls_nH,nH,47,0.08383055982732363,0.1341665782545789,-0.062061270934801516,0.038424725195026266,0.3042748542126247,0.3220950731501256,PROVISIONAL_SMALL_REQUEST_N,5,0.03136297460992789,0.15246435261895744,0.04507053937940551,0.20458132206545288,-0.14173351510846974,0.010286801688664325,0.012842536602138521,0.0905244600166577,0.06236139691765885,0.3306527844650353,0.08498388727018026,0.33366981997608236,220,47,47,0,0,6,2,0,165,22,47,47,55,,0.4,0.1,0.46808510638297873,NOT_ESTIMABLE,,,PROVISIONAL_SMALL_REQUEST_N,0.32727272727272727,0.4909090909090909,PROVISIONAL_SMALL_REQUEST_N,0.3673469387755102,0.5777777777777777,NOT_PRIMARY; use physical units and frozen spans
10,f10-d26d41688df1,FORMAL_10K,HELDOUT_TRIPLE_AUDIT,STRICT_LUMPED,f12d43eace12231077007dc497fee8dad00fbe58cb2f1fe2c6159c47636b97a0,all_candidates,all_finite_diagnostic,emx_minus_target,Qmin,dimensionless,47,1.9501461111097171,2.8228398354902833,-1.8780752748352778,1.1621655649947122,5.044032697228428,5.606228403071675,PROVISIONAL_SMALL_REQUEST_N,5,1.4331893621187837,2.367275139099104,2.3243030929241453,3.2333372078253246,-2.263051989279226,-1.3649772239697873,0.2956635500424287,2.01070616716477,4.70081028803605,5.776711631094223,4.945613095931995,6.484217164869865,220,47,47,0,0,6,2,0,165,22,47,47,55,,0.4,0.1,0.46808510638297873,NOT_ESTIMABLE,,,PROVISIONAL_SMALL_REQUEST_N,0.32727272727272727,0.4909090909090909,PROVISIONAL_SMALL_REQUEST_N,0.3673469387755102,0.5777777777777777,NOT_PRIMARY; use physical units and frozen spans
10,f10-d26d41688df1,FORMAL_10K,HELDOUT_TRIPLE_AUDIT,STRICT_LUMPED,f12d43eace12231077007dc497fee8dad00fbe58cb2f1fe2c6159c47636b97a0,all_candidates,all_finite_diagnostic,emx_minus_target,K_abs,dimensionless,47,0.03658556321481508,0.06753933184466605,-0.026454454497850412,0.013142412491536082,0.10833932985164366,0.1636176727428605,PROVISIONAL_SMALL_REQUEST_N,5,0.012003167314291584,0.06173758796808704,0.022119855543785767,0.09989091602869317,-0.055305282598455546,-0.004971461227976792,0.003107119748526649,0.027184372447235955,0.018941549949061803,0.21795959878198296,0.05351472337622032,0.22992045464076166,220,47,47,0,0,6,2,0,165,22,47,47,55,,0.4,0.1,0.46808510638297873,NOT_ESTIMABLE,,,PROVISIONAL_SMALL_REQUEST_N,0.32727272727272727,0.4909090909090909,PROVISIONAL_SMALL_REQUEST_N,0.3673469387755102,0.5777777777777777,NOT_PRIMARY; use physical units and frozen spans
10,f10-d26d41688df1,FORMAL_10K,HELDOUT_TRIPLE_AUDIT,STRICT_LUMPED,f12d43eace12231077007dc497fee8dad00fbe58cb2f1fe2c6159c47636b97a0,all_candidates,all_finite_diagnostic,emx_minus_frozen_proxy,Lp_nH,nH,47,0.009745345846993277,0.011880424213914663,0.00827688290757931,0.009039523550597783,0.0174544479237428,0.01909970305838095,PROVISIONAL_SMALL_REQUEST_N,5,0.008391178847270007,0.01121988324669195,0.009971199074437706,0.013659156745665983,0.00546202181135945,0.01071347103092707,0.006215837245974631,0.01026365132296414,0.01542754025678046,0.019697218267022754,0.016101746490025087,0.031358071812073965,220,47,47,0,0,6,2,0,165,22,47,47,55,,0.4,0.1,0.46808510638297873,NOT_ESTIMABLE,,,PROVISIONAL_SMALL_REQUEST_N,0.32727272727272727,0.4909090909090909,PROVISIONAL_SMALL_REQUEST_N,0.3673469387755102,0.5777777777777777,NOT_PRIMARY; use physical units and frozen spans
10,f10-d26d41688df1,FORMAL_10K,HELDOUT_TRIPLE_AUDIT,STRICT_LUMPED,f12d43eace12231077007dc497fee8dad00fbe58cb2f1fe2c6159c47636b97a0,all_candidates,all_finite_diagnostic,emx_minus_frozen_proxy,Ls_nH,nH,47,0.01605090696874423,0.019833647171718958,0.014396892451641363,0.014031634331487686,0.03265745293105926,0.038870148088384786,PROVISIONAL_SMALL_REQUEST_N,5,0.014496760581136142,0.01793358116621529,0.017795936865429067,0.02238498374372654,0.013188362673798939,0.01577560220440487,0.013064936781019165,0.018015605927008682,0.029014086001408767,0.04073138749285632,0.031713592263115986,0.04223795013259823,220,47,47,0,0,6,2,0,165,22,47,47,55,,0.4,0.1,0.46808510638297873,NOT_ESTIMABLE,,,PROVISIONAL_SMALL_REQUEST_N,0.32727272727272727,0.4909090909090909,PROVISIONAL_SMALL_REQUEST_N,0.3673469387755102,0.5777777777777777,NOT_PRIMARY; use physical units and frozen spans
10,f10-d26d41688df1,FORMAL_10K,HELDOUT_TRIPLE_AUDIT,STRICT_LUMPED,f12d43eace12231077007dc497fee8dad00fbe58cb2f1fe2c6159c47636b97a0,all_candidates,all_finite_diagnostic,emx_minus_frozen_proxy,Qmin,dimensionless,47,0.19836262244348113,0.26409274283701917,-0.13572914024366786,0.14801147203684906,0.4800927410718603,0.5982438265761609,PROVISIONAL_SMALL_REQUEST_N,5,0.14155851968395947,0.31229622175351535,0.16656367282759446,0.3926379481775886,-0.2644619097909009,-0.04957604789434224,0.14073313261505227,0.20033716813736321,0.22323571490744776,0.6057310703544392,0.2949917112520337,0.7301499793609266,220,47,47,0,0,6,2,0,165,22,47,47,55,,0.4,0.1,0.46808510638297873,NOT_ESTIMABLE,,,PROVISIONAL_SMALL_REQUEST_N,0.32727272727272727,0.4909090909090909,PROVISIONAL_SMALL_REQUEST_N,0.3673469387755102,0.5777777777777777,NOT_PRIMARY; use physical units and frozen spans
10,f10-d26d41688df1,FORMAL_10K,HELDOUT_TRIPLE_AUDIT,STRICT_LUMPED,f12d43eace12231077007dc497fee8dad00fbe58cb2f1fe2c6159c47636b97a0,all_candidates,all_finite_diagnostic,emx_minus_frozen_proxy,K_abs,dimensionless,47,0.004180578185425549,0.006193831171495503,0.0008391123265460276,0.0032077093289683556,0.008690064011505455,0.013126210589478108,PROVISIONAL_SMALL_REQUEST_N,5,0.002384700475185561,0.005904718216929008,0.0034613939872026453,0.00844840846882385,-0.0004934516932360988,0.0022994162048161925,0.001427817593978864,0.0037133784204886333,0.004800595401931618,0.018556712306968703,0.005314302296101664,0.02051867777478336,220,47,47,0,0,6,2,0,165,22,47,47,55,,0.4,0.1,0.46808510638297873,NOT_ESTIMABLE,,,PROVISIONAL_SMALL_REQUEST_N,0.32727272727272727,0.4909090909090909,PROVISIONAL_SMALL_REQUEST_N,0.3673469387755102,0.5777777777777777,NOT_PRIMARY; use physical units and frozen spans
10,f10-d26d41688df1,FORMAL_10K,HELDOUT_TRIPLE_AUDIT,STRICT_LUMPED,f12d43eace12231077007dc497fee8dad00fbe58cb2f1fe2c6159c47636b97a0,selected_q_proxy,strict_valid,emx_minus_target,Lp_nH,nH,5,0.007482591755239953,0.00994479069342306,0.007094251861627532,0.004098997986676345,0.01544567174457261,0.01553920074755868,PROVISIONAL_SMALL_REQUEST_N,5,0.001826258118680979,0.012951867385826788,0.0021662301761954618,0.013896228650095249,0.0010495783314561358,0.012951867385826788,0.000970849734031054,0.01563272975054475,0.0030775174197390956,0.01563272975054475,0.0035882577032077196,0.01563272975054475,20,5,5,0,0,0,0,0,15,5,5,5,5,,1.0,0.25,1.0,NOT_ESTIMABLE,,,PROVISIONAL_SMALL_REQUEST_N,1.0,1.0,PROVISIONAL_SMALL_REQUEST_N,1.0,1.0,NOT_PRIMARY; use physical units and frozen spans
10,f10-d26d41688df1,FORMAL_10K,HELDOUT_TRIPLE_AUDIT,STRICT_LUMPED,f12d43eace12231077007dc497fee8dad00fbe58cb2f1fe2c6159c47636b97a0,selected_q_proxy,strict_valid,emx_minus_target,Ls_nH,nH,5,0.00835368617118255,0.009104622686676748,0.0050753328313919875,0.008458059484940383,0.011852149984109906,0.012388902268489498,PROVISIONAL_SMALL_REQUEST_N,5,0.004855719498682953,0.011086181298604813,0.0060570720454627466,0.011313080137516317,-0.001943011031580877,0.010958630970524163,0.0019469403376557448,0.012925654552869092,0.008353189030754793,0.012925654552869092,0.008405624257847587,0.012925654552869092,20,5,5,0,0,0,0,0,15,5,5,5,5,,1.0,0.25,1.0,NOT_ESTIMABLE,,,PROVISIONAL_SMALL_REQUEST_N,1.0,1.0,PROVISIONAL_SMALL_REQUEST_N,1.0,1.0,NOT_PRIMARY; use physical units and frozen spans
10,f10-d26d41688df1,FORMAL_10K,HELDOUT_TRIPLE_AUDIT,STRICT_LUMPED,f12d43eace12231077007dc497fee8dad00fbe58cb2f1fe2c6159c47636b97a0,selected_q_proxy,strict_valid,emx_minus_target,Qmin,dimensionless,5,0.07902021703811216,0.08792882800512705,-0.0023992711084559913,0.06000216220176391,0.12638890795264252,0.1289695552875095,PROVISIONAL_SMALL_REQUEST_N,5,0.04596113420770429,0.11207929986852001,0.0467961788981478,0.1160404756715413,-0.07411609164426274,0.06931754942735076,0.03651698251152702,0.1315502026223765,0.05535520608379905,0.1315502026223765,0.057678684142781475,0.1315502026223765,20,5,5,0,0,0,0,0,15,5,5,5,5,,1.0,0.25,1.0,NOT_ESTIMABLE,,,PROVISIONAL_SMALL_REQUEST_N,1.0,1.0,PROVISIONAL_SMALL_REQUEST_N,1.0,1.0,NOT_PRIMARY; use physical units and frozen spans
10,f10-d26d41688df1,FORMAL_10K,HELDOUT_TRIPLE_AUDIT,STRICT_LUMPED,f12d43eace12231077007dc497fee8dad00fbe58cb2f1fe2c6159c47636b97a0,selected_q_proxy,strict_valid,emx_minus_target,K_abs,dimensionless,5,0.006063250770843814,0.009888248794908796,0.0037113845737635374,0.0026301985762815505,0.014105460971365459,0.017879794552577988,PROVISIONAL_SMALL_REQUEST_N,5,0.0018258264818239666,0.013904414412666072,0.0018745664801477285,0.01683807838190407,-0.002057418300642633,0.013022929210563578,0.00147223948218822,0.02165412813379053,0.0022890101194612987,0.02165412813379053,0.0024596043478714246,0.02165412813379053,20,5,5,0,0,0,0,0,15,5,5,5,5,,1.0,0.25,1.0,NOT_ESTIMABLE,,,PROVISIONAL_SMALL_REQUEST_N,1.0,1.0,PROVISIONAL_SMALL_REQUEST_N,1.0,1.0,NOT_PRIMARY; use physical units and frozen spans
10,f10-d26d41688df1,FORMAL_10K,HELDOUT_TRIPLE_AUDIT,STRICT_LUMPED,f12d43eace12231077007dc497fee8dad00fbe58cb2f1fe2c6159c47636b97a0,selected_q_proxy,strict_valid,emx_minus_frozen_proxy,Lp_nH,nH,5,0.006848300542838803,0.008609682570348755,0.005545733657163865,0.003256417214187346,0.013407548012741844,0.014455513576001076,PROVISIONAL_SMALL_REQUEST_N,5,0.0027483720064040095,0.011757031861321644,0.0028135893020733937,0.012887672711274938,0.0001432382350541328,0.010948229079273597,0.002011070565863138,0.015503479139260312,0.003256417214187346,0.015503479139260312,0.003256417214187346,0.015503479139260312,20,5,5,0,0,0,0,0,15,5,5,5,5,,1.0,0.25,1.0,NOT_ESTIMABLE,,,PROVISIONAL_SMALL_REQUEST_N,1.0,1.0,PROVISIONAL_SMALL_REQUEST_N,1.0,1.0,NOT_PRIMARY; use physical units and frozen spans
10,f10-d26d41688df1,FORMAL_10K,HELDOUT_TRIPLE_AUDIT,STRICT_LUMPED,f12d43eace12231077007dc497fee8dad00fbe58cb2f1fe2c6159c47636b97a0,selected_q_proxy,strict_valid,emx_minus_frozen_proxy,Ls_nH,nH,5,0.009636870631852678,0.011110858436161365,0.007965448413720332,0.009409543335061388,0.016110032403808684,0.017125064278071853,PROVISIONAL_SMALL_REQUEST_N,5,0.0053259644326173914,0.014363921840353955,0.006505077373739158,0.015293019456956153,0.001566974987086711,0.014363921840353955,0.003391221345516948,0.018140096152335028,0.00919545060681828,0.018140096152335028,0.009409543335061388,0.018140096152335028,20,5,5,0,0,0,0,0,15,5,5,5,5,,1.0,0.25,1.0,NOT_ESTIMABLE,,,PROVISIONAL_SMALL_REQUEST_N,1.0,1.0,PROVISIONAL_SMALL_REQUEST_N,1.0,1.0,NOT_PRIMARY; use physical units and frozen spans
10,f10-d26d41688df1,FORMAL_10K,HELDOUT_TRIPLE_AUDIT,STRICT_LUMPED,f12d43eace12231077007dc497fee8dad00fbe58cb2f1fe2c6159c47636b97a0,selected_q_proxy,strict_valid,emx_minus_frozen_proxy,Qmin,dimensionless,5,0.0895498010709808,0.10245362543854086,-0.0332565480249599,0.0864704432048864,0.1468454081397482,0.14888283331464686,PROVISIONAL_SMALL_REQUEST_N,5,0.04514415705914523,0.13395544508281637,0.04964844011762011,0.13611951779553416,-0.10451515740052172,0.06016428977465686,0.034717665278433785,0.1509202584895455,0.06584526822972628,0.1509202584895455,0.07615785571730632,0.1509202584895455,20,5,5,0,0,0,0,0,15,5,5,5,5,,1.0,0.25,1.0,NOT_ESTIMABLE,,,PROVISIONAL_SMALL_REQUEST_N,1.0,1.0,PROVISIONAL_SMALL_REQUEST_N,1.0,1.0,NOT_PRIMARY; use physical units and frozen spans
10,f10-d26d41688df1,FORMAL_10K,HELDOUT_TRIPLE_AUDIT,STRICT_LUMPED,f12d43eace12231077007dc497fee8dad00fbe58cb2f1fe2c6159c47636b97a0,selected_q_proxy,strict_valid,emx_minus_frozen_proxy,K_abs,dimensionless,5,0.006227058934022927,0.010270692632267743,0.004070667939014766,0.0028462445565746453,0.014793855521557299,0.018637249382077656,PROVISIONAL_SMALL_REQUEST_N,5,0.0015871420836932326,0.014359315486366292,0.0017151318908003163,0.017481302887046725,-0.0019381962421999243,0.013571871822243125,0.0010909737640411865,0.02248064324259802,0.0022892504007066164,0.02248064324259802,0.00256774747864063,0.02248064324259802,20,5,5,0,0,0,0,0,15,5,5,5,5,,1.0,0.25,1.0,NOT_ESTIMABLE,,,PROVISIONAL_SMALL_REQUEST_N,1.0,1.0,PROVISIONAL_SMALL_REQUEST_N,1.0,1.0,NOT_PRIMARY; use physical units and frozen spans
10,f10-d26d41688df1,FORMAL_10K,HELDOUT_TRIPLE_AUDIT,STRICT_LUMPED,f12d43eace12231077007dc497fee8dad00fbe58cb2f1fe2c6159c47636b97a0,selected_q_proxy,all_finite_diagnostic,emx_minus_target,Lp_nH,nH,5,0.007482591755239953,0.00994479069342306,0.007094251861627532,0.004098997986676345,0.01544567174457261,0.01553920074755868,PROVISIONAL_SMALL_REQUEST_N,5,0.001826258118680979,0.012951867385826788,0.0021662301761954618,0.013896228650095249,0.0010495783314561358,0.012951867385826788,0.000970849734031054,0.01563272975054475,0.0030775174197390956,0.01563272975054475,0.0035882577032077196,0.01563272975054475,20,5,5,0,0,0,0,0,15,5,5,5,5,,1.0,0.25,1.0,NOT_ESTIMABLE,,,PROVISIONAL_SMALL_REQUEST_N,1.0,1.0,PROVISIONAL_SMALL_REQUEST_N,1.0,1.0,NOT_PRIMARY; use physical units and frozen spans
10,f10-d26d41688df1,FORMAL_10K,HELDOUT_TRIPLE_AUDIT,STRICT_LUMPED,f12d43eace12231077007dc497fee8dad00fbe58cb2f1fe2c6159c47636b97a0,selected_q_proxy,all_finite_diagnostic,emx_minus_target,Ls_nH,nH,5,0.00835368617118255,0.009104622686676748,0.0050753328313919875,0.008458059484940383,0.011852149984109906,0.012388902268489498,PROVISIONAL_SMALL_REQUEST_N,5,0.004855719498682953,0.011086181298604813,0.0060570720454627466,0.011313080137516317,-0.001943011031580877,0.010958630970524163,0.0019469403376557448,0.012925654552869092,0.008353189030754793,0.012925654552869092,0.008405624257847587,0.012925654552869092,20,5,5,0,0,0,0,0,15,5,5,5,5,,1.0,0.25,1.0,NOT_ESTIMABLE,,,PROVISIONAL_SMALL_REQUEST_N,1.0,1.0,PROVISIONAL_SMALL_REQUEST_N,1.0,1.0,NOT_PRIMARY; use physical units and frozen spans
10,f10-d26d41688df1,FORMAL_10K,HELDOUT_TRIPLE_AUDIT,STRICT_LUMPED,f12d43eace12231077007dc497fee8dad00fbe58cb2f1fe2c6159c47636b97a0,selected_q_proxy,all_finite_diagnostic,emx_minus_target,Qmin,dimensionless,5,0.07902021703811216,0.08792882800512705,-0.0023992711084559913,0.06000216220176391,0.12638890795264252,0.1289695552875095,PROVISIONAL_SMALL_REQUEST_N,5,0.04596113420770429,0.11207929986852001,0.0467961788981478,0.1160404756715413,-0.07411609164426274,0.06931754942735076,0.03651698251152702,0.1315502026223765,0.05535520608379905,0.1315502026223765,0.057678684142781475,0.1315502026223765,20,5,5,0,0,0,0,0,15,5,5,5,5,,1.0,0.25,1.0,NOT_ESTIMABLE,,,PROVISIONAL_SMALL_REQUEST_N,1.0,1.0,PROVISIONAL_SMALL_REQUEST_N,1.0,1.0,NOT_PRIMARY; use physical units and frozen spans
10,f10-d26d41688df1,FORMAL_10K,HELDOUT_TRIPLE_AUDIT,STRICT_LUMPED,f12d43eace12231077007dc497fee8dad00fbe58cb2f1fe2c6159c47636b97a0,selected_q_proxy,all_finite_diagnostic,emx_minus_target,K_abs,dimensionless,5,0.006063250770843814,0.009888248794908796,0.0037113845737635374,0.0026301985762815505,0.014105460971365459,0.017879794552577988,PROVISIONAL_SMALL_REQUEST_N,5,0.0018258264818239666,0.013904414412666072,0.0018745664801477285,0.01683807838190407,-0.002057418300642633,0.013022929210563578,0.00147223948218822,0.02165412813379053,0.0022890101194612987,0.02165412813379053,0.0024596043478714246,0.02165412813379053,20,5,5,0,0,0,0,0,15,5,5,5,5,,1.0,0.25,1.0,NOT_ESTIMABLE,,,PROVISIONAL_SMALL_REQUEST_N,1.0,1.0,PROVISIONAL_SMALL_REQUEST_N,1.0,1.0,NOT_PRIMARY; use physical units and frozen spans
10,f10-d26d41688df1,FORMAL_10K,HELDOUT_TRIPLE_AUDIT,STRICT_LUMPED,f12d43eace12231077007dc497fee8dad00fbe58cb2f1fe2c6159c47636b97a0,selected_q_proxy,all_finite_diagnostic,emx_minus_frozen_proxy,Lp_nH,nH,5,0.006848300542838803,0.008609682570348755,0.005545733657163865,0.003256417214187346,0.013407548012741844,0.014455513576001076,PROVISIONAL_SMALL_REQUEST_N,5,0.0027483720064040095,0.011757031861321644,0.0028135893020733937,0.012887672711274938,0.0001432382350541328,0.010948229079273597,0.002011070565863138,0.015503479139260312,0.003256417214187346,0.015503479139260312,0.003256417214187346,0.015503479139260312,20,5,5,0,0,0,0,0,15,5,5,5,5,,1.0,0.25,1.0,NOT_ESTIMABLE,,,PROVISIONAL_SMALL_REQUEST_N,1.0,1.0,PROVISIONAL_SMALL_REQUEST_N,1.0,1.0,NOT_PRIMARY; use physical units and frozen spans
10,f10-d26d41688df1,FORMAL_10K,HELDOUT_TRIPLE_AUDIT,STRICT_LUMPED,f12d43eace12231077007dc497fee8dad00fbe58cb2f1fe2c6159c47636b97a0,selected_q_proxy,all_finite_diagnostic,emx_minus_frozen_proxy,Ls_nH,nH,5,0.009636870631852678,0.011110858436161365,0.007965448413720332,0.009409543335061388,0.016110032403808684,0.017125064278071853,PROVISIONAL_SMALL_REQUEST_N,5,0.0053259644326173914,0.014363921840353955,0.006505077373739158,0.015293019456956153,0.001566974987086711,0.014363921840353955,0.003391221345516948,0.018140096152335028,0.00919545060681828,0.018140096152335028,0.009409543335061388,0.018140096152335028,20,5,5,0,0,0,0,0,15,5,5,5,5,,1.0,0.25,1.0,NOT_ESTIMABLE,,,PROVISIONAL_SMALL_REQUEST_N,1.0,1.0,PROVISIONAL_SMALL_REQUEST_N,1.0,1.0,NOT_PRIMARY; use physical units and frozen spans
10,f10-d26d41688df1,FORMAL_10K,HELDOUT_TRIPLE_AUDIT,STRICT_LUMPED,f12d43eace12231077007dc497fee8dad00fbe58cb2f1fe2c6159c47636b97a0,selected_q_proxy,all_finite_diagnostic,emx_minus_frozen_proxy,Qmin,dimensionless,5,0.0895498010709808,0.10245362543854086,-0.0332565480249599,0.0864704432048864,0.1468454081397482,0.14888283331464686,PROVISIONAL_SMALL_REQUEST_N,5,0.04514415705914523,0.13395544508281637,0.04964844011762011,0.13611951779553416,-0.10451515740052172,0.06016428977465686,0.034717665278433785,0.1509202584895455,0.06584526822972628,0.1509202584895455,0.07615785571730632,0.1509202584895455,20,5,5,0,0,0,0,0,15,5,5,5,5,,1.0,0.25,1.0,NOT_ESTIMABLE,,,PROVISIONAL_SMALL_REQUEST_N,1.0,1.0,PROVISIONAL_SMALL_REQUEST_N,1.0,1.0,NOT_PRIMARY; use physical units and frozen spans
10,f10-d26d41688df1,FORMAL_10K,HELDOUT_TRIPLE_AUDIT,STRICT_LUMPED,f12d43eace12231077007dc497fee8dad00fbe58cb2f1fe2c6159c47636b97a0,selected_q_proxy,all_finite_diagnostic,emx_minus_frozen_proxy,K_abs,dimensionless,5,0.006227058934022927,0.010270692632267743,0.004070667939014766,0.0028462445565746453,0.014793855521557299,0.018637249382077656,PROVISIONAL_SMALL_REQUEST_N,5,0.0015871420836932326,0.014359315486366292,0.0017151318908003163,0.017481302887046725,-0.0019381962421999243,0.013571871822243125,0.0010909737640411865,0.02248064324259802,0.0022892504007066164,0.02248064324259802,0.00256774747864063,0.02248064324259802,20,5,5,0,0,0,0,0,15,5,5,5,5,,1.0,0.25,1.0,NOT_ESTIMABLE,,,PROVISIONAL_SMALL_REQUEST_N,1.0,1.0,PROVISIONAL_SMALL_REQUEST_N,1.0,1.0,NOT_PRIMARY; use physical units and frozen spans
20,f20-4d6b0c6066ee,FORMAL_10K,HELDOUT_TRIPLE_AUDIT,STRICT_LUMPED,f12d43eace12231077007dc497fee8dad00fbe58cb2f1fe2c6159c47636b97a0,all_candidates,strict_valid,emx_minus_target,Lp_nH,nH,39,0.06313614877503988,0.09530496408844687,0.04785480758582732,0.0382045786283195,0.18927717380879586,0.23913299601245322,PROVISIONAL_SMALL_REQUEST_N,5,0.037210581061757106,0.10914936324517627,0.04662694294229001,0.1461495738094211,0.009352895740894533,0.09931872328394917,0.030882795209333735,0.05204742756290259,0.07125986794319816,0.2478528319960711,0.08890408955654017,0.2515658081081664,220,48,39,9,5,5,0,0,162,14,48,48,55,,0.2545454545454545,0.06363636363636363,0.358974358974359,NOT_ESTIMABLE,,,PROVISIONAL_SMALL_REQUEST_N,0.10909090909090909,0.4,PROVISIONAL_SMALL_REQUEST_N,0.17142857142857143,0.5263157894736842,NOT_PRIMARY; use physical units and frozen spans
20,f20-4d6b0c6066ee,FORMAL_10K,HELDOUT_TRIPLE_AUDIT,STRICT_LUMPED,f12d43eace12231077007dc497fee8dad00fbe58cb2f1fe2c6159c47636b97a0,all_candidates,strict_valid,emx_minus_target,Ls_nH,nH,39,0.03136839310123064,0.03965321337914378,0.004385269993977876,0.022387760184904737,0.06344470200860931,0.07985176793741353,PROVISIONAL_SMALL_REQUEST_N,5,0.02837117742921376,0.036264387364524156,0.03409416687328824,0.04405637077516945,-0.016254677359710635,0.023508032951142985,0.02074870466494383,0.028135080638512777,0.053536014061814075,0.07569682386856082,0.06019621638123196,0.10262687234995813,220,48,39,9,5,5,0,0,162,14,48,48,55,,0.2545454545454545,0.06363636363636363,0.358974358974359,NOT_ESTIMABLE,,,PROVISIONAL_SMALL_REQUEST_N,0.10909090909090909,0.4,PROVISIONAL_SMALL_REQUEST_N,0.17142857142857143,0.5263157894736842,NOT_PRIMARY; use physical units and frozen spans
20,f20-4d6b0c6066ee,FORMAL_10K,HELDOUT_TRIPLE_AUDIT,STRICT_LUMPED,f12d43eace12231077007dc497fee8dad00fbe58cb2f1fe2c6159c47636b97a0,all_candidates,strict_valid,emx_minus_target,Qmin,dimensionless,39,1.7284676952594538,2.437159247136728,-0.2726944575467709,1.1151313859020924,4.233867064585817,5.388005168245836,PROVISIONAL_SMALL_REQUEST_N,5,1.1608251488403365,2.345764100521214,1.6216576802064233,3.121783010317638,-1.5981135392732746,0.6831507246313012,0.8190363168677237,1.4269722124705133,2.6211307660050887,5.5374574755852946,3.4244190992264034,6.498872553239231,220,48,39,9,5,5,0,0,162,14,48,48,55,,0.2545454545454545,0.06363636363636363,0.358974358974359,NOT_ESTIMABLE,,,PROVISIONAL_SMALL_REQUEST_N,0.10909090909090909,0.4,PROVISIONAL_SMALL_REQUEST_N,0.17142857142857143,0.5263157894736842,NOT_PRIMARY; use physical units and frozen spans
20,f20-4d6b0c6066ee,FORMAL_10K,HELDOUT_TRIPLE_AUDIT,STRICT_LUMPED,f12d43eace12231077007dc497fee8dad00fbe58cb2f1fe2c6159c47636b97a0,all_candidates,strict_valid,emx_minus_target,K_abs,dimensionless,39,0.024918358788059612,0.033106398880717584,-0.0005966222938307205,0.020092691220532144,0.04708206581364101,0.07367950328440746,PROVISIONAL_SMALL_REQUEST_N,5,0.02108937975266617,0.029772304119088232,0.025196067332495853,0.04197767290524641,-0.01407588268385148,0.013714971253641172,0.01106814245534296,0.024057249902149025,0.037528068532498814,0.0754758346933942,0.041929252693614166,0.09931020455643275,220,48,39,9,5,5,0,0,162,14,48,48,55,,0.2545454545454545,0.06363636363636363,0.358974358974359,NOT_ESTIMABLE,,,PROVISIONAL_SMALL_REQUEST_N,0.10909090909090909,0.4,PROVISIONAL_SMALL_REQUEST_N,0.17142857142857143,0.5263157894736842,NOT_PRIMARY; use physical units and frozen spans
20,f20-4d6b0c6066ee,FORMAL_10K,HELDOUT_TRIPLE_AUDIT,STRICT_LUMPED,f12d43eace12231077007dc497fee8dad00fbe58cb2f1fe2c6159c47636b97a0,all_candidates,strict_valid,emx_minus_frozen_proxy,Lp_nH,nH,39,0.01957645610816992,0.02364614719759307,0.012703445497093005,0.017453777874134047,0.037645501211390375,0.041690918256345924,PROVISIONAL_SMALL_REQUEST_N,5,0.013555586973676098,0.02591421309184763,0.016787883006728666,0.029172635426991583,0.004539373808923647,0.021927225544712957,0.014079158741276743,0.025536201016742366,0.025422871009424353,0.04275341646825681,0.027876341406359417,0.05037330490300961,220,48,39,9,5,5,0,0,162,14,48,48,55,,0.2545454545454545,0.06363636363636363,0.358974358974359,NOT_ESTIMABLE,,,PROVISIONAL_SMALL_REQUEST_N,0.10909090909090909,0.4,PROVISIONAL_SMALL_REQUEST_N,0.17142857142857143,0.5263157894736842,NOT_PRIMARY; use physical units and frozen spans
20,f20-4d6b0c6066ee,FORMAL_10K,HELDOUT_TRIPLE_AUDIT,STRICT_LUMPED,f12d43eace12231077007dc497fee8dad00fbe58cb2f1fe2c6159c47636b97a0,all_candidates,strict_valid,emx_minus_frozen_proxy,Ls_nH,nH,39,0.008282688981953433,0.011642697798652867,-0.001391219890389136,0.005020458768983271,0.022254408623379806,0.02676375008071499,PROVISIONAL_SMALL_REQUEST_N,5,0.005636578091982962,0.01089375564953716,0.007921329085449482,0.014214621364836142,-0.0047121408854470664,0.0010664774504693007,0.0034820199790817075,0.01049563314295926,0.012573753992764947,0.02654137107198551,0.015551967889713136,0.029326486023523966,220,48,39,9,5,5,0,0,162,14,48,48,55,,0.2545454545454545,0.06363636363636363,0.358974358974359,NOT_ESTIMABLE,,,PROVISIONAL_SMALL_REQUEST_N,0.10909090909090909,0.4,PROVISIONAL_SMALL_REQUEST_N,0.17142857142857143,0.5263157894736842,NOT_PRIMARY; use physical units and frozen spans
20,f20-4d6b0c6066ee,FORMAL_10K,HELDOUT_TRIPLE_AUDIT,STRICT_LUMPED,f12d43eace12231077007dc497fee8dad00fbe58cb2f1fe2c6159c47636b97a0,all_candidates,strict_valid,emx_minus_frozen_proxy,Qmin,dimensionless,39,0.331941783254113,0.44044002924702724,-0.08359666181578881,0.24340122263200215,0.5646697556303323,0.6188380299019384,PROVISIONAL_SMALL_REQUEST_N,5,0.21332016042500548,0.45095319298285164,0.27060298112533687,0.5454612296194521,-0.2523880814927108,0.05166025572291881,0.17815624086667903,0.4960680475631758,0.371844979976844,0.5864309758254542,0.5220865020771971,1.4828241007970102,220,48,39,9,5,5,0,0,162,14,48,48,55,,0.2545454545454545,0.06363636363636363,0.358974358974359,NOT_ESTIMABLE,,,PROVISIONAL_SMALL_REQUEST_N,0.10909090909090909,0.4,PROVISIONAL_SMALL_REQUEST_N,0.17142857142857143,0.5263157894736842,NOT_PRIMARY; use physical units and frozen spans
20,f20-4d6b0c6066ee,FORMAL_10K,HELDOUT_TRIPLE_AUDIT,STRICT_LUMPED,f12d43eace12231077007dc497fee8dad00fbe58cb2f1fe2c6159c47636b97a0,all_candidates,strict_valid,emx_minus_frozen_proxy,K_abs,dimensionless,39,0.020304522401490516,0.028124922922375974,0.004025457565341858,0.01564412239472393,0.035056732962224994,0.045994385967325815,PROVISIONAL_SMALL_REQUEST_N,5,0.013292240395620051,0.02602823244570306,0.018432744218389824,0.03782643568916413,-0.00526868254740216,0.01538533095800947,0.0030017621823753976,0.021613219730037214,0.03286072271207424,0.0757286559935263,0.03296778304318662,0.09166255205369067,220,48,39,9,5,5,0,0,162,14,48,48,55,,0.2545454545454545,0.06363636363636363,0.358974358974359,NOT_ESTIMABLE,,,PROVISIONAL_SMALL_REQUEST_N,0.10909090909090909,0.4,PROVISIONAL_SMALL_REQUEST_N,0.17142857142857143,0.5263157894736842,NOT_PRIMARY; use physical units and frozen spans
20,f20-4d6b0c6066ee,FORMAL_10K,HELDOUT_TRIPLE_AUDIT,STRICT_LUMPED,f12d43eace12231077007dc497fee8dad00fbe58cb2f1fe2c6159c47636b97a0,all_candidates,all_finite_diagnostic,emx_minus_target,Lp_nH,nH,48,0.06717283704961607,0.09959822389533267,0.054756747333380866,0.038471274355629914,0.20704679685449354,0.2444617846691086,PROVISIONAL_SMALL_REQUEST_N,5,0.04137592877614631,0.10191772841800086,0.05480044428457209,0.13952670831199646,0.031382522733385654,0.08948887157387918,0.034895055663951124,0.04908161288931079,0.08890408955654017,0.2478528319960711,0.11768588780175143,0.2520434493333867,220,48,39,9,5,5,0,0,162,14,48,48,55,,0.2545454545454545,0.06363636363636363,0.358974358974359,NOT_ESTIMABLE,,,PROVISIONAL_SMALL_REQUEST_N,0.10909090909090909,0.4,PROVISIONAL_SMALL_REQUEST_N,0.17142857142857143,0.5263157894736842,NOT_PRIMARY; use physical units and frozen spans
20,f20-4d6b0c6066ee,FORMAL_10K,HELDOUT_TRIPLE_AUDIT,STRICT_LUMPED,f12d43eace12231077007dc497fee8dad00fbe58cb2f1fe2c6159c47636b97a0,all_candidates,all_finite_diagnostic,emx_minus_target,Ls_nH,nH,48,0.0305284391389034,0.038609458689668454,0.0052010655809916735,0.022001424094414856,0.06359346254454729,0.0751346421765356,PROVISIONAL_SMALL_REQUEST_N,5,0.02707692475336258,0.03614909180612515,0.032720164396827116,0.04399814251284166,-0.013727648772623127,0.01991721919262498,0.019823071126351136,0.027053372806961518,0.056945866055952185,0.07007500694830905,0.05855401639591973,0.09707213617505349,220,48,39,9,5,5,0,0,162,14,48,48,55,,0.2545454545454545,0.06363636363636363,0.358974358974359,NOT_ESTIMABLE,,,PROVISIONAL_SMALL_REQUEST_N,0.10909090909090909,0.4,PROVISIONAL_SMALL_REQUEST_N,0.17142857142857143,0.5263157894736842,NOT_PRIMARY; use physical units and frozen spans
20,f20-4d6b0c6066ee,FORMAL_10K,HELDOUT_TRIPLE_AUDIT,STRICT_LUMPED,f12d43eace12231077007dc497fee8dad00fbe58cb2f1fe2c6159c47636b97a0,all_candidates,all_finite_diagnostic,emx_minus_target,Qmin,dimensionless,48,1.5366532888990276,2.2300134803412055,-0.20588653075932917,0.9372915081032032,3.681303014278727,5.308657979487485,PROVISIONAL_SMALL_REQUEST_N,5,1.0827154583499052,1.9975324135389136,1.5015731872344835,2.8155934965105662,-1.2646173061252277,0.6297769561979651,0.7460386323734198,1.2480452727522362,2.0109006175764144,5.3630964503559255,3.402467080042557,6.232865876043965,220,48,39,9,5,5,0,0,162,14,48,48,55,,0.2545454545454545,0.06363636363636363,0.358974358974359,NOT_ESTIMABLE,,,PROVISIONAL_SMALL_REQUEST_N,0.10909090909090909,0.4,PROVISIONAL_SMALL_REQUEST_N,0.17142857142857143,0.5263157894736842,NOT_PRIMARY; use physical units and frozen spans
20,f20-4d6b0c6066ee,FORMAL_10K,HELDOUT_TRIPLE_AUDIT,STRICT_LUMPED,f12d43eace12231077007dc497fee8dad00fbe58cb2f1fe2c6159c47636b97a0,all_candidates,all_finite_diagnostic,emx_minus_target,K_abs,dimensionless,48,0.02498719936027931,0.033202166329194205,0.004150912784062072,0.017551037670830757,0.05111456703230688,0.07033003940258396,PROVISIONAL_SMALL_REQUEST_N,5,0.019870458546972385,0.030796681616779488,0.026123086578284105,0.04165255657834763,-0.006570345578556605,0.01720908400838487,0.01106814245534296,0.024057249902149025,0.041929252693614166,0.07347991090563116,0.04671393539916277,0.09335161209067311,220,48,39,9,5,5,0,0,162,14,48,48,55,,0.2545454545454545,0.06363636363636363,0.358974358974359,NOT_ESTIMABLE,,,PROVISIONAL_SMALL_REQUEST_N,0.10909090909090909,0.4,PROVISIONAL_SMALL_REQUEST_N,0.17142857142857143,0.5263157894736842,NOT_PRIMARY; use physical units and frozen spans
20,f20-4d6b0c6066ee,FORMAL_10K,HELDOUT_TRIPLE_AUDIT,STRICT_LUMPED,f12d43eace12231077007dc497fee8dad00fbe58cb2f1fe2c6159c47636b97a0,all_candidates,all_finite_diagnostic,emx_minus_frozen_proxy,Lp_nH,nH,48,0.022308715348280925,0.027183161432178318,0.01641876099174694,0.020772303178882567,0.041927028970103905,0.05328469652510952,PROVISIONAL_SMALL_REQUEST_N,5,0.01551345975340942,0.028569629501617816,0.020092012443751604,0.03256495805814906,0.007780903472649997,0.024603023409547446,0.014355988219009741,0.02639589748095128,0.03461389824315704,0.05412830714004202,0.03701054555264911,0.06054874489990833,220,48,39,9,5,5,0,0,162,14,48,48,55,,0.2545454545454545,0.06363636363636363,0.358974358974359,NOT_ESTIMABLE,,,PROVISIONAL_SMALL_REQUEST_N,0.10909090909090909,0.4,PROVISIONAL_SMALL_REQUEST_N,0.17142857142857143,0.5263157894736842,NOT_PRIMARY; use physical units and frozen spans
20,f20-4d6b0c6066ee,FORMAL_10K,HELDOUT_TRIPLE_AUDIT,STRICT_LUMPED,f12d43eace12231077007dc497fee8dad00fbe58cb2f1fe2c6159c47636b97a0,all_candidates,all_finite_diagnostic,emx_minus_frozen_proxy,Ls_nH,nH,48,0.008718354306785499,0.012049750807255863,0.000549065070357455,0.0059252278676309444,0.022564772572697303,0.027986834628727118,PROVISIONAL_SMALL_REQUEST_N,5,0.006632869071028231,0.010891315156187272,0.009066229930539432,0.01465193109847066,-0.00354333653057912,0.004011227965114879,0.004362164015935921,0.008962678349438924,0.014627232683564365,0.02743088710690342,0.017414525545581608,0.029586882124150858,220,48,39,9,5,5,0,0,162,14,48,48,55,,0.2545454545454545,0.06363636363636363,0.358974358974359,NOT_ESTIMABLE,,,PROVISIONAL_SMALL_REQUEST_N,0.10909090909090909,0.4,PROVISIONAL_SMALL_REQUEST_N,0.17142857142857143,0.5263157894736842,NOT_PRIMARY; use physical units and frozen spans
20,f20-4d6b0c6066ee,FORMAL_10K,HELDOUT_TRIPLE_AUDIT,STRICT_LUMPED,f12d43eace12231077007dc497fee8dad00fbe58cb2f1fe2c6159c47636b97a0,all_candidates,all_finite_diagnostic,emx_minus_frozen_proxy,Qmin,dimensionless,48,0.3808716968057597,0.4972412426999558,-0.08005115179458715,0.270168705159481,0.6158742102194851,1.0646624968485787,PROVISIONAL_SMALL_REQUEST_N,5,0.29555899200616365,0.46705026011396555,0.38843816910642126,0.5818046466770925,-0.2520015307085433,0.07537903453475621,0.19992040034230207,0.5030971366514763,0.5624779442578127,1.147672255449196,0.5734370011204106,1.4155969059691282,220,48,39,9,5,5,0,0,162,14,48,48,55,,0.2545454545454545,0.06363636363636363,0.358974358974359,NOT_ESTIMABLE,,,PROVISIONAL_SMALL_REQUEST_N,0.10909090909090909,0.4,PROVISIONAL_SMALL_REQUEST_N,0.17142857142857143,0.5263157894736842,NOT_PRIMARY; use physical units and frozen spans
20,f20-4d6b0c6066ee,FORMAL_10K,HELDOUT_TRIPLE_AUDIT,STRICT_LUMPED,f12d43eace12231077007dc497fee8dad00fbe58cb2f1fe2c6159c47636b97a0,all_candidates,all_finite_diagnostic,emx_minus_frozen_proxy,K_abs,dimensionless,48,0.022547083404634224,0.030008390911973812,0.009320343225263438,0.01949563227232841,0.043021240500756015,0.06186267750131222,PROVISIONAL_SMALL_REQUEST_N,5,0.016395794260505425,0.0284987332065003,0.021367627364394574,0.03965322844273944,-0.0021751352272830985,0.01953476479865183,0.01607296252932794,0.02481859506054096,0.03296778304318662,0.0757286559935263,0.035425127124311284,0.08767907803864958,220,48,39,9,5,5,0,0,162,14,48,48,55,,0.2545454545454545,0.06363636363636363,0.358974358974359,NOT_ESTIMABLE,,,PROVISIONAL_SMALL_REQUEST_N,0.10909090909090909,0.4,PROVISIONAL_SMALL_REQUEST_N,0.17142857142857143,0.5263157894736842,NOT_PRIMARY; use physical units and frozen spans
20,f20-4d6b0c6066ee,FORMAL_10K,HELDOUT_TRIPLE_AUDIT,STRICT_LUMPED,f12d43eace12231077007dc497fee8dad00fbe58cb2f1fe2c6159c47636b97a0,selected_q_proxy,strict_valid,emx_minus_target,Lp_nH,nH,2,0.010970564923147741,0.01177565661358156,0.004279345037267679,0.010970564923147741,0.014394040952961883,0.014821975456688652,PROVISIONAL_SMALL_REQUEST_N,2,0.006691219885880062,0.01524990996041542,0.006691219885880062,0.01524990996041542,-0.006691219885880062,0.01524990996041542,0.006691219885880062,0.01524990996041542,0.006691219885880062,0.01524990996041542,0.006691219885880062,0.01524990996041542,20,5,2,3,0,0,0,0,15,1,5,5,5,,0.2,0.05,0.5,NOT_ESTIMABLE,,,PROVISIONAL_SMALL_REQUEST_N,0.0,0.6,PROVISIONAL_SMALL_REQUEST_N,0.0,1.0,NOT_PRIMARY; use physical units and frozen spans
20,f20-4d6b0c6066ee,FORMAL_10K,HELDOUT_TRIPLE_AUDIT,STRICT_LUMPED,f12d43eace12231077007dc497fee8dad00fbe58cb2f1fe2c6159c47636b97a0,selected_q_proxy,strict_valid,emx_minus_target,Ls_nH,nH,2,0.026199814024455037,0.02659793164137686,-0.026199814024455037,0.026199814024455037,0.029867594840879086,0.030326067442932092,PROVISIONAL_SMALL_REQUEST_N,2,0.021615088003924976,0.030784540044985098,0.021615088003924976,0.030784540044985098,-0.030784540044985098,-0.021615088003924976,0.021615088003924976,0.030784540044985098,0.021615088003924976,0.030784540044985098,0.021615088003924976,0.030784540044985098,20,5,2,3,0,0,0,0,15,1,5,5,5,,0.2,0.05,0.5,NOT_ESTIMABLE,,,PROVISIONAL_SMALL_REQUEST_N,0.0,0.6,PROVISIONAL_SMALL_REQUEST_N,0.0,1.0,NOT_PRIMARY; use physical units and frozen spans
20,f20-4d6b0c6066ee,FORMAL_10K,HELDOUT_TRIPLE_AUDIT,STRICT_LUMPED,f12d43eace12231077007dc497fee8dad00fbe58cb2f1fe2c6159c47636b97a0,selected_q_proxy,strict_valid,emx_minus_target,Qmin,dimensionless,2,0.2635208718990496,0.3313714068174012,-0.2635208718990496,0.2635208718990496,0.42424674402613843,0.4443374780420245,PROVISIONAL_SMALL_REQUEST_N,2,0.06261353174018858,0.4644282120579106,0.06261353174018858,0.4644282120579106,-0.4644282120579106,-0.06261353174018858,0.06261353174018858,0.4644282120579106,0.06261353174018858,0.4644282120579106,0.06261353174018858,0.4644282120579106,20,5,2,3,0,0,0,0,15,1,5,5,5,,0.2,0.05,0.5,NOT_ESTIMABLE,,,PROVISIONAL_SMALL_REQUEST_N,0.0,0.6,PROVISIONAL_SMALL_REQUEST_N,0.0,1.0,NOT_PRIMARY; use physical units and frozen spans
20,f20-4d6b0c6066ee,FORMAL_10K,HELDOUT_TRIPLE_AUDIT,STRICT_LUMPED,f12d43eace12231077007dc497fee8dad00fbe58cb2f1fe2c6159c47636b97a0,selected_q_proxy,strict_valid,emx_minus_target,K_abs,dimensionless,2,0.02297748843337409,0.02943447464866566,0.018396285579896324,0.02297748843337409,0.03769451689729115,0.03953414545528078,PROVISIONAL_SMALL_REQUEST_N,2,0.004581202853477767,0.041373774013270415,0.004581202853477767,0.041373774013270415,-0.004581202853477767,0.041373774013270415,0.004581202853477767,0.041373774013270415,0.004581202853477767,0.041373774013270415,0.004581202853477767,0.041373774013270415,20,5,2,3,0,0,0,0,15,1,5,5,5,,0.2,0.05,0.5,NOT_ESTIMABLE,,,PROVISIONAL_SMALL_REQUEST_N,0.0,0.6,PROVISIONAL_SMALL_REQUEST_N,0.0,1.0,NOT_PRIMARY; use physical units and frozen spans
20,f20-4d6b0c6066ee,FORMAL_10K,HELDOUT_TRIPLE_AUDIT,STRICT_LUMPED,f12d43eace12231077007dc497fee8dad00fbe58cb2f1fe2c6159c47636b97a0,selected_q_proxy,strict_valid,emx_minus_frozen_proxy,Lp_nH,nH,2,0.004158180410112455,0.005414038313975086,-0.004158180410112455,0.004158180410112455,0.006931925493384206,0.007278643628793174,PROVISIONAL_SMALL_REQUEST_N,2,0.0006909990560227675,0.007625361764202143,0.0006909990560227675,0.007625361764202143,-0.007625361764202143,-0.0006909990560227675,0.0006909990560227675,0.007625361764202143,0.0006909990560227675,0.007625361764202143,0.0006909990560227675,0.007625361764202143,20,5,2,3,0,0,0,0,15,1,5,5,5,,0.2,0.05,0.5,NOT_ESTIMABLE,,,PROVISIONAL_SMALL_REQUEST_N,0.0,0.6,PROVISIONAL_SMALL_REQUEST_N,0.0,1.0,NOT_PRIMARY; use physical units and frozen spans
20,f20-4d6b0c6066ee,FORMAL_10K,HELDOUT_TRIPLE_AUDIT,STRICT_LUMPED,f12d43eace12231077007dc497fee8dad00fbe58cb2f1fe2c6159c47636b97a0,selected_q_proxy,strict_valid,emx_minus_frozen_proxy,Ls_nH,nH,2,0.023185500471332277,0.023237374564094974,-0.023185500471332277,0.023185500471332277,0.02442695626860225,0.024582138243260998,PROVISIONAL_SMALL_REQUEST_N,2,0.021633680724744808,0.024737320217919745,0.021633680724744808,0.024737320217919745,-0.024737320217919745,-0.021633680724744808,0.021633680724744808,0.024737320217919745,0.021633680724744808,0.024737320217919745,0.021633680724744808,0.024737320217919745,20,5,2,3,0,0,0,0,15,1,5,5,5,,0.2,0.05,0.5,NOT_ESTIMABLE,,,PROVISIONAL_SMALL_REQUEST_N,0.0,0.6,PROVISIONAL_SMALL_REQUEST_N,0.0,1.0,NOT_PRIMARY; use physical units and frozen spans
20,f20-4d6b0c6066ee,FORMAL_10K,HELDOUT_TRIPLE_AUDIT,STRICT_LUMPED,f12d43eace12231077007dc497fee8dad00fbe58cb2f1fe2c6159c47636b97a0,selected_q_proxy,strict_valid,emx_minus_frozen_proxy,Qmin,dimensionless,2,0.33533922364465507,0.4112699193394703,-0.33533922364465507,0.33533922364465507,0.5258174456252596,0.549627223372835,PROVISIONAL_SMALL_REQUEST_N,2,0.09724144616889951,0.5734370011204106,0.09724144616889951,0.5734370011204106,-0.5734370011204106,-0.09724144616889951,0.09724144616889951,0.5734370011204106,0.09724144616889951,0.5734370011204106,0.09724144616889951,0.5734370011204106,20,5,2,3,0,0,0,0,15,1,5,5,5,,0.2,0.05,0.5,NOT_ESTIMABLE,,,PROVISIONAL_SMALL_REQUEST_N,0.0,0.6,PROVISIONAL_SMALL_REQUEST_N,0.0,1.0,NOT_PRIMARY; use physical units and frozen spans
20,f20-4d6b0c6066ee,FORMAL_10K,HELDOUT_TRIPLE_AUDIT,STRICT_LUMPED,f12d43eace12231077007dc497fee8dad00fbe58cb2f1fe2c6159c47636b97a0,selected_q_proxy,strict_valid,emx_minus_frozen_proxy,K_abs,dimensionless,2,0.019635166389467343,0.023733908779994515,0.013332616653719279,0.019635166389467343,0.030301259712442765,0.031634521377814695,PROVISIONAL_SMALL_REQUEST_N,2,0.006302549735748064,0.03296778304318662,0.006302549735748064,0.03296778304318662,-0.006302549735748064,0.03296778304318662,0.006302549735748064,0.03296778304318662,0.006302549735748064,0.03296778304318662,0.006302549735748064,0.03296778304318662,20,5,2,3,0,0,0,0,15,1,5,5,5,,0.2,0.05,0.5,NOT_ESTIMABLE,,,PROVISIONAL_SMALL_REQUEST_N,0.0,0.6,PROVISIONAL_SMALL_REQUEST_N,0.0,1.0,NOT_PRIMARY; use physical units and frozen spans
20,f20-4d6b0c6066ee,FORMAL_10K,HELDOUT_TRIPLE_AUDIT,STRICT_LUMPED,f12d43eace12231077007dc497fee8dad00fbe58cb2f1fe2c6159c47636b97a0,selected_q_proxy,all_finite_diagnostic,emx_minus_target,Lp_nH,nH,5,0.031924782255545625,0.036804226644944225,0.0292482943011936,0.03526579036274202,0.05158604864608307,0.05234115486955859,PROVISIONAL_SMALL_REQUEST_N,5,0.015829610011066596,0.04726484827654913,0.019930517579191953,0.04766653360160225,0.00965450227916187,0.04726484827654913,0.006691219885880062,0.053096261093034114,0.027259438201811384,0.053096261093034114,0.031262614282276696,0.053096261093034114,20,5,2,3,0,0,0,0,15,1,5,5,5,,0.2,0.05,0.5,NOT_ESTIMABLE,,,PROVISIONAL_SMALL_REQUEST_N,0.0,0.6,PROVISIONAL_SMALL_REQUEST_N,0.0,1.0,NOT_PRIMARY; use physical units and frozen spans
20,f20-4d6b0c6066ee,FORMAL_10K,HELDOUT_TRIPLE_AUDIT,STRICT_LUMPED,f12d43eace12231077007dc497fee8dad00fbe58cb2f1fe2c6159c47636b97a0,selected_q_proxy,all_finite_diagnostic,emx_minus_target,Ls_nH,nH,5,0.022132381563624515,0.02322344952678466,0.0011725303440604852,0.021615088003924976,0.029816508733826595,0.030300524389405847,PROVISIONAL_SMALL_REQUEST_N,5,0.01628214480163446,0.027911352580777926,0.016861867367393524,0.028183943030219507,-0.019026005427406956,0.02074383715489416,0.011059137000278163,0.030784540044985098,0.020504525203093184,0.030784540044985098,0.02105980660350908,0.030784540044985098,20,5,2,3,0,0,0,0,15,1,5,5,5,,0.2,0.05,0.5,NOT_ESTIMABLE,,,PROVISIONAL_SMALL_REQUEST_N,0.0,0.6,PROVISIONAL_SMALL_REQUEST_N,0.0,1.0,NOT_PRIMARY; use physical units and frozen spans
20,f20-4d6b0c6066ee,FORMAL_10K,HELDOUT_TRIPLE_AUDIT,STRICT_LUMPED,f12d43eace12231077007dc497fee8dad00fbe58cb2f1fe2c6159c47636b97a0,selected_q_proxy,all_finite_diagnostic,emx_minus_target,Qmin,dimensionless,5,0.42935765125828596,0.4762039448744294,-0.42935765125828596,0.4644282120579106,0.622799751990567,0.6261478207925449,PROVISIONAL_SMALL_REQUEST_N,5,0.2389663124258526,0.5864381476812668,0.32549447156967043,0.5896383154283433,-0.5864381476812668,-0.2389663124258526,0.06261353174018858,0.6294958895945229,0.4296549581604161,0.6294958895945229,0.44704158510916336,0.6294958895945229,20,5,2,3,0,0,0,0,15,1,5,5,5,,0.2,0.05,0.5,NOT_ESTIMABLE,,,PROVISIONAL_SMALL_REQUEST_N,0.0,0.6,PROVISIONAL_SMALL_REQUEST_N,0.0,1.0,NOT_PRIMARY; use physical units and frozen spans
20,f20-4d6b0c6066ee,FORMAL_10K,HELDOUT_TRIPLE_AUDIT,STRICT_LUMPED,f12d43eace12231077007dc497fee8dad00fbe58cb2f1fe2c6159c47636b97a0,selected_q_proxy,all_finite_diagnostic,emx_minus_target,K_abs,dimensionless,5,0.04244563317214374,0.0472187420640119,0.04061315203075263,0.04470505828012483,0.06152330789349468,0.06300179296663838,PROVISIONAL_SMALL_REQUEST_N,5,0.02310730390292435,0.05756826394156324,0.03217869595702392,0.058020686989858614,0.017609860478751026,0.05756826394156324,0.004581202853477767,0.06448027803978207,0.04337254457338306,0.06448027803978207,0.04403880142675395,0.06448027803978207,20,5,2,3,0,0,0,0,15,1,5,5,5,,0.2,0.05,0.5,NOT_ESTIMABLE,,,PROVISIONAL_SMALL_REQUEST_N,0.0,0.6,PROVISIONAL_SMALL_REQUEST_N,0.0,1.0,NOT_PRIMARY; use physical units and frozen spans
20,f20-4d6b0c6066ee,FORMAL_10K,HELDOUT_TRIPLE_AUDIT,STRICT_LUMPED,f12d43eace12231077007dc497fee8dad00fbe58cb2f1fe2c6159c47636b97a0,selected_q_proxy,all_finite_diagnostic,emx_minus_frozen_proxy,Lp_nH,nH,5,0.02463254108450792,0.03187572487667987,0.021305996756417957,0.021245261384144953,0.048748581851228504,0.05264466233551576,PROVISIONAL_SMALL_REQUEST_N,5,0.008912703987271642,0.041689485564096886,0.011191756225730912,0.04494457490990636,0.001311778668311625,0.041198313960350605,0.0006909990560227675,0.056540742819803036,0.015797301536167832,0.056540742819803036,0.01852128146015639,0.056540742819803036,20,5,2,3,0,0,0,0,15,1,5,5,5,,0.2,0.05,0.5,NOT_ESTIMABLE,,,PROVISIONAL_SMALL_REQUEST_N,0.0,0.6,PROVISIONAL_SMALL_REQUEST_N,0.0,1.0,NOT_PRIMARY; use physical units and frozen spans
20,f20-4d6b0c6066ee,FORMAL_10K,HELDOUT_TRIPLE_AUDIT,STRICT_LUMPED,f12d43eace12231077007dc497fee8dad00fbe58cb2f1fe2c6159c47636b97a0,selected_q_proxy,all_finite_diagnostic,emx_minus_frozen_proxy,Ls_nH,nH,5,0.0144445696450612,0.016280056857386527,-0.007072518197441813,0.012403588635582885,0.02349586442064977,0.024116592319284758,PROVISIONAL_SMALL_REQUEST_N,5,0.008139056921965482,0.021029118104182398,0.008431060656615435,0.021720511431885862,-0.020032744109784416,0.004975406864882359,0.006026539983465584,0.024737320217919745,0.010410840646786924,0.024737320217919745,0.011407214641184903,0.024737320217919745,20,5,2,3,0,0,0,0,15,1,5,5,5,,0.2,0.05,0.5,NOT_ESTIMABLE,,,PROVISIONAL_SMALL_REQUEST_N,0.0,0.6,PROVISIONAL_SMALL_REQUEST_N,0.0,1.0,NOT_PRIMARY; use physical units and frozen spans
20,f20-4d6b0c6066ee,FORMAL_10K,HELDOUT_TRIPLE_AUDIT,STRICT_LUMPED,f12d43eace12231077007dc497fee8dad00fbe58cb2f1fe2c6159c47636b97a0,selected_q_proxy,all_finite_diagnostic,emx_minus_frozen_proxy,Qmin,dimensionless,5,0.4518069539316258,0.4957044268987454,-0.4518069539316258,0.5734370011204106,0.6220169761116608,0.6261121533731113,PROVISIONAL_SMALL_REQUEST_N,5,0.25406984330964166,0.6074991988289014,0.33073365824653217,0.6081354828102961,-0.6074991988289014,-0.25406984330964166,0.09724144616889951,0.6302073306345619,0.4834292196350255,0.6302073306345619,0.528433110377718,0.6302073306345619,20,5,2,3,0,0,0,0,15,1,5,5,5,,0.2,0.05,0.5,NOT_ESTIMABLE,,,PROVISIONAL_SMALL_REQUEST_N,0.0,0.6,PROVISIONAL_SMALL_REQUEST_N,0.0,1.0,NOT_PRIMARY; use physical units and frozen spans
20,f20-4d6b0c6066ee,FORMAL_10K,HELDOUT_TRIPLE_AUDIT,STRICT_LUMPED,f12d43eace12231077007dc497fee8dad00fbe58cb2f1fe2c6159c47636b97a0,selected_q_proxy,all_finite_diagnostic,emx_minus_frozen_proxy,K_abs,dimensionless,5,0.040865683274062876,0.04567419999835833,0.03834466337976365,0.04379278590036745,0.06145266794937686,0.06309270615711834,PROVISIONAL_SMALL_REQUEST_N,5,0.0223016897202112,0.0567397138927837,0.029493106739347085,0.05777598749320783,0.01575857564016045,0.0567397138927837,0.006302549735748064,0.06473274436485982,0.039462784757495116,0.06473274436485982,0.04162778532893128,0.06473274436485982,20,5,2,3,0,0,0,0,15,1,5,5,5,,0.2,0.05,0.5,NOT_ESTIMABLE,,,PROVISIONAL_SMALL_REQUEST_N,0.0,0.6,PROVISIONAL_SMALL_REQUEST_N,0.0,1.0,NOT_PRIMARY; use physical units and frozen spans
6,f6-ba844c981dd6,FORMAL_10K,HELDOUT_TRIPLE_AUDIT,STRICT_LUMPED,f12d43eace12231077007dc497fee8dad00fbe58cb2f1fe2c6159c47636b97a0,all_candidates,strict_valid,emx_minus_target,Lp_nH,nH,45,0.08811247539828884,0.1433544417326073,-0.0807806320930517,0.03216092373006152,0.2194608533471658,0.32822778590988794,PROVISIONAL_SMALL_REQUEST_N,5,0.07034878941292884,0.10607515891886025,0.10366056728155161,0.1799928732004668,-0.09228397815826617,-0.06838608667643939,0.010140021506416352,0.053559178555484865,0.17047009122095277,0.3648179749446745,0.18397259226351506,0.449291981722034,220,45,45,0,0,3,7,0,165,21,45,45,55,,0.38181818181818183,0.09545454545454546,0.4666666666666667,NOT_ESTIMABLE,,,PROVISIONAL_SMALL_REQUEST_N,0.2909090909090909,0.4727272727272727,PROVISIONAL_SMALL_REQUEST_N,0.3617021276595745,0.6086956521739131,NOT_PRIMARY; use physical units and frozen spans
6,f6-ba844c981dd6,FORMAL_10K,HELDOUT_TRIPLE_AUDIT,STRICT_LUMPED,f12d43eace12231077007dc497fee8dad00fbe58cb2f1fe2c6159c47636b97a0,all_candidates,strict_valid,emx_minus_target,Ls_nH,nH,45,0.15656779812045254,0.24663223607888413,0.1361594012802453,0.06943341866659059,0.4577205424970377,0.5695024456361055,PROVISIONAL_SMALL_REQUEST_N,5,0.07628360630040693,0.24002479489278555,0.12632047269135724,0.32810344092559424,0.03663247653547748,0.23736580599838306,0.031203713475629336,0.1975921139134592,0.1409459196719931,0.5920180559450771,0.3398734689572146,0.6168089111452315,220,45,45,0,0,3,7,0,165,21,45,45,55,,0.38181818181818183,0.09545454545454546,0.4666666666666667,NOT_ESTIMABLE,,,PROVISIONAL_SMALL_REQUEST_N,0.2909090909090909,0.4727272727272727,PROVISIONAL_SMALL_REQUEST_N,0.3617021276595745,0.6086956521739131,NOT_PRIMARY; use physical units and frozen spans
6,f6-ba844c981dd6,FORMAL_10K,HELDOUT_TRIPLE_AUDIT,STRICT_LUMPED,f12d43eace12231077007dc497fee8dad00fbe58cb2f1fe2c6159c47636b97a0,all_candidates,strict_valid,emx_minus_target,Qmin,dimensionless,45,1.8150903080866647,2.6731448619523235,-1.7922658892810701,0.8227281715726633,5.108814958287453,5.484504572293831,PROVISIONAL_SMALL_REQUEST_N,5,1.5408344880346188,2.128304839196719,2.3962961431000975,3.035393755402454,-2.114751630993027,-1.5099255933163778,0.2203131604703632,1.455853406123654,4.463657356332875,5.548941333882616,5.060751456586917,6.052480551601878,220,45,45,0,0,3,7,0,165,21,45,45,55,,0.38181818181818183,0.09545454545454546,0.4666666666666667,NOT_ESTIMABLE,,,PROVISIONAL_SMALL_REQUEST_N,0.2909090909090909,0.4727272727272727,PROVISIONAL_SMALL_REQUEST_N,0.3617021276595745,0.6086956521739131,NOT_PRIMARY; use physical units and frozen spans
6,f6-ba844c981dd6,FORMAL_10K,HELDOUT_TRIPLE_AUDIT,STRICT_LUMPED,f12d43eace12231077007dc497fee8dad00fbe58cb2f1fe2c6159c47636b97a0,all_candidates,strict_valid,emx_minus_target,K_abs,dimensionless,45,0.03841894179881614,0.05656350957725061,-0.027089955991427248,0.028130416586605478,0.10103651194503575,0.12757334117151164,PROVISIONAL_SMALL_REQUEST_N,5,0.02209491989996133,0.05412860504298929,0.029163128047213084,0.07721982663349085,-0.04598261318254962,-0.012259355995595154,0.009263206453315465,0.037384713601110287,0.04847021350096365,0.1544858531673404,0.058773992388347435,0.15890233262480974,220,45,45,0,0,3,7,0,165,21,45,45,55,,0.38181818181818183,0.09545454545454546,0.4666666666666667,NOT_ESTIMABLE,,,PROVISIONAL_SMALL_REQUEST_N,0.2909090909090909,0.4727272727272727,PROVISIONAL_SMALL_REQUEST_N,0.3617021276595745,0.6086956521739131,NOT_PRIMARY; use physical units and frozen spans
6,f6-ba844c981dd6,FORMAL_10K,HELDOUT_TRIPLE_AUDIT,STRICT_LUMPED,f12d43eace12231077007dc497fee8dad00fbe58cb2f1fe2c6159c47636b97a0,all_candidates,strict_valid,emx_minus_frozen_proxy,Lp_nH,nH,45,0.011787206936536666,0.013964173713820426,0.011119127582585903,0.012706351762577839,0.020786413565935337,0.0214594850081699,PROVISIONAL_SMALL_REQUEST_N,5,0.01019051108657737,0.013189017974698375,0.012682544785447357,0.015066392680631058,0.010021548527532542,0.01200154732843227,0.010742199097390163,0.015997979346836777,0.01918158554214906,0.021295561230059934,0.019670236424635647,0.02380266726100376,220,45,45,0,0,3,7,0,165,21,45,45,55,,0.38181818181818183,0.09545454545454546,0.4666666666666667,NOT_ESTIMABLE,,,PROVISIONAL_SMALL_REQUEST_N,0.2909090909090909,0.4727272727272727,PROVISIONAL_SMALL_REQUEST_N,0.3617021276595745,0.6086956521739131,NOT_PRIMARY; use physical units and frozen spans
6,f6-ba844c981dd6,FORMAL_10K,HELDOUT_TRIPLE_AUDIT,STRICT_LUMPED,f12d43eace12231077007dc497fee8dad00fbe58cb2f1fe2c6159c47636b97a0,all_candidates,strict_valid,emx_minus_frozen_proxy,Ls_nH,nH,45,0.015637363855973013,0.01942513883178328,0.010354034771488323,0.01172102301191047,0.03302176372453629,0.03364157501574043,PROVISIONAL_SMALL_REQUEST_N,5,0.013898301876176121,0.017455474107578854,0.017632359881832326,0.021137448665037504,0.0069330435554385604,0.014212441870162872,0.01100084248717792,0.014956047989561183,0.03179391470172921,0.03472533218997187,0.03254869278207127,0.035257346460184635,220,45,45,0,0,3,7,0,165,21,45,45,55,,0.38181818181818183,0.09545454545454546,0.4666666666666667,NOT_ESTIMABLE,,,PROVISIONAL_SMALL_REQUEST_N,0.2909090909090909,0.4727272727272727,PROVISIONAL_SMALL_REQUEST_N,0.3617021276595745,0.6086956521739131,NOT_PRIMARY; use physical units and frozen spans
6,f6-ba844c981dd6,FORMAL_10K,HELDOUT_TRIPLE_AUDIT,STRICT_LUMPED,f12d43eace12231077007dc497fee8dad00fbe58cb2f1fe2c6159c47636b97a0,all_candidates,strict_valid,emx_minus_frozen_proxy,Qmin,dimensionless,45,0.2298018955093772,0.31999847125865727,0.1733624803681812,0.1525087816004138,0.6583137972804763,0.7492042091614115,PROVISIONAL_SMALL_REQUEST_N,5,0.1294164959788013,0.3267223701055409,0.15984238451081714,0.42280679869960214,0.04368462463112822,0.2868232067487686,0.09804876726078326,0.24020093510368135,0.25686244105281353,0.7896283491289768,0.27157884440999425,0.8091594912731706,220,45,45,0,0,3,7,0,165,21,45,45,55,,0.38181818181818183,0.09545454545454546,0.4666666666666667,NOT_ESTIMABLE,,,PROVISIONAL_SMALL_REQUEST_N,0.2909090909090909,0.4727272727272727,PROVISIONAL_SMALL_REQUEST_N,0.3617021276595745,0.6086956521739131,NOT_PRIMARY; use physical units and frozen spans
6,f6-ba844c981dd6,FORMAL_10K,HELDOUT_TRIPLE_AUDIT,STRICT_LUMPED,f12d43eace12231077007dc497fee8dad00fbe58cb2f1fe2c6159c47636b97a0,all_candidates,strict_valid,emx_minus_frozen_proxy,K_abs,dimensionless,45,0.003357780510860454,0.004120328421880267,-0.00043026969964069363,0.002777568956693205,0.0068462606560744325,0.007431826828178183,PROVISIONAL_SMALL_REQUEST_N,5,0.002685726739447467,0.004082281063950213,0.0032545146963976583,0.004939348696333661,-0.0019519756207601324,0.001706405407193454,0.0025807239727390283,0.003414809784562267,0.005100714830041133,0.007514350627018496,0.0059889930132910356,0.010523978758189965,220,45,45,0,0,3,7,0,165,21,45,45,55,,0.38181818181818183,0.09545454545454546,0.4666666666666667,NOT_ESTIMABLE,,,PROVISIONAL_SMALL_REQUEST_N,0.2909090909090909,0.4727272727272727,PROVISIONAL_SMALL_REQUEST_N,0.3617021276595745,0.6086956521739131,NOT_PRIMARY; use physical units and frozen spans
6,f6-ba844c981dd6,FORMAL_10K,HELDOUT_TRIPLE_AUDIT,STRICT_LUMPED,f12d43eace12231077007dc497fee8dad00fbe58cb2f1fe2c6159c47636b97a0,all_candidates,all_finite_diagnostic,emx_minus_target,Lp_nH,nH,45,0.08811247539828884,0.1433544417326073,-0.0807806320930517,0.03216092373006152,0.2194608533471658,0.32822778590988794,PROVISIONAL_SMALL_REQUEST_N,5,0.07034878941292884,0.10607515891886025,0.10366056728155161,0.1799928732004668,-0.09228397815826617,-0.06838608667643939,0.010140021506416352,0.053559178555484865,0.17047009122095277,0.3648179749446745,0.18397259226351506,0.449291981722034,220,45,45,0,0,3,7,0,165,21,45,45,55,,0.38181818181818183,0.09545454545454546,0.4666666666666667,NOT_ESTIMABLE,,,PROVISIONAL_SMALL_REQUEST_N,0.2909090909090909,0.4727272727272727,PROVISIONAL_SMALL_REQUEST_N,0.3617021276595745,0.6086956521739131,NOT_PRIMARY; use physical units and frozen spans
6,f6-ba844c981dd6,FORMAL_10K,HELDOUT_TRIPLE_AUDIT,STRICT_LUMPED,f12d43eace12231077007dc497fee8dad00fbe58cb2f1fe2c6159c47636b97a0,all_candidates,all_finite_diagnostic,emx_minus_target,Ls_nH,nH,45,0.15656779812045254,0.24663223607888413,0.1361594012802453,0.06943341866659059,0.4577205424970377,0.5695024456361055,PROVISIONAL_SMALL_REQUEST_N,5,0.07628360630040693,0.24002479489278555,0.12632047269135724,0.32810344092559424,0.03663247653547748,0.23736580599838306,0.031203713475629336,0.1975921139134592,0.1409459196719931,0.5920180559450771,0.3398734689572146,0.6168089111452315,220,45,45,0,0,3,7,0,165,21,45,45,55,,0.38181818181818183,0.09545454545454546,0.4666666666666667,NOT_ESTIMABLE,,,PROVISIONAL_SMALL_REQUEST_N,0.2909090909090909,0.4727272727272727,PROVISIONAL_SMALL_REQUEST_N,0.3617021276595745,0.6086956521739131,NOT_PRIMARY; use physical units and frozen spans
6,f6-ba844c981dd6,FORMAL_10K,HELDOUT_TRIPLE_AUDIT,STRICT_LUMPED,f12d43eace12231077007dc497fee8dad00fbe58cb2f1fe2c6159c47636b97a0,all_candidates,all_finite_diagnostic,emx_minus_target,Qmin,dimensionless,45,1.8150903080866647,2.6731448619523235,-1.7922658892810701,0.8227281715726633,5.108814958287453,5.484504572293831,PROVISIONAL_SMALL_REQUEST_N,5,1.5408344880346188,2.128304839196719,2.3962961431000975,3.035393755402454,-2.114751630993027,-1.5099255933163778,0.2203131604703632,1.455853406123654,4.463657356332875,5.548941333882616,5.060751456586917,6.052480551601878,220,45,45,0,0,3,7,0,165,21,45,45,55,,0.38181818181818183,0.09545454545454546,0.4666666666666667,NOT_ESTIMABLE,,,PROVISIONAL_SMALL_REQUEST_N,0.2909090909090909,0.4727272727272727,PROVISIONAL_SMALL_REQUEST_N,0.3617021276595745,0.6086956521739131,NOT_PRIMARY; use physical units and frozen spans
6,f6-ba844c981dd6,FORMAL_10K,HELDOUT_TRIPLE_AUDIT,STRICT_LUMPED,f12d43eace12231077007dc497fee8dad00fbe58cb2f1fe2c6159c47636b97a0,all_candidates,all_finite_diagnostic,emx_minus_target,K_abs,dimensionless,45,0.03841894179881614,0.05656350957725061,-0.027089955991427248,0.028130416586605478,0.10103651194503575,0.12757334117151164,PROVISIONAL_SMALL_REQUEST_N,5,0.02209491989996133,0.05412860504298929,0.029163128047213084,0.07721982663349085,-0.04598261318254962,-0.012259355995595154,0.009263206453315465,0.037384713601110287,0.04847021350096365,0.1544858531673404,0.058773992388347435,0.15890233262480974,220,45,45,0,0,3,7,0,165,21,45,45,55,,0.38181818181818183,0.09545454545454546,0.4666666666666667,NOT_ESTIMABLE,,,PROVISIONAL_SMALL_REQUEST_N,0.2909090909090909,0.4727272727272727,PROVISIONAL_SMALL_REQUEST_N,0.3617021276595745,0.6086956521739131,NOT_PRIMARY; use physical units and frozen spans
6,f6-ba844c981dd6,FORMAL_10K,HELDOUT_TRIPLE_AUDIT,STRICT_LUMPED,f12d43eace12231077007dc497fee8dad00fbe58cb2f1fe2c6159c47636b97a0,all_candidates,all_finite_diagnostic,emx_minus_frozen_proxy,Lp_nH,nH,45,0.011787206936536666,0.013964173713820426,0.011119127582585903,0.012706351762577839,0.020786413565935337,0.0214594850081699,PROVISIONAL_SMALL_REQUEST_N,5,0.01019051108657737,0.013189017974698375,0.012682544785447357,0.015066392680631058,0.010021548527532542,0.01200154732843227,0.010742199097390163,0.015997979346836777,0.01918158554214906,0.021295561230059934,0.019670236424635647,0.02380266726100376,220,45,45,0,0,3,7,0,165,21,45,45,55,,0.38181818181818183,0.09545454545454546,0.4666666666666667,NOT_ESTIMABLE,,,PROVISIONAL_SMALL_REQUEST_N,0.2909090909090909,0.4727272727272727,PROVISIONAL_SMALL_REQUEST_N,0.3617021276595745,0.6086956521739131,NOT_PRIMARY; use physical units and frozen spans
6,f6-ba844c981dd6,FORMAL_10K,HELDOUT_TRIPLE_AUDIT,STRICT_LUMPED,f12d43eace12231077007dc497fee8dad00fbe58cb2f1fe2c6159c47636b97a0,all_candidates,all_finite_diagnostic,emx_minus_frozen_proxy,Ls_nH,nH,45,0.015637363855973013,0.01942513883178328,0.010354034771488323,0.01172102301191047,0.03302176372453629,0.03364157501574043,PROVISIONAL_SMALL_REQUEST_N,5,0.013898301876176121,0.017455474107578854,0.017632359881832326,0.021137448665037504,0.0069330435554385604,0.014212441870162872,0.01100084248717792,0.014956047989561183,0.03179391470172921,0.03472533218997187,0.03254869278207127,0.035257346460184635,220,45,45,0,0,3,7,0,165,21,45,45,55,,0.38181818181818183,0.09545454545454546,0.4666666666666667,NOT_ESTIMABLE,,,PROVISIONAL_SMALL_REQUEST_N,0.2909090909090909,0.4727272727272727,PROVISIONAL_SMALL_REQUEST_N,0.3617021276595745,0.6086956521739131,NOT_PRIMARY; use physical units and frozen spans
6,f6-ba844c981dd6,FORMAL_10K,HELDOUT_TRIPLE_AUDIT,STRICT_LUMPED,f12d43eace12231077007dc497fee8dad00fbe58cb2f1fe2c6159c47636b97a0,all_candidates,all_finite_diagnostic,emx_minus_frozen_proxy,Qmin,dimensionless,45,0.2298018955093772,0.31999847125865727,0.1733624803681812,0.1525087816004138,0.6583137972804763,0.7492042091614115,PROVISIONAL_SMALL_REQUEST_N,5,0.1294164959788013,0.3267223701055409,0.15984238451081714,0.42280679869960214,0.04368462463112822,0.2868232067487686,0.09804876726078326,0.24020093510368135,0.25686244105281353,0.7896283491289768,0.27157884440999425,0.8091594912731706,220,45,45,0,0,3,7,0,165,21,45,45,55,,0.38181818181818183,0.09545454545454546,0.4666666666666667,NOT_ESTIMABLE,,,PROVISIONAL_SMALL_REQUEST_N,0.2909090909090909,0.4727272727272727,PROVISIONAL_SMALL_REQUEST_N,0.3617021276595745,0.6086956521739131,NOT_PRIMARY; use physical units and frozen spans
6,f6-ba844c981dd6,FORMAL_10K,HELDOUT_TRIPLE_AUDIT,STRICT_LUMPED,f12d43eace12231077007dc497fee8dad00fbe58cb2f1fe2c6159c47636b97a0,all_candidates,all_finite_diagnostic,emx_minus_frozen_proxy,K_abs,dimensionless,45,0.003357780510860454,0.004120328421880267,-0.00043026969964069363,0.002777568956693205,0.0068462606560744325,0.007431826828178183,PROVISIONAL_SMALL_REQUEST_N,5,0.002685726739447467,0.004082281063950213,0.0032545146963976583,0.004939348696333661,-0.0019519756207601324,0.001706405407193454,0.0025807239727390283,0.003414809784562267,0.005100714830041133,0.007514350627018496,0.0059889930132910356,0.010523978758189965,220,45,45,0,0,3,7,0,165,21,45,45,55,,0.38181818181818183,0.09545454545454546,0.4666666666666667,NOT_ESTIMABLE,,,PROVISIONAL_SMALL_REQUEST_N,0.2909090909090909,0.4727272727272727,PROVISIONAL_SMALL_REQUEST_N,0.3617021276595745,0.6086956521739131,NOT_PRIMARY; use physical units and frozen spans
6,f6-ba844c981dd6,FORMAL_10K,HELDOUT_TRIPLE_AUDIT,STRICT_LUMPED,f12d43eace12231077007dc497fee8dad00fbe58cb2f1fe2c6159c47636b97a0,selected_q_proxy,strict_valid,emx_minus_target,Lp_nH,nH,5,0.0031991453285988404,0.003540633128337336,-0.0004986017546165566,0.003169102562535331,0.0048797804094142805,0.005394973520204349,PROVISIONAL_SMALL_REQUEST_N,5,0.0019817743250802877,0.004597130347994094,0.0021063905330961567,0.004882315464764438,-0.0037957303371150886,0.002401302156388585,0.001496207087968493,0.005910166630994418,0.0027358812513019527,0.005910166630994418,0.0029524919069186415,0.005910166630994418,20,5,5,0,0,0,0,0,15,5,5,5,5,,1.0,0.25,1.0,NOT_ESTIMABLE,,,PROVISIONAL_SMALL_REQUEST_N,1.0,1.0,PROVISIONAL_SMALL_REQUEST_N,1.0,1.0,NOT_PRIMARY; use physical units and frozen spans
6,f6-ba844c981dd6,FORMAL_10K,HELDOUT_TRIPLE_AUDIT,STRICT_LUMPED,f12d43eace12231077007dc497fee8dad00fbe58cb2f1fe2c6159c47636b97a0,selected_q_proxy,strict_valid,emx_minus_target,Ls_nH,nH,5,0.008022052288758675,0.00839415975427782,-0.006294889160201711,0.007519155538670552,0.010822484264254672,0.011003042444113698,PROVISIONAL_SMALL_REQUEST_N,5,0.00595450933032311,0.010089595247194239,0.0061081181515350155,0.010179132016412962,-0.010089595247194239,-0.0009656965208162522,0.004317907821392408,0.011183600623972723,0.007235008417234368,0.011183600623972723,0.00737708197795246,0.011183600623972723,20,5,5,0,0,0,0,0,15,5,5,5,5,,1.0,0.25,1.0,NOT_ESTIMABLE,,,PROVISIONAL_SMALL_REQUEST_N,1.0,1.0,PROVISIONAL_SMALL_REQUEST_N,1.0,1.0,NOT_PRIMARY; use physical units and frozen spans
6,f6-ba844c981dd6,FORMAL_10K,HELDOUT_TRIPLE_AUDIT,STRICT_LUMPED,f12d43eace12231077007dc497fee8dad00fbe58cb2f1fe2c6159c47636b97a0,selected_q_proxy,strict_valid,emx_minus_target,Qmin,dimensionless,5,0.05584072415153614,0.0725473401535958,-0.02089884472656749,0.034435529218580285,0.11283170819559629,0.1228397344157397,PROVISIONAL_SMALL_REQUEST_N,5,0.018532186390936546,0.10118330875672221,0.022063988445642564,0.10938314482942846,-0.08371236904423789,0.03985832478478137,0.004547069027255546,0.1328477606358831,0.030487570467466443,0.1328477606358831,0.03246154984302336,0.1328477606358831,20,5,5,0,0,0,0,0,15,5,5,5,5,,1.0,0.25,1.0,NOT_ESTIMABLE,,,PROVISIONAL_SMALL_REQUEST_N,1.0,1.0,PROVISIONAL_SMALL_REQUEST_N,1.0,1.0,NOT_PRIMARY; use physical units and frozen spans
6,f6-ba844c981dd6,FORMAL_10K,HELDOUT_TRIPLE_AUDIT,STRICT_LUMPED,f12d43eace12231077007dc497fee8dad00fbe58cb2f1fe2c6159c47636b97a0,selected_q_proxy,strict_valid,emx_minus_target,K_abs,dimensionless,5,0.003967338433892226,0.004258389223138644,0.0016028992002843968,0.0031245320321472425,0.005882007296466957,0.0060109566648693935,PROVISIONAL_SMALL_REQUEST_N,5,0.002655744371542412,0.005278932496242039,0.002675281146651055,0.005450479525549488,-0.0019063334614258132,0.0051121318619946066,0.0022905288609100793,0.00613990603327183,0.0029893456400372775,0.00613990603327183,0.00305693883609226,0.00613990603327183,20,5,5,0,0,0,0,0,15,5,5,5,5,,1.0,0.25,1.0,NOT_ESTIMABLE,,,PROVISIONAL_SMALL_REQUEST_N,1.0,1.0,PROVISIONAL_SMALL_REQUEST_N,1.0,1.0,NOT_PRIMARY; use physical units and frozen spans
6,f6-ba844c981dd6,FORMAL_10K,HELDOUT_TRIPLE_AUDIT,STRICT_LUMPED,f12d43eace12231077007dc497fee8dad00fbe58cb2f1fe2c6159c47636b97a0,selected_q_proxy,strict_valid,emx_minus_frozen_proxy,Lp_nH,nH,5,0.002780280473727181,0.0031887794927461586,-0.0009164117831523377,0.0026213967468962096,0.0044780930838312916,0.00452647041689036,PROVISIONAL_SMALL_REQUEST_N,5,0.001473158064233715,0.004087402883220648,0.0017552127071246003,0.0041540170509357845,-0.0036299078953604623,0.001797084329055787,0.0003339218075952832,0.004574847749949429,0.0023881480399540857,0.004574847749949429,0.0025047723934251472,0.004574847749949429,20,5,5,0,0,0,0,0,15,5,5,5,5,,1.0,0.25,1.0,NOT_ESTIMABLE,,,PROVISIONAL_SMALL_REQUEST_N,1.0,1.0,PROVISIONAL_SMALL_REQUEST_N,1.0,1.0,NOT_PRIMARY; use physical units and frozen spans
6,f6-ba844c981dd6,FORMAL_10K,HELDOUT_TRIPLE_AUDIT,STRICT_LUMPED,f12d43eace12231077007dc497fee8dad00fbe58cb2f1fe2c6159c47636b97a0,selected_q_proxy,strict_valid,emx_minus_frozen_proxy,Ls_nH,nH,5,0.0059343565995129575,0.006561136534838246,-0.0059343565995129575,0.006327025414152532,0.008663235434497717,0.008721005823812833,PROVISIONAL_SMALL_REQUEST_N,5,0.003406108767365934,0.008172885274702635,0.004483553476558223,0.008225845881066382,-0.008172885274702635,-0.003406108767365934,0.0010878552599848934,0.008778776213127948,0.005791495985990336,0.008778776213127948,0.0060592607000714335,0.008778776213127948,20,5,5,0,0,0,0,0,15,5,5,5,5,,1.0,0.25,1.0,NOT_ESTIMABLE,,,PROVISIONAL_SMALL_REQUEST_N,1.0,1.0,PROVISIONAL_SMALL_REQUEST_N,1.0,1.0,NOT_PRIMARY; use physical units and frozen spans
6,f6-ba844c981dd6,FORMAL_10K,HELDOUT_TRIPLE_AUDIT,STRICT_LUMPED,f12d43eace12231077007dc497fee8dad00fbe58cb2f1fe2c6159c47636b97a0,selected_q_proxy,strict_valid,emx_minus_frozen_proxy,Qmin,dimensionless,5,0.07437387865733314,0.07953875830137466,-0.042940737731938586,0.07858285231348638,0.10353599269187158,0.11034218336553749,PROVISIONAL_SMALL_REQUEST_N,5,0.049666728327719414,0.09937093838017538,0.05219493751039713,0.1019412007778081,-0.09256474770650946,0.022232851743134673,0.03072859715070919,0.11714837403920342,0.07206657103304899,0.11714837403920342,0.07532471167326768,0.11714837403920342,20,5,5,0,0,0,0,0,15,5,5,5,5,,1.0,0.25,1.0,NOT_ESTIMABLE,,,PROVISIONAL_SMALL_REQUEST_N,1.0,1.0,PROVISIONAL_SMALL_REQUEST_N,1.0,1.0,NOT_PRIMARY; use physical units and frozen spans
6,f6-ba844c981dd6,FORMAL_10K,HELDOUT_TRIPLE_AUDIT,STRICT_LUMPED,f12d43eace12231077007dc497fee8dad00fbe58cb2f1fe2c6159c47636b97a0,selected_q_proxy,strict_valid,emx_minus_frozen_proxy,K_abs,dimensionless,5,0.0035504863504152275,0.00407545079104131,0.0025284826644925928,0.002966860681847927,0.005900520337621301,0.006239633680470002,PROVISIONAL_SMALL_REQUEST_N,5,0.0019228296315033089,0.005178143069327146,0.002146625469939663,0.005554745469441492,-0.0004026425624633678,0.005178143069327146,0.0007686345230277225,0.006578747023318704,0.0028021200950313907,0.006578747023318704,0.002884490388439659,0.006578747023318704,20,5,5,0,0,0,0,0,15,5,5,5,5,,1.0,0.25,1.0,NOT_ESTIMABLE,,,PROVISIONAL_SMALL_REQUEST_N,1.0,1.0,PROVISIONAL_SMALL_REQUEST_N,1.0,1.0,NOT_PRIMARY; use physical units and frozen spans
6,f6-ba844c981dd6,FORMAL_10K,HELDOUT_TRIPLE_AUDIT,STRICT_LUMPED,f12d43eace12231077007dc497fee8dad00fbe58cb2f1fe2c6159c47636b97a0,selected_q_proxy,all_finite_diagnostic,emx_minus_target,Lp_nH,nH,5,0.0031991453285988404,0.003540633128337336,-0.0004986017546165566,0.003169102562535331,0.0048797804094142805,0.005394973520204349,PROVISIONAL_SMALL_REQUEST_N,5,0.0019817743250802877,0.004597130347994094,0.0021063905330961567,0.004882315464764438,-0.0037957303371150886,0.002401302156388585,0.001496207087968493,0.005910166630994418,0.0027358812513019527,0.005910166630994418,0.0029524919069186415,0.005910166630994418,20,5,5,0,0,0,0,0,15,5,5,5,5,,1.0,0.25,1.0,NOT_ESTIMABLE,,,PROVISIONAL_SMALL_REQUEST_N,1.0,1.0,PROVISIONAL_SMALL_REQUEST_N,1.0,1.0,NOT_PRIMARY; use physical units and frozen spans
6,f6-ba844c981dd6,FORMAL_10K,HELDOUT_TRIPLE_AUDIT,STRICT_LUMPED,f12d43eace12231077007dc497fee8dad00fbe58cb2f1fe2c6159c47636b97a0,selected_q_proxy,all_finite_diagnostic,emx_minus_target,Ls_nH,nH,5,0.008022052288758675,0.00839415975427782,-0.006294889160201711,0.007519155538670552,0.010822484264254672,0.011003042444113698,PROVISIONAL_SMALL_REQUEST_N,5,0.00595450933032311,0.010089595247194239,0.0061081181515350155,0.010179132016412962,-0.010089595247194239,-0.0009656965208162522,0.004317907821392408,0.011183600623972723,0.007235008417234368,0.011183600623972723,0.00737708197795246,0.011183600623972723,20,5,5,0,0,0,0,0,15,5,5,5,5,,1.0,0.25,1.0,NOT_ESTIMABLE,,,PROVISIONAL_SMALL_REQUEST_N,1.0,1.0,PROVISIONAL_SMALL_REQUEST_N,1.0,1.0,NOT_PRIMARY; use physical units and frozen spans
6,f6-ba844c981dd6,FORMAL_10K,HELDOUT_TRIPLE_AUDIT,STRICT_LUMPED,f12d43eace12231077007dc497fee8dad00fbe58cb2f1fe2c6159c47636b97a0,selected_q_proxy,all_finite_diagnostic,emx_minus_target,Qmin,dimensionless,5,0.05584072415153614,0.0725473401535958,-0.02089884472656749,0.034435529218580285,0.11283170819559629,0.1228397344157397,PROVISIONAL_SMALL_REQUEST_N,5,0.018532186390936546,0.10118330875672221,0.022063988445642564,0.10938314482942846,-0.08371236904423789,0.03985832478478137,0.004547069027255546,0.1328477606358831,0.030487570467466443,0.1328477606358831,0.03246154984302336,0.1328477606358831,20,5,5,0,0,0,0,0,15,5,5,5,5,,1.0,0.25,1.0,NOT_ESTIMABLE,,,PROVISIONAL_SMALL_REQUEST_N,1.0,1.0,PROVISIONAL_SMALL_REQUEST_N,1.0,1.0,NOT_PRIMARY; use physical units and frozen spans
6,f6-ba844c981dd6,FORMAL_10K,HELDOUT_TRIPLE_AUDIT,STRICT_LUMPED,f12d43eace12231077007dc497fee8dad00fbe58cb2f1fe2c6159c47636b97a0,selected_q_proxy,all_finite_diagnostic,emx_minus_target,K_abs,dimensionless,5,0.003967338433892226,0.004258389223138644,0.0016028992002843968,0.0031245320321472425,0.005882007296466957,0.0060109566648693935,PROVISIONAL_SMALL_REQUEST_N,5,0.002655744371542412,0.005278932496242039,0.002675281146651055,0.005450479525549488,-0.0019063334614258132,0.0051121318619946066,0.0022905288609100793,0.00613990603327183,0.0029893456400372775,0.00613990603327183,0.00305693883609226,0.00613990603327183,20,5,5,0,0,0,0,0,15,5,5,5,5,,1.0,0.25,1.0,NOT_ESTIMABLE,,,PROVISIONAL_SMALL_REQUEST_N,1.0,1.0,PROVISIONAL_SMALL_REQUEST_N,1.0,1.0,NOT_PRIMARY; use physical units and frozen spans
6,f6-ba844c981dd6,FORMAL_10K,HELDOUT_TRIPLE_AUDIT,STRICT_LUMPED,f12d43eace12231077007dc497fee8dad00fbe58cb2f1fe2c6159c47636b97a0,selected_q_proxy,all_finite_diagnostic,emx_minus_frozen_proxy,Lp_nH,nH,5,0.002780280473727181,0.0031887794927461586,-0.0009164117831523377,0.0026213967468962096,0.0044780930838312916,0.00452647041689036,PROVISIONAL_SMALL_REQUEST_N,5,0.001473158064233715,0.004087402883220648,0.0017552127071246003,0.0041540170509357845,-0.0036299078953604623,0.001797084329055787,0.0003339218075952832,0.004574847749949429,0.0023881480399540857,0.004574847749949429,0.0025047723934251472,0.004574847749949429,20,5,5,0,0,0,0,0,15,5,5,5,5,,1.0,0.25,1.0,NOT_ESTIMABLE,,,PROVISIONAL_SMALL_REQUEST_N,1.0,1.0,PROVISIONAL_SMALL_REQUEST_N,1.0,1.0,NOT_PRIMARY; use physical units and frozen spans
6,f6-ba844c981dd6,FORMAL_10K,HELDOUT_TRIPLE_AUDIT,STRICT_LUMPED,f12d43eace12231077007dc497fee8dad00fbe58cb2f1fe2c6159c47636b97a0,selected_q_proxy,all_finite_diagnostic,emx_minus_frozen_proxy,Ls_nH,nH,5,0.0059343565995129575,0.006561136534838246,-0.0059343565995129575,0.006327025414152532,0.008663235434497717,0.008721005823812833,PROVISIONAL_SMALL_REQUEST_N,5,0.003406108767365934,0.008172885274702635,0.004483553476558223,0.008225845881066382,-0.008172885274702635,-0.003406108767365934,0.0010878552599848934,0.008778776213127948,0.005791495985990336,0.008778776213127948,0.0060592607000714335,0.008778776213127948,20,5,5,0,0,0,0,0,15,5,5,5,5,,1.0,0.25,1.0,NOT_ESTIMABLE,,,PROVISIONAL_SMALL_REQUEST_N,1.0,1.0,PROVISIONAL_SMALL_REQUEST_N,1.0,1.0,NOT_PRIMARY; use physical units and frozen spans
6,f6-ba844c981dd6,FORMAL_10K,HELDOUT_TRIPLE_AUDIT,STRICT_LUMPED,f12d43eace12231077007dc497fee8dad00fbe58cb2f1fe2c6159c47636b97a0,selected_q_proxy,all_finite_diagnostic,emx_minus_frozen_proxy,Qmin,dimensionless,5,0.07437387865733314,0.07953875830137466,-0.042940737731938586,0.07858285231348638,0.10353599269187158,0.11034218336553749,PROVISIONAL_SMALL_REQUEST_N,5,0.049666728327719414,0.09937093838017538,0.05219493751039713,0.1019412007778081,-0.09256474770650946,0.022232851743134673,0.03072859715070919,0.11714837403920342,0.07206657103304899,0.11714837403920342,0.07532471167326768,0.11714837403920342,20,5,5,0,0,0,0,0,15,5,5,5,5,,1.0,0.25,1.0,NOT_ESTIMABLE,,,PROVISIONAL_SMALL_REQUEST_N,1.0,1.0,PROVISIONAL_SMALL_REQUEST_N,1.0,1.0,NOT_PRIMARY; use physical units and frozen spans
6,f6-ba844c981dd6,FORMAL_10K,HELDOUT_TRIPLE_AUDIT,STRICT_LUMPED,f12d43eace12231077007dc497fee8dad00fbe58cb2f1fe2c6159c47636b97a0,selected_q_proxy,all_finite_diagnostic,emx_minus_frozen_proxy,K_abs,dimensionless,5,0.0035504863504152275,0.00407545079104131,0.0025284826644925928,0.002966860681847927,0.005900520337621301,0.006239633680470002,PROVISIONAL_SMALL_REQUEST_N,5,0.0019228296315033089,0.005178143069327146,0.002146625469939663,0.005554745469441492,-0.0004026425624633678,0.005178143069327146,0.0007686345230277225,0.006578747023318704,0.0028021200950313907,0.006578747023318704,0.002884490388439659,0.006578747023318704,20,5,5,0,0,0,0,0,15,5,5,5,5,,1.0,0.25,1.0,NOT_ESTIMABLE,,,PROVISIONAL_SMALL_REQUEST_N,1.0,1.0,PROVISIONAL_SMALL_REQUEST_N,1.0,1.0,NOT_PRIMARY; use physical units and frozen spans
7,f7-d0ffa9b31525,FORMAL_10K,HELDOUT_TRIPLE_AUDIT,STRICT_LUMPED,f12d43eace12231077007dc497fee8dad00fbe58cb2f1fe2c6159c47636b97a0,all_candidates,strict_valid,emx_minus_target,Lp_nH,nH,46,0.11103424179427836,0.2026999091566646,-0.09884195658932718,0.02507940146066079,0.3398187589465912,0.5161120521104168,PROVISIONAL_SMALL_REQUEST_N,5,0.03858761202765143,0.2209670211297374,0.06586854492201291,0.3167406260467645,-0.20811732267631652,-0.021991861122862704,0.012831471889062085,0.12146175308274398,0.09416753050509755,0.6114649032112405,0.15261830859034703,0.647353740754096,220,46,46,0,0,4,5,0,165,20,46,46,55,,0.36363636363636365,0.09090909090909091,0.43478260869565216,NOT_ESTIMABLE,,,PROVISIONAL_SMALL_REQUEST_N,0.3090909090909091,0.41818181818181815,PROVISIONAL_SMALL_REQUEST_N,0.34615384615384615,0.525,NOT_PRIMARY; use physical units and frozen spans
7,f7-d0ffa9b31525,FORMAL_10K,HELDOUT_TRIPLE_AUDIT,STRICT_LUMPED,f12d43eace12231077007dc497fee8dad00fbe58cb2f1fe2c6159c47636b97a0,all_candidates,strict_valid,emx_minus_target,Ls_nH,nH,46,0.2122809580804515,0.2945274743419764,0.055334174273420335,0.16386297885246204,0.5180548403699476,0.5559769567820567,PROVISIONAL_SMALL_REQUEST_N,5,0.15680406858307233,0.2648106263525132,0.23105107450275036,0.33777818762552086,-0.14388371087567997,0.20783897450429292,0.053322207378933284,0.27626291613014187,0.4175227641617122,0.5557004758634838,0.48614773540527184,0.5648854439330554,220,46,46,0,0,4,5,0,165,20,46,46,55,,0.36363636363636365,0.09090909090909091,0.43478260869565216,NOT_ESTIMABLE,,,PROVISIONAL_SMALL_REQUEST_N,0.3090909090909091,0.41818181818181815,PROVISIONAL_SMALL_REQUEST_N,0.34615384615384615,0.525,NOT_PRIMARY; use physical units and frozen spans
7,f7-d0ffa9b31525,FORMAL_10K,HELDOUT_TRIPLE_AUDIT,STRICT_LUMPED,f12d43eace12231077007dc497fee8dad00fbe58cb2f1fe2c6159c47636b97a0,all_candidates,strict_valid,emx_minus_target,Qmin,dimensionless,46,1.6925937396382769,2.427446355383288,-1.673410067630385,1.1681138968700644,4.3427833826721525,4.91571554232194,PROVISIONAL_SMALL_REQUEST_N,5,1.3889693039336461,1.9399373210510569,2.1312602999142007,2.660335962835606,-1.9303556394939654,-1.356612160922936,0.4763903755512118,1.4544791471398257,4.174305356378516,4.617897877737284,4.3137628696216845,5.151706895890715,220,46,46,0,0,4,5,0,165,20,46,46,55,,0.36363636363636365,0.09090909090909091,0.43478260869565216,NOT_ESTIMABLE,,,PROVISIONAL_SMALL_REQUEST_N,0.3090909090909091,0.41818181818181815,PROVISIONAL_SMALL_REQUEST_N,0.34615384615384615,0.525,NOT_PRIMARY; use physical units and frozen spans
7,f7-d0ffa9b31525,FORMAL_10K,HELDOUT_TRIPLE_AUDIT,STRICT_LUMPED,f12d43eace12231077007dc497fee8dad00fbe58cb2f1fe2c6159c47636b97a0,all_candidates,strict_valid,emx_minus_target,K_abs,dimensionless,46,0.03948578948395996,0.06000915922635076,-0.024993375288770277,0.01879747284273464,0.10201094471320757,0.11485496118592496,PROVISIONAL_SMALL_REQUEST_N,5,0.029552630524212024,0.048450501352977286,0.04667280108969144,0.07045761003394824,-0.04027544469465815,-0.007708977320213619,0.0074429831271356495,0.03653272110756836,0.07678197647696353,0.11255774175321002,0.09013774843212663,0.19003698365935856,220,46,46,0,0,4,5,0,165,20,46,46,55,,0.36363636363636365,0.09090909090909091,0.43478260869565216,NOT_ESTIMABLE,,,PROVISIONAL_SMALL_REQUEST_N,0.3090909090909091,0.41818181818181815,PROVISIONAL_SMALL_REQUEST_N,0.34615384615384615,0.525,NOT_PRIMARY; use physical units and frozen spans
7,f7-d0ffa9b31525,FORMAL_10K,HELDOUT_TRIPLE_AUDIT,STRICT_LUMPED,f12d43eace12231077007dc497fee8dad00fbe58cb2f1fe2c6159c47636b97a0,all_candidates,strict_valid,emx_minus_frozen_proxy,Lp_nH,nH,46,0.004837025683577501,0.0059673620238205865,0.0034568492877434798,0.004268381800342502,0.01002162159559672,0.011441835930779354,PROVISIONAL_SMALL_REQUEST_N,5,0.004074452341980492,0.005670230689626052,0.00501718502297957,0.006848902332342804,0.00238571030775383,0.004328528667554229,0.0022650912326627193,0.005326180681918258,0.008344568483059424,0.011941157237884692,0.008926694060215179,0.01216141558042838,220,46,46,0,0,4,5,0,165,20,46,46,55,,0.36363636363636365,0.09090909090909091,0.43478260869565216,NOT_ESTIMABLE,,,PROVISIONAL_SMALL_REQUEST_N,0.3090909090909091,0.41818181818181815,PROVISIONAL_SMALL_REQUEST_N,0.34615384615384615,0.525,NOT_PRIMARY; use physical units and frozen spans
7,f7-d0ffa9b31525,FORMAL_10K,HELDOUT_TRIPLE_AUDIT,STRICT_LUMPED,f12d43eace12231077007dc497fee8dad00fbe58cb2f1fe2c6159c47636b97a0,all_candidates,strict_valid,emx_minus_frozen_proxy,Ls_nH,nH,46,0.008937746951558795,0.012460290744061171,0.007856978132892713,0.0043849849677279895,0.023194653401037768,0.024167615354055094,PROVISIONAL_SMALL_REQUEST_N,5,0.005774854357007364,0.012360602478842372,0.00888296335532658,0.015169099071041364,0.004394658468245269,0.011449891410734657,0.0028616975168266334,0.011272343445623223,0.01696121923810368,0.024225291839031327,0.021478338161284447,0.026341522426095575,220,46,46,0,0,4,5,0,165,20,46,46,55,,0.36363636363636365,0.09090909090909091,0.43478260869565216,NOT_ESTIMABLE,,,PROVISIONAL_SMALL_REQUEST_N,0.3090909090909091,0.41818181818181815,PROVISIONAL_SMALL_REQUEST_N,0.34615384615384615,0.525,NOT_PRIMARY; use physical units and frozen spans
7,f7-d0ffa9b31525,FORMAL_10K,HELDOUT_TRIPLE_AUDIT,STRICT_LUMPED,f12d43eace12231077007dc497fee8dad00fbe58cb2f1fe2c6159c47636b97a0,all_candidates,strict_valid,emx_minus_frozen_proxy,Qmin,dimensionless,46,0.17008942056914253,0.20115126972543093,-0.033368902900478725,0.13808775713434063,0.30217804523154435,0.4383864681423377,PROVISIONAL_SMALL_REQUEST_N,5,0.1393484663149018,0.20186938970019078,0.15410210559567225,0.2421661037142049,-0.12847474979951287,0.06526697780723778,0.12472130940873871,0.14360304170186478,0.22310079989724446,0.44764425140433595,0.2645207000602628,0.4654951307698445,220,46,46,0,0,4,5,0,165,20,46,46,55,,0.36363636363636365,0.09090909090909091,0.43478260869565216,NOT_ESTIMABLE,,,PROVISIONAL_SMALL_REQUEST_N,0.3090909090909091,0.41818181818181815,PROVISIONAL_SMALL_REQUEST_N,0.34615384615384615,0.525,NOT_PRIMARY; use physical units and frozen spans
7,f7-d0ffa9b31525,FORMAL_10K,HELDOUT_TRIPLE_AUDIT,STRICT_LUMPED,f12d43eace12231077007dc497fee8dad00fbe58cb2f1fe2c6159c47636b97a0,all_candidates,strict_valid,emx_minus_frozen_proxy,K_abs,dimensionless,46,0.004824180953261785,0.006132888878592391,-0.0006536869518462401,0.003856782340353873,0.009148352177716826,0.014137904326948267,PROVISIONAL_SMALL_REQUEST_N,5,0.0037300771836366086,0.005981481393773517,0.0043205597848373165,0.007672144442116841,-0.0037227576416122626,0.0012872839171135784,0.003518521670174024,0.0053894058629586905,0.006621147926224841,0.014816761630817576,0.006840532686672087,0.01502440762092032,220,46,46,0,0,4,5,0,165,20,46,46,55,,0.36363636363636365,0.09090909090909091,0.43478260869565216,NOT_ESTIMABLE,,,PROVISIONAL_SMALL_REQUEST_N,0.3090909090909091,0.41818181818181815,PROVISIONAL_SMALL_REQUEST_N,0.34615384615384615,0.525,NOT_PRIMARY; use physical units and frozen spans
7,f7-d0ffa9b31525,FORMAL_10K,HELDOUT_TRIPLE_AUDIT,STRICT_LUMPED,f12d43eace12231077007dc497fee8dad00fbe58cb2f1fe2c6159c47636b97a0,all_candidates,all_finite_diagnostic,emx_minus_target,Lp_nH,nH,46,0.11103424179427836,0.2026999091566646,-0.09884195658932718,0.02507940146066079,0.3398187589465912,0.5161120521104168,PROVISIONAL_SMALL_REQUEST_N,5,0.03858761202765143,0.2209670211297374,0.06586854492201291,0.3167406260467645,-0.20811732267631652,-0.021991861122862704,0.012831471889062085,0.12146175308274398,0.09416753050509755,0.6114649032112405,0.15261830859034703,0.647353740754096,220,46,46,0,0,4,5,0,165,20,46,46,55,,0.36363636363636365,0.09090909090909091,0.43478260869565216,NOT_ESTIMABLE,,,PROVISIONAL_SMALL_REQUEST_N,0.3090909090909091,0.41818181818181815,PROVISIONAL_SMALL_REQUEST_N,0.34615384615384615,0.525,NOT_PRIMARY; use physical units and frozen spans
7,f7-d0ffa9b31525,FORMAL_10K,HELDOUT_TRIPLE_AUDIT,STRICT_LUMPED,f12d43eace12231077007dc497fee8dad00fbe58cb2f1fe2c6159c47636b97a0,all_candidates,all_finite_diagnostic,emx_minus_target,Ls_nH,nH,46,0.2122809580804515,0.2945274743419764,0.055334174273420335,0.16386297885246204,0.5180548403699476,0.5559769567820567,PROVISIONAL_SMALL_REQUEST_N,5,0.15680406858307233,0.2648106263525132,0.23105107450275036,0.33777818762552086,-0.14388371087567997,0.20783897450429292,0.053322207378933284,0.27626291613014187,0.4175227641617122,0.5557004758634838,0.48614773540527184,0.5648854439330554,220,46,46,0,0,4,5,0,165,20,46,46,55,,0.36363636363636365,0.09090909090909091,0.43478260869565216,NOT_ESTIMABLE,,,PROVISIONAL_SMALL_REQUEST_N,0.3090909090909091,0.41818181818181815,PROVISIONAL_SMALL_REQUEST_N,0.34615384615384615,0.525,NOT_PRIMARY; use physical units and frozen spans
7,f7-d0ffa9b31525,FORMAL_10K,HELDOUT_TRIPLE_AUDIT,STRICT_LUMPED,f12d43eace12231077007dc497fee8dad00fbe58cb2f1fe2c6159c47636b97a0,all_candidates,all_finite_diagnostic,emx_minus_target,Qmin,dimensionless,46,1.6925937396382769,2.427446355383288,-1.673410067630385,1.1681138968700644,4.3427833826721525,4.91571554232194,PROVISIONAL_SMALL_REQUEST_N,5,1.3889693039336461,1.9399373210510569,2.1312602999142007,2.660335962835606,-1.9303556394939654,-1.356612160922936,0.4763903755512118,1.4544791471398257,4.174305356378516,4.617897877737284,4.3137628696216845,5.151706895890715,220,46,46,0,0,4,5,0,165,20,46,46,55,,0.36363636363636365,0.09090909090909091,0.43478260869565216,NOT_ESTIMABLE,,,PROVISIONAL_SMALL_REQUEST_N,0.3090909090909091,0.41818181818181815,PROVISIONAL_SMALL_REQUEST_N,0.34615384615384615,0.525,NOT_PRIMARY; use physical units and frozen spans
7,f7-d0ffa9b31525,FORMAL_10K,HELDOUT_TRIPLE_AUDIT,STRICT_LUMPED,f12d43eace12231077007dc497fee8dad00fbe58cb2f1fe2c6159c47636b97a0,all_candidates,all_finite_diagnostic,emx_minus_target,K_abs,dimensionless,46,0.03948578948395996,0.06000915922635076,-0.024993375288770277,0.01879747284273464,0.10201094471320757,0.11485496118592496,PROVISIONAL_SMALL_REQUEST_N,5,0.029552630524212024,0.048450501352977286,0.04667280108969144,0.07045761003394824,-0.04027544469465815,-0.007708977320213619,0.0074429831271356495,0.03653272110756836,0.07678197647696353,0.11255774175321002,0.09013774843212663,0.19003698365935856,220,46,46,0,0,4,5,0,165,20,46,46,55,,0.36363636363636365,0.09090909090909091,0.43478260869565216,NOT_ESTIMABLE,,,PROVISIONAL_SMALL_REQUEST_N,0.3090909090909091,0.41818181818181815,PROVISIONAL_SMALL_REQUEST_N,0.34615384615384615,0.525,NOT_PRIMARY; use physical units and frozen spans
7,f7-d0ffa9b31525,FORMAL_10K,HELDOUT_TRIPLE_AUDIT,STRICT_LUMPED,f12d43eace12231077007dc497fee8dad00fbe58cb2f1fe2c6159c47636b97a0,all_candidates,all_finite_diagnostic,emx_minus_frozen_proxy,Lp_nH,nH,46,0.004837025683577501,0.0059673620238205865,0.0034568492877434798,0.004268381800342502,0.01002162159559672,0.011441835930779354,PROVISIONAL_SMALL_REQUEST_N,5,0.004074452341980492,0.005670230689626052,0.00501718502297957,0.006848902332342804,0.00238571030775383,0.004328528667554229,0.0022650912326627193,0.005326180681918258,0.008344568483059424,0.011941157237884692,0.008926694060215179,0.01216141558042838,220,46,46,0,0,4,5,0,165,20,46,46,55,,0.36363636363636365,0.09090909090909091,0.43478260869565216,NOT_ESTIMABLE,,,PROVISIONAL_SMALL_REQUEST_N,0.3090909090909091,0.41818181818181815,PROVISIONAL_SMALL_REQUEST_N,0.34615384615384615,0.525,NOT_PRIMARY; use physical units and frozen spans
7,f7-d0ffa9b31525,FORMAL_10K,HELDOUT_TRIPLE_AUDIT,STRICT_LUMPED,f12d43eace12231077007dc497fee8dad00fbe58cb2f1fe2c6159c47636b97a0,all_candidates,all_finite_diagnostic,emx_minus_frozen_proxy,Ls_nH,nH,46,0.008937746951558795,0.012460290744061171,0.007856978132892713,0.0043849849677279895,0.023194653401037768,0.024167615354055094,PROVISIONAL_SMALL_REQUEST_N,5,0.005774854357007364,0.012360602478842372,0.00888296335532658,0.015169099071041364,0.004394658468245269,0.011449891410734657,0.0028616975168266334,0.011272343445623223,0.01696121923810368,0.024225291839031327,0.021478338161284447,0.026341522426095575,220,46,46,0,0,4,5,0,165,20,46,46,55,,0.36363636363636365,0.09090909090909091,0.43478260869565216,NOT_ESTIMABLE,,,PROVISIONAL_SMALL_REQUEST_N,0.3090909090909091,0.41818181818181815,PROVISIONAL_SMALL_REQUEST_N,0.34615384615384615,0.525,NOT_PRIMARY; use physical units and frozen spans
7,f7-d0ffa9b31525,FORMAL_10K,HELDOUT_TRIPLE_AUDIT,STRICT_LUMPED,f12d43eace12231077007dc497fee8dad00fbe58cb2f1fe2c6159c47636b97a0,all_candidates,all_finite_diagnostic,emx_minus_frozen_proxy,Qmin,dimensionless,46,0.17008942056914253,0.20115126972543093,-0.033368902900478725,0.13808775713434063,0.30217804523154435,0.4383864681423377,PROVISIONAL_SMALL_REQUEST_N,5,0.1393484663149018,0.20186938970019078,0.15410210559567225,0.2421661037142049,-0.12847474979951287,0.06526697780723778,0.12472130940873871,0.14360304170186478,0.22310079989724446,0.44764425140433595,0.2645207000602628,0.4654951307698445,220,46,46,0,0,4,5,0,165,20,46,46,55,,0.36363636363636365,0.09090909090909091,0.43478260869565216,NOT_ESTIMABLE,,,PROVISIONAL_SMALL_REQUEST_N,0.3090909090909091,0.41818181818181815,PROVISIONAL_SMALL_REQUEST_N,0.34615384615384615,0.525,NOT_PRIMARY; use physical units and frozen spans
7,f7-d0ffa9b31525,FORMAL_10K,HELDOUT_TRIPLE_AUDIT,STRICT_LUMPED,f12d43eace12231077007dc497fee8dad00fbe58cb2f1fe2c6159c47636b97a0,all_candidates,all_finite_diagnostic,emx_minus_frozen_proxy,K_abs,dimensionless,46,0.004824180953261785,0.006132888878592391,-0.0006536869518462401,0.003856782340353873,0.009148352177716826,0.014137904326948267,PROVISIONAL_SMALL_REQUEST_N,5,0.0037300771836366086,0.005981481393773517,0.0043205597848373165,0.007672144442116841,-0.0037227576416122626,0.0012872839171135784,0.003518521670174024,0.0053894058629586905,0.006621147926224841,0.014816761630817576,0.006840532686672087,0.01502440762092032,220,46,46,0,0,4,5,0,165,20,46,46,55,,0.36363636363636365,0.09090909090909091,0.43478260869565216,NOT_ESTIMABLE,,,PROVISIONAL_SMALL_REQUEST_N,0.3090909090909091,0.41818181818181815,PROVISIONAL_SMALL_REQUEST_N,0.34615384615384615,0.525,NOT_PRIMARY; use physical units and frozen spans
7,f7-d0ffa9b31525,FORMAL_10K,HELDOUT_TRIPLE_AUDIT,STRICT_LUMPED,f12d43eace12231077007dc497fee8dad00fbe58cb2f1fe2c6159c47636b97a0,selected_q_proxy,strict_valid,emx_minus_target,Lp_nH,nH,5,0.007389728757041514,0.009766758698750449,0.007389728757041514,0.007099780440411152,0.014304806559016382,0.0166739781699329,PROVISIONAL_SMALL_REQUEST_N,5,0.0028619200470652055,0.012891882777280905,0.00357588158845429,0.015097968545450823,0.0028619200470652055,0.012891882777280905,0.00013267281758944094,0.019043149780849422,0.005650167872282986,0.019043149780849422,0.0063749741563470675,0.019043149780849422,20,5,5,0,0,0,0,0,15,5,5,5,5,,1.0,0.25,1.0,NOT_ESTIMABLE,,,PROVISIONAL_SMALL_REQUEST_N,1.0,1.0,PROVISIONAL_SMALL_REQUEST_N,1.0,1.0,NOT_PRIMARY; use physical units and frozen spans
7,f7-d0ffa9b31525,FORMAL_10K,HELDOUT_TRIPLE_AUDIT,STRICT_LUMPED,f12d43eace12231077007dc497fee8dad00fbe58cb2f1fe2c6159c47636b97a0,selected_q_proxy,strict_valid,emx_minus_target,Ls_nH,nH,5,0.004460532655797556,0.005970832054143779,-0.001499327109656301,0.0025502100412997386,0.008714857439587265,0.010532148405961082,PROVISIONAL_SMALL_REQUEST_N,5,0.002195059747063621,0.008356052919790446,0.002214130780730068,0.009682866348185572,-0.007267108723567728,0.0025248582580116976,0.001958292884239543,0.012349439372334903,0.0024028206010389573,0.012349439372334903,0.002476515321169348,0.012349439372334903,20,5,5,0,0,0,0,0,15,5,5,5,5,,1.0,0.25,1.0,NOT_ESTIMABLE,,,PROVISIONAL_SMALL_REQUEST_N,1.0,1.0,PROVISIONAL_SMALL_REQUEST_N,1.0,1.0,NOT_PRIMARY; use physical units and frozen spans
7,f7-d0ffa9b31525,FORMAL_10K,HELDOUT_TRIPLE_AUDIT,STRICT_LUMPED,f12d43eace12231077007dc497fee8dad00fbe58cb2f1fe2c6159c47636b97a0,selected_q_proxy,strict_valid,emx_minus_target,Qmin,dimensionless,5,0.11325055838199347,0.12682798039092275,-0.07707059427200705,0.09044991027496607,0.18150310760490884,0.19999694973814533,PROVISIONAL_SMALL_REQUEST_N,5,0.07136686415667803,0.16269384737282272,0.07201694128494755,0.1763358045195322,-0.15735257683451315,0.015556239728939403,0.06374355758341821,0.21849079187138187,0.08128872655498043,0.21849079187138187,0.08586931841497325,0.21849079187138187,20,5,5,0,0,0,0,0,15,5,5,5,5,,1.0,0.25,1.0,NOT_ESTIMABLE,,,PROVISIONAL_SMALL_REQUEST_N,1.0,1.0,PROVISIONAL_SMALL_REQUEST_N,1.0,1.0,NOT_PRIMARY; use physical units and frozen spans
7,f7-d0ffa9b31525,FORMAL_10K,HELDOUT_TRIPLE_AUDIT,STRICT_LUMPED,f12d43eace12231077007dc497fee8dad00fbe58cb2f1fe2c6159c47636b97a0,selected_q_proxy,strict_valid,emx_minus_target,K_abs,dimensionless,5,0.006642818833173969,0.0100157002140806,0.0021083661372894636,0.001701266422015818,0.015745875812338807,0.01816281938205401,PROVISIONAL_SMALL_REQUEST_N,5,0.0013154611599598132,0.014274830834600622,0.0013314151442780045,0.016395395151564438,-0.005177640451441201,0.011670158433292757,0.001139820214502263,0.02057976295176922,0.0015400396429652353,0.02057976295176922,0.0016206530324905264,0.02057976295176922,20,5,5,0,0,0,0,0,15,5,5,5,5,,1.0,0.25,1.0,NOT_ESTIMABLE,,,PROVISIONAL_SMALL_REQUEST_N,1.0,1.0,PROVISIONAL_SMALL_REQUEST_N,1.0,1.0,NOT_PRIMARY; use physical units and frozen spans
7,f7-d0ffa9b31525,FORMAL_10K,HELDOUT_TRIPLE_AUDIT,STRICT_LUMPED,f12d43eace12231077007dc497fee8dad00fbe58cb2f1fe2c6159c47636b97a0,selected_q_proxy,strict_valid,emx_minus_frozen_proxy,Lp_nH,nH,5,0.0031028046057139493,0.003514400078781986,0.0020132118991059043,0.0033873863579123586,0.004870003134594292,0.0052073544996456,PROVISIONAL_SMALL_REQUEST_N,5,0.0017670699781905165,0.004438539233237382,0.0020386576449130086,0.004638520874745301,-0.0005926781224811605,0.00434442669693178,0.0006753028238570824,0.005544705864696908,0.002851903391812627,0.005544705864696908,0.0031196448748624928,0.005544705864696908,20,5,5,0,0,0,0,0,15,5,5,5,5,,1.0,0.25,1.0,NOT_ESTIMABLE,,,PROVISIONAL_SMALL_REQUEST_N,1.0,1.0,PROVISIONAL_SMALL_REQUEST_N,1.0,1.0,NOT_PRIMARY; use physical units and frozen spans
7,f7-d0ffa9b31525,FORMAL_10K,HELDOUT_TRIPLE_AUDIT,STRICT_LUMPED,f12d43eace12231077007dc497fee8dad00fbe58cb2f1fe2c6159c47636b97a0,selected_q_proxy,strict_valid,emx_minus_frozen_proxy,Ls_nH,nH,5,0.0019691882925824576,0.002498386948565708,-8.027126159431131e-05,0.0012973410958884157,0.0038721644251776158,0.004143091901534523,PROVISIONAL_SMALL_REQUEST_N,5,0.0006895478163879032,0.0033221518360368177,0.0007809620983819464,0.0036852558057449635,-0.001927359716437671,0.0021294751883794926,0.0003082731995789345,0.004414019377891432,0.0010851749749116956,0.004414019377891432,0.0011912580354000557,0.004414019377891432,20,5,5,0,0,0,0,0,15,5,5,5,5,,1.0,0.25,1.0,NOT_ESTIMABLE,,,PROVISIONAL_SMALL_REQUEST_N,1.0,1.0,PROVISIONAL_SMALL_REQUEST_N,1.0,1.0,NOT_PRIMARY; use physical units and frozen spans
7,f7-d0ffa9b31525,FORMAL_10K,HELDOUT_TRIPLE_AUDIT,STRICT_LUMPED,f12d43eace12231077007dc497fee8dad00fbe58cb2f1fe2c6159c47636b97a0,selected_q_proxy,strict_valid,emx_minus_frozen_proxy,Qmin,dimensionless,5,0.10348302603336065,0.10859295094662298,-0.07154424234329611,0.07984695922516138,0.14431686645500647,0.14574451596128987,PROVISIONAL_SMALL_REQUEST_N,5,0.07653584502634239,0.1308518252065241,0.07660635661846796,0.13335203471971055,-0.13043020704037894,0.0043536182689784654,0.0726232191434768,0.14717216546757328,0.07900372289287105,0.14717216546757328,0.07942534105901622,0.14717216546757328,20,5,5,0,0,0,0,0,15,5,5,5,5,,1.0,0.25,1.0,NOT_ESTIMABLE,,,PROVISIONAL_SMALL_REQUEST_N,1.0,1.0,PROVISIONAL_SMALL_REQUEST_N,1.0,1.0,NOT_PRIMARY; use physical units and frozen spans
7,f7-d0ffa9b31525,FORMAL_10K,HELDOUT_TRIPLE_AUDIT,STRICT_LUMPED,f12d43eace12231077007dc497fee8dad00fbe58cb2f1fe2c6159c47636b97a0,selected_q_proxy,strict_valid,emx_minus_frozen_proxy,K_abs,dimensionless,5,0.0052458070485134674,0.007050326866959317,0.0010144424403127738,0.0023650524810543416,0.010987296476326536,0.01246067706351479,PROVISIONAL_SMALL_REQUEST_N,5,0.001818118654630141,0.010003106398311307,0.001838839239850769,0.01120991880046934,-0.004069990110795419,0.007418007838781915,0.001646204324685624,0.013934057650703047,0.002105657917177628,0.013934057650703047,0.0022353551991159846,0.013934057650703047,20,5,5,0,0,0,0,0,15,5,5,5,5,,1.0,0.25,1.0,NOT_ESTIMABLE,,,PROVISIONAL_SMALL_REQUEST_N,1.0,1.0,PROVISIONAL_SMALL_REQUEST_N,1.0,1.0,NOT_PRIMARY; use physical units and frozen spans
7,f7-d0ffa9b31525,FORMAL_10K,HELDOUT_TRIPLE_AUDIT,STRICT_LUMPED,f12d43eace12231077007dc497fee8dad00fbe58cb2f1fe2c6159c47636b97a0,selected_q_proxy,all_finite_diagnostic,emx_minus_target,Lp_nH,nH,5,0.007389728757041514,0.009766758698750449,0.007389728757041514,0.007099780440411152,0.014304806559016382,0.0166739781699329,PROVISIONAL_SMALL_REQUEST_N,5,0.0028619200470652055,0.012891882777280905,0.00357588158845429,0.015097968545450823,0.0028619200470652055,0.012891882777280905,0.00013267281758944094,0.019043149780849422,0.005650167872282986,0.019043149780849422,0.0063749741563470675,0.019043149780849422,20,5,5,0,0,0,0,0,15,5,5,5,5,,1.0,0.25,1.0,NOT_ESTIMABLE,,,PROVISIONAL_SMALL_REQUEST_N,1.0,1.0,PROVISIONAL_SMALL_REQUEST_N,1.0,1.0,NOT_PRIMARY; use physical units and frozen spans
7,f7-d0ffa9b31525,FORMAL_10K,HELDOUT_TRIPLE_AUDIT,STRICT_LUMPED,f12d43eace12231077007dc497fee8dad00fbe58cb2f1fe2c6159c47636b97a0,selected_q_proxy,all_finite_diagnostic,emx_minus_target,Ls_nH,nH,5,0.004460532655797556,0.005970832054143779,-0.001499327109656301,0.0025502100412997386,0.008714857439587265,0.010532148405961082,PROVISIONAL_SMALL_REQUEST_N,5,0.002195059747063621,0.008356052919790446,0.002214130780730068,0.009682866348185572,-0.007267108723567728,0.0025248582580116976,0.001958292884239543,0.012349439372334903,0.0024028206010389573,0.012349439372334903,0.002476515321169348,0.012349439372334903,20,5,5,0,0,0,0,0,15,5,5,5,5,,1.0,0.25,1.0,NOT_ESTIMABLE,,,PROVISIONAL_SMALL_REQUEST_N,1.0,1.0,PROVISIONAL_SMALL_REQUEST_N,1.0,1.0,NOT_PRIMARY; use physical units and frozen spans
7,f7-d0ffa9b31525,FORMAL_10K,HELDOUT_TRIPLE_AUDIT,STRICT_LUMPED,f12d43eace12231077007dc497fee8dad00fbe58cb2f1fe2c6159c47636b97a0,selected_q_proxy,all_finite_diagnostic,emx_minus_target,Qmin,dimensionless,5,0.11325055838199347,0.12682798039092275,-0.07707059427200705,0.09044991027496607,0.18150310760490884,0.19999694973814533,PROVISIONAL_SMALL_REQUEST_N,5,0.07136686415667803,0.16269384737282272,0.07201694128494755,0.1763358045195322,-0.15735257683451315,0.015556239728939403,0.06374355758341821,0.21849079187138187,0.08128872655498043,0.21849079187138187,0.08586931841497325,0.21849079187138187,20,5,5,0,0,0,0,0,15,5,5,5,5,,1.0,0.25,1.0,NOT_ESTIMABLE,,,PROVISIONAL_SMALL_REQUEST_N,1.0,1.0,PROVISIONAL_SMALL_REQUEST_N,1.0,1.0,NOT_PRIMARY; use physical units and frozen spans
7,f7-d0ffa9b31525,FORMAL_10K,HELDOUT_TRIPLE_AUDIT,STRICT_LUMPED,f12d43eace12231077007dc497fee8dad00fbe58cb2f1fe2c6159c47636b97a0,selected_q_proxy,all_finite_diagnostic,emx_minus_target,K_abs,dimensionless,5,0.006642818833173969,0.0100157002140806,0.0021083661372894636,0.001701266422015818,0.015745875812338807,0.01816281938205401,PROVISIONAL_SMALL_REQUEST_N,5,0.0013154611599598132,0.014274830834600622,0.0013314151442780045,0.016395395151564438,-0.005177640451441201,0.011670158433292757,0.001139820214502263,0.02057976295176922,0.0015400396429652353,0.02057976295176922,0.0016206530324905264,0.02057976295176922,20,5,5,0,0,0,0,0,15,5,5,5,5,,1.0,0.25,1.0,NOT_ESTIMABLE,,,PROVISIONAL_SMALL_REQUEST_N,1.0,1.0,PROVISIONAL_SMALL_REQUEST_N,1.0,1.0,NOT_PRIMARY; use physical units and frozen spans
7,f7-d0ffa9b31525,FORMAL_10K,HELDOUT_TRIPLE_AUDIT,STRICT_LUMPED,f12d43eace12231077007dc497fee8dad00fbe58cb2f1fe2c6159c47636b97a0,selected_q_proxy,all_finite_diagnostic,emx_minus_frozen_proxy,Lp_nH,nH,5,0.0031028046057139493,0.003514400078781986,0.0020132118991059043,0.0033873863579123586,0.004870003134594292,0.0052073544996456,PROVISIONAL_SMALL_REQUEST_N,5,0.0017670699781905165,0.004438539233237382,0.0020386576449130086,0.004638520874745301,-0.0005926781224811605,0.00434442669693178,0.0006753028238570824,0.005544705864696908,0.002851903391812627,0.005544705864696908,0.0031196448748624928,0.005544705864696908,20,5,5,0,0,0,0,0,15,5,5,5,5,,1.0,0.25,1.0,NOT_ESTIMABLE,,,PROVISIONAL_SMALL_REQUEST_N,1.0,1.0,PROVISIONAL_SMALL_REQUEST_N,1.0,1.0,NOT_PRIMARY; use physical units and frozen spans
7,f7-d0ffa9b31525,FORMAL_10K,HELDOUT_TRIPLE_AUDIT,STRICT_LUMPED,f12d43eace12231077007dc497fee8dad00fbe58cb2f1fe2c6159c47636b97a0,selected_q_proxy,all_finite_diagnostic,emx_minus_frozen_proxy,Ls_nH,nH,5,0.0019691882925824576,0.002498386948565708,-8.027126159431131e-05,0.0012973410958884157,0.0038721644251776158,0.004143091901534523,PROVISIONAL_SMALL_REQUEST_N,5,0.0006895478163879032,0.0033221518360368177,0.0007809620983819464,0.0036852558057449635,-0.001927359716437671,0.0021294751883794926,0.0003082731995789345,0.004414019377891432,0.0010851749749116956,0.004414019377891432,0.0011912580354000557,0.004414019377891432,20,5,5,0,0,0,0,0,15,5,5,5,5,,1.0,0.25,1.0,NOT_ESTIMABLE,,,PROVISIONAL_SMALL_REQUEST_N,1.0,1.0,PROVISIONAL_SMALL_REQUEST_N,1.0,1.0,NOT_PRIMARY; use physical units and frozen spans
7,f7-d0ffa9b31525,FORMAL_10K,HELDOUT_TRIPLE_AUDIT,STRICT_LUMPED,f12d43eace12231077007dc497fee8dad00fbe58cb2f1fe2c6159c47636b97a0,selected_q_proxy,all_finite_diagnostic,emx_minus_frozen_proxy,Qmin,dimensionless,5,0.10348302603336065,0.10859295094662298,-0.07154424234329611,0.07984695922516138,0.14431686645500647,0.14574451596128987,PROVISIONAL_SMALL_REQUEST_N,5,0.07653584502634239,0.1308518252065241,0.07660635661846796,0.13335203471971055,-0.13043020704037894,0.0043536182689784654,0.0726232191434768,0.14717216546757328,0.07900372289287105,0.14717216546757328,0.07942534105901622,0.14717216546757328,20,5,5,0,0,0,0,0,15,5,5,5,5,,1.0,0.25,1.0,NOT_ESTIMABLE,,,PROVISIONAL_SMALL_REQUEST_N,1.0,1.0,PROVISIONAL_SMALL_REQUEST_N,1.0,1.0,NOT_PRIMARY; use physical units and frozen spans
7,f7-d0ffa9b31525,FORMAL_10K,HELDOUT_TRIPLE_AUDIT,STRICT_LUMPED,f12d43eace12231077007dc497fee8dad00fbe58cb2f1fe2c6159c47636b97a0,selected_q_proxy,all_finite_diagnostic,emx_minus_frozen_proxy,K_abs,dimensionless,5,0.0052458070485134674,0.007050326866959317,0.0010144424403127738,0.0023650524810543416,0.010987296476326536,0.01246067706351479,PROVISIONAL_SMALL_REQUEST_N,5,0.001818118654630141,0.010003106398311307,0.001838839239850769,0.01120991880046934,-0.004069990110795419,0.007418007838781915,0.001646204324685624,0.013934057650703047,0.002105657917177628,0.013934057650703047,0.0022353551991159846,0.013934057650703047,20,5,5,0,0,0,0,0,15,5,5,5,5,,1.0,0.25,1.0,NOT_ESTIMABLE,,,PROVISIONAL_SMALL_REQUEST_N,1.0,1.0,PROVISIONAL_SMALL_REQUEST_N,1.0,1.0,NOT_PRIMARY; use physical units and frozen spans
8,f8-dc2e68a2a478,FORMAL_10K,HELDOUT_TRIPLE_AUDIT,STRICT_LUMPED,f12d43eace12231077007dc497fee8dad00fbe58cb2f1fe2c6159c47636b97a0,all_candidates,strict_valid,emx_minus_target,Lp_nH,nH,40,0.019579667833078594,0.03436509432488582,0.008171458635619864,0.008384456205456692,0.045340308751312716,0.06769703860281208,PROVISIONAL_SMALL_REQUEST_N,5,0.01419934694681031,0.029798266341377513,0.02226912634496166,0.0511651692702678,-0.006612546034878163,0.02600329003982278,0.005397440391182062,0.011668484330792817,0.03464595555679526,0.08135925184260308,0.04270382630220737,0.14711549273087932,220,40,40,0,35,6,6,0,133,26,40,40,55,,0.4727272727272727,0.11818181818181818,0.65,NOT_ESTIMABLE,,,PROVISIONAL_SMALL_REQUEST_N,0.38181818181818183,0.5636363636363636,PROVISIONAL_SMALL_REQUEST_N,0.5333333333333333,0.8,NOT_PRIMARY; use physical units and frozen spans
8,f8-dc2e68a2a478,FORMAL_10K,HELDOUT_TRIPLE_AUDIT,STRICT_LUMPED,f12d43eace12231077007dc497fee8dad00fbe58cb2f1fe2c6159c47636b97a0,all_candidates,strict_valid,emx_minus_target,Ls_nH,nH,40,0.06773119063990143,0.12574848671922093,0.06199174402501834,0.005041605269985983,0.24291671917945112,0.29610481185753446,PROVISIONAL_SMALL_REQUEST_N,5,0.027878198175741418,0.10376682045738447,0.058275616020288294,0.1655522398448453,0.015739562234057963,0.10335721850122156,0.0033002111559288227,0.007710085038903358,0.0900715317570171,0.29291685174400195,0.1751969702660503,0.3771536180948297,220,40,40,0,35,6,6,0,133,26,40,40,55,,0.4727272727272727,0.11818181818181818,0.65,NOT_ESTIMABLE,,,PROVISIONAL_SMALL_REQUEST_N,0.38181818181818183,0.5636363636363636,PROVISIONAL_SMALL_REQUEST_N,0.5333333333333333,0.8,NOT_PRIMARY; use physical units and frozen spans
8,f8-dc2e68a2a478,FORMAL_10K,HELDOUT_TRIPLE_AUDIT,STRICT_LUMPED,f12d43eace12231077007dc497fee8dad00fbe58cb2f1fe2c6159c47636b97a0,all_candidates,strict_valid,emx_minus_target,Qmin,dimensionless,40,0.8409812475958502,1.5597786001695555,-0.8200253349507736,0.21235909131856623,2.744242808220021,3.3711325955719382,PROVISIONAL_SMALL_REQUEST_N,5,0.4578093361611217,1.1661674695108415,0.8093475530005941,1.9771048845702897,-1.1443689952008869,-0.44640514184556473,0.12110401092778389,0.2942362318327696,1.1214637738310693,3.1960979263004736,1.73623500637434,5.208362724860687,220,40,40,0,35,6,6,0,133,26,40,40,55,,0.4727272727272727,0.11818181818181818,0.65,NOT_ESTIMABLE,,,PROVISIONAL_SMALL_REQUEST_N,0.38181818181818183,0.5636363636363636,PROVISIONAL_SMALL_REQUEST_N,0.5333333333333333,0.8,NOT_PRIMARY; use physical units and frozen spans
8,f8-dc2e68a2a478,FORMAL_10K,HELDOUT_TRIPLE_AUDIT,STRICT_LUMPED,f12d43eace12231077007dc497fee8dad00fbe58cb2f1fe2c6159c47636b97a0,all_candidates,strict_valid,emx_minus_target,K_abs,dimensionless,40,0.03140338463767713,0.04854664392549264,-0.018872984272352965,0.011922241345075663,0.10072080165347959,0.11288456379761641,PROVISIONAL_SMALL_REQUEST_N,5,0.014825224652925649,0.04724364076078484,0.022623670817579072,0.0643242641450416,-0.03986577668937242,0.004749060406232038,0.008836025174208145,0.024431674013079552,0.036095187320030094,0.11274593204782951,0.05415458253746164,0.13260013428641018,220,40,40,0,35,6,6,0,133,26,40,40,55,,0.4727272727272727,0.11818181818181818,0.65,NOT_ESTIMABLE,,,PROVISIONAL_SMALL_REQUEST_N,0.38181818181818183,0.5636363636363636,PROVISIONAL_SMALL_REQUEST_N,0.5333333333333333,0.8,NOT_PRIMARY; use physical units and frozen spans
8,f8-dc2e68a2a478,FORMAL_10K,HELDOUT_TRIPLE_AUDIT,STRICT_LUMPED,f12d43eace12231077007dc497fee8dad00fbe58cb2f1fe2c6159c47636b97a0,all_candidates,strict_valid,emx_minus_frozen_proxy,Lp_nH,nH,40,0.007093931168084461,0.009269136559583932,0.0022859996294250897,0.005263121944710569,0.01459827184396825,0.018019645886026975,PROVISIONAL_SMALL_REQUEST_N,5,0.0057415929973544805,0.00831517215338947,0.006754722798964674,0.01106449952004926,-0.0008416254118388602,0.004519239397520403,0.00413853268309472,0.007495045386135213,0.010654235169365856,0.017940339367666258,0.011105443918054458,0.027578503076748653,220,40,40,0,35,6,6,0,133,26,40,40,55,,0.4727272727272727,0.11818181818181818,0.65,NOT_ESTIMABLE,,,PROVISIONAL_SMALL_REQUEST_N,0.38181818181818183,0.5636363636363636,PROVISIONAL_SMALL_REQUEST_N,0.5333333333333333,0.8,NOT_PRIMARY; use physical units and frozen spans
8,f8-dc2e68a2a478,FORMAL_10K,HELDOUT_TRIPLE_AUDIT,STRICT_LUMPED,f12d43eace12231077007dc497fee8dad00fbe58cb2f1fe2c6159c47636b97a0,all_candidates,strict_valid,emx_minus_frozen_proxy,Ls_nH,nH,40,0.00861980513245968,0.012062030436965068,0.007824491864075207,0.0049773343522432345,0.020528006615099414,0.026129092455053928,PROVISIONAL_SMALL_REQUEST_N,5,0.006917552671489764,0.010012557145980518,0.010205844189531387,0.013218763998220985,0.00604522047291813,0.009361431422438084,0.0028610092585721336,0.006435767198829989,0.016976348761645218,0.024887148054658928,0.020773109654243636,0.029816994547850362,220,40,40,0,35,6,6,0,133,26,40,40,55,,0.4727272727272727,0.11818181818181818,0.65,NOT_ESTIMABLE,,,PROVISIONAL_SMALL_REQUEST_N,0.38181818181818183,0.5636363636363636,PROVISIONAL_SMALL_REQUEST_N,0.5333333333333333,0.8,NOT_PRIMARY; use physical units and frozen spans
8,f8-dc2e68a2a478,FORMAL_10K,HELDOUT_TRIPLE_AUDIT,STRICT_LUMPED,f12d43eace12231077007dc497fee8dad00fbe58cb2f1fe2c6159c47636b97a0,all_candidates,strict_valid,emx_minus_frozen_proxy,Qmin,dimensionless,40,0.14240865969236202,0.18095649700935706,-0.11379819929250937,0.13111625603946564,0.33079963257983797,0.35082848408640765,PROVISIONAL_SMALL_REQUEST_N,5,0.09502652843384292,0.19834902641072877,0.12228192836071576,0.23276044735697599,-0.18161615272149953,-0.056038622426007566,0.08601531410368324,0.16114092252071188,0.1836409934688405,0.3535124833686666,0.20269935209215006,0.40496833571607826,220,40,40,0,35,6,6,0,133,26,40,40,55,,0.4727272727272727,0.11818181818181818,0.65,NOT_ESTIMABLE,,,PROVISIONAL_SMALL_REQUEST_N,0.38181818181818183,0.5636363636363636,PROVISIONAL_SMALL_REQUEST_N,0.5333333333333333,0.8,NOT_PRIMARY; use physical units and frozen spans
8,f8-dc2e68a2a478,FORMAL_10K,HELDOUT_TRIPLE_AUDIT,STRICT_LUMPED,f12d43eace12231077007dc497fee8dad00fbe58cb2f1fe2c6159c47636b97a0,all_candidates,strict_valid,emx_minus_frozen_proxy,K_abs,dimensionless,40,0.005923285118507604,0.0076322291113802235,0.0032335591424551683,0.0045797919628357,0.012444953233601843,0.013432884728934526,PROVISIONAL_SMALL_REQUEST_N,5,0.004179278577772392,0.007799385608708032,0.005816966626904587,0.009346388746048486,0.0017477871956483836,0.0047262101727389445,0.001819801355118722,0.00868248375941355,0.011094877099117384,0.014839712829002328,0.011121896441343336,0.019986911397712387,220,40,40,0,35,6,6,0,133,26,40,40,55,,0.4727272727272727,0.11818181818181818,0.65,NOT_ESTIMABLE,,,PROVISIONAL_SMALL_REQUEST_N,0.38181818181818183,0.5636363636363636,PROVISIONAL_SMALL_REQUEST_N,0.5333333333333333,0.8,NOT_PRIMARY; use physical units and frozen spans
8,f8-dc2e68a2a478,FORMAL_10K,HELDOUT_TRIPLE_AUDIT,STRICT_LUMPED,f12d43eace12231077007dc497fee8dad00fbe58cb2f1fe2c6159c47636b97a0,all_candidates,all_finite_diagnostic,emx_minus_target,Lp_nH,nH,40,0.019579667833078594,0.03436509432488582,0.008171458635619864,0.008384456205456692,0.045340308751312716,0.06769703860281208,PROVISIONAL_SMALL_REQUEST_N,5,0.01419934694681031,0.029798266341377513,0.02226912634496166,0.0511651692702678,-0.006612546034878163,0.02600329003982278,0.005397440391182062,0.011668484330792817,0.03464595555679526,0.08135925184260308,0.04270382630220737,0.14711549273087932,220,40,40,0,35,6,6,0,133,26,40,40,55,,0.4727272727272727,0.11818181818181818,0.65,NOT_ESTIMABLE,,,PROVISIONAL_SMALL_REQUEST_N,0.38181818181818183,0.5636363636363636,PROVISIONAL_SMALL_REQUEST_N,0.5333333333333333,0.8,NOT_PRIMARY; use physical units and frozen spans
8,f8-dc2e68a2a478,FORMAL_10K,HELDOUT_TRIPLE_AUDIT,STRICT_LUMPED,f12d43eace12231077007dc497fee8dad00fbe58cb2f1fe2c6159c47636b97a0,all_candidates,all_finite_diagnostic,emx_minus_target,Ls_nH,nH,40,0.06773119063990143,0.12574848671922093,0.06199174402501834,0.005041605269985983,0.24291671917945112,0.29610481185753446,PROVISIONAL_SMALL_REQUEST_N,5,0.027878198175741418,0.10376682045738447,0.058275616020288294,0.1655522398448453,0.015739562234057963,0.10335721850122156,0.0033002111559288227,0.007710085038903358,0.0900715317570171,0.29291685174400195,0.1751969702660503,0.3771536180948297,220,40,40,0,35,6,6,0,133,26,40,40,55,,0.4727272727272727,0.11818181818181818,0.65,NOT_ESTIMABLE,,,PROVISIONAL_SMALL_REQUEST_N,0.38181818181818183,0.5636363636363636,PROVISIONAL_SMALL_REQUEST_N,0.5333333333333333,0.8,NOT_PRIMARY; use physical units and frozen spans
8,f8-dc2e68a2a478,FORMAL_10K,HELDOUT_TRIPLE_AUDIT,STRICT_LUMPED,f12d43eace12231077007dc497fee8dad00fbe58cb2f1fe2c6159c47636b97a0,all_candidates,all_finite_diagnostic,emx_minus_target,Qmin,dimensionless,40,0.8409812475958502,1.5597786001695555,-0.8200253349507736,0.21235909131856623,2.744242808220021,3.3711325955719382,PROVISIONAL_SMALL_REQUEST_N,5,0.4578093361611217,1.1661674695108415,0.8093475530005941,1.9771048845702897,-1.1443689952008869,-0.44640514184556473,0.12110401092778389,0.2942362318327696,1.1214637738310693,3.1960979263004736,1.73623500637434,5.208362724860687,220,40,40,0,35,6,6,0,133,26,40,40,55,,0.4727272727272727,0.11818181818181818,0.65,NOT_ESTIMABLE,,,PROVISIONAL_SMALL_REQUEST_N,0.38181818181818183,0.5636363636363636,PROVISIONAL_SMALL_REQUEST_N,0.5333333333333333,0.8,NOT_PRIMARY; use physical units and frozen spans
8,f8-dc2e68a2a478,FORMAL_10K,HELDOUT_TRIPLE_AUDIT,STRICT_LUMPED,f12d43eace12231077007dc497fee8dad00fbe58cb2f1fe2c6159c47636b97a0,all_candidates,all_finite_diagnostic,emx_minus_target,K_abs,dimensionless,40,0.03140338463767713,0.04854664392549264,-0.018872984272352965,0.011922241345075663,0.10072080165347959,0.11288456379761641,PROVISIONAL_SMALL_REQUEST_N,5,0.014825224652925649,0.04724364076078484,0.022623670817579072,0.0643242641450416,-0.03986577668937242,0.004749060406232038,0.008836025174208145,0.024431674013079552,0.036095187320030094,0.11274593204782951,0.05415458253746164,0.13260013428641018,220,40,40,0,35,6,6,0,133,26,40,40,55,,0.4727272727272727,0.11818181818181818,0.65,NOT_ESTIMABLE,,,PROVISIONAL_SMALL_REQUEST_N,0.38181818181818183,0.5636363636363636,PROVISIONAL_SMALL_REQUEST_N,0.5333333333333333,0.8,NOT_PRIMARY; use physical units and frozen spans
8,f8-dc2e68a2a478,FORMAL_10K,HELDOUT_TRIPLE_AUDIT,STRICT_LUMPED,f12d43eace12231077007dc497fee8dad00fbe58cb2f1fe2c6159c47636b97a0,all_candidates,all_finite_diagnostic,emx_minus_frozen_proxy,Lp_nH,nH,40,0.007093931168084461,0.009269136559583932,0.0022859996294250897,0.005263121944710569,0.01459827184396825,0.018019645886026975,PROVISIONAL_SMALL_REQUEST_N,5,0.0057415929973544805,0.00831517215338947,0.006754722798964674,0.01106449952004926,-0.0008416254118388602,0.004519239397520403,0.00413853268309472,0.007495045386135213,0.010654235169365856,0.017940339367666258,0.011105443918054458,0.027578503076748653,220,40,40,0,35,6,6,0,133,26,40,40,55,,0.4727272727272727,0.11818181818181818,0.65,NOT_ESTIMABLE,,,PROVISIONAL_SMALL_REQUEST_N,0.38181818181818183,0.5636363636363636,PROVISIONAL_SMALL_REQUEST_N,0.5333333333333333,0.8,NOT_PRIMARY; use physical units and frozen spans
8,f8-dc2e68a2a478,FORMAL_10K,HELDOUT_TRIPLE_AUDIT,STRICT_LUMPED,f12d43eace12231077007dc497fee8dad00fbe58cb2f1fe2c6159c47636b97a0,all_candidates,all_finite_diagnostic,emx_minus_frozen_proxy,Ls_nH,nH,40,0.00861980513245968,0.012062030436965068,0.007824491864075207,0.0049773343522432345,0.020528006615099414,0.026129092455053928,PROVISIONAL_SMALL_REQUEST_N,5,0.006917552671489764,0.010012557145980518,0.010205844189531387,0.013218763998220985,0.00604522047291813,0.009361431422438084,0.0028610092585721336,0.006435767198829989,0.016976348761645218,0.024887148054658928,0.020773109654243636,0.029816994547850362,220,40,40,0,35,6,6,0,133,26,40,40,55,,0.4727272727272727,0.11818181818181818,0.65,NOT_ESTIMABLE,,,PROVISIONAL_SMALL_REQUEST_N,0.38181818181818183,0.5636363636363636,PROVISIONAL_SMALL_REQUEST_N,0.5333333333333333,0.8,NOT_PRIMARY; use physical units and frozen spans
8,f8-dc2e68a2a478,FORMAL_10K,HELDOUT_TRIPLE_AUDIT,STRICT_LUMPED,f12d43eace12231077007dc497fee8dad00fbe58cb2f1fe2c6159c47636b97a0,all_candidates,all_finite_diagnostic,emx_minus_frozen_proxy,Qmin,dimensionless,40,0.14240865969236202,0.18095649700935706,-0.11379819929250937,0.13111625603946564,0.33079963257983797,0.35082848408640765,PROVISIONAL_SMALL_REQUEST_N,5,0.09502652843384292,0.19834902641072877,0.12228192836071576,0.23276044735697599,-0.18161615272149953,-0.056038622426007566,0.08601531410368324,0.16114092252071188,0.1836409934688405,0.3535124833686666,0.20269935209215006,0.40496833571607826,220,40,40,0,35,6,6,0,133,26,40,40,55,,0.4727272727272727,0.11818181818181818,0.65,NOT_ESTIMABLE,,,PROVISIONAL_SMALL_REQUEST_N,0.38181818181818183,0.5636363636363636,PROVISIONAL_SMALL_REQUEST_N,0.5333333333333333,0.8,NOT_PRIMARY; use physical units and frozen spans
8,f8-dc2e68a2a478,FORMAL_10K,HELDOUT_TRIPLE_AUDIT,STRICT_LUMPED,f12d43eace12231077007dc497fee8dad00fbe58cb2f1fe2c6159c47636b97a0,all_candidates,all_finite_diagnostic,emx_minus_frozen_proxy,K_abs,dimensionless,40,0.005923285118507604,0.0076322291113802235,0.0032335591424551683,0.0045797919628357,0.012444953233601843,0.013432884728934526,PROVISIONAL_SMALL_REQUEST_N,5,0.004179278577772392,0.007799385608708032,0.005816966626904587,0.009346388746048486,0.0017477871956483836,0.0047262101727389445,0.001819801355118722,0.00868248375941355,0.011094877099117384,0.014839712829002328,0.011121896441343336,0.019986911397712387,220,40,40,0,35,6,6,0,133,26,40,40,55,,0.4727272727272727,0.11818181818181818,0.65,NOT_ESTIMABLE,,,PROVISIONAL_SMALL_REQUEST_N,0.38181818181818183,0.5636363636363636,PROVISIONAL_SMALL_REQUEST_N,0.5333333333333333,0.8,NOT_PRIMARY; use physical units and frozen spans
8,f8-dc2e68a2a478,FORMAL_10K,HELDOUT_TRIPLE_AUDIT,STRICT_LUMPED,f12d43eace12231077007dc497fee8dad00fbe58cb2f1fe2c6159c47636b97a0,selected_q_proxy,strict_valid,emx_minus_target,Lp_nH,nH,3,0.006195404721685597,0.006618778459415822,-0.0004196728707374457,0.006850435036915847,0.00830096522852095,0.00848228150247159,PROVISIONAL_SMALL_REQUEST_N,3,0.003072181351718717,0.008663597776422227,0.003072181351718717,0.008663597776422227,-0.006850435036915847,0.008663597776422227,0.003072181351718717,0.008663597776422227,0.003072181351718717,0.008663597776422227,0.003072181351718717,0.008663597776422227,20,3,3,0,2,2,0,0,13,3,3,3,5,,0.6,0.15,1.0,NOT_ESTIMABLE,,,PROVISIONAL_SMALL_REQUEST_N,0.2,1.0,PROVISIONAL_SMALL_REQUEST_N,1.0,1.0,NOT_PRIMARY; use physical units and frozen spans
8,f8-dc2e68a2a478,FORMAL_10K,HELDOUT_TRIPLE_AUDIT,STRICT_LUMPED,f12d43eace12231077007dc497fee8dad00fbe58cb2f1fe2c6159c47636b97a0,selected_q_proxy,strict_valid,emx_minus_target,Ls_nH,nH,3,0.0030093124066682777,0.0034665126139178212,0.0030093124066682777,0.0030379677712530917,0.004689382169408196,0.004895808969177583,PROVISIONAL_SMALL_REQUEST_N,3,0.0008877336798047697,0.005102235768946972,0.0008877336798047697,0.005102235768946972,0.0008877336798047697,0.005102235768946972,0.0008877336798047697,0.005102235768946972,0.0008877336798047697,0.005102235768946972,0.0008877336798047697,0.005102235768946972,20,3,3,0,2,2,0,0,13,3,3,3,5,,0.6,0.15,1.0,NOT_ESTIMABLE,,,PROVISIONAL_SMALL_REQUEST_N,0.2,1.0,PROVISIONAL_SMALL_REQUEST_N,1.0,1.0,NOT_PRIMARY; use physical units and frozen spans
8,f8-dc2e68a2a478,FORMAL_10K,HELDOUT_TRIPLE_AUDIT,STRICT_LUMPED,f12d43eace12231077007dc497fee8dad00fbe58cb2f1fe2c6159c47636b97a0,selected_q_proxy,strict_valid,emx_minus_target,Qmin,dimensionless,3,0.20710902268629225,0.24305597758186728,-0.17037921430804973,0.19979854107974937,0.33310675974536075,0.34977028707856217,PROVISIONAL_SMALL_REQUEST_N,3,0.05509471256736376,0.3664338144117636,0.05509471256736376,0.3664338144117636,-0.3664338144117636,0.05509471256736376,0.05509471256736376,0.3664338144117636,0.05509471256736376,0.3664338144117636,0.05509471256736376,0.3664338144117636,20,3,3,0,2,2,0,0,13,3,3,3,5,,0.6,0.15,1.0,NOT_ESTIMABLE,,,PROVISIONAL_SMALL_REQUEST_N,0.2,1.0,PROVISIONAL_SMALL_REQUEST_N,1.0,1.0,NOT_PRIMARY; use physical units and frozen spans
8,f8-dc2e68a2a478,FORMAL_10K,HELDOUT_TRIPLE_AUDIT,STRICT_LUMPED,f12d43eace12231077007dc497fee8dad00fbe58cb2f1fe2c6159c47636b97a0,selected_q_proxy,strict_valid,emx_minus_target,K_abs,dimensionless,3,0.005988581072889419,0.0072198260768772775,0.004330291607584256,0.0038403526571189617,0.010078435622297034,0.01085819599294429,PROVISIONAL_SMALL_REQUEST_N,3,0.002487434197957744,0.01163795636359155,0.002487434197957744,0.01163795636359155,-0.002487434197957744,0.01163795636359155,0.002487434197957744,0.01163795636359155,0.002487434197957744,0.01163795636359155,0.002487434197957744,0.01163795636359155,20,3,3,0,2,2,0,0,13,3,3,3,5,,0.6,0.15,1.0,NOT_ESTIMABLE,,,PROVISIONAL_SMALL_REQUEST_N,0.2,1.0,PROVISIONAL_SMALL_REQUEST_N,1.0,1.0,NOT_PRIMARY; use physical units and frozen spans
8,f8-dc2e68a2a478,FORMAL_10K,HELDOUT_TRIPLE_AUDIT,STRICT_LUMPED,f12d43eace12231077007dc497fee8dad00fbe58cb2f1fe2c6159c47636b97a0,selected_q_proxy,strict_valid,emx_minus_frozen_proxy,Lp_nH,nH,3,0.0033740808475554904,0.0037329282469267273,-0.0033740808475554904,0.00413853268309472,0.004693539925849688,0.004762915831194059,PROVISIONAL_SMALL_REQUEST_N,3,0.001151418123033321,0.00483229173653843,0.001151418123033321,0.00483229173653843,-0.00483229173653843,-0.001151418123033321,0.001151418123033321,0.00483229173653843,0.001151418123033321,0.00483229173653843,0.001151418123033321,0.00483229173653843,20,3,3,0,2,2,0,0,13,3,3,3,5,,0.6,0.15,1.0,NOT_ESTIMABLE,,,PROVISIONAL_SMALL_REQUEST_N,0.2,1.0,PROVISIONAL_SMALL_REQUEST_N,1.0,1.0,NOT_PRIMARY; use physical units and frozen spans
8,f8-dc2e68a2a478,FORMAL_10K,HELDOUT_TRIPLE_AUDIT,STRICT_LUMPED,f12d43eace12231077007dc497fee8dad00fbe58cb2f1fe2c6159c47636b97a0,selected_q_proxy,strict_valid,emx_minus_frozen_proxy,Ls_nH,nH,3,0.004533750826073398,0.004674325099322983,0.004533750826073398,0.004875441425483906,0.005554724715875281,0.005639635127174203,PROVISIONAL_SMALL_REQUEST_N,3,0.003001265514263163,0.005724545538473125,0.003001265514263163,0.005724545538473125,0.003001265514263163,0.005724545538473125,0.003001265514263163,0.005724545538473125,0.003001265514263163,0.005724545538473125,0.003001265514263163,0.005724545538473125,20,3,3,0,2,2,0,0,13,3,3,3,5,,0.6,0.15,1.0,NOT_ESTIMABLE,,,PROVISIONAL_SMALL_REQUEST_N,0.2,1.0,PROVISIONAL_SMALL_REQUEST_N,1.0,1.0,NOT_PRIMARY; use physical units and frozen spans
8,f8-dc2e68a2a478,FORMAL_10K,HELDOUT_TRIPLE_AUDIT,STRICT_LUMPED,f12d43eace12231077007dc497fee8dad00fbe58cb2f1fe2c6159c47636b97a0,selected_q_proxy,strict_valid,emx_minus_frozen_proxy,Qmin,dimensionless,3,0.1760205115372037,0.21618418627984268,-0.13522677900531535,0.11622138501285484,0.30376391764331,0.3272067342221168,PROVISIONAL_SMALL_REQUEST_N,3,0.06119059879783251,0.35064955080092375,0.06119059879783251,0.35064955080092375,-0.35064955080092375,0.06119059879783251,0.06119059879783251,0.35064955080092375,0.06119059879783251,0.35064955080092375,0.06119059879783251,0.35064955080092375,20,3,3,0,2,2,0,0,13,3,3,3,5,,0.6,0.15,1.0,NOT_ESTIMABLE,,,PROVISIONAL_SMALL_REQUEST_N,0.2,1.0,PROVISIONAL_SMALL_REQUEST_N,1.0,1.0,NOT_PRIMARY; use physical units and frozen spans
8,f8-dc2e68a2a478,FORMAL_10K,HELDOUT_TRIPLE_AUDIT,STRICT_LUMPED,f12d43eace12231077007dc497fee8dad00fbe58cb2f1fe2c6159c47636b97a0,selected_q_proxy,strict_valid,emx_minus_frozen_proxy,K_abs,dimensionless,3,0.005428217483692478,0.0073756743165419745,0.0028073391968664596,0.0031634066780414916,0.010515349352279026,0.011434342186558715,PROVISIONAL_SMALL_REQUEST_N,3,0.000767910752197537,0.012353335020838407,0.000767910752197537,0.012353335020838407,-0.0031634066780414916,0.012353335020838407,0.000767910752197537,0.012353335020838407,0.000767910752197537,0.012353335020838407,0.000767910752197537,0.012353335020838407,20,3,3,0,2,2,0,0,13,3,3,3,5,,0.6,0.15,1.0,NOT_ESTIMABLE,,,PROVISIONAL_SMALL_REQUEST_N,0.2,1.0,PROVISIONAL_SMALL_REQUEST_N,1.0,1.0,NOT_PRIMARY; use physical units and frozen spans
8,f8-dc2e68a2a478,FORMAL_10K,HELDOUT_TRIPLE_AUDIT,STRICT_LUMPED,f12d43eace12231077007dc497fee8dad00fbe58cb2f1fe2c6159c47636b97a0,selected_q_proxy,all_finite_diagnostic,emx_minus_target,Lp_nH,nH,3,0.006195404721685597,0.006618778459415822,-0.0004196728707374457,0.006850435036915847,0.00830096522852095,0.00848228150247159,PROVISIONAL_SMALL_REQUEST_N,3,0.003072181351718717,0.008663597776422227,0.003072181351718717,0.008663597776422227,-0.006850435036915847,0.008663597776422227,0.003072181351718717,0.008663597776422227,0.003072181351718717,0.008663597776422227,0.003072181351718717,0.008663597776422227,20,3,3,0,2,2,0,0,13,3,3,3,5,,0.6,0.15,1.0,NOT_ESTIMABLE,,,PROVISIONAL_SMALL_REQUEST_N,0.2,1.0,PROVISIONAL_SMALL_REQUEST_N,1.0,1.0,NOT_PRIMARY; use physical units and frozen spans
8,f8-dc2e68a2a478,FORMAL_10K,HELDOUT_TRIPLE_AUDIT,STRICT_LUMPED,f12d43eace12231077007dc497fee8dad00fbe58cb2f1fe2c6159c47636b97a0,selected_q_proxy,all_finite_diagnostic,emx_minus_target,Ls_nH,nH,3,0.0030093124066682777,0.0034665126139178212,0.0030093124066682777,0.0030379677712530917,0.004689382169408196,0.004895808969177583,PROVISIONAL_SMALL_REQUEST_N,3,0.0008877336798047697,0.005102235768946972,0.0008877336798047697,0.005102235768946972,0.0008877336798047697,0.005102235768946972,0.0008877336798047697,0.005102235768946972,0.0008877336798047697,0.005102235768946972,0.0008877336798047697,0.005102235768946972,20,3,3,0,2,2,0,0,13,3,3,3,5,,0.6,0.15,1.0,NOT_ESTIMABLE,,,PROVISIONAL_SMALL_REQUEST_N,0.2,1.0,PROVISIONAL_SMALL_REQUEST_N,1.0,1.0,NOT_PRIMARY; use physical units and frozen spans
8,f8-dc2e68a2a478,FORMAL_10K,HELDOUT_TRIPLE_AUDIT,STRICT_LUMPED,f12d43eace12231077007dc497fee8dad00fbe58cb2f1fe2c6159c47636b97a0,selected_q_proxy,all_finite_diagnostic,emx_minus_target,Qmin,dimensionless,3,0.20710902268629225,0.24305597758186728,-0.17037921430804973,0.19979854107974937,0.33310675974536075,0.34977028707856217,PROVISIONAL_SMALL_REQUEST_N,3,0.05509471256736376,0.3664338144117636,0.05509471256736376,0.3664338144117636,-0.3664338144117636,0.05509471256736376,0.05509471256736376,0.3664338144117636,0.05509471256736376,0.3664338144117636,0.05509471256736376,0.3664338144117636,20,3,3,0,2,2,0,0,13,3,3,3,5,,0.6,0.15,1.0,NOT_ESTIMABLE,,,PROVISIONAL_SMALL_REQUEST_N,0.2,1.0,PROVISIONAL_SMALL_REQUEST_N,1.0,1.0,NOT_PRIMARY; use physical units and frozen spans
8,f8-dc2e68a2a478,FORMAL_10K,HELDOUT_TRIPLE_AUDIT,STRICT_LUMPED,f12d43eace12231077007dc497fee8dad00fbe58cb2f1fe2c6159c47636b97a0,selected_q_proxy,all_finite_diagnostic,emx_minus_target,K_abs,dimensionless,3,0.005988581072889419,0.0072198260768772775,0.004330291607584256,0.0038403526571189617,0.010078435622297034,0.01085819599294429,PROVISIONAL_SMALL_REQUEST_N,3,0.002487434197957744,0.01163795636359155,0.002487434197957744,0.01163795636359155,-0.002487434197957744,0.01163795636359155,0.002487434197957744,0.01163795636359155,0.002487434197957744,0.01163795636359155,0.002487434197957744,0.01163795636359155,20,3,3,0,2,2,0,0,13,3,3,3,5,,0.6,0.15,1.0,NOT_ESTIMABLE,,,PROVISIONAL_SMALL_REQUEST_N,0.2,1.0,PROVISIONAL_SMALL_REQUEST_N,1.0,1.0,NOT_PRIMARY; use physical units and frozen spans
8,f8-dc2e68a2a478,FORMAL_10K,HELDOUT_TRIPLE_AUDIT,STRICT_LUMPED,f12d43eace12231077007dc497fee8dad00fbe58cb2f1fe2c6159c47636b97a0,selected_q_proxy,all_finite_diagnostic,emx_minus_frozen_proxy,Lp_nH,nH,3,0.0033740808475554904,0.0037329282469267273,-0.0033740808475554904,0.00413853268309472,0.004693539925849688,0.004762915831194059,PROVISIONAL_SMALL_REQUEST_N,3,0.001151418123033321,0.00483229173653843,0.001151418123033321,0.00483229173653843,-0.00483229173653843,-0.001151418123033321,0.001151418123033321,0.00483229173653843,0.001151418123033321,0.00483229173653843,0.001151418123033321,0.00483229173653843,20,3,3,0,2,2,0,0,13,3,3,3,5,,0.6,0.15,1.0,NOT_ESTIMABLE,,,PROVISIONAL_SMALL_REQUEST_N,0.2,1.0,PROVISIONAL_SMALL_REQUEST_N,1.0,1.0,NOT_PRIMARY; use physical units and frozen spans
8,f8-dc2e68a2a478,FORMAL_10K,HELDOUT_TRIPLE_AUDIT,STRICT_LUMPED,f12d43eace12231077007dc497fee8dad00fbe58cb2f1fe2c6159c47636b97a0,selected_q_proxy,all_finite_diagnostic,emx_minus_frozen_proxy,Ls_nH,nH,3,0.004533750826073398,0.004674325099322983,0.004533750826073398,0.004875441425483906,0.005554724715875281,0.005639635127174203,PROVISIONAL_SMALL_REQUEST_N,3,0.003001265514263163,0.005724545538473125,0.003001265514263163,0.005724545538473125,0.003001265514263163,0.005724545538473125,0.003001265514263163,0.005724545538473125,0.003001265514263163,0.005724545538473125,0.003001265514263163,0.005724545538473125,20,3,3,0,2,2,0,0,13,3,3,3,5,,0.6,0.15,1.0,NOT_ESTIMABLE,,,PROVISIONAL_SMALL_REQUEST_N,0.2,1.0,PROVISIONAL_SMALL_REQUEST_N,1.0,1.0,NOT_PRIMARY; use physical units and frozen spans
8,f8-dc2e68a2a478,FORMAL_10K,HELDOUT_TRIPLE_AUDIT,STRICT_LUMPED,f12d43eace12231077007dc497fee8dad00fbe58cb2f1fe2c6159c47636b97a0,selected_q_proxy,all_finite_diagnostic,emx_minus_frozen_proxy,Qmin,dimensionless,3,0.1760205115372037,0.21618418627984268,-0.13522677900531535,0.11622138501285484,0.30376391764331,0.3272067342221168,PROVISIONAL_SMALL_REQUEST_N,3,0.06119059879783251,0.35064955080092375,0.06119059879783251,0.35064955080092375,-0.35064955080092375,0.06119059879783251,0.06119059879783251,0.35064955080092375,0.06119059879783251,0.35064955080092375,0.06119059879783251,0.35064955080092375,20,3,3,0,2,2,0,0,13,3,3,3,5,,0.6,0.15,1.0,NOT_ESTIMABLE,,,PROVISIONAL_SMALL_REQUEST_N,0.2,1.0,PROVISIONAL_SMALL_REQUEST_N,1.0,1.0,NOT_PRIMARY; use physical units and frozen spans
8,f8-dc2e68a2a478,FORMAL_10K,HELDOUT_TRIPLE_AUDIT,STRICT_LUMPED,f12d43eace12231077007dc497fee8dad00fbe58cb2f1fe2c6159c47636b97a0,selected_q_proxy,all_finite_diagnostic,emx_minus_frozen_proxy,K_abs,dimensionless,3,0.005428217483692478,0.0073756743165419745,0.0028073391968664596,0.0031634066780414916,0.010515349352279026,0.011434342186558715,PROVISIONAL_SMALL_REQUEST_N,3,0.000767910752197537,0.012353335020838407,0.000767910752197537,0.012353335020838407,-0.0031634066780414916,0.012353335020838407,0.000767910752197537,0.012353335020838407,0.000767910752197537,0.012353335020838407,0.000767910752197537,0.012353335020838407,20,3,3,0,2,2,0,0,13,3,3,3,5,,0.6,0.15,1.0,NOT_ESTIMABLE,,,PROVISIONAL_SMALL_REQUEST_N,0.2,1.0,PROVISIONAL_SMALL_REQUEST_N,1.0,1.0,NOT_PRIMARY; use physical units and frozen spans
9,f9-0cd8cd2dd857,FORMAL_10K,HELDOUT_TRIPLE_AUDIT,STRICT_LUMPED,f12d43eace12231077007dc497fee8dad00fbe58cb2f1fe2c6159c47636b97a0,all_candidates,strict_valid,emx_minus_target,Lp_nH,nH,49,0.02921354432629129,0.059065316060783135,0.021845900175404342,0.007096322900132401,0.062423862231422475,0.1390075310581806,PROVISIONAL_SMALL_REQUEST_N,5,0.014582581115166028,0.05089971102232716,0.024671831575073938,0.09238477617362424,0.0034352497790480553,0.04435649497682537,0.005579945585553969,0.012887658306523164,0.046080121168331,0.21967803261028485,0.053559692233325316,0.23277539717670903,220,49,49,0,0,3,3,0,165,34,49,49,55,,0.6181818181818182,0.15454545454545454,0.6938775510204082,NOT_ESTIMABLE,,,PROVISIONAL_SMALL_REQUEST_N,0.5454545454545454,0.709545454545452,PROVISIONAL_SMALL_REQUEST_N,0.6326530612244898,0.7659574468085106,NOT_PRIMARY; use physical units and frozen spans
9,f9-0cd8cd2dd857,FORMAL_10K,HELDOUT_TRIPLE_AUDIT,STRICT_LUMPED,f12d43eace12231077007dc497fee8dad00fbe58cb2f1fe2c6159c47636b97a0,all_candidates,strict_valid,emx_minus_target,Ls_nH,nH,49,0.09204895480459517,0.16936815311672868,0.08172120590063334,0.012129521352920891,0.35075244256914984,0.4183688501978924,PROVISIONAL_SMALL_REQUEST_N,5,0.06503822565574427,0.11571049807557843,0.1271475909776239,0.1993149968013412,0.05027639014994384,0.10803459272563316,0.008985363541438696,0.015840988337679218,0.20744080171149037,0.4070676029994856,0.317008597506913,0.4607795590242541,220,49,49,0,0,3,3,0,165,34,49,49,55,,0.6181818181818182,0.15454545454545454,0.6938775510204082,NOT_ESTIMABLE,,,PROVISIONAL_SMALL_REQUEST_N,0.5454545454545454,0.709545454545452,PROVISIONAL_SMALL_REQUEST_N,0.6326530612244898,0.7659574468085106,NOT_PRIMARY; use physical units and frozen spans
9,f9-0cd8cd2dd857,FORMAL_10K,HELDOUT_TRIPLE_AUDIT,STRICT_LUMPED,f12d43eace12231077007dc497fee8dad00fbe58cb2f1fe2c6159c47636b97a0,all_candidates,strict_valid,emx_minus_target,Qmin,dimensionless,49,0.9649027397965074,1.7892102814295112,-0.8794737432083188,0.18627714025720543,3.5955954922856965,4.303553269664244,PROVISIONAL_SMALL_REQUEST_N,5,0.6927129245407032,1.2262049624420794,1.3381438194797681,2.1646218474199412,-1.146498807284755,-0.6013226347953645,0.14559528804299937,0.22148473199300867,2.4217619354310957,4.398200996353236,3.3382470663054855,5.368619454525117,220,49,49,0,0,3,3,0,165,34,49,49,55,,0.6181818181818182,0.15454545454545454,0.6938775510204082,NOT_ESTIMABLE,,,PROVISIONAL_SMALL_REQUEST_N,0.5454545454545454,0.709545454545452,PROVISIONAL_SMALL_REQUEST_N,0.6326530612244898,0.7659574468085106,NOT_PRIMARY; use physical units and frozen spans
9,f9-0cd8cd2dd857,FORMAL_10K,HELDOUT_TRIPLE_AUDIT,STRICT_LUMPED,f12d43eace12231077007dc497fee8dad00fbe58cb2f1fe2c6159c47636b97a0,all_candidates,strict_valid,emx_minus_target,K_abs,dimensionless,49,0.035906288375724994,0.05995073134099266,-0.03335847621947182,0.012501872213531828,0.11479097781184704,0.1423186267521663,PROVISIONAL_SMALL_REQUEST_N,5,0.023083561185415997,0.04739306370437031,0.04146056568162146,0.07320371448354186,-0.04412565754971076,-0.020878432036329032,0.007836893209369145,0.014760329764313407,0.06040536752227258,0.1438213159317337,0.10446420174972774,0.17631980186467452,220,49,49,0,0,3,3,0,165,34,49,49,55,,0.6181818181818182,0.15454545454545454,0.6938775510204082,NOT_ESTIMABLE,,,PROVISIONAL_SMALL_REQUEST_N,0.5454545454545454,0.709545454545452,PROVISIONAL_SMALL_REQUEST_N,0.6326530612244898,0.7659574468085106,NOT_PRIMARY; use physical units and frozen spans
9,f9-0cd8cd2dd857,FORMAL_10K,HELDOUT_TRIPLE_AUDIT,STRICT_LUMPED,f12d43eace12231077007dc497fee8dad00fbe58cb2f1fe2c6159c47636b97a0,all_candidates,strict_valid,emx_minus_frozen_proxy,Lp_nH,nH,49,0.005920131281091397,0.007721296533266455,0.0027957455645849618,0.004705572273994818,0.0123940537775316,0.014032586621901263,PROVISIONAL_SMALL_REQUEST_N,5,0.0045812809189678385,0.007276355961150474,0.005817980471912977,0.009184615539171008,0.0010949133897565153,0.004304842083825605,0.0029180079833407424,0.005659013378409572,0.01031881383517825,0.019003641026724916,0.011920480802542802,0.020520613200586655,220,49,49,0,0,3,3,0,165,34,49,49,55,,0.6181818181818182,0.15454545454545454,0.6938775510204082,NOT_ESTIMABLE,,,PROVISIONAL_SMALL_REQUEST_N,0.5454545454545454,0.709545454545452,PROVISIONAL_SMALL_REQUEST_N,0.6326530612244898,0.7659574468085106,NOT_PRIMARY; use physical units and frozen spans
9,f9-0cd8cd2dd857,FORMAL_10K,HELDOUT_TRIPLE_AUDIT,STRICT_LUMPED,f12d43eace12231077007dc497fee8dad00fbe58cb2f1fe2c6159c47636b97a0,all_candidates,strict_valid,emx_minus_frozen_proxy,Ls_nH,nH,49,0.007445544320324239,0.009141122621299605,-0.004798953540379738,0.007171641890502345,0.013775882320209189,0.016962283928387334,PROVISIONAL_SMALL_REQUEST_N,5,0.0047065069800904,0.009665904473461445,0.006287369368922243,0.01097987120417551,-0.007617140097048177,-0.002093593257695834,0.0024955602590391868,0.010204556190938963,0.011538440530150473,0.019797758754270367,0.013394903551135748,0.020915874669168888,220,49,49,0,0,3,3,0,165,34,49,49,55,,0.6181818181818182,0.15454545454545454,0.6938775510204082,NOT_ESTIMABLE,,,PROVISIONAL_SMALL_REQUEST_N,0.5454545454545454,0.709545454545452,PROVISIONAL_SMALL_REQUEST_N,0.6326530612244898,0.7659574468085106,NOT_PRIMARY; use physical units and frozen spans
9,f9-0cd8cd2dd857,FORMAL_10K,HELDOUT_TRIPLE_AUDIT,STRICT_LUMPED,f12d43eace12231077007dc497fee8dad00fbe58cb2f1fe2c6159c47636b97a0,all_candidates,strict_valid,emx_minus_frozen_proxy,Qmin,dimensionless,49,0.11795304723029232,0.14514181873958093,0.0687951471725405,0.08850796575498343,0.24246149346625287,0.25236977261244675,PROVISIONAL_SMALL_REQUEST_N,5,0.09201433583189168,0.15166895179616458,0.11208675485981959,0.17659697709461125,0.03397763981021925,0.10264520431650932,0.06843175802550583,0.14353534372001064,0.1951374317305561,0.252745141803576,0.200284821160567,0.3509749295253728,220,49,49,0,0,3,3,0,165,34,49,49,55,,0.6181818181818182,0.15454545454545454,0.6938775510204082,NOT_ESTIMABLE,,,PROVISIONAL_SMALL_REQUEST_N,0.5454545454545454,0.709545454545452,PROVISIONAL_SMALL_REQUEST_N,0.6326530612244898,0.7659574468085106,NOT_PRIMARY; use physical units and frozen spans
9,f9-0cd8cd2dd857,FORMAL_10K,HELDOUT_TRIPLE_AUDIT,STRICT_LUMPED,f12d43eace12231077007dc497fee8dad00fbe58cb2f1fe2c6159c47636b97a0,all_candidates,strict_valid,emx_minus_frozen_proxy,K_abs,dimensionless,49,0.006662936663303066,0.008437624449890341,-0.0037272820762361374,0.0055625989524216435,0.012923936776922811,0.01593049769695724,PROVISIONAL_SMALL_REQUEST_N,5,0.004195995652268965,0.01003420565253218,0.005176306342919345,0.012053467561054996,-0.007303583649182285,-0.0008380801306047062,0.0022599770203041436,0.009627081152430106,0.008576187935961488,0.017415393896948073,0.009237166050934303,0.023299090552217766,220,49,49,0,0,3,3,0,165,34,49,49,55,,0.6181818181818182,0.15454545454545454,0.6938775510204082,NOT_ESTIMABLE,,,PROVISIONAL_SMALL_REQUEST_N,0.5454545454545454,0.709545454545452,PROVISIONAL_SMALL_REQUEST_N,0.6326530612244898,0.7659574468085106,NOT_PRIMARY; use physical units and frozen spans
9,f9-0cd8cd2dd857,FORMAL_10K,HELDOUT_TRIPLE_AUDIT,STRICT_LUMPED,f12d43eace12231077007dc497fee8dad00fbe58cb2f1fe2c6159c47636b97a0,all_candidates,all_finite_diagnostic,emx_minus_target,Lp_nH,nH,49,0.02921354432629129,0.059065316060783135,0.021845900175404342,0.007096322900132401,0.062423862231422475,0.1390075310581806,PROVISIONAL_SMALL_REQUEST_N,5,0.014582581115166028,0.05089971102232716,0.024671831575073938,0.09238477617362424,0.0034352497790480553,0.04435649497682537,0.005579945585553969,0.012887658306523164,0.046080121168331,0.21967803261028485,0.053559692233325316,0.23277539717670903,220,49,49,0,0,3,3,0,165,34,49,49,55,,0.6181818181818182,0.15454545454545454,0.6938775510204082,NOT_ESTIMABLE,,,PROVISIONAL_SMALL_REQUEST_N,0.5454545454545454,0.709545454545452,PROVISIONAL_SMALL_REQUEST_N,0.6326530612244898,0.7659574468085106,NOT_PRIMARY; use physical units and frozen spans
9,f9-0cd8cd2dd857,FORMAL_10K,HELDOUT_TRIPLE_AUDIT,STRICT_LUMPED,f12d43eace12231077007dc497fee8dad00fbe58cb2f1fe2c6159c47636b97a0,all_candidates,all_finite_diagnostic,emx_minus_target,Ls_nH,nH,49,0.09204895480459517,0.16936815311672868,0.08172120590063334,0.012129521352920891,0.35075244256914984,0.4183688501978924,PROVISIONAL_SMALL_REQUEST_N,5,0.06503822565574427,0.11571049807557843,0.1271475909776239,0.1993149968013412,0.05027639014994384,0.10803459272563316,0.008985363541438696,0.015840988337679218,0.20744080171149037,0.4070676029994856,0.317008597506913,0.4607795590242541,220,49,49,0,0,3,3,0,165,34,49,49,55,,0.6181818181818182,0.15454545454545454,0.6938775510204082,NOT_ESTIMABLE,,,PROVISIONAL_SMALL_REQUEST_N,0.5454545454545454,0.709545454545452,PROVISIONAL_SMALL_REQUEST_N,0.6326530612244898,0.7659574468085106,NOT_PRIMARY; use physical units and frozen spans
9,f9-0cd8cd2dd857,FORMAL_10K,HELDOUT_TRIPLE_AUDIT,STRICT_LUMPED,f12d43eace12231077007dc497fee8dad00fbe58cb2f1fe2c6159c47636b97a0,all_candidates,all_finite_diagnostic,emx_minus_target,Qmin,dimensionless,49,0.9649027397965074,1.7892102814295112,-0.8794737432083188,0.18627714025720543,3.5955954922856965,4.303553269664244,PROVISIONAL_SMALL_REQUEST_N,5,0.6927129245407032,1.2262049624420794,1.3381438194797681,2.1646218474199412,-1.146498807284755,-0.6013226347953645,0.14559528804299937,0.22148473199300867,2.4217619354310957,4.398200996353236,3.3382470663054855,5.368619454525117,220,49,49,0,0,3,3,0,165,34,49,49,55,,0.6181818181818182,0.15454545454545454,0.6938775510204082,NOT_ESTIMABLE,,,PROVISIONAL_SMALL_REQUEST_N,0.5454545454545454,0.709545454545452,PROVISIONAL_SMALL_REQUEST_N,0.6326530612244898,0.7659574468085106,NOT_PRIMARY; use physical units and frozen spans
9,f9-0cd8cd2dd857,FORMAL_10K,HELDOUT_TRIPLE_AUDIT,STRICT_LUMPED,f12d43eace12231077007dc497fee8dad00fbe58cb2f1fe2c6159c47636b97a0,all_candidates,all_finite_diagnostic,emx_minus_target,K_abs,dimensionless,49,0.035906288375724994,0.05995073134099266,-0.03335847621947182,0.012501872213531828,0.11479097781184704,0.1423186267521663,PROVISIONAL_SMALL_REQUEST_N,5,0.023083561185415997,0.04739306370437031,0.04146056568162146,0.07320371448354186,-0.04412565754971076,-0.020878432036329032,0.007836893209369145,0.014760329764313407,0.06040536752227258,0.1438213159317337,0.10446420174972774,0.17631980186467452,220,49,49,0,0,3,3,0,165,34,49,49,55,,0.6181818181818182,0.15454545454545454,0.6938775510204082,NOT_ESTIMABLE,,,PROVISIONAL_SMALL_REQUEST_N,0.5454545454545454,0.709545454545452,PROVISIONAL_SMALL_REQUEST_N,0.6326530612244898,0.7659574468085106,NOT_PRIMARY; use physical units and frozen spans
9,f9-0cd8cd2dd857,FORMAL_10K,HELDOUT_TRIPLE_AUDIT,STRICT_LUMPED,f12d43eace12231077007dc497fee8dad00fbe58cb2f1fe2c6159c47636b97a0,all_candidates,all_finite_diagnostic,emx_minus_frozen_proxy,Lp_nH,nH,49,0.005920131281091397,0.007721296533266455,0.0027957455645849618,0.004705572273994818,0.0123940537775316,0.014032586621901263,PROVISIONAL_SMALL_REQUEST_N,5,0.0045812809189678385,0.007276355961150474,0.005817980471912977,0.009184615539171008,0.0010949133897565153,0.004304842083825605,0.0029180079833407424,0.005659013378409572,0.01031881383517825,0.019003641026724916,0.011920480802542802,0.020520613200586655,220,49,49,0,0,3,3,0,165,34,49,49,55,,0.6181818181818182,0.15454545454545454,0.6938775510204082,NOT_ESTIMABLE,,,PROVISIONAL_SMALL_REQUEST_N,0.5454545454545454,0.709545454545452,PROVISIONAL_SMALL_REQUEST_N,0.6326530612244898,0.7659574468085106,NOT_PRIMARY; use physical units and frozen spans
9,f9-0cd8cd2dd857,FORMAL_10K,HELDOUT_TRIPLE_AUDIT,STRICT_LUMPED,f12d43eace12231077007dc497fee8dad00fbe58cb2f1fe2c6159c47636b97a0,all_candidates,all_finite_diagnostic,emx_minus_frozen_proxy,Ls_nH,nH,49,0.007445544320324239,0.009141122621299605,-0.004798953540379738,0.007171641890502345,0.013775882320209189,0.016962283928387334,PROVISIONAL_SMALL_REQUEST_N,5,0.0047065069800904,0.009665904473461445,0.006287369368922243,0.01097987120417551,-0.007617140097048177,-0.002093593257695834,0.0024955602590391868,0.010204556190938963,0.011538440530150473,0.019797758754270367,0.013394903551135748,0.020915874669168888,220,49,49,0,0,3,3,0,165,34,49,49,55,,0.6181818181818182,0.15454545454545454,0.6938775510204082,NOT_ESTIMABLE,,,PROVISIONAL_SMALL_REQUEST_N,0.5454545454545454,0.709545454545452,PROVISIONAL_SMALL_REQUEST_N,0.6326530612244898,0.7659574468085106,NOT_PRIMARY; use physical units and frozen spans
9,f9-0cd8cd2dd857,FORMAL_10K,HELDOUT_TRIPLE_AUDIT,STRICT_LUMPED,f12d43eace12231077007dc497fee8dad00fbe58cb2f1fe2c6159c47636b97a0,all_candidates,all_finite_diagnostic,emx_minus_frozen_proxy,Qmin,dimensionless,49,0.11795304723029232,0.14514181873958093,0.0687951471725405,0.08850796575498343,0.24246149346625287,0.25236977261244675,PROVISIONAL_SMALL_REQUEST_N,5,0.09201433583189168,0.15166895179616458,0.11208675485981959,0.17659697709461125,0.03397763981021925,0.10264520431650932,0.06843175802550583,0.14353534372001064,0.1951374317305561,0.252745141803576,0.200284821160567,0.3509749295253728,220,49,49,0,0,3,3,0,165,34,49,49,55,,0.6181818181818182,0.15454545454545454,0.6938775510204082,NOT_ESTIMABLE,,,PROVISIONAL_SMALL_REQUEST_N,0.5454545454545454,0.709545454545452,PROVISIONAL_SMALL_REQUEST_N,0.6326530612244898,0.7659574468085106,NOT_PRIMARY; use physical units and frozen spans
9,f9-0cd8cd2dd857,FORMAL_10K,HELDOUT_TRIPLE_AUDIT,STRICT_LUMPED,f12d43eace12231077007dc497fee8dad00fbe58cb2f1fe2c6159c47636b97a0,all_candidates,all_finite_diagnostic,emx_minus_frozen_proxy,K_abs,dimensionless,49,0.006662936663303066,0.008437624449890341,-0.0037272820762361374,0.0055625989524216435,0.012923936776922811,0.01593049769695724,PROVISIONAL_SMALL_REQUEST_N,5,0.004195995652268965,0.01003420565253218,0.005176306342919345,0.012053467561054996,-0.007303583649182285,-0.0008380801306047062,0.0022599770203041436,0.009627081152430106,0.008576187935961488,0.017415393896948073,0.009237166050934303,0.023299090552217766,220,49,49,0,0,3,3,0,165,34,49,49,55,,0.6181818181818182,0.15454545454545454,0.6938775510204082,NOT_ESTIMABLE,,,PROVISIONAL_SMALL_REQUEST_N,0.5454545454545454,0.709545454545452,PROVISIONAL_SMALL_REQUEST_N,0.6326530612244898,0.7659574468085106,NOT_PRIMARY; use physical units and frozen spans
9,f9-0cd8cd2dd857,FORMAL_10K,HELDOUT_TRIPLE_AUDIT,STRICT_LUMPED,f12d43eace12231077007dc497fee8dad00fbe58cb2f1fe2c6159c47636b97a0,selected_q_proxy,strict_valid,emx_minus_target,Lp_nH,nH,5,0.00315569622388403,0.0035376260829711966,-0.0016618308367013057,0.0025888581363623375,0.005016486030092571,0.005594498575176709,PROVISIONAL_SMALL_REQUEST_N,5,0.002011637014455192,0.004755182946723146,0.00203455521379523,0.005078945937643767,-0.004299755433312869,0.000976093759910257,0.001758730489963778,0.0061725111202608485,0.002343688073014616,0.0061725111202608485,0.0024662731046884764,0.0061725111202608485,20,5,5,0,0,0,0,0,15,5,5,5,5,,1.0,0.25,1.0,NOT_ESTIMABLE,,,PROVISIONAL_SMALL_REQUEST_N,1.0,1.0,PROVISIONAL_SMALL_REQUEST_N,1.0,1.0,NOT_PRIMARY; use physical units and frozen spans
9,f9-0cd8cd2dd857,FORMAL_10K,HELDOUT_TRIPLE_AUDIT,STRICT_LUMPED,f12d43eace12231077007dc497fee8dad00fbe58cb2f1fe2c6159c47636b97a0,selected_q_proxy,strict_valid,emx_minus_target,Ls_nH,nH,5,0.008309009424699499,0.00970701832114056,-0.008309009424699499,0.0059624708204910615,0.014351441213733463,0.015619782313166252,PROVISIONAL_SMALL_REQUEST_N,5,0.004484461582144261,0.012712023889599822,0.004811772978983621,0.013945410898048929,-0.012712023889599822,-0.004484461582144261,0.0023493312947668876,0.016888123412599043,0.0058969639643768005,0.016888123412599043,0.005929717392433931,0.016888123412599043,20,5,5,0,0,0,0,0,15,5,5,5,5,,1.0,0.25,1.0,NOT_ESTIMABLE,,,PROVISIONAL_SMALL_REQUEST_N,1.0,1.0,PROVISIONAL_SMALL_REQUEST_N,1.0,1.0,NOT_PRIMARY; use physical units and frozen spans
9,f9-0cd8cd2dd857,FORMAL_10K,HELDOUT_TRIPLE_AUDIT,STRICT_LUMPED,f12d43eace12231077007dc497fee8dad00fbe58cb2f1fe2c6159c47636b97a0,selected_q_proxy,strict_valid,emx_minus_target,Qmin,dimensionless,5,0.06939102689876578,0.07396804865291991,-0.034757862192131485,0.07422867356397234,0.09680297663067564,0.10426538072875607,PROVISIONAL_SMALL_REQUEST_N,5,0.049478899419428755,0.0917845692827111,0.05126053189061824,0.09530006382115157,-0.0892657362236104,0.01978742999383982,0.03707209339751216,0.11172778482683654,0.06434153148601282,0.11172778482683654,0.06928510252499258,0.11172778482683654,20,5,5,0,0,0,0,0,15,5,5,5,5,,1.0,0.25,1.0,NOT_ESTIMABLE,,,PROVISIONAL_SMALL_REQUEST_N,1.0,1.0,PROVISIONAL_SMALL_REQUEST_N,1.0,1.0,NOT_PRIMARY; use physical units and frozen spans
9,f9-0cd8cd2dd857,FORMAL_10K,HELDOUT_TRIPLE_AUDIT,STRICT_LUMPED,f12d43eace12231077007dc497fee8dad00fbe58cb2f1fe2c6159c47636b97a0,selected_q_proxy,strict_valid,emx_minus_target,K_abs,dimensionless,5,0.007000608711567724,0.008308252917761322,-0.00021232372864362636,0.004064244660034688,0.01261274509364919,0.013072200425855695,PROVISIONAL_SMALL_REQUEST_N,5,0.003281954549091759,0.010912610742936058,0.0033201993403205263,0.011687613547680126,-0.006865665050375136,0.007476096322773707,0.002733707343464009,0.0135316557580622,0.0038141694757200307,0.0135316557580622,0.003939207067877359,0.0135316557580622,20,5,5,0,0,0,0,0,15,5,5,5,5,,1.0,0.25,1.0,NOT_ESTIMABLE,,,PROVISIONAL_SMALL_REQUEST_N,1.0,1.0,PROVISIONAL_SMALL_REQUEST_N,1.0,1.0,NOT_PRIMARY; use physical units and frozen spans
9,f9-0cd8cd2dd857,FORMAL_10K,HELDOUT_TRIPLE_AUDIT,STRICT_LUMPED,f12d43eace12231077007dc497fee8dad00fbe58cb2f1fe2c6159c47636b97a0,selected_q_proxy,strict_valid,emx_minus_frozen_proxy,Lp_nH,nH,5,0.0025714083799535103,0.002800769363435106,-0.0009850867547575247,0.0031409734705920567,0.003425667335161009,0.0034584787103202784,PROVISIONAL_SMALL_REQUEST_N,5,0.0014675726349026252,0.0033556040121835106,0.0019357518947895715,0.003358121168991263,-0.003071888903410569,0.0015614821526714006,0.0004745139775104157,0.003491290085479548,0.0028537965449561666,0.003491290085479548,0.002997385007774111,0.003491290085479548,20,5,5,0,0,0,0,0,15,5,5,5,5,,1.0,0.25,1.0,NOT_ESTIMABLE,,,PROVISIONAL_SMALL_REQUEST_N,1.0,1.0,PROVISIONAL_SMALL_REQUEST_N,1.0,1.0,NOT_PRIMARY; use physical units and frozen spans
9,f9-0cd8cd2dd857,FORMAL_10K,HELDOUT_TRIPLE_AUDIT,STRICT_LUMPED,f12d43eace12231077007dc497fee8dad00fbe58cb2f1fe2c6159c47636b97a0,selected_q_proxy,strict_valid,emx_minus_frozen_proxy,Ls_nH,nH,5,0.007915080233909966,0.009113186829053942,-0.007915080233909966,0.007171641890502345,0.013003216206674795,0.01444453504531058,PROVISIONAL_SMALL_REQUEST_N,5,0.004569786659833941,0.012078531611779497,0.004973720732069017,0.012957357249298002,-0.012078531611779497,-0.004569786659833941,0.0022751911877776365,0.015885853883946366,0.006528366940923825,0.015885853883946366,0.006850004415713084,0.015885853883946366,20,5,5,0,0,0,0,0,15,5,5,5,5,,1.0,0.25,1.0,NOT_ESTIMABLE,,,PROVISIONAL_SMALL_REQUEST_N,1.0,1.0,PROVISIONAL_SMALL_REQUEST_N,1.0,1.0,NOT_PRIMARY; use physical units and frozen spans
9,f9-0cd8cd2dd857,FORMAL_10K,HELDOUT_TRIPLE_AUDIT,STRICT_LUMPED,f12d43eace12231077007dc497fee8dad00fbe58cb2f1fe2c6159c47636b97a0,selected_q_proxy,strict_valid,emx_minus_frozen_proxy,Qmin,dimensionless,5,0.05646530668392202,0.06007716622465986,-0.025471744638420547,0.05424650621875848,0.07915383001895648,0.08686536796977151,PROVISIONAL_SMALL_REQUEST_N,5,0.04184203916362417,0.07595742444892224,0.04237441100865187,0.07940418682957473,-0.0707332080890403,0.020144260801749782,0.0356740068496606,0.09457690592058654,0.04927186303689233,0.09457690592058654,0.0517591846278254,0.09457690592058654,20,5,5,0,0,0,0,0,15,5,5,5,5,,1.0,0.25,1.0,NOT_ESTIMABLE,,,PROVISIONAL_SMALL_REQUEST_N,1.0,1.0,PROVISIONAL_SMALL_REQUEST_N,1.0,1.0,NOT_PRIMARY; use physical units and frozen spans
9,f9-0cd8cd2dd857,FORMAL_10K,HELDOUT_TRIPLE_AUDIT,STRICT_LUMPED,f12d43eace12231077007dc497fee8dad00fbe58cb2f1fe2c6159c47636b97a0,selected_q_proxy,strict_valid,emx_minus_frozen_proxy,K_abs,dimensionless,5,0.006926267537699998,0.008367130841723759,0.00030356180459364945,0.00394287878597227,0.012814229888391628,0.01360872824377528,PROVISIONAL_SMALL_REQUEST_N,5,0.0031303747496457036,0.011164713068854082,0.003226024218977051,0.012131984053881528,-0.006312747299223815,0.007964098693608684,0.0021831507245529402,0.014403226599158936,0.0038342659742134355,0.014403226599158936,0.003888572380092853,0.014403226599158936,20,5,5,0,0,0,0,0,15,5,5,5,5,,1.0,0.25,1.0,NOT_ESTIMABLE,,,PROVISIONAL_SMALL_REQUEST_N,1.0,1.0,PROVISIONAL_SMALL_REQUEST_N,1.0,1.0,NOT_PRIMARY; use physical units and frozen spans
9,f9-0cd8cd2dd857,FORMAL_10K,HELDOUT_TRIPLE_AUDIT,STRICT_LUMPED,f12d43eace12231077007dc497fee8dad00fbe58cb2f1fe2c6159c47636b97a0,selected_q_proxy,all_finite_diagnostic,emx_minus_target,Lp_nH,nH,5,0.00315569622388403,0.0035376260829711966,-0.0016618308367013057,0.0025888581363623375,0.005016486030092571,0.005594498575176709,PROVISIONAL_SMALL_REQUEST_N,5,0.002011637014455192,0.004755182946723146,0.00203455521379523,0.005078945937643767,-0.004299755433312869,0.000976093759910257,0.001758730489963778,0.0061725111202608485,0.002343688073014616,0.0061725111202608485,0.0024662731046884764,0.0061725111202608485,20,5,5,0,0,0,0,0,15,5,5,5,5,,1.0,0.25,1.0,NOT_ESTIMABLE,,,PROVISIONAL_SMALL_REQUEST_N,1.0,1.0,PROVISIONAL_SMALL_REQUEST_N,1.0,1.0,NOT_PRIMARY; use physical units and frozen spans
9,f9-0cd8cd2dd857,FORMAL_10K,HELDOUT_TRIPLE_AUDIT,STRICT_LUMPED,f12d43eace12231077007dc497fee8dad00fbe58cb2f1fe2c6159c47636b97a0,selected_q_proxy,all_finite_diagnostic,emx_minus_target,Ls_nH,nH,5,0.008309009424699499,0.00970701832114056,-0.008309009424699499,0.0059624708204910615,0.014351441213733463,0.015619782313166252,PROVISIONAL_SMALL_REQUEST_N,5,0.004484461582144261,0.012712023889599822,0.004811772978983621,0.013945410898048929,-0.012712023889599822,-0.004484461582144261,0.0023493312947668876,0.016888123412599043,0.0058969639643768005,0.016888123412599043,0.005929717392433931,0.016888123412599043,20,5,5,0,0,0,0,0,15,5,5,5,5,,1.0,0.25,1.0,NOT_ESTIMABLE,,,PROVISIONAL_SMALL_REQUEST_N,1.0,1.0,PROVISIONAL_SMALL_REQUEST_N,1.0,1.0,NOT_PRIMARY; use physical units and frozen spans
9,f9-0cd8cd2dd857,FORMAL_10K,HELDOUT_TRIPLE_AUDIT,STRICT_LUMPED,f12d43eace12231077007dc497fee8dad00fbe58cb2f1fe2c6159c47636b97a0,selected_q_proxy,all_finite_diagnostic,emx_minus_target,Qmin,dimensionless,5,0.06939102689876578,0.07396804865291991,-0.034757862192131485,0.07422867356397234,0.09680297663067564,0.10426538072875607,PROVISIONAL_SMALL_REQUEST_N,5,0.049478899419428755,0.0917845692827111,0.05126053189061824,0.09530006382115157,-0.0892657362236104,0.01978742999383982,0.03707209339751216,0.11172778482683654,0.06434153148601282,0.11172778482683654,0.06928510252499258,0.11172778482683654,20,5,5,0,0,0,0,0,15,5,5,5,5,,1.0,0.25,1.0,NOT_ESTIMABLE,,,PROVISIONAL_SMALL_REQUEST_N,1.0,1.0,PROVISIONAL_SMALL_REQUEST_N,1.0,1.0,NOT_PRIMARY; use physical units and frozen spans
9,f9-0cd8cd2dd857,FORMAL_10K,HELDOUT_TRIPLE_AUDIT,STRICT_LUMPED,f12d43eace12231077007dc497fee8dad00fbe58cb2f1fe2c6159c47636b97a0,selected_q_proxy,all_finite_diagnostic,emx_minus_target,K_abs,dimensionless,5,0.007000608711567724,0.008308252917761322,-0.00021232372864362636,0.004064244660034688,0.01261274509364919,0.013072200425855695,PROVISIONAL_SMALL_REQUEST_N,5,0.003281954549091759,0.010912610742936058,0.0033201993403205263,0.011687613547680126,-0.006865665050375136,0.007476096322773707,0.002733707343464009,0.0135316557580622,0.0038141694757200307,0.0135316557580622,0.003939207067877359,0.0135316557580622,20,5,5,0,0,0,0,0,15,5,5,5,5,,1.0,0.25,1.0,NOT_ESTIMABLE,,,PROVISIONAL_SMALL_REQUEST_N,1.0,1.0,PROVISIONAL_SMALL_REQUEST_N,1.0,1.0,NOT_PRIMARY; use physical units and frozen spans
9,f9-0cd8cd2dd857,FORMAL_10K,HELDOUT_TRIPLE_AUDIT,STRICT_LUMPED,f12d43eace12231077007dc497fee8dad00fbe58cb2f1fe2c6159c47636b97a0,selected_q_proxy,all_finite_diagnostic,emx_minus_frozen_proxy,Lp_nH,nH,5,0.0025714083799535103,0.002800769363435106,-0.0009850867547575247,0.0031409734705920567,0.003425667335161009,0.0034584787103202784,PROVISIONAL_SMALL_REQUEST_N,5,0.0014675726349026252,0.0033556040121835106,0.0019357518947895715,0.003358121168991263,-0.003071888903410569,0.0015614821526714006,0.0004745139775104157,0.003491290085479548,0.0028537965449561666,0.003491290085479548,0.002997385007774111,0.003491290085479548,20,5,5,0,0,0,0,0,15,5,5,5,5,,1.0,0.25,1.0,NOT_ESTIMABLE,,,PROVISIONAL_SMALL_REQUEST_N,1.0,1.0,PROVISIONAL_SMALL_REQUEST_N,1.0,1.0,NOT_PRIMARY; use physical units and frozen spans
9,f9-0cd8cd2dd857,FORMAL_10K,HELDOUT_TRIPLE_AUDIT,STRICT_LUMPED,f12d43eace12231077007dc497fee8dad00fbe58cb2f1fe2c6159c47636b97a0,selected_q_proxy,all_finite_diagnostic,emx_minus_frozen_proxy,Ls_nH,nH,5,0.007915080233909966,0.009113186829053942,-0.007915080233909966,0.007171641890502345,0.013003216206674795,0.01444453504531058,PROVISIONAL_SMALL_REQUEST_N,5,0.004569786659833941,0.012078531611779497,0.004973720732069017,0.012957357249298002,-0.012078531611779497,-0.004569786659833941,0.0022751911877776365,0.015885853883946366,0.006528366940923825,0.015885853883946366,0.006850004415713084,0.015885853883946366,20,5,5,0,0,0,0,0,15,5,5,5,5,,1.0,0.25,1.0,NOT_ESTIMABLE,,,PROVISIONAL_SMALL_REQUEST_N,1.0,1.0,PROVISIONAL_SMALL_REQUEST_N,1.0,1.0,NOT_PRIMARY; use physical units and frozen spans
9,f9-0cd8cd2dd857,FORMAL_10K,HELDOUT_TRIPLE_AUDIT,STRICT_LUMPED,f12d43eace12231077007dc497fee8dad00fbe58cb2f1fe2c6159c47636b97a0,selected_q_proxy,all_finite_diagnostic,emx_minus_frozen_proxy,Qmin,dimensionless,5,0.05646530668392202,0.06007716622465986,-0.025471744638420547,0.05424650621875848,0.07915383001895648,0.08686536796977151,PROVISIONAL_SMALL_REQUEST_N,5,0.04184203916362417,0.07595742444892224,0.04237441100865187,0.07940418682957473,-0.0707332080890403,0.020144260801749782,0.0356740068496606,0.09457690592058654,0.04927186303689233,0.09457690592058654,0.0517591846278254,0.09457690592058654,20,5,5,0,0,0,0,0,15,5,5,5,5,,1.0,0.25,1.0,NOT_ESTIMABLE,,,PROVISIONAL_SMALL_REQUEST_N,1.0,1.0,PROVISIONAL_SMALL_REQUEST_N,1.0,1.0,NOT_PRIMARY; use physical units and frozen spans
9,f9-0cd8cd2dd857,FORMAL_10K,HELDOUT_TRIPLE_AUDIT,STRICT_LUMPED,f12d43eace12231077007dc497fee8dad00fbe58cb2f1fe2c6159c47636b97a0,selected_q_proxy,all_finite_diagnostic,emx_minus_frozen_proxy,K_abs,dimensionless,5,0.006926267537699998,0.008367130841723759,0.00030356180459364945,0.00394287878597227,0.012814229888391628,0.01360872824377528,PROVISIONAL_SMALL_REQUEST_N,5,0.0031303747496457036,0.011164713068854082,0.003226024218977051,0.012131984053881528,-0.006312747299223815,0.007964098693608684,0.0021831507245529402,0.014403226599158936,0.0038342659742134355,0.014403226599158936,0.003888572380092853,0.014403226599158936,20,5,5,0,0,0,0,0,15,5,5,5,5,,1.0,0.25,1.0,NOT_ESTIMABLE,,,PROVISIONAL_SMALL_REQUEST_N,1.0,1.0,PROVISIONAL_SMALL_REQUEST_N,1.0,1.0,NOT_PRIMARY; use physical units and frozen spans
11,f11-07165966aa39,FORMAL_10K,HELDOUT_TRIPLE_AUDIT,STRICT_LUMPED,f12d43eace12231077007dc497fee8dad00fbe58cb2f1fe2c6159c47636b97a0,all_candidates,strict_valid,emx_minus_target,Lp_nH,nH,48,0.1057394817940256,0.16641202944756828,-0.09976280826995478,0.024248971971738698,0.32417094897412496,0.3537803534571619,PROVISIONAL_SMALL_REQUEST_N,5,0.07310810992081428,0.13565938538561464,0.12376976039713375,0.19767916608602235,-0.13003695397320916,-0.06793702625263756,0.013358405555302877,0.048830498344065276,0.22938062588566197,0.3826346445401769,0.24328463354062713,0.4089799754022293,220,50,48,2,0,5,0,0,165,27,50,50,55,,0.4909090909090909,0.12272727272727273,0.5625,NOT_ESTIMABLE,,,PROVISIONAL_SMALL_REQUEST_N,0.38181818181818183,0.5818181818181818,PROVISIONAL_SMALL_REQUEST_N,0.46511627906976744,0.6530612244897959,NOT_PRIMARY; use physical units and frozen spans
11,f11-07165966aa39,FORMAL_10K,HELDOUT_TRIPLE_AUDIT,STRICT_LUMPED,f12d43eace12231077007dc497fee8dad00fbe58cb2f1fe2c6159c47636b97a0,all_candidates,strict_valid,emx_minus_target,Ls_nH,nH,48,0.054633327916092704,0.08382971675110418,0.048666203739851276,0.020374316110105095,0.16783480785834556,0.19495584430664448,PROVISIONAL_SMALL_REQUEST_N,5,0.04036104670747487,0.07881383713036295,0.058747069607775794,0.11292734908068876,0.03605651017955108,0.06803308685614802,0.009329497915530505,0.03956262276739797,0.08277891901579326,0.21550997762912094,0.10351257800841424,0.22061972156812626,220,50,48,2,0,5,0,0,165,27,50,50,55,,0.4909090909090909,0.12272727272727273,0.5625,NOT_ESTIMABLE,,,PROVISIONAL_SMALL_REQUEST_N,0.38181818181818183,0.5818181818181818,PROVISIONAL_SMALL_REQUEST_N,0.46511627906976744,0.6530612244897959,NOT_PRIMARY; use physical units and frozen spans
11,f11-07165966aa39,FORMAL_10K,HELDOUT_TRIPLE_AUDIT,STRICT_LUMPED,f12d43eace12231077007dc497fee8dad00fbe58cb2f1fe2c6159c47636b97a0,all_candidates,strict_valid,emx_minus_target,Qmin,dimensionless,48,1.5851862607201512,2.5763310410225024,-1.4814998430326323,0.36236055799870126,4.7721119099110485,5.893400505015488,PROVISIONAL_SMALL_REQUEST_N,5,0.9957473634911462,2.1997076642142206,1.6988165603868883,3.2478645330447597,-2.1222475051381395,-0.8669051467273499,0.2899822834601604,0.40369071017248537,3.1921203925606285,5.877107662824724,3.4937657295883096,6.6330732812860544,220,50,48,2,0,5,0,0,165,27,50,50,55,,0.4909090909090909,0.12272727272727273,0.5625,NOT_ESTIMABLE,,,PROVISIONAL_SMALL_REQUEST_N,0.38181818181818183,0.5818181818181818,PROVISIONAL_SMALL_REQUEST_N,0.46511627906976744,0.6530612244897959,NOT_PRIMARY; use physical units and frozen spans
11,f11-07165966aa39,FORMAL_10K,HELDOUT_TRIPLE_AUDIT,STRICT_LUMPED,f12d43eace12231077007dc497fee8dad00fbe58cb2f1fe2c6159c47636b97a0,all_candidates,strict_valid,emx_minus_target,K_abs,dimensionless,48,0.020020192187721518,0.03234752110912111,-0.00927973647314597,0.0074237941133412505,0.05796274576749421,0.07955201656412766,PROVISIONAL_SMALL_REQUEST_N,5,0.01322009733852806,0.027719130491288997,0.0243525609216166,0.039951992899083015,-0.01764564240412808,-0.0005383396141612786,0.0063139436538990675,0.02384589397967496,0.03800199833272311,0.07705108046292233,0.05129342963776207,0.09293184246517971,220,50,48,2,0,5,0,0,165,27,50,50,55,,0.4909090909090909,0.12272727272727273,0.5625,NOT_ESTIMABLE,,,PROVISIONAL_SMALL_REQUEST_N,0.38181818181818183,0.5818181818181818,PROVISIONAL_SMALL_REQUEST_N,0.46511627906976744,0.6530612244897959,NOT_PRIMARY; use physical units and frozen spans
11,f11-07165966aa39,FORMAL_10K,HELDOUT_TRIPLE_AUDIT,STRICT_LUMPED,f12d43eace12231077007dc497fee8dad00fbe58cb2f1fe2c6159c47636b97a0,all_candidates,strict_valid,emx_minus_frozen_proxy,Lp_nH,nH,48,0.007555176344414304,0.009466399244110866,-0.0021086110685629295,0.007723813091013554,0.01240031334523415,0.01731139791611599,PROVISIONAL_SMALL_REQUEST_N,5,0.005629727862997536,0.010372709224382791,0.007065961644059722,0.01270625374046876,-0.0038624669263877813,-4.739338527441461e-05,0.0047121149514932625,0.010369578059799434,0.01083281564717265,0.020799005508001178,0.012347725983209757,0.028270442291590148,220,50,48,2,0,5,0,0,165,27,50,50,55,,0.4909090909090909,0.12272727272727273,0.5625,NOT_ESTIMABLE,,,PROVISIONAL_SMALL_REQUEST_N,0.38181818181818183,0.5818181818181818,PROVISIONAL_SMALL_REQUEST_N,0.46511627906976744,0.6530612244897959,NOT_PRIMARY; use physical units and frozen spans
11,f11-07165966aa39,FORMAL_10K,HELDOUT_TRIPLE_AUDIT,STRICT_LUMPED,f12d43eace12231077007dc497fee8dad00fbe58cb2f1fe2c6159c47636b97a0,all_candidates,strict_valid,emx_minus_frozen_proxy,Ls_nH,nH,48,0.008428248381584761,0.011795989555976745,0.002997676334578122,0.005333285578588864,0.01722544278453495,0.01916959584901836,PROVISIONAL_SMALL_REQUEST_N,5,0.00491414326783104,0.013641220234880192,0.006279886941426442,0.017844906700772104,-0.0004140670456564356,0.008220236887077608,0.0034621435630433073,0.01297706808323107,0.011117527450350329,0.03355679099137787,0.011813227401989534,0.04045909156575959,220,50,48,2,0,5,0,0,165,27,50,50,55,,0.4909090909090909,0.12272727272727273,0.5625,NOT_ESTIMABLE,,,PROVISIONAL_SMALL_REQUEST_N,0.38181818181818183,0.5818181818181818,PROVISIONAL_SMALL_REQUEST_N,0.46511627906976744,0.6530612244897959,NOT_PRIMARY; use physical units and frozen spans
11,f11-07165966aa39,FORMAL_10K,HELDOUT_TRIPLE_AUDIT,STRICT_LUMPED,f12d43eace12231077007dc497fee8dad00fbe58cb2f1fe2c6159c47636b97a0,all_candidates,strict_valid,emx_minus_frozen_proxy,Qmin,dimensionless,48,0.19553463892981218,0.2443450654039911,0.06459211088073842,0.1388152557086446,0.3545293915126545,0.4933006786216677,PROVISIONAL_SMALL_REQUEST_N,5,0.14579856710058736,0.24380610421934157,0.17239244348698188,0.3058623578446915,-0.046477437486617486,0.15150856274714924,0.11611656830669759,0.2410583934046322,0.28700425429936277,0.5827519970735402,0.3119417702634123,0.6166148891848656,220,50,48,2,0,5,0,0,165,27,50,50,55,,0.4909090909090909,0.12272727272727273,0.5625,NOT_ESTIMABLE,,,PROVISIONAL_SMALL_REQUEST_N,0.38181818181818183,0.5818181818181818,PROVISIONAL_SMALL_REQUEST_N,0.46511627906976744,0.6530612244897959,NOT_PRIMARY; use physical units and frozen spans
11,f11-07165966aa39,FORMAL_10K,HELDOUT_TRIPLE_AUDIT,STRICT_LUMPED,f12d43eace12231077007dc497fee8dad00fbe58cb2f1fe2c6159c47636b97a0,all_candidates,strict_valid,emx_minus_frozen_proxy,K_abs,dimensionless,48,0.006669684397967006,0.011062124752655854,0.0034711271130071085,0.003936524880173542,0.011871876468503122,0.020420334086968115,PROVISIONAL_SMALL_REQUEST_N,5,0.004186552980333068,0.011831907417253873,0.005605399628797594,0.017955445775573526,-0.0005640069551563242,0.010303139098338422,0.002518018373112052,0.006115381913651824,0.009484379357882988,0.039259111418601,0.010610820007228166,0.044529610850909125,220,50,48,2,0,5,0,0,165,27,50,50,55,,0.4909090909090909,0.12272727272727273,0.5625,NOT_ESTIMABLE,,,PROVISIONAL_SMALL_REQUEST_N,0.38181818181818183,0.5818181818181818,PROVISIONAL_SMALL_REQUEST_N,0.46511627906976744,0.6530612244897959,NOT_PRIMARY; use physical units and frozen spans
11,f11-07165966aa39,FORMAL_10K,HELDOUT_TRIPLE_AUDIT,STRICT_LUMPED,f12d43eace12231077007dc497fee8dad00fbe58cb2f1fe2c6159c47636b97a0,all_candidates,all_finite_diagnostic,emx_minus_target,Lp_nH,nH,50,0.1028383619687831,0.16329810737499573,-0.09698731456725292,0.024248971971738698,0.322016130904496,0.3509226969087206,PROVISIONAL_SMALL_REQUEST_N,5,0.07310810992081428,0.12762425603481842,0.12279676736429426,0.19220233156336644,-0.12222036665785226,-0.06793702625263756,0.013186712925583266,0.048830498344065276,0.22938062588566197,0.3788641459074829,0.2431935220570342,0.4001981984482119,220,50,48,2,0,5,0,0,165,27,50,50,55,,0.4909090909090909,0.12272727272727273,0.5625,NOT_ESTIMABLE,,,PROVISIONAL_SMALL_REQUEST_N,0.38181818181818183,0.5818181818181818,PROVISIONAL_SMALL_REQUEST_N,0.46511627906976744,0.6530612244897959,NOT_PRIMARY; use physical units and frozen spans
11,f11-07165966aa39,FORMAL_10K,HELDOUT_TRIPLE_AUDIT,STRICT_LUMPED,f12d43eace12231077007dc497fee8dad00fbe58cb2f1fe2c6159c47636b97a0,all_candidates,all_finite_diagnostic,emx_minus_target,Ls_nH,nH,50,0.05629960131497747,0.08459196465480023,0.0505711621057857,0.025940827390871002,0.16652843349465188,0.1941023729018702,PROVISIONAL_SMALL_REQUEST_N,5,0.04036104670747487,0.08130511090124518,0.05906374997122187,0.11345531512565263,0.036254555979189876,0.07139100267377509,0.0100349801418394,0.056978495467851165,0.08277891901579326,0.2119965809479677,0.10307894355112954,0.21891647358845784,220,50,48,2,0,5,0,0,165,27,50,50,55,,0.4909090909090909,0.12272727272727273,0.5625,NOT_ESTIMABLE,,,PROVISIONAL_SMALL_REQUEST_N,0.38181818181818183,0.5818181818181818,PROVISIONAL_SMALL_REQUEST_N,0.46511627906976744,0.6530612244897959,NOT_PRIMARY; use physical units and frozen spans
11,f11-07165966aa39,FORMAL_10K,HELDOUT_TRIPLE_AUDIT,STRICT_LUMPED,f12d43eace12231077007dc497fee8dad00fbe58cb2f1fe2c6159c47636b97a0,all_candidates,all_finite_diagnostic,emx_minus_target,Qmin,dimensionless,50,1.5933361621942967,2.549997024399716,-1.4937972012142784,0.3821826222698439,4.7712283272901255,5.888745407246698,PROVISIONAL_SMALL_REQUEST_N,5,0.9957473634911462,2.167490106046343,1.6988165603868883,3.1586655623027613,-2.0961052535644646,-0.8669051467273499,0.2899822834601604,1.53937961785088,3.1921203925606285,5.8631423695183535,3.4937657295883096,6.631567185189407,220,50,48,2,0,5,0,0,165,27,50,50,55,,0.4909090909090909,0.12272727272727273,0.5625,NOT_ESTIMABLE,,,PROVISIONAL_SMALL_REQUEST_N,0.38181818181818183,0.5818181818181818,PROVISIONAL_SMALL_REQUEST_N,0.46511627906976744,0.6530612244897959,NOT_PRIMARY; use physical units and frozen spans
11,f11-07165966aa39,FORMAL_10K,HELDOUT_TRIPLE_AUDIT,STRICT_LUMPED,f12d43eace12231077007dc497fee8dad00fbe58cb2f1fe2c6159c47636b97a0,all_candidates,all_finite_diagnostic,emx_minus_target,K_abs,dimensionless,50,0.022168002681737232,0.035610348121124236,-0.0059599288326955555,0.007618506596428945,0.06458450929207396,0.08772687658151197,PROVISIONAL_SMALL_REQUEST_N,5,0.01322009733852806,0.030765009776193106,0.024376476340713812,0.043852712460783254,-0.012566791609897638,0.0015746557068435291,0.00631661413661308,0.02384589397967496,0.03884334843335943,0.08964088403888892,0.05291341846668807,0.09868932581457905,220,50,48,2,0,5,0,0,165,27,50,50,55,,0.4909090909090909,0.12272727272727273,0.5625,NOT_ESTIMABLE,,,PROVISIONAL_SMALL_REQUEST_N,0.38181818181818183,0.5818181818181818,PROVISIONAL_SMALL_REQUEST_N,0.46511627906976744,0.6530612244897959,NOT_PRIMARY; use physical units and frozen spans
11,f11-07165966aa39,FORMAL_10K,HELDOUT_TRIPLE_AUDIT,STRICT_LUMPED,f12d43eace12231077007dc497fee8dad00fbe58cb2f1fe2c6159c47636b97a0,all_candidates,all_finite_diagnostic,emx_minus_frozen_proxy,Lp_nH,nH,50,0.008060260464716475,0.010338522230358615,-0.0012169754517416687,0.00800552893467854,0.012587626716933987,0.020155481374167724,PROVISIONAL_SMALL_REQUEST_N,5,0.006051005633324011,0.010572799087076416,0.007480720597860828,0.012826480748000725,-0.0027412486248557183,0.0003695129529280566,0.005069433295547987,0.009893162042439396,0.012329036819416217,0.020799005508001178,0.012418961459239895,0.029601680579398236,220,50,48,2,0,5,0,0,165,27,50,50,55,,0.4909090909090909,0.12272727272727273,0.5625,NOT_ESTIMABLE,,,PROVISIONAL_SMALL_REQUEST_N,0.38181818181818183,0.5818181818181818,PROVISIONAL_SMALL_REQUEST_N,0.46511627906976744,0.6530612244897959,NOT_PRIMARY; use physical units and frozen spans
11,f11-07165966aa39,FORMAL_10K,HELDOUT_TRIPLE_AUDIT,STRICT_LUMPED,f12d43eace12231077007dc497fee8dad00fbe58cb2f1fe2c6159c47636b97a0,all_candidates,all_finite_diagnostic,emx_minus_frozen_proxy,Ls_nH,nH,50,0.009070818354376049,0.01257432590093542,0.003857469189249676,0.0055529325286767794,0.018534520848422532,0.024859519259437038,PROVISIONAL_SMALL_REQUEST_N,5,0.00491414326783104,0.014698419006283296,0.006279886941426442,0.018704367040610122,0.00012983550779609913,0.009729985042747127,0.0038035975470377403,0.013860365847617517,0.011117527450350329,0.03355679099137787,0.011813227401989534,0.03924103852322159,220,50,48,2,0,5,0,0,165,27,50,50,55,,0.4909090909090909,0.12272727272727273,0.5625,NOT_ESTIMABLE,,,PROVISIONAL_SMALL_REQUEST_N,0.38181818181818183,0.5818181818181818,PROVISIONAL_SMALL_REQUEST_N,0.46511627906976744,0.6530612244897959,NOT_PRIMARY; use physical units and frozen spans
11,f11-07165966aa39,FORMAL_10K,HELDOUT_TRIPLE_AUDIT,STRICT_LUMPED,f12d43eace12231077007dc497fee8dad00fbe58cb2f1fe2c6159c47636b97a0,all_candidates,all_finite_diagnostic,emx_minus_frozen_proxy,Qmin,dimensionless,50,0.20091256541961408,0.24981970009979707,0.04880911439851452,0.16681004973696556,0.3657902311774026,0.5071497696299891,PROVISIONAL_SMALL_REQUEST_N,5,0.1602443893809224,0.24495034714988279,0.1933276942655983,0.30824001270846574,-0.060897986402762457,0.14097941275786544,0.12130134995357267,0.2410583934046322,0.2996515329473911,0.5827519970735402,0.327133126034882,0.6114052134754309,220,50,48,2,0,5,0,0,165,27,50,50,55,,0.4909090909090909,0.12272727272727273,0.5625,NOT_ESTIMABLE,,,PROVISIONAL_SMALL_REQUEST_N,0.38181818181818183,0.5818181818181818,PROVISIONAL_SMALL_REQUEST_N,0.46511627906976744,0.6530612244897959,NOT_PRIMARY; use physical units and frozen spans
11,f11-07165966aa39,FORMAL_10K,HELDOUT_TRIPLE_AUDIT,STRICT_LUMPED,f12d43eace12231077007dc497fee8dad00fbe58cb2f1fe2c6159c47636b97a0,all_candidates,all_finite_diagnostic,emx_minus_frozen_proxy,K_abs,dimensionless,50,0.00770980425633378,0.012682913298970467,0.004639189262772279,0.004192879712073397,0.01380925433297223,0.03308509657335059,PROVISIONAL_SMALL_REQUEST_N,5,0.004302359805113607,0.0137347651196354,0.005695968064005211,0.01992801563919941,-0.0003982677098046774,0.01206938569306778,0.0026042855011448873,0.007854296272806802,0.009484379357882988,0.039259111418601,0.01063852194217682,0.04359952271579589,220,50,48,2,0,5,0,0,165,27,50,50,55,,0.4909090909090909,0.12272727272727273,0.5625,NOT_ESTIMABLE,,,PROVISIONAL_SMALL_REQUEST_N,0.38181818181818183,0.5818181818181818,PROVISIONAL_SMALL_REQUEST_N,0.46511627906976744,0.6530612244897959,NOT_PRIMARY; use physical units and frozen spans
11,f11-07165966aa39,FORMAL_10K,HELDOUT_TRIPLE_AUDIT,STRICT_LUMPED,f12d43eace12231077007dc497fee8dad00fbe58cb2f1fe2c6159c47636b97a0,selected_q_proxy,strict_valid,emx_minus_target,Lp_nH,nH,5,0.008546922814284309,0.009117740046147892,0.0051093256618544025,0.008593992881074763,0.012027976409885356,0.013012716942502365,PROVISIONAL_SMALL_REQUEST_N,5,0.006146562137492184,0.011533776038698517,0.006339581019877313,0.011947517066667293,-0.0020210941750179678,0.010612356265710244,0.004466655947092946,0.01399745747511938,0.007797496911084912,0.01399745747511938,0.008195744896079837,0.01399745747511938,20,5,5,0,0,0,0,0,15,4,5,5,5,,0.8,0.2,0.8,NOT_ESTIMABLE,,,PROVISIONAL_SMALL_REQUEST_N,0.4,1.0,PROVISIONAL_SMALL_REQUEST_N,0.4,1.0,NOT_PRIMARY; use physical units and frozen spans
11,f11-07165966aa39,FORMAL_10K,HELDOUT_TRIPLE_AUDIT,STRICT_LUMPED,f12d43eace12231077007dc497fee8dad00fbe58cb2f1fe2c6159c47636b97a0,selected_q_proxy,strict_valid,emx_minus_target,Ls_nH,nH,5,0.013580139655083312,0.01747475447066706,0.001300931407915873,0.012588244758939382,0.026242688705715222,0.029561728176601406,PROVISIONAL_SMALL_REQUEST_N,5,0.004976095182161045,0.023849956649105962,0.006363602286028034,0.02656062254228586,-0.011914367133982928,0.0173357285318833,0.0018242055659225542,0.032880767647487597,0.009281710859367777,0.032880767647487597,0.010934977809153578,0.032880767647487597,20,5,5,0,0,0,0,0,15,4,5,5,5,,0.8,0.2,0.8,NOT_ESTIMABLE,,,PROVISIONAL_SMALL_REQUEST_N,0.4,1.0,PROVISIONAL_SMALL_REQUEST_N,0.4,1.0,NOT_PRIMARY; use physical units and frozen spans
11,f11-07165966aa39,FORMAL_10K,HELDOUT_TRIPLE_AUDIT,STRICT_LUMPED,f12d43eace12231077007dc497fee8dad00fbe58cb2f1fe2c6159c47636b97a0,selected_q_proxy,strict_valid,emx_minus_target,Qmin,dimensionless,5,0.10229750499185145,0.10536641878628174,0.05335010038639894,0.10005405398563916,0.13047744630627278,0.13318042457048662,PROVISIONAL_SMALL_REQUEST_N,5,0.08128343344724236,0.12331157653646052,0.0833411063405865,0.12400606216710501,-0.040657100094198026,0.11225809803634021,0.06376598008426448,0.13588340283470046,0.09579866300779223,0.13588340283470046,0.09792635849671569,0.13588340283470046,20,5,5,0,0,0,0,0,15,4,5,5,5,,0.8,0.2,0.8,NOT_ESTIMABLE,,,PROVISIONAL_SMALL_REQUEST_N,0.4,1.0,PROVISIONAL_SMALL_REQUEST_N,0.4,1.0,NOT_PRIMARY; use physical units and frozen spans
11,f11-07165966aa39,FORMAL_10K,HELDOUT_TRIPLE_AUDIT,STRICT_LUMPED,f12d43eace12231077007dc497fee8dad00fbe58cb2f1fe2c6159c47636b97a0,selected_q_proxy,strict_valid,emx_minus_target,K_abs,dimensionless,5,0.014275839311774669,0.02154185142521115,0.0072082261132581146,0.007273890481376444,0.030891242946845737,0.03866375801402562,PROVISIONAL_SMALL_REQUEST_N,5,0.005300841899096159,0.030618462363395032,0.005577860762103093,0.03623507919781779,-0.006290505113930001,0.027801802395937388,0.003885540422932765,0.046436273081205515,0.006848252220046891,0.046436273081205515,0.0070610713507116675,0.046436273081205515,20,5,5,0,0,0,0,0,15,4,5,5,5,,0.8,0.2,0.8,NOT_ESTIMABLE,,,PROVISIONAL_SMALL_REQUEST_N,0.4,1.0,PROVISIONAL_SMALL_REQUEST_N,0.4,1.0,NOT_PRIMARY; use physical units and frozen spans
11,f11-07165966aa39,FORMAL_10K,HELDOUT_TRIPLE_AUDIT,STRICT_LUMPED,f12d43eace12231077007dc497fee8dad00fbe58cb2f1fe2c6159c47636b97a0,selected_q_proxy,strict_valid,emx_minus_frozen_proxy,Lp_nH,nH,5,0.010097786331978442,0.01148150526473212,0.00707028209044851,0.007878865578202277,0.016005622636905192,0.018402314072453185,PROVISIONAL_SMALL_REQUEST_N,5,0.006594933765454325,0.015756265091617917,0.006754839971995549,0.01692805907247947,-0.0012023735806022007,0.015140526748361704,0.0054267516396027116,0.020799005508001178,0.007754823588451298,0.020799005508001178,0.007816844583326788,0.020799005508001178,20,5,5,0,0,0,0,0,15,4,5,5,5,,0.8,0.2,0.8,NOT_ESTIMABLE,,,PROVISIONAL_SMALL_REQUEST_N,0.4,1.0,PROVISIONAL_SMALL_REQUEST_N,0.4,1.0,NOT_PRIMARY; use physical units and frozen spans
11,f11-07165966aa39,FORMAL_10K,HELDOUT_TRIPLE_AUDIT,STRICT_LUMPED,f12d43eace12231077007dc497fee8dad00fbe58cb2f1fe2c6159c47636b97a0,selected_q_proxy,strict_valid,emx_minus_frozen_proxy,Ls_nH,nH,5,0.013365883224063669,0.017682442140252046,0.0011522119073496873,0.011117527450350329,0.02708574510850528,0.03032126804994157,PROVISIONAL_SMALL_REQUEST_N,5,0.004133874047827568,0.024157599219097103,0.0054203358551280474,0.02715772274810301,-0.011806176405266332,0.017503074193309008,0.002037474557238239,0.03355679099137787,0.0077658952050724045,0.03355679099137787,0.009441711327711363,0.03355679099137787,20,5,5,0,0,0,0,0,15,4,5,5,5,,0.8,0.2,0.8,NOT_ESTIMABLE,,,PROVISIONAL_SMALL_REQUEST_N,0.4,1.0,PROVISIONAL_SMALL_REQUEST_N,0.4,1.0,NOT_PRIMARY; use physical units and frozen spans
11,f11-07165966aa39,FORMAL_10K,HELDOUT_TRIPLE_AUDIT,STRICT_LUMPED,f12d43eace12231077007dc497fee8dad00fbe58cb2f1fe2c6159c47636b97a0,selected_q_proxy,strict_valid,emx_minus_frozen_proxy,Qmin,dimensionless,5,0.1079884611075741,0.11004363383552201,0.05946792112614503,0.11887004824833447,0.12809135316662434,0.1303546875709749,PROVISIONAL_SMALL_REQUEST_N,5,0.08996344215324222,0.12485549808017851,0.09204652149895624,0.12501941748942655,-0.034002169979451935,0.11902117481856678,0.07502315171512386,0.13261802197532546,0.10817392240720629,0.13261802197532546,0.11352198532777037,0.13261802197532546,20,5,5,0,0,0,0,0,15,4,5,5,5,,0.8,0.2,0.8,NOT_ESTIMABLE,,,PROVISIONAL_SMALL_REQUEST_N,0.4,1.0,PROVISIONAL_SMALL_REQUEST_N,0.4,1.0,NOT_PRIMARY; use physical units and frozen spans
11,f11-07165966aa39,FORMAL_10K,HELDOUT_TRIPLE_AUDIT,STRICT_LUMPED,f12d43eace12231077007dc497fee8dad00fbe58cb2f1fe2c6159c47636b97a0,selected_q_proxy,strict_valid,emx_minus_frozen_proxy,K_abs,dimensionless,5,0.014046765675674333,0.021164390775908364,0.00688200700623085,0.00766616065387693,0.030410328924988864,0.03793501395550558,PROVISIONAL_SMALL_REQUEST_N,5,0.004546164209238979,0.030215520702049255,0.005245831313437661,0.03551971317783426,-0.006682866232184864,0.02708101116867378,0.002409462186293093,0.04545969898602231,0.0073445894798224165,0.04545969898602231,0.007505375066849673,0.04545969898602231,20,5,5,0,0,0,0,0,15,4,5,5,5,,0.8,0.2,0.8,NOT_ESTIMABLE,,,PROVISIONAL_SMALL_REQUEST_N,0.4,1.0,PROVISIONAL_SMALL_REQUEST_N,0.4,1.0,NOT_PRIMARY; use physical units and frozen spans
11,f11-07165966aa39,FORMAL_10K,HELDOUT_TRIPLE_AUDIT,STRICT_LUMPED,f12d43eace12231077007dc497fee8dad00fbe58cb2f1fe2c6159c47636b97a0,selected_q_proxy,all_finite_diagnostic,emx_minus_target,Lp_nH,nH,5,0.008546922814284309,0.009117740046147892,0.0051093256618544025,0.008593992881074763,0.012027976409885356,0.013012716942502365,PROVISIONAL_SMALL_REQUEST_N,5,0.006146562137492184,0.011533776038698517,0.006339581019877313,0.011947517066667293,-0.0020210941750179678,0.010612356265710244,0.004466655947092946,0.01399745747511938,0.007797496911084912,0.01399745747511938,0.008195744896079837,0.01399745747511938,20,5,5,0,0,0,0,0,15,4,5,5,5,,0.8,0.2,0.8,NOT_ESTIMABLE,,,PROVISIONAL_SMALL_REQUEST_N,0.4,1.0,PROVISIONAL_SMALL_REQUEST_N,0.4,1.0,NOT_PRIMARY; use physical units and frozen spans
11,f11-07165966aa39,FORMAL_10K,HELDOUT_TRIPLE_AUDIT,STRICT_LUMPED,f12d43eace12231077007dc497fee8dad00fbe58cb2f1fe2c6159c47636b97a0,selected_q_proxy,all_finite_diagnostic,emx_minus_target,Ls_nH,nH,5,0.013580139655083312,0.01747475447066706,0.001300931407915873,0.012588244758939382,0.026242688705715222,0.029561728176601406,PROVISIONAL_SMALL_REQUEST_N,5,0.004976095182161045,0.023849956649105962,0.006363602286028034,0.02656062254228586,-0.011914367133982928,0.0173357285318833,0.0018242055659225542,0.032880767647487597,0.009281710859367777,0.032880767647487597,0.010934977809153578,0.032880767647487597,20,5,5,0,0,0,0,0,15,4,5,5,5,,0.8,0.2,0.8,NOT_ESTIMABLE,,,PROVISIONAL_SMALL_REQUEST_N,0.4,1.0,PROVISIONAL_SMALL_REQUEST_N,0.4,1.0,NOT_PRIMARY; use physical units and frozen spans
11,f11-07165966aa39,FORMAL_10K,HELDOUT_TRIPLE_AUDIT,STRICT_LUMPED,f12d43eace12231077007dc497fee8dad00fbe58cb2f1fe2c6159c47636b97a0,selected_q_proxy,all_finite_diagnostic,emx_minus_target,Qmin,dimensionless,5,0.10229750499185145,0.10536641878628174,0.05335010038639894,0.10005405398563916,0.13047744630627278,0.13318042457048662,PROVISIONAL_SMALL_REQUEST_N,5,0.08128343344724236,0.12331157653646052,0.0833411063405865,0.12400606216710501,-0.040657100094198026,0.11225809803634021,0.06376598008426448,0.13588340283470046,0.09579866300779223,0.13588340283470046,0.09792635849671569,0.13588340283470046,20,5,5,0,0,0,0,0,15,4,5,5,5,,0.8,0.2,0.8,NOT_ESTIMABLE,,,PROVISIONAL_SMALL_REQUEST_N,0.4,1.0,PROVISIONAL_SMALL_REQUEST_N,0.4,1.0,NOT_PRIMARY; use physical units and frozen spans
11,f11-07165966aa39,FORMAL_10K,HELDOUT_TRIPLE_AUDIT,STRICT_LUMPED,f12d43eace12231077007dc497fee8dad00fbe58cb2f1fe2c6159c47636b97a0,selected_q_proxy,all_finite_diagnostic,emx_minus_target,K_abs,dimensionless,5,0.014275839311774669,0.02154185142521115,0.0072082261132581146,0.007273890481376444,0.030891242946845737,0.03866375801402562,PROVISIONAL_SMALL_REQUEST_N,5,0.005300841899096159,0.030618462363395032,0.005577860762103093,0.03623507919781779,-0.006290505113930001,0.027801802395937388,0.003885540422932765,0.046436273081205515,0.006848252220046891,0.046436273081205515,0.0070610713507116675,0.046436273081205515,20,5,5,0,0,0,0,0,15,4,5,5,5,,0.8,0.2,0.8,NOT_ESTIMABLE,,,PROVISIONAL_SMALL_REQUEST_N,0.4,1.0,PROVISIONAL_SMALL_REQUEST_N,0.4,1.0,NOT_PRIMARY; use physical units and frozen spans
11,f11-07165966aa39,FORMAL_10K,HELDOUT_TRIPLE_AUDIT,STRICT_LUMPED,f12d43eace12231077007dc497fee8dad00fbe58cb2f1fe2c6159c47636b97a0,selected_q_proxy,all_finite_diagnostic,emx_minus_frozen_proxy,Lp_nH,nH,5,0.010097786331978442,0.01148150526473212,0.00707028209044851,0.007878865578202277,0.016005622636905192,0.018402314072453185,PROVISIONAL_SMALL_REQUEST_N,5,0.006594933765454325,0.015756265091617917,0.006754839971995549,0.01692805907247947,-0.0012023735806022007,0.015140526748361704,0.0054267516396027116,0.020799005508001178,0.007754823588451298,0.020799005508001178,0.007816844583326788,0.020799005508001178,20,5,5,0,0,0,0,0,15,4,5,5,5,,0.8,0.2,0.8,NOT_ESTIMABLE,,,PROVISIONAL_SMALL_REQUEST_N,0.4,1.0,PROVISIONAL_SMALL_REQUEST_N,0.4,1.0,NOT_PRIMARY; use physical units and frozen spans
11,f11-07165966aa39,FORMAL_10K,HELDOUT_TRIPLE_AUDIT,STRICT_LUMPED,f12d43eace12231077007dc497fee8dad00fbe58cb2f1fe2c6159c47636b97a0,selected_q_proxy,all_finite_diagnostic,emx_minus_frozen_proxy,Ls_nH,nH,5,0.013365883224063669,0.017682442140252046,0.0011522119073496873,0.011117527450350329,0.02708574510850528,0.03032126804994157,PROVISIONAL_SMALL_REQUEST_N,5,0.004133874047827568,0.024157599219097103,0.0054203358551280474,0.02715772274810301,-0.011806176405266332,0.017503074193309008,0.002037474557238239,0.03355679099137787,0.0077658952050724045,0.03355679099137787,0.009441711327711363,0.03355679099137787,20,5,5,0,0,0,0,0,15,4,5,5,5,,0.8,0.2,0.8,NOT_ESTIMABLE,,,PROVISIONAL_SMALL_REQUEST_N,0.4,1.0,PROVISIONAL_SMALL_REQUEST_N,0.4,1.0,NOT_PRIMARY; use physical units and frozen spans
11,f11-07165966aa39,FORMAL_10K,HELDOUT_TRIPLE_AUDIT,STRICT_LUMPED,f12d43eace12231077007dc497fee8dad00fbe58cb2f1fe2c6159c47636b97a0,selected_q_proxy,all_finite_diagnostic,emx_minus_frozen_proxy,Qmin,dimensionless,5,0.1079884611075741,0.11004363383552201,0.05946792112614503,0.11887004824833447,0.12809135316662434,0.1303546875709749,PROVISIONAL_SMALL_REQUEST_N,5,0.08996344215324222,0.12485549808017851,0.09204652149895624,0.12501941748942655,-0.034002169979451935,0.11902117481856678,0.07502315171512386,0.13261802197532546,0.10817392240720629,0.13261802197532546,0.11352198532777037,0.13261802197532546,20,5,5,0,0,0,0,0,15,4,5,5,5,,0.8,0.2,0.8,NOT_ESTIMABLE,,,PROVISIONAL_SMALL_REQUEST_N,0.4,1.0,PROVISIONAL_SMALL_REQUEST_N,0.4,1.0,NOT_PRIMARY; use physical units and frozen spans
11,f11-07165966aa39,FORMAL_10K,HELDOUT_TRIPLE_AUDIT,STRICT_LUMPED,f12d43eace12231077007dc497fee8dad00fbe58cb2f1fe2c6159c47636b97a0,selected_q_proxy,all_finite_diagnostic,emx_minus_frozen_proxy,K_abs,dimensionless,5,0.014046765675674333,0.021164390775908364,0.00688200700623085,0.00766616065387693,0.030410328924988864,0.03793501395550558,PROVISIONAL_SMALL_REQUEST_N,5,0.004546164209238979,0.030215520702049255,0.005245831313437661,0.03551971317783426,-0.006682866232184864,0.02708101116867378,0.002409462186293093,0.04545969898602231,0.0073445894798224165,0.04545969898602231,0.007505375066849673,0.04545969898602231,20,5,5,0,0,0,0,0,15,4,5,5,5,,0.8,0.2,0.8,NOT_ESTIMABLE,,,PROVISIONAL_SMALL_REQUEST_N,0.4,1.0,PROVISIONAL_SMALL_REQUEST_N,0.4,1.0,NOT_PRIMARY; use physical units and frozen spans
12,f12-bbbcad303b3e,FORMAL_10K,HELDOUT_TRIPLE_AUDIT,STRICT_LUMPED,f12d43eace12231077007dc497fee8dad00fbe58cb2f1fe2c6159c47636b97a0,all_candidates,strict_valid,emx_minus_target,Lp_nH,nH,47,0.049867298139507604,0.08683893450506708,0.008279482339800026,0.010912999808399881,0.1850240830104065,0.20387345758498218,PROVISIONAL_SMALL_REQUEST_N,5,0.01791667158697852,0.08112326830553346,0.033744423523210214,0.12092547850005055,-0.043706061941791455,0.06107842204602033,0.004973467529594711,0.025790982495996095,0.05098730769408655,0.22054351781055925,0.06357096004411789,0.24321313492553867,220,47,47,0,3,7,0,0,163,31,47,47,55,,0.5636363636363636,0.1409090909090909,0.6595744680851063,NOT_ESTIMABLE,,,PROVISIONAL_SMALL_REQUEST_N,0.4909090909090909,0.6545454545454545,PROVISIONAL_SMALL_REQUEST_N,0.6041666666666666,0.7291666666666666,NOT_PRIMARY; use physical units and frozen spans
12,f12-bbbcad303b3e,FORMAL_10K,HELDOUT_TRIPLE_AUDIT,STRICT_LUMPED,f12d43eace12231077007dc497fee8dad00fbe58cb2f1fe2c6159c47636b97a0,all_candidates,strict_valid,emx_minus_target,Ls_nH,nH,47,0.07873417150520329,0.12179541250189274,-0.0017154929856105711,0.016914538962747416,0.21795664077535443,0.2831397247737153,PROVISIONAL_SMALL_REQUEST_N,5,0.05172455567879866,0.10971998955925827,0.07840891784017827,0.1573331313797999,-0.0693761938973537,0.05738963924043916,0.010776483931123071,0.1060348618192406,0.1180990018092256,0.32425541207522945,0.14180707961573236,0.324415741293494,220,47,47,0,3,7,0,0,163,31,47,47,55,,0.5636363636363636,0.1409090909090909,0.6595744680851063,NOT_ESTIMABLE,,,PROVISIONAL_SMALL_REQUEST_N,0.4909090909090909,0.6545454545454545,PROVISIONAL_SMALL_REQUEST_N,0.6041666666666666,0.7291666666666666,NOT_PRIMARY; use physical units and frozen spans
12,f12-bbbcad303b3e,FORMAL_10K,HELDOUT_TRIPLE_AUDIT,STRICT_LUMPED,f12d43eace12231077007dc497fee8dad00fbe58cb2f1fe2c6159c47636b97a0,all_candidates,strict_valid,emx_minus_target,Qmin,dimensionless,47,0.8511855324543125,1.3185498934842972,-0.6606823876023351,0.29603299038026876,2.341602913696456,2.9800796094180066,PROVISIONAL_SMALL_REQUEST_N,5,0.5904875832761819,1.1009931328164069,0.8848609827036377,1.6430368708604408,-0.9835842110311246,-0.3408308629945066,0.23288933978492576,0.6764145698304489,1.494464175180413,3.034830607629324,1.8341896686903363,3.782187698495871,220,47,47,0,3,7,0,0,163,31,47,47,55,,0.5636363636363636,0.1409090909090909,0.6595744680851063,NOT_ESTIMABLE,,,PROVISIONAL_SMALL_REQUEST_N,0.4909090909090909,0.6545454545454545,PROVISIONAL_SMALL_REQUEST_N,0.6041666666666666,0.7291666666666666,NOT_PRIMARY; use physical units and frozen spans
12,f12-bbbcad303b3e,FORMAL_10K,HELDOUT_TRIPLE_AUDIT,STRICT_LUMPED,f12d43eace12231077007dc497fee8dad00fbe58cb2f1fe2c6159c47636b97a0,all_candidates,strict_valid,emx_minus_target,K_abs,dimensionless,47,0.023096277812296794,0.0431057151374095,0.0012375265691370744,0.007041862750174238,0.06656370353102879,0.12239499337282657,PROVISIONAL_SMALL_REQUEST_N,5,0.011846042652323769,0.03387775317393761,0.02049832154246024,0.05688682425201675,-0.018692469698423517,0.021317359908093737,0.006266752516595697,0.009071352754165068,0.026038205967895765,0.12514248365327216,0.05573331036769558,0.13270006691554379,220,47,47,0,3,7,0,0,163,31,47,47,55,,0.5636363636363636,0.1409090909090909,0.6595744680851063,NOT_ESTIMABLE,,,PROVISIONAL_SMALL_REQUEST_N,0.4909090909090909,0.6545454545454545,PROVISIONAL_SMALL_REQUEST_N,0.6041666666666666,0.7291666666666666,NOT_PRIMARY; use physical units and frozen spans
12,f12-bbbcad303b3e,FORMAL_10K,HELDOUT_TRIPLE_AUDIT,STRICT_LUMPED,f12d43eace12231077007dc497fee8dad00fbe58cb2f1fe2c6159c47636b97a0,all_candidates,strict_valid,emx_minus_frozen_proxy,Lp_nH,nH,47,0.008489833019694883,0.010444864832162554,0.004141554219932103,0.006094324206620705,0.01775722324374724,0.020165654125292854,PROVISIONAL_SMALL_REQUEST_N,5,0.006000957238779542,0.011326980804941274,0.007173228995562759,0.013295005456704197,0.002421597377070445,0.005789846194341193,0.004763665450276011,0.011727301071968066,0.012674570433258703,0.020232452410322566,0.013863180382468754,0.02088897681439059,220,47,47,0,3,7,0,0,163,31,47,47,55,,0.5636363636363636,0.1409090909090909,0.6595744680851063,NOT_ESTIMABLE,,,PROVISIONAL_SMALL_REQUEST_N,0.4909090909090909,0.6545454545454545,PROVISIONAL_SMALL_REQUEST_N,0.6041666666666666,0.7291666666666666,NOT_PRIMARY; use physical units and frozen spans
12,f12-bbbcad303b3e,FORMAL_10K,HELDOUT_TRIPLE_AUDIT,STRICT_LUMPED,f12d43eace12231077007dc497fee8dad00fbe58cb2f1fe2c6159c47636b97a0,all_candidates,strict_valid,emx_minus_frozen_proxy,Ls_nH,nH,47,0.010866943666753953,0.01341639316544782,0.009312641461218229,0.008855545880620541,0.022894678975010095,0.02572986785681441,PROVISIONAL_SMALL_REQUEST_N,5,0.00787067131178301,0.013738371340267773,0.0097815013367961,0.016284208673156584,0.005743380585193998,0.012771030844634927,0.0057011118102142655,0.014331674034406272,0.017347431724401563,0.025979596895564727,0.019302792279959652,0.026010788250018336,220,47,47,0,3,7,0,0,163,31,47,47,55,,0.5636363636363636,0.1409090909090909,0.6595744680851063,NOT_ESTIMABLE,,,PROVISIONAL_SMALL_REQUEST_N,0.4909090909090909,0.6545454545454545,PROVISIONAL_SMALL_REQUEST_N,0.6041666666666666,0.7291666666666666,NOT_PRIMARY; use physical units and frozen spans
12,f12-bbbcad303b3e,FORMAL_10K,HELDOUT_TRIPLE_AUDIT,STRICT_LUMPED,f12d43eace12231077007dc497fee8dad00fbe58cb2f1fe2c6159c47636b97a0,all_candidates,strict_valid,emx_minus_frozen_proxy,Qmin,dimensionless,47,0.17627040589215717,0.21442586133544378,-0.02795695603832866,0.15874376783642852,0.3323478807809927,0.4285699732954681,PROVISIONAL_SMALL_REQUEST_N,5,0.16366965001040998,0.1902773216431896,0.1915531855357299,0.23594068903846496,-0.11569509063582738,0.044662259030793135,0.13090776580255792,0.19396273427222965,0.2683450957737593,0.4081460780391746,0.3154943746225686,0.5004068276398962,220,47,47,0,3,7,0,0,163,31,47,47,55,,0.5636363636363636,0.1409090909090909,0.6595744680851063,NOT_ESTIMABLE,,,PROVISIONAL_SMALL_REQUEST_N,0.4909090909090909,0.6545454545454545,PROVISIONAL_SMALL_REQUEST_N,0.6041666666666666,0.7291666666666666,NOT_PRIMARY; use physical units and frozen spans
12,f12-bbbcad303b3e,FORMAL_10K,HELDOUT_TRIPLE_AUDIT,STRICT_LUMPED,f12d43eace12231077007dc497fee8dad00fbe58cb2f1fe2c6159c47636b97a0,all_candidates,strict_valid,emx_minus_frozen_proxy,K_abs,dimensionless,47,0.004869580989094496,0.006090899552352558,-0.0005065966812426667,0.004242220630424648,0.009570578745567465,0.010173684526878602,PROVISIONAL_SMALL_REQUEST_N,5,0.0038251452866824636,0.0060760570606536,0.004434943531891822,0.007503436978937209,-0.0019911260843078937,0.00085674664810295,0.003527409516896951,0.005435792884613266,0.007265447119886748,0.01026712654558884,0.0075314568847674596,0.01587035576138019,220,47,47,0,3,7,0,0,163,31,47,47,55,,0.5636363636363636,0.1409090909090909,0.6595744680851063,NOT_ESTIMABLE,,,PROVISIONAL_SMALL_REQUEST_N,0.4909090909090909,0.6545454545454545,PROVISIONAL_SMALL_REQUEST_N,0.6041666666666666,0.7291666666666666,NOT_PRIMARY; use physical units and frozen spans
12,f12-bbbcad303b3e,FORMAL_10K,HELDOUT_TRIPLE_AUDIT,STRICT_LUMPED,f12d43eace12231077007dc497fee8dad00fbe58cb2f1fe2c6159c47636b97a0,all_candidates,all_finite_diagnostic,emx_minus_target,Lp_nH,nH,47,0.049867298139507604,0.08683893450506708,0.008279482339800026,0.010912999808399881,0.1850240830104065,0.20387345758498218,PROVISIONAL_SMALL_REQUEST_N,5,0.01791667158697852,0.08112326830553346,0.033744423523210214,0.12092547850005055,-0.043706061941791455,0.06107842204602033,0.004973467529594711,0.025790982495996095,0.05098730769408655,0.22054351781055925,0.06357096004411789,0.24321313492553867,220,47,47,0,3,7,0,0,163,31,47,47,55,,0.5636363636363636,0.1409090909090909,0.6595744680851063,NOT_ESTIMABLE,,,PROVISIONAL_SMALL_REQUEST_N,0.4909090909090909,0.6545454545454545,PROVISIONAL_SMALL_REQUEST_N,0.6041666666666666,0.7291666666666666,NOT_PRIMARY; use physical units and frozen spans
12,f12-bbbcad303b3e,FORMAL_10K,HELDOUT_TRIPLE_AUDIT,STRICT_LUMPED,f12d43eace12231077007dc497fee8dad00fbe58cb2f1fe2c6159c47636b97a0,all_candidates,all_finite_diagnostic,emx_minus_target,Ls_nH,nH,47,0.07873417150520329,0.12179541250189274,-0.0017154929856105711,0.016914538962747416,0.21795664077535443,0.2831397247737153,PROVISIONAL_SMALL_REQUEST_N,5,0.05172455567879866,0.10971998955925827,0.07840891784017827,0.1573331313797999,-0.0693761938973537,0.05738963924043916,0.010776483931123071,0.1060348618192406,0.1180990018092256,0.32425541207522945,0.14180707961573236,0.324415741293494,220,47,47,0,3,7,0,0,163,31,47,47,55,,0.5636363636363636,0.1409090909090909,0.6595744680851063,NOT_ESTIMABLE,,,PROVISIONAL_SMALL_REQUEST_N,0.4909090909090909,0.6545454545454545,PROVISIONAL_SMALL_REQUEST_N,0.6041666666666666,0.7291666666666666,NOT_PRIMARY; use physical units and frozen spans
12,f12-bbbcad303b3e,FORMAL_10K,HELDOUT_TRIPLE_AUDIT,STRICT_LUMPED,f12d43eace12231077007dc497fee8dad00fbe58cb2f1fe2c6159c47636b97a0,all_candidates,all_finite_diagnostic,emx_minus_target,Qmin,dimensionless,47,0.8511855324543125,1.3185498934842972,-0.6606823876023351,0.29603299038026876,2.341602913696456,2.9800796094180066,PROVISIONAL_SMALL_REQUEST_N,5,0.5904875832761819,1.1009931328164069,0.8848609827036377,1.6430368708604408,-0.9835842110311246,-0.3408308629945066,0.23288933978492576,0.6764145698304489,1.494464175180413,3.034830607629324,1.8341896686903363,3.782187698495871,220,47,47,0,3,7,0,0,163,31,47,47,55,,0.5636363636363636,0.1409090909090909,0.6595744680851063,NOT_ESTIMABLE,,,PROVISIONAL_SMALL_REQUEST_N,0.4909090909090909,0.6545454545454545,PROVISIONAL_SMALL_REQUEST_N,0.6041666666666666,0.7291666666666666,NOT_PRIMARY; use physical units and frozen spans
12,f12-bbbcad303b3e,FORMAL_10K,HELDOUT_TRIPLE_AUDIT,STRICT_LUMPED,f12d43eace12231077007dc497fee8dad00fbe58cb2f1fe2c6159c47636b97a0,all_candidates,all_finite_diagnostic,emx_minus_target,K_abs,dimensionless,47,0.023096277812296794,0.0431057151374095,0.0012375265691370744,0.007041862750174238,0.06656370353102879,0.12239499337282657,PROVISIONAL_SMALL_REQUEST_N,5,0.011846042652323769,0.03387775317393761,0.02049832154246024,0.05688682425201675,-0.018692469698423517,0.021317359908093737,0.006266752516595697,0.009071352754165068,0.026038205967895765,0.12514248365327216,0.05573331036769558,0.13270006691554379,220,47,47,0,3,7,0,0,163,31,47,47,55,,0.5636363636363636,0.1409090909090909,0.6595744680851063,NOT_ESTIMABLE,,,PROVISIONAL_SMALL_REQUEST_N,0.4909090909090909,0.6545454545454545,PROVISIONAL_SMALL_REQUEST_N,0.6041666666666666,0.7291666666666666,NOT_PRIMARY; use physical units and frozen spans
12,f12-bbbcad303b3e,FORMAL_10K,HELDOUT_TRIPLE_AUDIT,STRICT_LUMPED,f12d43eace12231077007dc497fee8dad00fbe58cb2f1fe2c6159c47636b97a0,all_candidates,all_finite_diagnostic,emx_minus_frozen_proxy,Lp_nH,nH,47,0.008489833019694883,0.010444864832162554,0.004141554219932103,0.006094324206620705,0.01775722324374724,0.020165654125292854,PROVISIONAL_SMALL_REQUEST_N,5,0.006000957238779542,0.011326980804941274,0.007173228995562759,0.013295005456704197,0.002421597377070445,0.005789846194341193,0.004763665450276011,0.011727301071968066,0.012674570433258703,0.020232452410322566,0.013863180382468754,0.02088897681439059,220,47,47,0,3,7,0,0,163,31,47,47,55,,0.5636363636363636,0.1409090909090909,0.6595744680851063,NOT_ESTIMABLE,,,PROVISIONAL_SMALL_REQUEST_N,0.4909090909090909,0.6545454545454545,PROVISIONAL_SMALL_REQUEST_N,0.6041666666666666,0.7291666666666666,NOT_PRIMARY; use physical units and frozen spans
12,f12-bbbcad303b3e,FORMAL_10K,HELDOUT_TRIPLE_AUDIT,STRICT_LUMPED,f12d43eace12231077007dc497fee8dad00fbe58cb2f1fe2c6159c47636b97a0,all_candidates,all_finite_diagnostic,emx_minus_frozen_proxy,Ls_nH,nH,47,0.010866943666753953,0.01341639316544782,0.009312641461218229,0.008855545880620541,0.022894678975010095,0.02572986785681441,PROVISIONAL_SMALL_REQUEST_N,5,0.00787067131178301,0.013738371340267773,0.0097815013367961,0.016284208673156584,0.005743380585193998,0.012771030844634927,0.0057011118102142655,0.014331674034406272,0.017347431724401563,0.025979596895564727,0.019302792279959652,0.026010788250018336,220,47,47,0,3,7,0,0,163,31,47,47,55,,0.5636363636363636,0.1409090909090909,0.6595744680851063,NOT_ESTIMABLE,,,PROVISIONAL_SMALL_REQUEST_N,0.4909090909090909,0.6545454545454545,PROVISIONAL_SMALL_REQUEST_N,0.6041666666666666,0.7291666666666666,NOT_PRIMARY; use physical units and frozen spans
12,f12-bbbcad303b3e,FORMAL_10K,HELDOUT_TRIPLE_AUDIT,STRICT_LUMPED,f12d43eace12231077007dc497fee8dad00fbe58cb2f1fe2c6159c47636b97a0,all_candidates,all_finite_diagnostic,emx_minus_frozen_proxy,Qmin,dimensionless,47,0.17627040589215717,0.21442586133544378,-0.02795695603832866,0.15874376783642852,0.3323478807809927,0.4285699732954681,PROVISIONAL_SMALL_REQUEST_N,5,0.16366965001040998,0.1902773216431896,0.1915531855357299,0.23594068903846496,-0.11569509063582738,0.044662259030793135,0.13090776580255792,0.19396273427222965,0.2683450957737593,0.4081460780391746,0.3154943746225686,0.5004068276398962,220,47,47,0,3,7,0,0,163,31,47,47,55,,0.5636363636363636,0.1409090909090909,0.6595744680851063,NOT_ESTIMABLE,,,PROVISIONAL_SMALL_REQUEST_N,0.4909090909090909,0.6545454545454545,PROVISIONAL_SMALL_REQUEST_N,0.6041666666666666,0.7291666666666666,NOT_PRIMARY; use physical units and frozen spans
12,f12-bbbcad303b3e,FORMAL_10K,HELDOUT_TRIPLE_AUDIT,STRICT_LUMPED,f12d43eace12231077007dc497fee8dad00fbe58cb2f1fe2c6159c47636b97a0,all_candidates,all_finite_diagnostic,emx_minus_frozen_proxy,K_abs,dimensionless,47,0.004869580989094496,0.006090899552352558,-0.0005065966812426667,0.004242220630424648,0.009570578745567465,0.010173684526878602,PROVISIONAL_SMALL_REQUEST_N,5,0.0038251452866824636,0.0060760570606536,0.004434943531891822,0.007503436978937209,-0.0019911260843078937,0.00085674664810295,0.003527409516896951,0.005435792884613266,0.007265447119886748,0.01026712654558884,0.0075314568847674596,0.01587035576138019,220,47,47,0,3,7,0,0,163,31,47,47,55,,0.5636363636363636,0.1409090909090909,0.6595744680851063,NOT_ESTIMABLE,,,PROVISIONAL_SMALL_REQUEST_N,0.4909090909090909,0.6545454545454545,PROVISIONAL_SMALL_REQUEST_N,0.6041666666666666,0.7291666666666666,NOT_PRIMARY; use physical units and frozen spans
12,f12-bbbcad303b3e,FORMAL_10K,HELDOUT_TRIPLE_AUDIT,STRICT_LUMPED,f12d43eace12231077007dc497fee8dad00fbe58cb2f1fe2c6159c47636b97a0,selected_q_proxy,strict_valid,emx_minus_target,Lp_nH,nH,5,0.00558607594539553,0.006854960368843406,-0.005127240632728958,0.004396992105407893,0.010110991489566202,0.011509496342953795,PROVISIONAL_SMALL_REQUEST_N,5,0.0025965280411616833,0.009336763381718117,0.00307741945906008,0.010355270768864451,-0.009336763381718117,-0.0013742408379624038,0.0011470882816664307,0.01290800119634139,0.004063323748908143,0.01290800119634139,0.004230157927158018,0.01290800119634139,20,5,5,0,0,0,0,0,15,5,5,5,5,,1.0,0.25,1.0,NOT_ESTIMABLE,,,PROVISIONAL_SMALL_REQUEST_N,1.0,1.0,PROVISIONAL_SMALL_REQUEST_N,1.0,1.0,NOT_PRIMARY; use physical units and frozen spans
12,f12-bbbcad303b3e,FORMAL_10K,HELDOUT_TRIPLE_AUDIT,STRICT_LUMPED,f12d43eace12231077007dc497fee8dad00fbe58cb2f1fe2c6159c47636b97a0,selected_q_proxy,strict_valid,emx_minus_target,Ls_nH,nH,5,0.0056171391076651036,0.005959738709962127,0.001419782344855669,0.006755850072157066,0.007480731100767235,0.007538037765161954,PROVISIONAL_SMALL_REQUEST_N,5,0.0039061191983091213,0.007312832229287314,0.004267528995035597,0.007319254932263521,-0.0037856461387959727,0.006331392962208415,0.002898047477466914,0.007595344429556672,0.005464567023918954,0.007595344429556672,0.00611020854803801,0.007595344429556672,20,5,5,0,0,0,0,0,15,5,5,5,5,,1.0,0.25,1.0,NOT_ESTIMABLE,,,PROVISIONAL_SMALL_REQUEST_N,1.0,1.0,PROVISIONAL_SMALL_REQUEST_N,1.0,1.0,NOT_PRIMARY; use physical units and frozen spans
12,f12-bbbcad303b3e,FORMAL_10K,HELDOUT_TRIPLE_AUDIT,STRICT_LUMPED,f12d43eace12231077007dc497fee8dad00fbe58cb2f1fe2c6159c47636b97a0,selected_q_proxy,strict_valid,emx_minus_target,Qmin,dimensionless,5,0.17296305203378495,0.1938933783928406,-0.07277382321687256,0.16708270162713745,0.26678481622849615,0.2722220642905679,PROVISIONAL_SMALL_REQUEST_N,5,0.09631428878837198,0.24466949408339572,0.11693321645622587,0.24802400540750072,-0.20566702064601294,0.08860216097956944,0.03074909887635613,0.27765931235263963,0.15579005108448668,0.27765931235263963,0.16143637635581207,0.27765931235263963,20,5,5,0,0,0,0,0,15,5,5,5,5,,1.0,0.25,1.0,NOT_ESTIMABLE,,,PROVISIONAL_SMALL_REQUEST_N,1.0,1.0,PROVISIONAL_SMALL_REQUEST_N,1.0,1.0,NOT_PRIMARY; use physical units and frozen spans
12,f12-bbbcad303b3e,FORMAL_10K,HELDOUT_TRIPLE_AUDIT,STRICT_LUMPED,f12d43eace12231077007dc497fee8dad00fbe58cb2f1fe2c6159c47636b97a0,selected_q_proxy,strict_valid,emx_minus_target,K_abs,dimensionless,5,0.001850639170659113,0.002202905499842253,-0.00033141993860939524,0.0016629302082176167,0.0031594225605864226,0.003478735320355358,PROVISIONAL_SMALL_REQUEST_N,5,0.0007992156389232619,0.002909175483486642,0.00119115378419421,0.0031066824367561316,-0.0018087009416924537,0.001648482212662511,0.00010193031483132775,0.0037980480801242944,0.0015932793124676548,0.0037980480801242944,0.0016281047603426357,0.0037980480801242944,20,5,5,0,0,0,0,0,15,5,5,5,5,,1.0,0.25,1.0,NOT_ESTIMABLE,,,PROVISIONAL_SMALL_REQUEST_N,1.0,1.0,PROVISIONAL_SMALL_REQUEST_N,1.0,1.0,NOT_PRIMARY; use physical units and frozen spans
12,f12-bbbcad303b3e,FORMAL_10K,HELDOUT_TRIPLE_AUDIT,STRICT_LUMPED,f12d43eace12231077007dc497fee8dad00fbe58cb2f1fe2c6159c47636b97a0,selected_q_proxy,strict_valid,emx_minus_frozen_proxy,Lp_nH,nH,5,0.006898512324330075,0.008452293439639725,-0.005706839425912347,0.00486548110197671,0.01222051293323543,0.014356740626893004,PROVISIONAL_SMALL_REQUEST_N,5,0.0038184953382423446,0.011737497232888906,0.003978668044343507,0.013105013583776652,-0.011737497232888906,-0.0003479528432212886,0.0029791822460443207,0.016492968320550583,0.004656528701512452,0.016492968320550583,0.004761004901744581,0.016492968320550583,20,5,5,0,0,0,0,0,15,5,5,5,5,,1.0,0.25,1.0,NOT_ESTIMABLE,,,PROVISIONAL_SMALL_REQUEST_N,1.0,1.0,PROVISIONAL_SMALL_REQUEST_N,1.0,1.0,NOT_PRIMARY; use physical units and frozen spans
12,f12-bbbcad303b3e,FORMAL_10K,HELDOUT_TRIPLE_AUDIT,STRICT_LUMPED,f12d43eace12231077007dc497fee8dad00fbe58cb2f1fe2c6159c47636b97a0,selected_q_proxy,strict_valid,emx_minus_frozen_proxy,Ls_nH,nH,5,0.0033060815698230384,0.0037178652045337566,0.000992579273725247,0.003961467556223841,0.005045363717031881,0.005261336116733117,PROVISIONAL_SMALL_REQUEST_N,5,0.0018699676146562982,0.0047421955249897785,0.002233333097827892,0.004782679460793916,-0.0021391228811961536,0.004124281428646648,0.0008718970745081878,0.005477308516434354,0.0031057958073425597,0.005477308516434354,0.0035336316817832,0.005477308516434354,20,5,5,0,0,0,0,0,15,5,5,5,5,,1.0,0.25,1.0,NOT_ESTIMABLE,,,PROVISIONAL_SMALL_REQUEST_N,1.0,1.0,PROVISIONAL_SMALL_REQUEST_N,1.0,1.0,NOT_PRIMARY; use physical units and frozen spans
12,f12-bbbcad303b3e,FORMAL_10K,HELDOUT_TRIPLE_AUDIT,STRICT_LUMPED,f12d43eace12231077007dc497fee8dad00fbe58cb2f1fe2c6159c47636b97a0,selected_q_proxy,strict_valid,emx_minus_frozen_proxy,Qmin,dimensionless,5,0.17785120510995683,0.196114172253927,-0.08095062680573975,0.16784659475457886,0.26516643091355474,0.2728047592978921,PROVISIONAL_SMALL_REQUEST_N,5,0.10418172042899698,0.24264713232802465,0.12788043588766038,0.24610593498505454,-0.21106462654200903,0.08006367566508783,0.03997112951600457,0.2804430876822295,0.16420546398731872,0.2804430876822295,0.1660260293709488,0.2804430876822295,20,5,5,0,0,0,0,0,15,5,5,5,5,,1.0,0.25,1.0,NOT_ESTIMABLE,,,PROVISIONAL_SMALL_REQUEST_N,1.0,1.0,PROVISIONAL_SMALL_REQUEST_N,1.0,1.0,NOT_PRIMARY; use physical units and frozen spans
12,f12-bbbcad303b3e,FORMAL_10K,HELDOUT_TRIPLE_AUDIT,STRICT_LUMPED,f12d43eace12231077007dc497fee8dad00fbe58cb2f1fe2c6159c47636b97a0,selected_q_proxy,strict_valid,emx_minus_frozen_proxy,K_abs,dimensionless,5,0.0015918165871461887,0.0018555268978125363,-0.00028317377224578165,0.0019893064629282753,0.0025688510679265143,0.002665800150421077,PROVISIONAL_SMALL_REQUEST_N,5,0.0007694706603633361,0.0024141625139290413,0.000982679095305665,0.00243316705810778,-0.001720631495487185,0.0013038203365278943,0.0004201656151088251,0.00276274923291564,0.0013971269994911164,0.00276274923291564,0.0016932167312096954,0.00276274923291564,20,5,5,0,0,0,0,0,15,5,5,5,5,,1.0,0.25,1.0,NOT_ESTIMABLE,,,PROVISIONAL_SMALL_REQUEST_N,1.0,1.0,PROVISIONAL_SMALL_REQUEST_N,1.0,1.0,NOT_PRIMARY; use physical units and frozen spans
12,f12-bbbcad303b3e,FORMAL_10K,HELDOUT_TRIPLE_AUDIT,STRICT_LUMPED,f12d43eace12231077007dc497fee8dad00fbe58cb2f1fe2c6159c47636b97a0,selected_q_proxy,all_finite_diagnostic,emx_minus_target,Lp_nH,nH,5,0.00558607594539553,0.006854960368843406,-0.005127240632728958,0.004396992105407893,0.010110991489566202,0.011509496342953795,PROVISIONAL_SMALL_REQUEST_N,5,0.0025965280411616833,0.009336763381718117,0.00307741945906008,0.010355270768864451,-0.009336763381718117,-0.0013742408379624038,0.0011470882816664307,0.01290800119634139,0.004063323748908143,0.01290800119634139,0.004230157927158018,0.01290800119634139,20,5,5,0,0,0,0,0,15,5,5,5,5,,1.0,0.25,1.0,NOT_ESTIMABLE,,,PROVISIONAL_SMALL_REQUEST_N,1.0,1.0,PROVISIONAL_SMALL_REQUEST_N,1.0,1.0,NOT_PRIMARY; use physical units and frozen spans
12,f12-bbbcad303b3e,FORMAL_10K,HELDOUT_TRIPLE_AUDIT,STRICT_LUMPED,f12d43eace12231077007dc497fee8dad00fbe58cb2f1fe2c6159c47636b97a0,selected_q_proxy,all_finite_diagnostic,emx_minus_target,Ls_nH,nH,5,0.0056171391076651036,0.005959738709962127,0.001419782344855669,0.006755850072157066,0.007480731100767235,0.007538037765161954,PROVISIONAL_SMALL_REQUEST_N,5,0.0039061191983091213,0.007312832229287314,0.004267528995035597,0.007319254932263521,-0.0037856461387959727,0.006331392962208415,0.002898047477466914,0.007595344429556672,0.005464567023918954,0.007595344429556672,0.00611020854803801,0.007595344429556672,20,5,5,0,0,0,0,0,15,5,5,5,5,,1.0,0.25,1.0,NOT_ESTIMABLE,,,PROVISIONAL_SMALL_REQUEST_N,1.0,1.0,PROVISIONAL_SMALL_REQUEST_N,1.0,1.0,NOT_PRIMARY; use physical units and frozen spans
12,f12-bbbcad303b3e,FORMAL_10K,HELDOUT_TRIPLE_AUDIT,STRICT_LUMPED,f12d43eace12231077007dc497fee8dad00fbe58cb2f1fe2c6159c47636b97a0,selected_q_proxy,all_finite_diagnostic,emx_minus_target,Qmin,dimensionless,5,0.17296305203378495,0.1938933783928406,-0.07277382321687256,0.16708270162713745,0.26678481622849615,0.2722220642905679,PROVISIONAL_SMALL_REQUEST_N,5,0.09631428878837198,0.24466949408339572,0.11693321645622587,0.24802400540750072,-0.20566702064601294,0.08860216097956944,0.03074909887635613,0.27765931235263963,0.15579005108448668,0.27765931235263963,0.16143637635581207,0.27765931235263963,20,5,5,0,0,0,0,0,15,5,5,5,5,,1.0,0.25,1.0,NOT_ESTIMABLE,,,PROVISIONAL_SMALL_REQUEST_N,1.0,1.0,PROVISIONAL_SMALL_REQUEST_N,1.0,1.0,NOT_PRIMARY; use physical units and frozen spans
12,f12-bbbcad303b3e,FORMAL_10K,HELDOUT_TRIPLE_AUDIT,STRICT_LUMPED,f12d43eace12231077007dc497fee8dad00fbe58cb2f1fe2c6159c47636b97a0,selected_q_proxy,all_finite_diagnostic,emx_minus_target,K_abs,dimensionless,5,0.001850639170659113,0.002202905499842253,-0.00033141993860939524,0.0016629302082176167,0.0031594225605864226,0.003478735320355358,PROVISIONAL_SMALL_REQUEST_N,5,0.0007992156389232619,0.002909175483486642,0.00119115378419421,0.0031066824367561316,-0.0018087009416924537,0.001648482212662511,0.00010193031483132775,0.0037980480801242944,0.0015932793124676548,0.0037980480801242944,0.0016281047603426357,0.0037980480801242944,20,5,5,0,0,0,0,0,15,5,5,5,5,,1.0,0.25,1.0,NOT_ESTIMABLE,,,PROVISIONAL_SMALL_REQUEST_N,1.0,1.0,PROVISIONAL_SMALL_REQUEST_N,1.0,1.0,NOT_PRIMARY; use physical units and frozen spans
12,f12-bbbcad303b3e,FORMAL_10K,HELDOUT_TRIPLE_AUDIT,STRICT_LUMPED,f12d43eace12231077007dc497fee8dad00fbe58cb2f1fe2c6159c47636b97a0,selected_q_proxy,all_finite_diagnostic,emx_minus_frozen_proxy,Lp_nH,nH,5,0.006898512324330075,0.008452293439639725,-0.005706839425912347,0.00486548110197671,0.01222051293323543,0.014356740626893004,PROVISIONAL_SMALL_REQUEST_N,5,0.0038184953382423446,0.011737497232888906,0.003978668044343507,0.013105013583776652,-0.011737497232888906,-0.0003479528432212886,0.0029791822460443207,0.016492968320550583,0.004656528701512452,0.016492968320550583,0.004761004901744581,0.016492968320550583,20,5,5,0,0,0,0,0,15,5,5,5,5,,1.0,0.25,1.0,NOT_ESTIMABLE,,,PROVISIONAL_SMALL_REQUEST_N,1.0,1.0,PROVISIONAL_SMALL_REQUEST_N,1.0,1.0,NOT_PRIMARY; use physical units and frozen spans
12,f12-bbbcad303b3e,FORMAL_10K,HELDOUT_TRIPLE_AUDIT,STRICT_LUMPED,f12d43eace12231077007dc497fee8dad00fbe58cb2f1fe2c6159c47636b97a0,selected_q_proxy,all_finite_diagnostic,emx_minus_frozen_proxy,Ls_nH,nH,5,0.0033060815698230384,0.0037178652045337566,0.000992579273725247,0.003961467556223841,0.005045363717031881,0.005261336116733117,PROVISIONAL_SMALL_REQUEST_N,5,0.0018699676146562982,0.0047421955249897785,0.002233333097827892,0.004782679460793916,-0.0021391228811961536,0.004124281428646648,0.0008718970745081878,0.005477308516434354,0.0031057958073425597,0.005477308516434354,0.0035336316817832,0.005477308516434354,20,5,5,0,0,0,0,0,15,5,5,5,5,,1.0,0.25,1.0,NOT_ESTIMABLE,,,PROVISIONAL_SMALL_REQUEST_N,1.0,1.0,PROVISIONAL_SMALL_REQUEST_N,1.0,1.0,NOT_PRIMARY; use physical units and frozen spans
12,f12-bbbcad303b3e,FORMAL_10K,HELDOUT_TRIPLE_AUDIT,STRICT_LUMPED,f12d43eace12231077007dc497fee8dad00fbe58cb2f1fe2c6159c47636b97a0,selected_q_proxy,all_finite_diagnostic,emx_minus_frozen_proxy,Qmin,dimensionless,5,0.17785120510995683,0.196114172253927,-0.08095062680573975,0.16784659475457886,0.26516643091355474,0.2728047592978921,PROVISIONAL_SMALL_REQUEST_N,5,0.10418172042899698,0.24264713232802465,0.12788043588766038,0.24610593498505454,-0.21106462654200903,0.08006367566508783,0.03997112951600457,0.2804430876822295,0.16420546398731872,0.2804430876822295,0.1660260293709488,0.2804430876822295,20,5,5,0,0,0,0,0,15,5,5,5,5,,1.0,0.25,1.0,NOT_ESTIMABLE,,,PROVISIONAL_SMALL_REQUEST_N,1.0,1.0,PROVISIONAL_SMALL_REQUEST_N,1.0,1.0,NOT_PRIMARY; use physical units and frozen spans
12,f12-bbbcad303b3e,FORMAL_10K,HELDOUT_TRIPLE_AUDIT,STRICT_LUMPED,f12d43eace12231077007dc497fee8dad00fbe58cb2f1fe2c6159c47636b97a0,selected_q_proxy,all_finite_diagnostic,emx_minus_frozen_proxy,K_abs,dimensionless,5,0.0015918165871461887,0.0018555268978125363,-0.00028317377224578165,0.0019893064629282753,0.0025688510679265143,0.002665800150421077,PROVISIONAL_SMALL_REQUEST_N,5,0.0007694706603633361,0.0024141625139290413,0.000982679095305665,0.00243316705810778,-0.001720631495487185,0.0013038203365278943,0.0004201656151088251,0.00276274923291564,0.0013971269994911164,0.00276274923291564,0.0016932167312096954,0.00276274923291564,20,5,5,0,0,0,0,0,15,5,5,5,5,,1.0,0.25,1.0,NOT_ESTIMABLE,,,PROVISIONAL_SMALL_REQUEST_N,1.0,1.0,PROVISIONAL_SMALL_REQUEST_N,1.0,1.0,NOT_PRIMARY; use physical units and frozen spans
13,f13-940260e5c34c,FORMAL_10K,HELDOUT_TRIPLE_AUDIT,STRICT_LUMPED,f12d43eace12231077007dc497fee8dad00fbe58cb2f1fe2c6159c47636b97a0,all_candidates,strict_valid,emx_minus_target,Lp_nH,nH,44,0.055201858906504246,0.11562435938774913,-0.028537518434749824,0.013525748361026046,0.17343686740384506,0.3231716581598866,PROVISIONAL_SMALL_REQUEST_N,5,0.01581854924961822,0.11241798194089465,0.02429444011632253,0.18625753582697316,-0.09805668797805597,0.01990594867017317,0.0111238091266872,0.016995672421604713,0.0231922756148486,0.37334270429816674,0.04185121307483308,0.39881705518052685,220,44,44,0,8,9,0,0,159,25,44,44,55,,0.45454545454545453,0.11363636363636363,0.5681818181818182,NOT_ESTIMABLE,,,PROVISIONAL_SMALL_REQUEST_N,0.36363636363636365,0.5636363636363636,PROVISIONAL_SMALL_REQUEST_N,0.4444444444444444,0.6976744186046512,NOT_PRIMARY; use physical units and frozen spans
13,f13-940260e5c34c,FORMAL_10K,HELDOUT_TRIPLE_AUDIT,STRICT_LUMPED,f12d43eace12231077007dc497fee8dad00fbe58cb2f1fe2c6159c47636b97a0,all_candidates,strict_valid,emx_minus_target,Ls_nH,nH,44,0.07885925989323078,0.1415924865068358,-0.059719128886454156,0.017461243941086946,0.2780383858721151,0.32657362980046206,PROVISIONAL_SMALL_REQUEST_N,5,0.023497513207002888,0.1324043893108,0.04280206622468842,0.20171250173088498,-0.1187157981421127,0.003111331624586647,0.006661280356228483,0.03614774583758096,0.06217694565988641,0.38855615578755653,0.12421681626287451,0.4194371452863968,220,44,44,0,8,9,0,0,159,25,44,44,55,,0.45454545454545453,0.11363636363636363,0.5681818181818182,NOT_ESTIMABLE,,,PROVISIONAL_SMALL_REQUEST_N,0.36363636363636365,0.5636363636363636,PROVISIONAL_SMALL_REQUEST_N,0.4444444444444444,0.6976744186046512,NOT_PRIMARY; use physical units and frozen spans
13,f13-940260e5c34c,FORMAL_10K,HELDOUT_TRIPLE_AUDIT,STRICT_LUMPED,f12d43eace12231077007dc497fee8dad00fbe58cb2f1fe2c6159c47636b97a0,all_candidates,strict_valid,emx_minus_target,Qmin,dimensionless,44,0.848365361126431,1.2492056618968777,-0.3889619022870006,0.5637923414707169,2.1054780266004443,2.9333273473678068,PROVISIONAL_SMALL_REQUEST_N,5,0.5428730779163056,1.1763535676862078,0.8081732649314387,1.6280817893887591,-0.7789635961573032,-0.004103644068540737,0.25888168772897124,0.8500442713030338,1.565190642707602,3.040906831385824,1.5928720741883389,3.5877688173506153,220,44,44,0,8,9,0,0,159,25,44,44,55,,0.45454545454545453,0.11363636363636363,0.5681818181818182,NOT_ESTIMABLE,,,PROVISIONAL_SMALL_REQUEST_N,0.36363636363636365,0.5636363636363636,PROVISIONAL_SMALL_REQUEST_N,0.4444444444444444,0.6976744186046512,NOT_PRIMARY; use physical units and frozen spans
13,f13-940260e5c34c,FORMAL_10K,HELDOUT_TRIPLE_AUDIT,STRICT_LUMPED,f12d43eace12231077007dc497fee8dad00fbe58cb2f1fe2c6159c47636b97a0,all_candidates,strict_valid,emx_minus_target,K_abs,dimensionless,44,0.028667702201813396,0.04936888689519962,-0.0171446123683107,0.009966024978364671,0.08952931347390605,0.10986769372765762,PROVISIONAL_SMALL_REQUEST_N,5,0.01749038232200652,0.04148072742988469,0.028970082877605007,0.06683883328229753,-0.03613744930736819,-0.0005763929108350197,0.008642096932434826,0.012680585572259762,0.030880349025054446,0.1151407012203025,0.07634351484306212,0.17780198167530087,220,44,44,0,8,9,0,0,159,25,44,44,55,,0.45454545454545453,0.11363636363636363,0.5681818181818182,NOT_ESTIMABLE,,,PROVISIONAL_SMALL_REQUEST_N,0.36363636363636365,0.5636363636363636,PROVISIONAL_SMALL_REQUEST_N,0.4444444444444444,0.6976744186046512,NOT_PRIMARY; use physical units and frozen spans
13,f13-940260e5c34c,FORMAL_10K,HELDOUT_TRIPLE_AUDIT,STRICT_LUMPED,f12d43eace12231077007dc497fee8dad00fbe58cb2f1fe2c6159c47636b97a0,all_candidates,strict_valid,emx_minus_frozen_proxy,Lp_nH,nH,44,0.0069876903783123315,0.008294119045412118,-0.003685869610982712,0.006098666850681278,0.014232147025872078,0.016321711512214787,PROVISIONAL_SMALL_REQUEST_N,5,0.005461444570011234,0.008943961746716132,0.00632635857205919,0.010248685814669999,-0.005750949945607358,-0.0013339013707085866,0.005242195494830348,0.009762172628615007,0.009118050747936032,0.016422663362677392,0.011293816434383184,0.016868294945416862,220,44,44,0,8,9,0,0,159,25,44,44,55,,0.45454545454545453,0.11363636363636363,0.5681818181818182,NOT_ESTIMABLE,,,PROVISIONAL_SMALL_REQUEST_N,0.36363636363636365,0.5636363636363636,PROVISIONAL_SMALL_REQUEST_N,0.4444444444444444,0.6976744186046512,NOT_PRIMARY; use physical units and frozen spans
13,f13-940260e5c34c,FORMAL_10K,HELDOUT_TRIPLE_AUDIT,STRICT_LUMPED,f12d43eace12231077007dc497fee8dad00fbe58cb2f1fe2c6159c47636b97a0,all_candidates,strict_valid,emx_minus_frozen_proxy,Ls_nH,nH,44,0.004724378226135801,0.006641291597544748,0.0028844999423836056,0.0035934157347611295,0.01236612681162064,0.01568743309499097,PROVISIONAL_SMALL_REQUEST_N,5,0.002915419105002126,0.006760750703377498,0.004196208076078329,0.008764210259257691,0.0011690593512008877,0.004992827386252429,0.0020008178165986656,0.00522512921836682,0.0058057557555357695,0.01605882620048915,0.0066648714498668705,0.016512740099187573,220,44,44,0,8,9,0,0,159,25,44,44,55,,0.45454545454545453,0.11363636363636363,0.5681818181818182,NOT_ESTIMABLE,,,PROVISIONAL_SMALL_REQUEST_N,0.36363636363636365,0.5636363636363636,PROVISIONAL_SMALL_REQUEST_N,0.4444444444444444,0.6976744186046512,NOT_PRIMARY; use physical units and frozen spans
13,f13-940260e5c34c,FORMAL_10K,HELDOUT_TRIPLE_AUDIT,STRICT_LUMPED,f12d43eace12231077007dc497fee8dad00fbe58cb2f1fe2c6159c47636b97a0,all_candidates,strict_valid,emx_minus_frozen_proxy,Qmin,dimensionless,44,0.15936580121908328,0.2421155796692332,0.03381588049997559,0.09836652303581506,0.3788097798321998,0.533068839210458,PROVISIONAL_SMALL_REQUEST_N,5,0.09244878214908384,0.2233087305526383,0.12105732636669196,0.322106058900462,-0.027935197192631416,0.10730379263075868,0.05619972093251757,0.17125165995787128,0.1950309967854752,0.5412561438733086,0.2291060682221353,0.8506703900466357,220,44,44,0,8,9,0,0,159,25,44,44,55,,0.45454545454545453,0.11363636363636363,0.5681818181818182,NOT_ESTIMABLE,,,PROVISIONAL_SMALL_REQUEST_N,0.36363636363636365,0.5636363636363636,PROVISIONAL_SMALL_REQUEST_N,0.4444444444444444,0.6976744186046512,NOT_PRIMARY; use physical units and frozen spans
13,f13-940260e5c34c,FORMAL_10K,HELDOUT_TRIPLE_AUDIT,STRICT_LUMPED,f12d43eace12231077007dc497fee8dad00fbe58cb2f1fe2c6159c47636b97a0,all_candidates,strict_valid,emx_minus_frozen_proxy,K_abs,dimensionless,44,0.004545356757185891,0.005726597258707358,0.0002836129963001652,0.003662181662316355,0.009714606632415992,0.012742179135053185,PROVISIONAL_SMALL_REQUEST_N,5,0.0038745001307290985,0.005303878700009742,0.005136804199883966,0.006339262888781288,-0.0008354930125032754,0.001206398090237117,0.0029056109741252,0.004663744356780783,0.008783723825879997,0.012558364654337312,0.010294191984395046,0.013372555303579494,220,44,44,0,8,9,0,0,159,25,44,44,55,,0.45454545454545453,0.11363636363636363,0.5681818181818182,NOT_ESTIMABLE,,,PROVISIONAL_SMALL_REQUEST_N,0.36363636363636365,0.5636363636363636,PROVISIONAL_SMALL_REQUEST_N,0.4444444444444444,0.6976744186046512,NOT_PRIMARY; use physical units and frozen spans
13,f13-940260e5c34c,FORMAL_10K,HELDOUT_TRIPLE_AUDIT,STRICT_LUMPED,f12d43eace12231077007dc497fee8dad00fbe58cb2f1fe2c6159c47636b97a0,all_candidates,all_finite_diagnostic,emx_minus_target,Lp_nH,nH,44,0.055201858906504246,0.11562435938774913,-0.028537518434749824,0.013525748361026046,0.17343686740384506,0.3231716581598866,PROVISIONAL_SMALL_REQUEST_N,5,0.01581854924961822,0.11241798194089465,0.02429444011632253,0.18625753582697316,-0.09805668797805597,0.01990594867017317,0.0111238091266872,0.016995672421604713,0.0231922756148486,0.37334270429816674,0.04185121307483308,0.39881705518052685,220,44,44,0,8,9,0,0,159,25,44,44,55,,0.45454545454545453,0.11363636363636363,0.5681818181818182,NOT_ESTIMABLE,,,PROVISIONAL_SMALL_REQUEST_N,0.36363636363636365,0.5636363636363636,PROVISIONAL_SMALL_REQUEST_N,0.4444444444444444,0.6976744186046512,NOT_PRIMARY; use physical units and frozen spans
13,f13-940260e5c34c,FORMAL_10K,HELDOUT_TRIPLE_AUDIT,STRICT_LUMPED,f12d43eace12231077007dc497fee8dad00fbe58cb2f1fe2c6159c47636b97a0,all_candidates,all_finite_diagnostic,emx_minus_target,Ls_nH,nH,44,0.07885925989323078,0.1415924865068358,-0.059719128886454156,0.017461243941086946,0.2780383858721151,0.32657362980046206,PROVISIONAL_SMALL_REQUEST_N,5,0.023497513207002888,0.1324043893108,0.04280206622468842,0.20171250173088498,-0.1187157981421127,0.003111331624586647,0.006661280356228483,0.03614774583758096,0.06217694565988641,0.38855615578755653,0.12421681626287451,0.4194371452863968,220,44,44,0,8,9,0,0,159,25,44,44,55,,0.45454545454545453,0.11363636363636363,0.5681818181818182,NOT_ESTIMABLE,,,PROVISIONAL_SMALL_REQUEST_N,0.36363636363636365,0.5636363636363636,PROVISIONAL_SMALL_REQUEST_N,0.4444444444444444,0.6976744186046512,NOT_PRIMARY; use physical units and frozen spans
13,f13-940260e5c34c,FORMAL_10K,HELDOUT_TRIPLE_AUDIT,STRICT_LUMPED,f12d43eace12231077007dc497fee8dad00fbe58cb2f1fe2c6159c47636b97a0,all_candidates,all_finite_diagnostic,emx_minus_target,Qmin,dimensionless,44,0.848365361126431,1.2492056618968777,-0.3889619022870006,0.5637923414707169,2.1054780266004443,2.9333273473678068,PROVISIONAL_SMALL_REQUEST_N,5,0.5428730779163056,1.1763535676862078,0.8081732649314387,1.6280817893887591,-0.7789635961573032,-0.004103644068540737,0.25888168772897124,0.8500442713030338,1.565190642707602,3.040906831385824,1.5928720741883389,3.5877688173506153,220,44,44,0,8,9,0,0,159,25,44,44,55,,0.45454545454545453,0.11363636363636363,0.5681818181818182,NOT_ESTIMABLE,,,PROVISIONAL_SMALL_REQUEST_N,0.36363636363636365,0.5636363636363636,PROVISIONAL_SMALL_REQUEST_N,0.4444444444444444,0.6976744186046512,NOT_PRIMARY; use physical units and frozen spans
13,f13-940260e5c34c,FORMAL_10K,HELDOUT_TRIPLE_AUDIT,STRICT_LUMPED,f12d43eace12231077007dc497fee8dad00fbe58cb2f1fe2c6159c47636b97a0,all_candidates,all_finite_diagnostic,emx_minus_target,K_abs,dimensionless,44,0.028667702201813396,0.04936888689519962,-0.0171446123683107,0.009966024978364671,0.08952931347390605,0.10986769372765762,PROVISIONAL_SMALL_REQUEST_N,5,0.01749038232200652,0.04148072742988469,0.028970082877605007,0.06683883328229753,-0.03613744930736819,-0.0005763929108350197,0.008642096932434826,0.012680585572259762,0.030880349025054446,0.1151407012203025,0.07634351484306212,0.17780198167530087,220,44,44,0,8,9,0,0,159,25,44,44,55,,0.45454545454545453,0.11363636363636363,0.5681818181818182,NOT_ESTIMABLE,,,PROVISIONAL_SMALL_REQUEST_N,0.36363636363636365,0.5636363636363636,PROVISIONAL_SMALL_REQUEST_N,0.4444444444444444,0.6976744186046512,NOT_PRIMARY; use physical units and frozen spans
13,f13-940260e5c34c,FORMAL_10K,HELDOUT_TRIPLE_AUDIT,STRICT_LUMPED,f12d43eace12231077007dc497fee8dad00fbe58cb2f1fe2c6159c47636b97a0,all_candidates,all_finite_diagnostic,emx_minus_frozen_proxy,Lp_nH,nH,44,0.0069876903783123315,0.008294119045412118,-0.003685869610982712,0.006098666850681278,0.014232147025872078,0.016321711512214787,PROVISIONAL_SMALL_REQUEST_N,5,0.005461444570011234,0.008943961746716132,0.00632635857205919,0.010248685814669999,-0.005750949945607358,-0.0013339013707085866,0.005242195494830348,0.009762172628615007,0.009118050747936032,0.016422663362677392,0.011293816434383184,0.016868294945416862,220,44,44,0,8,9,0,0,159,25,44,44,55,,0.45454545454545453,0.11363636363636363,0.5681818181818182,NOT_ESTIMABLE,,,PROVISIONAL_SMALL_REQUEST_N,0.36363636363636365,0.5636363636363636,PROVISIONAL_SMALL_REQUEST_N,0.4444444444444444,0.6976744186046512,NOT_PRIMARY; use physical units and frozen spans
13,f13-940260e5c34c,FORMAL_10K,HELDOUT_TRIPLE_AUDIT,STRICT_LUMPED,f12d43eace12231077007dc497fee8dad00fbe58cb2f1fe2c6159c47636b97a0,all_candidates,all_finite_diagnostic,emx_minus_frozen_proxy,Ls_nH,nH,44,0.004724378226135801,0.006641291597544748,0.0028844999423836056,0.0035934157347611295,0.01236612681162064,0.01568743309499097,PROVISIONAL_SMALL_REQUEST_N,5,0.002915419105002126,0.006760750703377498,0.004196208076078329,0.008764210259257691,0.0011690593512008877,0.004992827386252429,0.0020008178165986656,0.00522512921836682,0.0058057557555357695,0.01605882620048915,0.0066648714498668705,0.016512740099187573,220,44,44,0,8,9,0,0,159,25,44,44,55,,0.45454545454545453,0.11363636363636363,0.5681818181818182,NOT_ESTIMABLE,,,PROVISIONAL_SMALL_REQUEST_N,0.36363636363636365,0.5636363636363636,PROVISIONAL_SMALL_REQUEST_N,0.4444444444444444,0.6976744186046512,NOT_PRIMARY; use physical units and frozen spans
13,f13-940260e5c34c,FORMAL_10K,HELDOUT_TRIPLE_AUDIT,STRICT_LUMPED,f12d43eace12231077007dc497fee8dad00fbe58cb2f1fe2c6159c47636b97a0,all_candidates,all_finite_diagnostic,emx_minus_frozen_proxy,Qmin,dimensionless,44,0.15936580121908328,0.2421155796692332,0.03381588049997559,0.09836652303581506,0.3788097798321998,0.533068839210458,PROVISIONAL_SMALL_REQUEST_N,5,0.09244878214908384,0.2233087305526383,0.12105732636669196,0.322106058900462,-0.027935197192631416,0.10730379263075868,0.05619972093251757,0.17125165995787128,0.1950309967854752,0.5412561438733086,0.2291060682221353,0.8506703900466357,220,44,44,0,8,9,0,0,159,25,44,44,55,,0.45454545454545453,0.11363636363636363,0.5681818181818182,NOT_ESTIMABLE,,,PROVISIONAL_SMALL_REQUEST_N,0.36363636363636365,0.5636363636363636,PROVISIONAL_SMALL_REQUEST_N,0.4444444444444444,0.6976744186046512,NOT_PRIMARY; use physical units and frozen spans
13,f13-940260e5c34c,FORMAL_10K,HELDOUT_TRIPLE_AUDIT,STRICT_LUMPED,f12d43eace12231077007dc497fee8dad00fbe58cb2f1fe2c6159c47636b97a0,all_candidates,all_finite_diagnostic,emx_minus_frozen_proxy,K_abs,dimensionless,44,0.004545356757185891,0.005726597258707358,0.0002836129963001652,0.003662181662316355,0.009714606632415992,0.012742179135053185,PROVISIONAL_SMALL_REQUEST_N,5,0.0038745001307290985,0.005303878700009742,0.005136804199883966,0.006339262888781288,-0.0008354930125032754,0.001206398090237117,0.0029056109741252,0.004663744356780783,0.008783723825879997,0.012558364654337312,0.010294191984395046,0.013372555303579494,220,44,44,0,8,9,0,0,159,25,44,44,55,,0.45454545454545453,0.11363636363636363,0.5681818181818182,NOT_ESTIMABLE,,,PROVISIONAL_SMALL_REQUEST_N,0.36363636363636365,0.5636363636363636,PROVISIONAL_SMALL_REQUEST_N,0.4444444444444444,0.6976744186046512,NOT_PRIMARY; use physical units and frozen spans
13,f13-940260e5c34c,FORMAL_10K,HELDOUT_TRIPLE_AUDIT,STRICT_LUMPED,f12d43eace12231077007dc497fee8dad00fbe58cb2f1fe2c6159c47636b97a0,selected_q_proxy,strict_valid,emx_minus_target,Lp_nH,nH,4,0.005457559222342145,0.0059793449908941984,-0.003758579930443595,0.005540484245036947,0.007962461821359224,0.008022344374591173,PROVISIONAL_SMALL_REQUEST_N,4,0.003032500027634333,0.007882618417049958,0.003054442072437257,0.00788514531675785,-0.007882618417049958,0.0006277164612786268,0.002667041471471565,0.008082226927823122,0.0033979585837971005,0.008082226927823122,0.0033979585837971005,0.008082226927823122,20,4,4,0,0,1,0,0,15,4,4,4,5,,0.8,0.2,1.0,NOT_ESTIMABLE,,,PROVISIONAL_SMALL_REQUEST_N,0.4,1.0,PROVISIONAL_SMALL_REQUEST_N,1.0,1.0,NOT_PRIMARY; use physical units and frozen spans
13,f13-940260e5c34c,FORMAL_10K,HELDOUT_TRIPLE_AUDIT,STRICT_LUMPED,f12d43eace12231077007dc497fee8dad00fbe58cb2f1fe2c6159c47636b97a0,selected_q_proxy,strict_valid,emx_minus_target,Ls_nH,nH,4,0.0038606827852220027,0.004049735580107316,0.001993008674063046,0.004042741944313311,0.005057699333274601,0.005209320119053007,PROVISIONAL_SMALL_REQUEST_N,4,0.0025847636771496596,0.004954542734203038,0.0027784616883114815,0.0050042953674133165,-0.0017139772501612582,0.00485553828557006,0.001996306347429977,0.005360940904831413,0.003643986870645089,0.005360940904831413,0.0037353482223179135,0.005360940904831413,20,4,4,0,0,1,0,0,15,4,4,4,5,,0.8,0.2,1.0,NOT_ESTIMABLE,,,PROVISIONAL_SMALL_REQUEST_N,0.4,1.0,PROVISIONAL_SMALL_REQUEST_N,1.0,1.0,NOT_PRIMARY; use physical units and frozen spans
13,f13-940260e5c34c,FORMAL_10K,HELDOUT_TRIPLE_AUDIT,STRICT_LUMPED,f12d43eace12231077007dc497fee8dad00fbe58cb2f1fe2c6159c47636b97a0,selected_q_proxy,strict_valid,emx_minus_target,Qmin,dimensionless,4,0.07159849657306205,0.0913816306357555,0.05552360983133875,0.0642521988722482,0.13380053708828382,0.13880936010119604,PROVISIONAL_SMALL_REQUEST_N,4,0.016074886741723304,0.1271221064044008,0.016199256807367952,0.12821384057186744,-0.016074886741723304,0.1271221064044008,0.014071405433643491,0.14381818311410832,0.018078368049803117,0.14381818311410832,0.018078368049803117,0.14381818311410832,20,4,4,0,0,1,0,0,15,4,4,4,5,,0.8,0.2,1.0,NOT_ESTIMABLE,,,PROVISIONAL_SMALL_REQUEST_N,0.4,1.0,PROVISIONAL_SMALL_REQUEST_N,1.0,1.0,NOT_PRIMARY; use physical units and frozen spans
13,f13-940260e5c34c,FORMAL_10K,HELDOUT_TRIPLE_AUDIT,STRICT_LUMPED,f12d43eace12231077007dc497fee8dad00fbe58cb2f1fe2c6159c47636b97a0,selected_q_proxy,strict_valid,emx_minus_target,K_abs,dimensionless,4,0.003412726389409506,0.0037174071095621313,-0.0002749079252124635,0.0036876343146219695,0.004856481562933579,0.004969718038015002,PROVISIONAL_SMALL_REQUEST_N,4,0.00197652298127831,0.004705499596158347,0.0023138782536423702,0.004720614225264239,-0.0036876343146219695,0.0031378184641970425,0.0011926824152976578,0.005082954513096427,0.0030472239500236725,0.005082954513096427,0.0030472239500236725,0.005082954513096427,20,4,4,0,0,1,0,0,15,4,4,4,5,,0.8,0.2,1.0,NOT_ESTIMABLE,,,PROVISIONAL_SMALL_REQUEST_N,0.4,1.0,PROVISIONAL_SMALL_REQUEST_N,1.0,1.0,NOT_PRIMARY; use physical units and frozen spans
13,f13-940260e5c34c,FORMAL_10K,HELDOUT_TRIPLE_AUDIT,STRICT_LUMPED,f12d43eace12231077007dc497fee8dad00fbe58cb2f1fe2c6159c47636b97a0,selected_q_proxy,strict_valid,emx_minus_frozen_proxy,Lp_nH,nH,4,0.00608629475655606,0.006092747597970389,-0.0032141884110621077,0.006064044867263474,0.006396168208626663,0.006434522404668025,PROVISIONAL_SMALL_REQUEST_N,4,0.005827560232540607,0.0063450292805715125,0.005828156233027013,0.006346317161045159,-0.0063450292805715125,0.002753864028132519,0.005744212690987904,0.006472876600709387,0.00591090777409331,0.006472876600709387,0.00591090777409331,0.006472876600709387,20,4,4,0,0,1,0,0,15,4,4,4,5,,0.8,0.2,1.0,NOT_ESTIMABLE,,,PROVISIONAL_SMALL_REQUEST_N,0.4,1.0,PROVISIONAL_SMALL_REQUEST_N,1.0,1.0,NOT_PRIMARY; use physical units and frozen spans
13,f13-940260e5c34c,FORMAL_10K,HELDOUT_TRIPLE_AUDIT,STRICT_LUMPED,f12d43eace12231077007dc497fee8dad00fbe58cb2f1fe2c6159c47636b97a0,selected_q_proxy,strict_valid,emx_minus_frozen_proxy,Ls_nH,nH,4,0.003542897620299801,0.0040645569682029505,0.00011366420163327895,0.0036565618219330798,0.005617903299864046,0.00572468793730676,PROVISIONAL_SMALL_REQUEST_N,4,0.0016102714573258403,0.005475523783273761,0.0017126547965613792,0.005487081213482231,-0.003825217268045078,0.0036565618219330798,0.0010269942625835693,0.0058314725747494744,0.0021935486520681113,0.0058314725747494744,0.0021935486520681113,0.0058314725747494744,20,4,4,0,0,1,0,0,15,4,4,4,5,,0.8,0.2,1.0,NOT_ESTIMABLE,,,PROVISIONAL_SMALL_REQUEST_N,0.4,1.0,PROVISIONAL_SMALL_REQUEST_N,1.0,1.0,NOT_PRIMARY; use physical units and frozen spans
13,f13-940260e5c34c,FORMAL_10K,HELDOUT_TRIPLE_AUDIT,STRICT_LUMPED,f12d43eace12231077007dc497fee8dad00fbe58cb2f1fe2c6159c47636b97a0,selected_q_proxy,strict_valid,emx_minus_frozen_proxy,Qmin,dimensionless,4,0.05418417425394617,0.06393958173706418,0.05418417425394617,0.05619972093251757,0.08728699465972678,0.0936809216620733,PROVISIONAL_SMALL_REQUEST_N,4,0.017558972026941344,0.0887938298023796,0.02896055013583568,0.09091825103174322,0.017558972026941344,0.0887938298023796,0.004262406486329695,0.10007484866441985,0.04149279000004232,0.10007484866441985,0.04947072932440928,0.10007484866441985,20,4,4,0,0,1,0,0,15,4,4,4,5,,0.8,0.2,1.0,NOT_ESTIMABLE,,,PROVISIONAL_SMALL_REQUEST_N,0.4,1.0,PROVISIONAL_SMALL_REQUEST_N,1.0,1.0,NOT_PRIMARY; use physical units and frozen spans
13,f13-940260e5c34c,FORMAL_10K,HELDOUT_TRIPLE_AUDIT,STRICT_LUMPED,f12d43eace12231077007dc497fee8dad00fbe58cb2f1fe2c6159c47636b97a0,selected_q_proxy,strict_valid,emx_minus_frozen_proxy,K_abs,dimensionless,4,0.002898842294066742,0.0034677844831703347,0.0009275206282175347,0.002854172776668537,0.004949028887490967,0.005240685931175688,PROVISIONAL_SMALL_REQUEST_N,4,0.0011630011569593451,0.004679352948572343,0.0015201680624632803,0.004907047989591445,-0.002160876295294663,0.004060587069127937,0.0003546806480694831,0.00553234297486041,0.002120382869708143,0.00553234297486041,0.002120382869708143,0.00553234297486041,20,4,4,0,0,1,0,0,15,4,4,4,5,,0.8,0.2,1.0,NOT_ESTIMABLE,,,PROVISIONAL_SMALL_REQUEST_N,0.4,1.0,PROVISIONAL_SMALL_REQUEST_N,1.0,1.0,NOT_PRIMARY; use physical units and frozen spans
13,f13-940260e5c34c,FORMAL_10K,HELDOUT_TRIPLE_AUDIT,STRICT_LUMPED,f12d43eace12231077007dc497fee8dad00fbe58cb2f1fe2c6159c47636b97a0,selected_q_proxy,all_finite_diagnostic,emx_minus_target,Lp_nH,nH,4,0.005457559222342145,0.0059793449908941984,-0.003758579930443595,0.005540484245036947,0.007962461821359224,0.008022344374591173,PROVISIONAL_SMALL_REQUEST_N,4,0.003032500027634333,0.007882618417049958,0.003054442072437257,0.00788514531675785,-0.007882618417049958,0.0006277164612786268,0.002667041471471565,0.008082226927823122,0.0033979585837971005,0.008082226927823122,0.0033979585837971005,0.008082226927823122,20,4,4,0,0,1,0,0,15,4,4,4,5,,0.8,0.2,1.0,NOT_ESTIMABLE,,,PROVISIONAL_SMALL_REQUEST_N,0.4,1.0,PROVISIONAL_SMALL_REQUEST_N,1.0,1.0,NOT_PRIMARY; use physical units and frozen spans
13,f13-940260e5c34c,FORMAL_10K,HELDOUT_TRIPLE_AUDIT,STRICT_LUMPED,f12d43eace12231077007dc497fee8dad00fbe58cb2f1fe2c6159c47636b97a0,selected_q_proxy,all_finite_diagnostic,emx_minus_target,Ls_nH,nH,4,0.0038606827852220027,0.004049735580107316,0.001993008674063046,0.004042741944313311,0.005057699333274601,0.005209320119053007,PROVISIONAL_SMALL_REQUEST_N,4,0.0025847636771496596,0.004954542734203038,0.0027784616883114815,0.0050042953674133165,-0.0017139772501612582,0.00485553828557006,0.001996306347429977,0.005360940904831413,0.003643986870645089,0.005360940904831413,0.0037353482223179135,0.005360940904831413,20,4,4,0,0,1,0,0,15,4,4,4,5,,0.8,0.2,1.0,NOT_ESTIMABLE,,,PROVISIONAL_SMALL_REQUEST_N,0.4,1.0,PROVISIONAL_SMALL_REQUEST_N,1.0,1.0,NOT_PRIMARY; use physical units and frozen spans
13,f13-940260e5c34c,FORMAL_10K,HELDOUT_TRIPLE_AUDIT,STRICT_LUMPED,f12d43eace12231077007dc497fee8dad00fbe58cb2f1fe2c6159c47636b97a0,selected_q_proxy,all_finite_diagnostic,emx_minus_target,Qmin,dimensionless,4,0.07159849657306205,0.0913816306357555,0.05552360983133875,0.0642521988722482,0.13380053708828382,0.13880936010119604,PROVISIONAL_SMALL_REQUEST_N,4,0.016074886741723304,0.1271221064044008,0.016199256807367952,0.12821384057186744,-0.016074886741723304,0.1271221064044008,0.014071405433643491,0.14381818311410832,0.018078368049803117,0.14381818311410832,0.018078368049803117,0.14381818311410832,20,4,4,0,0,1,0,0,15,4,4,4,5,,0.8,0.2,1.0,NOT_ESTIMABLE,,,PROVISIONAL_SMALL_REQUEST_N,0.4,1.0,PROVISIONAL_SMALL_REQUEST_N,1.0,1.0,NOT_PRIMARY; use physical units and frozen spans
13,f13-940260e5c34c,FORMAL_10K,HELDOUT_TRIPLE_AUDIT,STRICT_LUMPED,f12d43eace12231077007dc497fee8dad00fbe58cb2f1fe2c6159c47636b97a0,selected_q_proxy,all_finite_diagnostic,emx_minus_target,K_abs,dimensionless,4,0.003412726389409506,0.0037174071095621313,-0.0002749079252124635,0.0036876343146219695,0.004856481562933579,0.004969718038015002,PROVISIONAL_SMALL_REQUEST_N,4,0.00197652298127831,0.004705499596158347,0.0023138782536423702,0.004720614225264239,-0.0036876343146219695,0.0031378184641970425,0.0011926824152976578,0.005082954513096427,0.0030472239500236725,0.005082954513096427,0.0030472239500236725,0.005082954513096427,20,4,4,0,0,1,0,0,15,4,4,4,5,,0.8,0.2,1.0,NOT_ESTIMABLE,,,PROVISIONAL_SMALL_REQUEST_N,0.4,1.0,PROVISIONAL_SMALL_REQUEST_N,1.0,1.0,NOT_PRIMARY; use physical units and frozen spans
13,f13-940260e5c34c,FORMAL_10K,HELDOUT_TRIPLE_AUDIT,STRICT_LUMPED,f12d43eace12231077007dc497fee8dad00fbe58cb2f1fe2c6159c47636b97a0,selected_q_proxy,all_finite_diagnostic,emx_minus_frozen_proxy,Lp_nH,nH,4,0.00608629475655606,0.006092747597970389,-0.0032141884110621077,0.006064044867263474,0.006396168208626663,0.006434522404668025,PROVISIONAL_SMALL_REQUEST_N,4,0.005827560232540607,0.0063450292805715125,0.005828156233027013,0.006346317161045159,-0.0063450292805715125,0.002753864028132519,0.005744212690987904,0.006472876600709387,0.00591090777409331,0.006472876600709387,0.00591090777409331,0.006472876600709387,20,4,4,0,0,1,0,0,15,4,4,4,5,,0.8,0.2,1.0,NOT_ESTIMABLE,,,PROVISIONAL_SMALL_REQUEST_N,0.4,1.0,PROVISIONAL_SMALL_REQUEST_N,1.0,1.0,NOT_PRIMARY; use physical units and frozen spans
13,f13-940260e5c34c,FORMAL_10K,HELDOUT_TRIPLE_AUDIT,STRICT_LUMPED,f12d43eace12231077007dc497fee8dad00fbe58cb2f1fe2c6159c47636b97a0,selected_q_proxy,all_finite_diagnostic,emx_minus_frozen_proxy,Ls_nH,nH,4,0.003542897620299801,0.0040645569682029505,0.00011366420163327895,0.0036565618219330798,0.005617903299864046,0.00572468793730676,PROVISIONAL_SMALL_REQUEST_N,4,0.0016102714573258403,0.005475523783273761,0.0017126547965613792,0.005487081213482231,-0.003825217268045078,0.0036565618219330798,0.0010269942625835693,0.0058314725747494744,0.0021935486520681113,0.0058314725747494744,0.0021935486520681113,0.0058314725747494744,20,4,4,0,0,1,0,0,15,4,4,4,5,,0.8,0.2,1.0,NOT_ESTIMABLE,,,PROVISIONAL_SMALL_REQUEST_N,0.4,1.0,PROVISIONAL_SMALL_REQUEST_N,1.0,1.0,NOT_PRIMARY; use physical units and frozen spans
13,f13-940260e5c34c,FORMAL_10K,HELDOUT_TRIPLE_AUDIT,STRICT_LUMPED,f12d43eace12231077007dc497fee8dad00fbe58cb2f1fe2c6159c47636b97a0,selected_q_proxy,all_finite_diagnostic,emx_minus_frozen_proxy,Qmin,dimensionless,4,0.05418417425394617,0.06393958173706418,0.05418417425394617,0.05619972093251757,0.08728699465972678,0.0936809216620733,PROVISIONAL_SMALL_REQUEST_N,4,0.017558972026941344,0.0887938298023796,0.02896055013583568,0.09091825103174322,0.017558972026941344,0.0887938298023796,0.004262406486329695,0.10007484866441985,0.04149279000004232,0.10007484866441985,0.04947072932440928,0.10007484866441985,20,4,4,0,0,1,0,0,15,4,4,4,5,,0.8,0.2,1.0,NOT_ESTIMABLE,,,PROVISIONAL_SMALL_REQUEST_N,0.4,1.0,PROVISIONAL_SMALL_REQUEST_N,1.0,1.0,NOT_PRIMARY; use physical units and frozen spans
13,f13-940260e5c34c,FORMAL_10K,HELDOUT_TRIPLE_AUDIT,STRICT_LUMPED,f12d43eace12231077007dc497fee8dad00fbe58cb2f1fe2c6159c47636b97a0,selected_q_proxy,all_finite_diagnostic,emx_minus_frozen_proxy,K_abs,dimensionless,4,0.002898842294066742,0.0034677844831703347,0.0009275206282175347,0.002854172776668537,0.004949028887490967,0.005240685931175688,PROVISIONAL_SMALL_REQUEST_N,4,0.0011630011569593451,0.004679352948572343,0.0015201680624632803,0.004907047989591445,-0.002160876295294663,0.004060587069127937,0.0003546806480694831,0.00553234297486041,0.002120382869708143,0.00553234297486041,0.002120382869708143,0.00553234297486041,20,4,4,0,0,1,0,0,15,4,4,4,5,,0.8,0.2,1.0,NOT_ESTIMABLE,,,PROVISIONAL_SMALL_REQUEST_N,0.4,1.0,PROVISIONAL_SMALL_REQUEST_N,1.0,1.0,NOT_PRIMARY; use physical units and frozen spans
14,f14-734ef171b954,FORMAL_10K,HELDOUT_TRIPLE_AUDIT,STRICT_LUMPED,f12d43eace12231077007dc497fee8dad00fbe58cb2f1fe2c6159c47636b97a0,all_candidates,strict_valid,emx_minus_target,Lp_nH,nH,52,0.04519933434743161,0.09157477336352748,0.006696223708611856,0.018490198096645982,0.1205446509546258,0.17254431657772218,PROVISIONAL_SMALL_REQUEST_N,5,0.01724110697119707,0.08131472705979323,0.024234035248350227,0.14715359424861812,-0.02403827780765631,0.04454452154979456,0.007724805755177755,0.03629156535088607,0.038302370464515165,0.3642043196835181,0.05200303167849132,0.3870118333716518,220,52,52,0,3,2,0,0,163,30,52,52,55,,0.5454545454545454,0.13636363636363635,0.5769230769230769,NOT_ESTIMABLE,,,PROVISIONAL_SMALL_REQUEST_N,0.45454545454545453,0.6909090909090909,PROVISIONAL_SMALL_REQUEST_N,0.4807692307692308,0.74,NOT_PRIMARY; use physical units and frozen spans
14,f14-734ef171b954,FORMAL_10K,HELDOUT_TRIPLE_AUDIT,STRICT_LUMPED,f12d43eace12231077007dc497fee8dad00fbe58cb2f1fe2c6159c47636b97a0,all_candidates,strict_valid,emx_minus_target,Ls_nH,nH,52,0.11303384182941098,0.2182077885670983,-0.10406240216209386,0.04002729441959163,0.27967711384848193,0.5964921885042491,PROVISIONAL_SMALL_REQUEST_N,5,0.04357756410563441,0.1852138951501984,0.07910531692276798,0.30214065683990676,-0.1768854608747147,-0.03398738340089267,0.00908771843891798,0.05819506779347794,0.09621487395915373,0.659351927362616,0.18565725429407218,0.7391755720376081,220,52,52,0,3,2,0,0,163,30,52,52,55,,0.5454545454545454,0.13636363636363635,0.5769230769230769,NOT_ESTIMABLE,,,PROVISIONAL_SMALL_REQUEST_N,0.45454545454545453,0.6909090909090909,PROVISIONAL_SMALL_REQUEST_N,0.4807692307692308,0.74,NOT_PRIMARY; use physical units and frozen spans
14,f14-734ef171b954,FORMAL_10K,HELDOUT_TRIPLE_AUDIT,STRICT_LUMPED,f12d43eace12231077007dc497fee8dad00fbe58cb2f1fe2c6159c47636b97a0,all_candidates,strict_valid,emx_minus_target,Qmin,dimensionless,52,1.105326787191163,1.7156670673445185,-0.7510153457444269,0.40075999658756345,3.327084999437221,3.8667121978110433,PROVISIONAL_SMALL_REQUEST_N,5,0.661305323091911,1.5325927243432733,1.0780072941070369,2.1971904178350052,-1.2402292019933194,-0.31196042296802884,0.29826274369490235,1.181494125470687,1.6881118331215497,3.9438291516787487,2.1508253903408416,4.6333114053973965,220,52,52,0,3,2,0,0,163,30,52,52,55,,0.5454545454545454,0.13636363636363635,0.5769230769230769,NOT_ESTIMABLE,,,PROVISIONAL_SMALL_REQUEST_N,0.45454545454545453,0.6909090909090909,PROVISIONAL_SMALL_REQUEST_N,0.4807692307692308,0.74,NOT_PRIMARY; use physical units and frozen spans
14,f14-734ef171b954,FORMAL_10K,HELDOUT_TRIPLE_AUDIT,STRICT_LUMPED,f12d43eace12231077007dc497fee8dad00fbe58cb2f1fe2c6159c47636b97a0,all_candidates,strict_valid,emx_minus_target,K_abs,dimensionless,52,0.022985071989932892,0.04037267103797858,-0.0031182627582270177,0.006524105344016248,0.06158798562164277,0.09590384583570918,PROVISIONAL_SMALL_REQUEST_N,5,0.015000973360773573,0.030935382284102378,0.02466247840902226,0.05413617754433588,-0.017717607530603828,0.015989942708737513,0.004688720585990555,0.014721534610706188,0.03332807115276652,0.120266732079964,0.042350564317902475,0.13926760651908207,220,52,52,0,3,2,0,0,163,30,52,52,55,,0.5454545454545454,0.13636363636363635,0.5769230769230769,NOT_ESTIMABLE,,,PROVISIONAL_SMALL_REQUEST_N,0.45454545454545453,0.6909090909090909,PROVISIONAL_SMALL_REQUEST_N,0.4807692307692308,0.74,NOT_PRIMARY; use physical units and frozen spans
14,f14-734ef171b954,FORMAL_10K,HELDOUT_TRIPLE_AUDIT,STRICT_LUMPED,f12d43eace12231077007dc497fee8dad00fbe58cb2f1fe2c6159c47636b97a0,all_candidates,strict_valid,emx_minus_frozen_proxy,Lp_nH,nH,52,0.011906975035798071,0.016682052402150562,-0.006832557393884397,0.005991567772337114,0.03275988460588406,0.03381548275744638,PROVISIONAL_SMALL_REQUEST_N,5,0.007820760085949938,0.014714908414806502,0.012242090801490373,0.019127460294235475,-0.009931195291666894,-0.0032546393617885407,0.004047543237353013,0.007610672974420751,0.02434743443392562,0.033666062907286465,0.028177187208103582,0.0353720928100425,220,52,52,0,3,2,0,0,163,30,52,52,55,,0.5454545454545454,0.13636363636363635,0.5769230769230769,NOT_ESTIMABLE,,,PROVISIONAL_SMALL_REQUEST_N,0.45454545454545453,0.6909090909090909,PROVISIONAL_SMALL_REQUEST_N,0.4807692307692308,0.74,NOT_PRIMARY; use physical units and frozen spans
14,f14-734ef171b954,FORMAL_10K,HELDOUT_TRIPLE_AUDIT,STRICT_LUMPED,f12d43eace12231077007dc497fee8dad00fbe58cb2f1fe2c6159c47636b97a0,all_candidates,strict_valid,emx_minus_frozen_proxy,Ls_nH,nH,52,0.006965409020094968,0.008996751270079128,0.003808948930074842,0.005434431836355391,0.015386440814145473,0.017322523304823517,PROVISIONAL_SMALL_REQUEST_N,5,0.004057855324392155,0.010756462786295487,0.005187684642210069,0.012636313203660439,0.001620533733815375,0.006679304710783391,0.002928900056438144,0.00973166657610891,0.009743861478147904,0.021468035360885818,0.010448674252954624,0.023356219126441924,220,52,52,0,3,2,0,0,163,30,52,52,55,,0.5454545454545454,0.13636363636363635,0.5769230769230769,NOT_ESTIMABLE,,,PROVISIONAL_SMALL_REQUEST_N,0.45454545454545453,0.6909090909090909,PROVISIONAL_SMALL_REQUEST_N,0.4807692307692308,0.74,NOT_PRIMARY; use physical units and frozen spans
14,f14-734ef171b954,FORMAL_10K,HELDOUT_TRIPLE_AUDIT,STRICT_LUMPED,f12d43eace12231077007dc497fee8dad00fbe58cb2f1fe2c6159c47636b97a0,all_candidates,strict_valid,emx_minus_frozen_proxy,Qmin,dimensionless,52,0.19758384417845132,0.2728300328206347,0.099204270778729,0.1429229633944118,0.4682308812207028,0.5494970049192247,PROVISIONAL_SMALL_REQUEST_N,5,0.15470820794747198,0.23748129208539728,0.2048735492344091,0.33911145269726445,0.06623214279887009,0.13923655884949782,0.09977885015072907,0.1989849884249674,0.3335194077231769,0.6896636363478704,0.3520663274256446,0.7841588251292263,220,52,52,0,3,2,0,0,163,30,52,52,55,,0.5454545454545454,0.13636363636363635,0.5769230769230769,NOT_ESTIMABLE,,,PROVISIONAL_SMALL_REQUEST_N,0.45454545454545453,0.6909090909090909,PROVISIONAL_SMALL_REQUEST_N,0.4807692307692308,0.74,NOT_PRIMARY; use physical units and frozen spans
14,f14-734ef171b954,FORMAL_10K,HELDOUT_TRIPLE_AUDIT,STRICT_LUMPED,f12d43eace12231077007dc497fee8dad00fbe58cb2f1fe2c6159c47636b97a0,all_candidates,strict_valid,emx_minus_frozen_proxy,K_abs,dimensionless,52,0.005823191998153478,0.007971118182483406,-0.0006630753189360108,0.0051541100366807036,0.011299235285137122,0.011931636369267097,PROVISIONAL_SMALL_REQUEST_N,5,0.004973400404657023,0.007235604063792324,0.0059960261650874565,0.010722555394843227,-0.0032993924048402077,0.001784417197919833,0.004604142995787347,0.005951765497902661,0.009407337990728262,0.012038068347781816,0.011153626572688122,0.02447311534052604,220,52,52,0,3,2,0,0,163,30,52,52,55,,0.5454545454545454,0.13636363636363635,0.5769230769230769,NOT_ESTIMABLE,,,PROVISIONAL_SMALL_REQUEST_N,0.45454545454545453,0.6909090909090909,PROVISIONAL_SMALL_REQUEST_N,0.4807692307692308,0.74,NOT_PRIMARY; use physical units and frozen spans
14,f14-734ef171b954,FORMAL_10K,HELDOUT_TRIPLE_AUDIT,STRICT_LUMPED,f12d43eace12231077007dc497fee8dad00fbe58cb2f1fe2c6159c47636b97a0,all_candidates,all_finite_diagnostic,emx_minus_target,Lp_nH,nH,52,0.04519933434743161,0.09157477336352748,0.006696223708611856,0.018490198096645982,0.1205446509546258,0.17254431657772218,PROVISIONAL_SMALL_REQUEST_N,5,0.01724110697119707,0.08131472705979323,0.024234035248350227,0.14715359424861812,-0.02403827780765631,0.04454452154979456,0.007724805755177755,0.03629156535088607,0.038302370464515165,0.3642043196835181,0.05200303167849132,0.3870118333716518,220,52,52,0,3,2,0,0,163,30,52,52,55,,0.5454545454545454,0.13636363636363635,0.5769230769230769,NOT_ESTIMABLE,,,PROVISIONAL_SMALL_REQUEST_N,0.45454545454545453,0.6909090909090909,PROVISIONAL_SMALL_REQUEST_N,0.4807692307692308,0.74,NOT_PRIMARY; use physical units and frozen spans
14,f14-734ef171b954,FORMAL_10K,HELDOUT_TRIPLE_AUDIT,STRICT_LUMPED,f12d43eace12231077007dc497fee8dad00fbe58cb2f1fe2c6159c47636b97a0,all_candidates,all_finite_diagnostic,emx_minus_target,Ls_nH,nH,52,0.11303384182941098,0.2182077885670983,-0.10406240216209386,0.04002729441959163,0.27967711384848193,0.5964921885042491,PROVISIONAL_SMALL_REQUEST_N,5,0.04357756410563441,0.1852138951501984,0.07910531692276798,0.30214065683990676,-0.1768854608747147,-0.03398738340089267,0.00908771843891798,0.05819506779347794,0.09621487395915373,0.659351927362616,0.18565725429407218,0.7391755720376081,220,52,52,0,3,2,0,0,163,30,52,52,55,,0.5454545454545454,0.13636363636363635,0.5769230769230769,NOT_ESTIMABLE,,,PROVISIONAL_SMALL_REQUEST_N,0.45454545454545453,0.6909090909090909,PROVISIONAL_SMALL_REQUEST_N,0.4807692307692308,0.74,NOT_PRIMARY; use physical units and frozen spans
14,f14-734ef171b954,FORMAL_10K,HELDOUT_TRIPLE_AUDIT,STRICT_LUMPED,f12d43eace12231077007dc497fee8dad00fbe58cb2f1fe2c6159c47636b97a0,all_candidates,all_finite_diagnostic,emx_minus_target,Qmin,dimensionless,52,1.105326787191163,1.7156670673445185,-0.7510153457444269,0.40075999658756345,3.327084999437221,3.8667121978110433,PROVISIONAL_SMALL_REQUEST_N,5,0.661305323091911,1.5325927243432733,1.0780072941070369,2.1971904178350052,-1.2402292019933194,-0.31196042296802884,0.29826274369490235,1.181494125470687,1.6881118331215497,3.9438291516787487,2.1508253903408416,4.6333114053973965,220,52,52,0,3,2,0,0,163,30,52,52,55,,0.5454545454545454,0.13636363636363635,0.5769230769230769,NOT_ESTIMABLE,,,PROVISIONAL_SMALL_REQUEST_N,0.45454545454545453,0.6909090909090909,PROVISIONAL_SMALL_REQUEST_N,0.4807692307692308,0.74,NOT_PRIMARY; use physical units and frozen spans
14,f14-734ef171b954,FORMAL_10K,HELDOUT_TRIPLE_AUDIT,STRICT_LUMPED,f12d43eace12231077007dc497fee8dad00fbe58cb2f1fe2c6159c47636b97a0,all_candidates,all_finite_diagnostic,emx_minus_target,K_abs,dimensionless,52,0.022985071989932892,0.04037267103797858,-0.0031182627582270177,0.006524105344016248,0.06158798562164277,0.09590384583570918,PROVISIONAL_SMALL_REQUEST_N,5,0.015000973360773573,0.030935382284102378,0.02466247840902226,0.05413617754433588,-0.017717607530603828,0.015989942708737513,0.004688720585990555,0.014721534610706188,0.03332807115276652,0.120266732079964,0.042350564317902475,0.13926760651908207,220,52,52,0,3,2,0,0,163,30,52,52,55,,0.5454545454545454,0.13636363636363635,0.5769230769230769,NOT_ESTIMABLE,,,PROVISIONAL_SMALL_REQUEST_N,0.45454545454545453,0.6909090909090909,PROVISIONAL_SMALL_REQUEST_N,0.4807692307692308,0.74,NOT_PRIMARY; use physical units and frozen spans
14,f14-734ef171b954,FORMAL_10K,HELDOUT_TRIPLE_AUDIT,STRICT_LUMPED,f12d43eace12231077007dc497fee8dad00fbe58cb2f1fe2c6159c47636b97a0,all_candidates,all_finite_diagnostic,emx_minus_frozen_proxy,Lp_nH,nH,52,0.011906975035798071,0.016682052402150562,-0.006832557393884397,0.005991567772337114,0.03275988460588406,0.03381548275744638,PROVISIONAL_SMALL_REQUEST_N,5,0.007820760085949938,0.014714908414806502,0.012242090801490373,0.019127460294235475,-0.009931195291666894,-0.0032546393617885407,0.004047543237353013,0.007610672974420751,0.02434743443392562,0.033666062907286465,0.028177187208103582,0.0353720928100425,220,52,52,0,3,2,0,0,163,30,52,52,55,,0.5454545454545454,0.13636363636363635,0.5769230769230769,NOT_ESTIMABLE,,,PROVISIONAL_SMALL_REQUEST_N,0.45454545454545453,0.6909090909090909,PROVISIONAL_SMALL_REQUEST_N,0.4807692307692308,0.74,NOT_PRIMARY; use physical units and frozen spans
14,f14-734ef171b954,FORMAL_10K,HELDOUT_TRIPLE_AUDIT,STRICT_LUMPED,f12d43eace12231077007dc497fee8dad00fbe58cb2f1fe2c6159c47636b97a0,all_candidates,all_finite_diagnostic,emx_minus_frozen_proxy,Ls_nH,nH,52,0.006965409020094968,0.008996751270079128,0.003808948930074842,0.005434431836355391,0.015386440814145473,0.017322523304823517,PROVISIONAL_SMALL_REQUEST_N,5,0.004057855324392155,0.010756462786295487,0.005187684642210069,0.012636313203660439,0.001620533733815375,0.006679304710783391,0.002928900056438144,0.00973166657610891,0.009743861478147904,0.021468035360885818,0.010448674252954624,0.023356219126441924,220,52,52,0,3,2,0,0,163,30,52,52,55,,0.5454545454545454,0.13636363636363635,0.5769230769230769,NOT_ESTIMABLE,,,PROVISIONAL_SMALL_REQUEST_N,0.45454545454545453,0.6909090909090909,PROVISIONAL_SMALL_REQUEST_N,0.4807692307692308,0.74,NOT_PRIMARY; use physical units and frozen spans
14,f14-734ef171b954,FORMAL_10K,HELDOUT_TRIPLE_AUDIT,STRICT_LUMPED,f12d43eace12231077007dc497fee8dad00fbe58cb2f1fe2c6159c47636b97a0,all_candidates,all_finite_diagnostic,emx_minus_frozen_proxy,Qmin,dimensionless,52,0.19758384417845132,0.2728300328206347,0.099204270778729,0.1429229633944118,0.4682308812207028,0.5494970049192247,PROVISIONAL_SMALL_REQUEST_N,5,0.15470820794747198,0.23748129208539728,0.2048735492344091,0.33911145269726445,0.06623214279887009,0.13923655884949782,0.09977885015072907,0.1989849884249674,0.3335194077231769,0.6896636363478704,0.3520663274256446,0.7841588251292263,220,52,52,0,3,2,0,0,163,30,52,52,55,,0.5454545454545454,0.13636363636363635,0.5769230769230769,NOT_ESTIMABLE,,,PROVISIONAL_SMALL_REQUEST_N,0.45454545454545453,0.6909090909090909,PROVISIONAL_SMALL_REQUEST_N,0.4807692307692308,0.74,NOT_PRIMARY; use physical units and frozen spans
14,f14-734ef171b954,FORMAL_10K,HELDOUT_TRIPLE_AUDIT,STRICT_LUMPED,f12d43eace12231077007dc497fee8dad00fbe58cb2f1fe2c6159c47636b97a0,all_candidates,all_finite_diagnostic,emx_minus_frozen_proxy,K_abs,dimensionless,52,0.005823191998153478,0.007971118182483406,-0.0006630753189360108,0.0051541100366807036,0.011299235285137122,0.011931636369267097,PROVISIONAL_SMALL_REQUEST_N,5,0.004973400404657023,0.007235604063792324,0.0059960261650874565,0.010722555394843227,-0.0032993924048402077,0.001784417197919833,0.004604142995787347,0.005951765497902661,0.009407337990728262,0.012038068347781816,0.011153626572688122,0.02447311534052604,220,52,52,0,3,2,0,0,163,30,52,52,55,,0.5454545454545454,0.13636363636363635,0.5769230769230769,NOT_ESTIMABLE,,,PROVISIONAL_SMALL_REQUEST_N,0.45454545454545453,0.6909090909090909,PROVISIONAL_SMALL_REQUEST_N,0.4807692307692308,0.74,NOT_PRIMARY; use physical units and frozen spans
14,f14-734ef171b954,FORMAL_10K,HELDOUT_TRIPLE_AUDIT,STRICT_LUMPED,f12d43eace12231077007dc497fee8dad00fbe58cb2f1fe2c6159c47636b97a0,selected_q_proxy,strict_valid,emx_minus_target,Lp_nH,nH,5,0.005096431130157675,0.005755436835896813,0.0021186773978001615,0.006376056496619875,0.007715294009866103,0.007805597236190209,PROVISIONAL_SMALL_REQUEST_N,5,0.002781537043628135,0.007321021990363108,0.003318681392116731,0.007338336524856201,-0.002863084797143656,0.006133611153737117,0.001641672510343195,0.007895900462514316,0.004675290638138808,0.007895900462514316,0.00552567356737934,0.007895900462514316,20,5,5,0,0,0,0,0,15,5,5,5,5,,1.0,0.25,1.0,NOT_ESTIMABLE,,,PROVISIONAL_SMALL_REQUEST_N,1.0,1.0,PROVISIONAL_SMALL_REQUEST_N,1.0,1.0,NOT_PRIMARY; use physical units and frozen spans
14,f14-734ef171b954,FORMAL_10K,HELDOUT_TRIPLE_AUDIT,STRICT_LUMPED,f12d43eace12231077007dc497fee8dad00fbe58cb2f1fe2c6159c47636b97a0,selected_q_proxy,strict_valid,emx_minus_target,Ls_nH,nH,5,0.00905834984986693,0.010446942876079732,0.006646666762175735,0.011150082626692592,0.014443597986991463,0.015218335057560317,PROVISIONAL_SMALL_REQUEST_N,5,0.004641699613029715,0.013475000086704148,0.005687636207945675,0.01363554272033979,-0.00018166656235267807,0.013285985777728621,0.0024973177042795225,0.01599307212812917,0.008102805581994943,0.01599307212812917,0.009626444104343766,0.01599307212812917,20,5,5,0,0,0,0,0,15,5,5,5,5,,1.0,0.25,1.0,NOT_ESTIMABLE,,,PROVISIONAL_SMALL_REQUEST_N,1.0,1.0,PROVISIONAL_SMALL_REQUEST_N,1.0,1.0,NOT_PRIMARY; use physical units and frozen spans
14,f14-734ef171b954,FORMAL_10K,HELDOUT_TRIPLE_AUDIT,STRICT_LUMPED,f12d43eace12231077007dc497fee8dad00fbe58cb2f1fe2c6159c47636b97a0,selected_q_proxy,strict_valid,emx_minus_target,Qmin,dimensionless,5,0.0590539480347708,0.08760052671970561,0.034307913760456187,0.051355719598355165,0.12958723120617535,0.15555409175282192,PROVISIONAL_SMALL_REQUEST_N,5,0.01455371140358892,0.1213517745104145,0.023909751759715724,0.142570350978077,-0.02470662374984194,0.10899139242862646,0.0001970526223633584,0.18152095229946852,0.03501717819398564,0.18152095229946852,0.0431864488961704,0.18152095229946852,20,5,5,0,0,0,0,0,15,5,5,5,5,,1.0,0.25,1.0,NOT_ESTIMABLE,,,PROVISIONAL_SMALL_REQUEST_N,1.0,1.0,PROVISIONAL_SMALL_REQUEST_N,1.0,1.0,NOT_PRIMARY; use physical units and frozen spans
14,f14-734ef171b954,FORMAL_10K,HELDOUT_TRIPLE_AUDIT,STRICT_LUMPED,f12d43eace12231077007dc497fee8dad00fbe58cb2f1fe2c6159c47636b97a0,selected_q_proxy,strict_valid,emx_minus_target,K_abs,dimensionless,5,0.0040151596080309606,0.004586179868517143,0.0003239405740367074,0.005220377556544614,0.006032308545029064,0.0062856225962371615,PROVISIONAL_SMALL_REQUEST_N,5,0.0020586134213289977,0.005768596726848934,0.0029154368902640313,0.005802816928387611,-0.003620217732550296,0.004268098880623711,0.000355006507219785,0.006538936647445259,0.004207870908942918,0.006538936647445259,0.004714124232743765,0.006538936647445259,20,5,5,0,0,0,0,0,15,5,5,5,5,,1.0,0.25,1.0,NOT_ESTIMABLE,,,PROVISIONAL_SMALL_REQUEST_N,1.0,1.0,PROVISIONAL_SMALL_REQUEST_N,1.0,1.0,NOT_PRIMARY; use physical units and frozen spans
14,f14-734ef171b954,FORMAL_10K,HELDOUT_TRIPLE_AUDIT,STRICT_LUMPED,f12d43eace12231077007dc497fee8dad00fbe58cb2f1fe2c6159c47636b97a0,selected_q_proxy,strict_valid,emx_minus_frozen_proxy,Lp_nH,nH,5,0.0033010727163738096,0.0038228670575222745,0.0008234838352583651,0.003671804890765351,0.005335400616614372,0.005764686409701491,PROVISIONAL_SMALL_REQUEST_N,5,0.0017711782785378993,0.004957268854597752,0.002152448764766379,0.005217866070293402,-0.002894990578781664,0.0034439684673837957,0.0004351588236921611,0.006193972202788611,0.0030658367053671754,0.006193972202788611,0.003368820798066263,0.006193972202788611,20,5,5,0,0,0,0,0,15,5,5,5,5,,1.0,0.25,1.0,NOT_ESTIMABLE,,,PROVISIONAL_SMALL_REQUEST_N,1.0,1.0,PROVISIONAL_SMALL_REQUEST_N,1.0,1.0,NOT_PRIMARY; use physical units and frozen spans
14,f14-734ef171b954,FORMAL_10K,HELDOUT_TRIPLE_AUDIT,STRICT_LUMPED,f12d43eace12231077007dc497fee8dad00fbe58cb2f1fe2c6159c47636b97a0,selected_q_proxy,strict_valid,emx_minus_frozen_proxy,Ls_nH,nH,5,0.0069618730257894335,0.009138731169055885,0.004946941704323127,0.003512206851364441,0.014383891558313256,0.015593971573051223,PROVISIONAL_SMALL_REQUEST_N,5,0.0023199556119265718,0.01253818554595365,0.0024236919741050292,0.013503150463430633,-0.0015262950304134857,0.011540655312215759,0.0015251214523013257,0.016804051587789193,0.0029930576001758083,0.016804051587789193,0.003252632225770124,0.016804051587789193,20,5,5,0,0,0,0,0,15,5,5,5,5,,1.0,0.25,1.0,NOT_ESTIMABLE,,,PROVISIONAL_SMALL_REQUEST_N,1.0,1.0,PROVISIONAL_SMALL_REQUEST_N,1.0,1.0,NOT_PRIMARY; use physical units and frozen spans
14,f14-734ef171b954,FORMAL_10K,HELDOUT_TRIPLE_AUDIT,STRICT_LUMPED,f12d43eace12231077007dc497fee8dad00fbe58cb2f1fe2c6159c47636b97a0,selected_q_proxy,strict_valid,emx_minus_frozen_proxy,Qmin,dimensionless,5,0.08642383111237635,0.0991873172386918,0.029580359439167127,0.07107961181026923,0.13769994788098006,0.15856140834217738,PROVISIONAL_SMALL_REQUEST_N,5,0.051329451245812764,0.13607545711862948,0.05488076849896583,0.1460651479141009,-0.049749063457590025,0.10890978233592427,0.035472041078095984,0.17942286880337477,0.07105939403526307,0.17942286880337477,0.07106950292276615,0.17942286880337477,20,5,5,0,0,0,0,0,15,5,5,5,5,,1.0,0.25,1.0,NOT_ESTIMABLE,,,PROVISIONAL_SMALL_REQUEST_N,1.0,1.0,PROVISIONAL_SMALL_REQUEST_N,1.0,1.0,NOT_PRIMARY; use physical units and frozen spans
14,f14-734ef171b954,FORMAL_10K,HELDOUT_TRIPLE_AUDIT,STRICT_LUMPED,f12d43eace12231077007dc497fee8dad00fbe58cb2f1fe2c6159c47636b97a0,selected_q_proxy,strict_valid,emx_minus_frozen_proxy,K_abs,dimensionless,5,0.004296384327077474,0.004827844320337159,0.0002512857921941114,0.0052248539313617115,0.005976602123660357,0.006026013492232085,PROVISIONAL_SMALL_REQUEST_N,5,0.0021308299527394658,0.005806487937771937,0.0033250842096845742,0.00581481591433167,-0.004031319233680675,0.004533890818068898,6.889650601343833e-05,0.006075424860803813,0.0048486636865223195,0.006075424860803813,0.0050367588089420155,0.006075424860803813,20,5,5,0,0,0,0,0,15,5,5,5,5,,1.0,0.25,1.0,NOT_ESTIMABLE,,,PROVISIONAL_SMALL_REQUEST_N,1.0,1.0,PROVISIONAL_SMALL_REQUEST_N,1.0,1.0,NOT_PRIMARY; use physical units and frozen spans
14,f14-734ef171b954,FORMAL_10K,HELDOUT_TRIPLE_AUDIT,STRICT_LUMPED,f12d43eace12231077007dc497fee8dad00fbe58cb2f1fe2c6159c47636b97a0,selected_q_proxy,all_finite_diagnostic,emx_minus_target,Lp_nH,nH,5,0.005096431130157675,0.005755436835896813,0.0021186773978001615,0.006376056496619875,0.007715294009866103,0.007805597236190209,PROVISIONAL_SMALL_REQUEST_N,5,0.002781537043628135,0.007321021990363108,0.003318681392116731,0.007338336524856201,-0.002863084797143656,0.006133611153737117,0.001641672510343195,0.007895900462514316,0.004675290638138808,0.007895900462514316,0.00552567356737934,0.007895900462514316,20,5,5,0,0,0,0,0,15,5,5,5,5,,1.0,0.25,1.0,NOT_ESTIMABLE,,,PROVISIONAL_SMALL_REQUEST_N,1.0,1.0,PROVISIONAL_SMALL_REQUEST_N,1.0,1.0,NOT_PRIMARY; use physical units and frozen spans
14,f14-734ef171b954,FORMAL_10K,HELDOUT_TRIPLE_AUDIT,STRICT_LUMPED,f12d43eace12231077007dc497fee8dad00fbe58cb2f1fe2c6159c47636b97a0,selected_q_proxy,all_finite_diagnostic,emx_minus_target,Ls_nH,nH,5,0.00905834984986693,0.010446942876079732,0.006646666762175735,0.011150082626692592,0.014443597986991463,0.015218335057560317,PROVISIONAL_SMALL_REQUEST_N,5,0.004641699613029715,0.013475000086704148,0.005687636207945675,0.01363554272033979,-0.00018166656235267807,0.013285985777728621,0.0024973177042795225,0.01599307212812917,0.008102805581994943,0.01599307212812917,0.009626444104343766,0.01599307212812917,20,5,5,0,0,0,0,0,15,5,5,5,5,,1.0,0.25,1.0,NOT_ESTIMABLE,,,PROVISIONAL_SMALL_REQUEST_N,1.0,1.0,PROVISIONAL_SMALL_REQUEST_N,1.0,1.0,NOT_PRIMARY; use physical units and frozen spans
14,f14-734ef171b954,FORMAL_10K,HELDOUT_TRIPLE_AUDIT,STRICT_LUMPED,f12d43eace12231077007dc497fee8dad00fbe58cb2f1fe2c6159c47636b97a0,selected_q_proxy,all_finite_diagnostic,emx_minus_target,Qmin,dimensionless,5,0.0590539480347708,0.08760052671970561,0.034307913760456187,0.051355719598355165,0.12958723120617535,0.15555409175282192,PROVISIONAL_SMALL_REQUEST_N,5,0.01455371140358892,0.1213517745104145,0.023909751759715724,0.142570350978077,-0.02470662374984194,0.10899139242862646,0.0001970526223633584,0.18152095229946852,0.03501717819398564,0.18152095229946852,0.0431864488961704,0.18152095229946852,20,5,5,0,0,0,0,0,15,5,5,5,5,,1.0,0.25,1.0,NOT_ESTIMABLE,,,PROVISIONAL_SMALL_REQUEST_N,1.0,1.0,PROVISIONAL_SMALL_REQUEST_N,1.0,1.0,NOT_PRIMARY; use physical units and frozen spans
14,f14-734ef171b954,FORMAL_10K,HELDOUT_TRIPLE_AUDIT,STRICT_LUMPED,f12d43eace12231077007dc497fee8dad00fbe58cb2f1fe2c6159c47636b97a0,selected_q_proxy,all_finite_diagnostic,emx_minus_target,K_abs,dimensionless,5,0.0040151596080309606,0.004586179868517143,0.0003239405740367074,0.005220377556544614,0.006032308545029064,0.0062856225962371615,PROVISIONAL_SMALL_REQUEST_N,5,0.0020586134213289977,0.005768596726848934,0.0029154368902640313,0.005802816928387611,-0.003620217732550296,0.004268098880623711,0.000355006507219785,0.006538936647445259,0.004207870908942918,0.006538936647445259,0.004714124232743765,0.006538936647445259,20,5,5,0,0,0,0,0,15,5,5,5,5,,1.0,0.25,1.0,NOT_ESTIMABLE,,,PROVISIONAL_SMALL_REQUEST_N,1.0,1.0,PROVISIONAL_SMALL_REQUEST_N,1.0,1.0,NOT_PRIMARY; use physical units and frozen spans
14,f14-734ef171b954,FORMAL_10K,HELDOUT_TRIPLE_AUDIT,STRICT_LUMPED,f12d43eace12231077007dc497fee8dad00fbe58cb2f1fe2c6159c47636b97a0,selected_q_proxy,all_finite_diagnostic,emx_minus_frozen_proxy,Lp_nH,nH,5,0.0033010727163738096,0.0038228670575222745,0.0008234838352583651,0.003671804890765351,0.005335400616614372,0.005764686409701491,PROVISIONAL_SMALL_REQUEST_N,5,0.0017711782785378993,0.004957268854597752,0.002152448764766379,0.005217866070293402,-0.002894990578781664,0.0034439684673837957,0.0004351588236921611,0.006193972202788611,0.0030658367053671754,0.006193972202788611,0.003368820798066263,0.006193972202788611,20,5,5,0,0,0,0,0,15,5,5,5,5,,1.0,0.25,1.0,NOT_ESTIMABLE,,,PROVISIONAL_SMALL_REQUEST_N,1.0,1.0,PROVISIONAL_SMALL_REQUEST_N,1.0,1.0,NOT_PRIMARY; use physical units and frozen spans
14,f14-734ef171b954,FORMAL_10K,HELDOUT_TRIPLE_AUDIT,STRICT_LUMPED,f12d43eace12231077007dc497fee8dad00fbe58cb2f1fe2c6159c47636b97a0,selected_q_proxy,all_finite_diagnostic,emx_minus_frozen_proxy,Ls_nH,nH,5,0.0069618730257894335,0.009138731169055885,0.004946941704323127,0.003512206851364441,0.014383891558313256,0.015593971573051223,PROVISIONAL_SMALL_REQUEST_N,5,0.0023199556119265718,0.01253818554595365,0.0024236919741050292,0.013503150463430633,-0.0015262950304134857,0.011540655312215759,0.0015251214523013257,0.016804051587789193,0.0029930576001758083,0.016804051587789193,0.003252632225770124,0.016804051587789193,20,5,5,0,0,0,0,0,15,5,5,5,5,,1.0,0.25,1.0,NOT_ESTIMABLE,,,PROVISIONAL_SMALL_REQUEST_N,1.0,1.0,PROVISIONAL_SMALL_REQUEST_N,1.0,1.0,NOT_PRIMARY; use physical units and frozen spans
14,f14-734ef171b954,FORMAL_10K,HELDOUT_TRIPLE_AUDIT,STRICT_LUMPED,f12d43eace12231077007dc497fee8dad00fbe58cb2f1fe2c6159c47636b97a0,selected_q_proxy,all_finite_diagnostic,emx_minus_frozen_proxy,Qmin,dimensionless,5,0.08642383111237635,0.0991873172386918,0.029580359439167127,0.07107961181026923,0.13769994788098006,0.15856140834217738,PROVISIONAL_SMALL_REQUEST_N,5,0.051329451245812764,0.13607545711862948,0.05488076849896583,0.1460651479141009,-0.049749063457590025,0.10890978233592427,0.035472041078095984,0.17942286880337477,0.07105939403526307,0.17942286880337477,0.07106950292276615,0.17942286880337477,20,5,5,0,0,0,0,0,15,5,5,5,5,,1.0,0.25,1.0,NOT_ESTIMABLE,,,PROVISIONAL_SMALL_REQUEST_N,1.0,1.0,PROVISIONAL_SMALL_REQUEST_N,1.0,1.0,NOT_PRIMARY; use physical units and frozen spans
14,f14-734ef171b954,FORMAL_10K,HELDOUT_TRIPLE_AUDIT,STRICT_LUMPED,f12d43eace12231077007dc497fee8dad00fbe58cb2f1fe2c6159c47636b97a0,selected_q_proxy,all_finite_diagnostic,emx_minus_frozen_proxy,K_abs,dimensionless,5,0.004296384327077474,0.004827844320337159,0.0002512857921941114,0.0052248539313617115,0.005976602123660357,0.006026013492232085,PROVISIONAL_SMALL_REQUEST_N,5,0.0021308299527394658,0.005806487937771937,0.0033250842096845742,0.00581481591433167,-0.004031319233680675,0.004533890818068898,6.889650601343833e-05,0.006075424860803813,0.0048486636865223195,0.006075424860803813,0.0050367588089420155,0.006075424860803813,20,5,5,0,0,0,0,0,15,5,5,5,5,,1.0,0.25,1.0,NOT_ESTIMABLE,,,PROVISIONAL_SMALL_REQUEST_N,1.0,1.0,PROVISIONAL_SMALL_REQUEST_N,1.0,1.0,NOT_PRIMARY; use physical units and frozen spans
16,f16-d1f0e127f1c7,FORMAL_10K,HELDOUT_TRIPLE_AUDIT,STRICT_LUMPED,f12d43eace12231077007dc497fee8dad00fbe58cb2f1fe2c6159c47636b97a0,all_candidates,strict_valid,emx_minus_target,Lp_nH,nH,29,0.08223218779100995,0.1720024120247149,-0.06601298616902121,0.017532916796025977,0.2959645620745832,0.45402062836649715,PROVISIONAL_SMALL_REQUEST_N,4,0.02422419277579417,0.1847106967167835,0.03526278022486292,0.3050484848747053,-0.18169959111427803,-0.0003957450335806227,0.01029893588308517,0.06403655127934482,0.06330522365970537,0.5927717840092992,0.070965165194745,0.5927717840092992,220,33,29,4,38,3,0,0,146,19,33,33,44,,0.4318181818181818,0.08636363636363636,0.6551724137931034,NOT_ESTIMABLE,,,PROVISIONAL_SMALL_REQUEST_N,0.25,0.6363636363636364,PROVISIONAL_SMALL_REQUEST_N,0.5454545454545454,0.7631578947368421,NOT_PRIMARY; use physical units and frozen spans
16,f16-d1f0e127f1c7,FORMAL_10K,HELDOUT_TRIPLE_AUDIT,STRICT_LUMPED,f12d43eace12231077007dc497fee8dad00fbe58cb2f1fe2c6159c47636b97a0,all_candidates,strict_valid,emx_minus_target,Ls_nH,nH,29,0.034515187763849285,0.055041082734751,0.01151040952890031,0.013207688813197782,0.11650610316033601,0.12476909457292273,PROVISIONAL_SMALL_REQUEST_N,4,0.020509870210210026,0.05509864821909855,0.031247994196294412,0.07993192235586695,-0.01469689834503,0.05439509514078627,0.007091310638129844,0.03166255890891723,0.04167850766650094,0.1338757821691096,0.06623695506465227,0.15442523641373385,220,33,29,4,38,3,0,0,146,19,33,33,44,,0.4318181818181818,0.08636363636363636,0.6551724137931034,NOT_ESTIMABLE,,,PROVISIONAL_SMALL_REQUEST_N,0.25,0.6363636363636364,PROVISIONAL_SMALL_REQUEST_N,0.5454545454545454,0.7631578947368421,NOT_PRIMARY; use physical units and frozen spans
16,f16-d1f0e127f1c7,FORMAL_10K,HELDOUT_TRIPLE_AUDIT,STRICT_LUMPED,f12d43eace12231077007dc497fee8dad00fbe58cb2f1fe2c6159c47636b97a0,all_candidates,strict_valid,emx_minus_target,Qmin,dimensionless,29,0.4918580552906323,0.7940032535108297,-0.13105503956825848,0.20544986977877322,1.3194566468704514,1.4924283566481642,PROVISIONAL_SMALL_REQUEST_N,4,0.355484384540324,0.6550389237946248,0.5410750063338204,1.022855069452576,-0.4049030953136809,0.12453647912746911,0.13171168873078543,0.2656151912939615,1.0387919017317717,1.5065500429191645,1.08980422173181,2.895011725088125,220,33,29,4,38,3,0,0,146,19,33,33,44,,0.4318181818181818,0.08636363636363636,0.6551724137931034,NOT_ESTIMABLE,,,PROVISIONAL_SMALL_REQUEST_N,0.25,0.6363636363636364,PROVISIONAL_SMALL_REQUEST_N,0.5454545454545454,0.7631578947368421,NOT_PRIMARY; use physical units and frozen spans
16,f16-d1f0e127f1c7,FORMAL_10K,HELDOUT_TRIPLE_AUDIT,STRICT_LUMPED,f12d43eace12231077007dc497fee8dad00fbe58cb2f1fe2c6159c47636b97a0,all_candidates,strict_valid,emx_minus_target,K_abs,dimensionless,29,0.02208471392536497,0.03318154135600089,-0.00024097197627611673,0.011292587573218937,0.05364133522666672,0.07655250403718544,PROVISIONAL_SMALL_REQUEST_N,4,0.014495278394536194,0.02895845237107776,0.020571515278646764,0.04082041938326939,-0.014274242477979706,0.012856747158647232,0.009998439297087033,0.020004763010518012,0.0227833892734515,0.07429478130455665,0.0416387218898316,0.09244800659357125,220,33,29,4,38,3,0,0,146,19,33,33,44,,0.4318181818181818,0.08636363636363636,0.6551724137931034,NOT_ESTIMABLE,,,PROVISIONAL_SMALL_REQUEST_N,0.25,0.6363636363636364,PROVISIONAL_SMALL_REQUEST_N,0.5454545454545454,0.7631578947368421,NOT_PRIMARY; use physical units and frozen spans
16,f16-d1f0e127f1c7,FORMAL_10K,HELDOUT_TRIPLE_AUDIT,STRICT_LUMPED,f12d43eace12231077007dc497fee8dad00fbe58cb2f1fe2c6159c47636b97a0,all_candidates,strict_valid,emx_minus_frozen_proxy,Lp_nH,nH,29,0.00676401065040898,0.00827480736293076,-0.0022497769901616465,0.005551198950258129,0.01384379580149404,0.0146887163567722,PROVISIONAL_SMALL_REQUEST_N,4,0.005772159801935073,0.007802178808547156,0.006919488874249499,0.009231787419678863,-0.0032001005696146883,-0.0013628083160054743,0.004527521948359037,0.008345589717282609,0.012792317585444746,0.014743000595372967,0.013726897760407161,0.017763783981883163,220,33,29,4,38,3,0,0,146,19,33,33,44,,0.4318181818181818,0.08636363636363636,0.6551724137931034,NOT_ESTIMABLE,,,PROVISIONAL_SMALL_REQUEST_N,0.25,0.6363636363636364,PROVISIONAL_SMALL_REQUEST_N,0.5454545454545454,0.7631578947368421,NOT_PRIMARY; use physical units and frozen spans
16,f16-d1f0e127f1c7,FORMAL_10K,HELDOUT_TRIPLE_AUDIT,STRICT_LUMPED,f12d43eace12231077007dc497fee8dad00fbe58cb2f1fe2c6159c47636b97a0,all_candidates,strict_valid,emx_minus_frozen_proxy,Ls_nH,nH,29,0.009206024143681718,0.01464247580764778,0.0028190529763405486,0.005083163851414385,0.02681316383176417,0.03720288958324453,PROVISIONAL_SMALL_REQUEST_N,4,0.005506367415114653,0.016133858867987894,0.007652403756474291,0.022920753983638246,-0.0024609245589578554,0.011459016215919755,0.00458105110363205,0.005675042012118325,0.008640799358601736,0.041679437318652424,0.011852548266894056,0.041679437318652424,220,33,29,4,38,3,0,0,146,19,33,33,44,,0.4318181818181818,0.08636363636363636,0.6551724137931034,NOT_ESTIMABLE,,,PROVISIONAL_SMALL_REQUEST_N,0.25,0.6363636363636364,PROVISIONAL_SMALL_REQUEST_N,0.5454545454545454,0.7631578947368421,NOT_PRIMARY; use physical units and frozen spans
16,f16-d1f0e127f1c7,FORMAL_10K,HELDOUT_TRIPLE_AUDIT,STRICT_LUMPED,f12d43eace12231077007dc497fee8dad00fbe58cb2f1fe2c6159c47636b97a0,all_candidates,strict_valid,emx_minus_frozen_proxy,Qmin,dimensionless,29,0.22741786928850125,0.33518554929018296,-0.10978178833071807,0.09896303281354868,0.6338934650863624,0.7488471339165312,PROVISIONAL_SMALL_REQUEST_N,4,0.12989333241206336,0.3870034750863087,0.16090656835049516,0.503812248023724,-0.25323338853499466,-0.02560521562978177,0.09195156293284867,0.25376485997908205,0.2643177116960569,0.8257711533745182,0.2779929060908435,0.9328882233752314,220,33,29,4,38,3,0,0,146,19,33,33,44,,0.4318181818181818,0.08636363636363636,0.6551724137931034,NOT_ESTIMABLE,,,PROVISIONAL_SMALL_REQUEST_N,0.25,0.6363636363636364,PROVISIONAL_SMALL_REQUEST_N,0.5454545454545454,0.7631578947368421,NOT_PRIMARY; use physical units and frozen spans
16,f16-d1f0e127f1c7,FORMAL_10K,HELDOUT_TRIPLE_AUDIT,STRICT_LUMPED,f12d43eace12231077007dc497fee8dad00fbe58cb2f1fe2c6159c47636b97a0,all_candidates,strict_valid,emx_minus_frozen_proxy,K_abs,dimensionless,29,0.007050888721510589,0.008839891766781058,0.0029932681782770918,0.005234274377531656,0.012761099986676775,0.0180561029936884,PROVISIONAL_SMALL_REQUEST_N,4,0.005833192914186707,0.008355562800786176,0.006952594498686706,0.010491793912578172,0.0014077036152611569,0.005382497953662267,0.004838171177408729,0.006075863059937528,0.010956881665842855,0.01982588266268162,0.011357328896576566,0.02249064076381002,220,33,29,4,38,3,0,0,146,19,33,33,44,,0.4318181818181818,0.08636363636363636,0.6551724137931034,NOT_ESTIMABLE,,,PROVISIONAL_SMALL_REQUEST_N,0.25,0.6363636363636364,PROVISIONAL_SMALL_REQUEST_N,0.5454545454545454,0.7631578947368421,NOT_PRIMARY; use physical units and frozen spans
16,f16-d1f0e127f1c7,FORMAL_10K,HELDOUT_TRIPLE_AUDIT,STRICT_LUMPED,f12d43eace12231077007dc497fee8dad00fbe58cb2f1fe2c6159c47636b97a0,all_candidates,all_finite_diagnostic,emx_minus_target,Lp_nH,nH,33,0.09271514663258175,0.1787908904646516,-0.07649364122447472,0.03247641571492932,0.34942897337819967,0.4394008139136218,PROVISIONAL_SMALL_REQUEST_N,4,0.025598896970877315,0.19199249640331986,0.03621341808287273,0.29031849441815727,-0.18319661342608934,-0.0030245780572013196,0.01029893588308517,0.06409023652125134,0.06330522365970537,0.5280482912570625,0.07039285761771208,0.5927717840092992,220,33,29,4,38,3,0,0,146,19,33,33,44,,0.4318181818181818,0.08636363636363636,0.6551724137931034,NOT_ESTIMABLE,,,PROVISIONAL_SMALL_REQUEST_N,0.25,0.6363636363636364,PROVISIONAL_SMALL_REQUEST_N,0.5454545454545454,0.7631578947368421,NOT_PRIMARY; use physical units and frozen spans
16,f16-d1f0e127f1c7,FORMAL_10K,HELDOUT_TRIPLE_AUDIT,STRICT_LUMPED,f12d43eace12231077007dc497fee8dad00fbe58cb2f1fe2c6159c47636b97a0,all_candidates,all_finite_diagnostic,emx_minus_target,Ls_nH,nH,33,0.041289944027004484,0.06284953141018673,0.020738100377274537,0.019990469850364345,0.12225168043868853,0.12690596553280353,PROVISIONAL_SMALL_REQUEST_N,4,0.021073234239754168,0.06872690730970134,0.030441071064044853,0.08973993433680746,-0.01421475294864863,0.06817411560531313,0.007101452998434121,0.107296418358098,0.04167850766650094,0.1338757821691096,0.06364857687386224,0.15442523641373385,220,33,29,4,38,3,0,0,146,19,33,33,44,,0.4318181818181818,0.08636363636363636,0.6551724137931034,NOT_ESTIMABLE,,,PROVISIONAL_SMALL_REQUEST_N,0.25,0.6363636363636364,PROVISIONAL_SMALL_REQUEST_N,0.5454545454545454,0.7631578947368421,NOT_PRIMARY; use physical units and frozen spans
16,f16-d1f0e127f1c7,FORMAL_10K,HELDOUT_TRIPLE_AUDIT,STRICT_LUMPED,f12d43eace12231077007dc497fee8dad00fbe58cb2f1fe2c6159c47636b97a0,all_candidates,all_finite_diagnostic,emx_minus_target,Qmin,dimensionless,33,0.49919016852891257,0.7805359005543944,-0.11067899652273741,0.2349866475628346,1.249657711713349,1.464184984106164,PROVISIONAL_SMALL_REQUEST_N,4,0.3639979925752721,0.6821015156225435,0.5300500933397774,1.0135853809644344,-0.3066918928979095,0.12453647912746911,0.13687966229438686,0.4081859161321626,1.0387919017317717,1.4783066703771643,1.0387919017317717,2.895011725088125,220,33,29,4,38,3,0,0,146,19,33,33,44,,0.4318181818181818,0.08636363636363636,0.6551724137931034,NOT_ESTIMABLE,,,PROVISIONAL_SMALL_REQUEST_N,0.25,0.6363636363636364,PROVISIONAL_SMALL_REQUEST_N,0.5454545454545454,0.7631578947368421,NOT_PRIMARY; use physical units and frozen spans
16,f16-d1f0e127f1c7,FORMAL_10K,HELDOUT_TRIPLE_AUDIT,STRICT_LUMPED,f12d43eace12231077007dc497fee8dad00fbe58cb2f1fe2c6159c47636b97a0,all_candidates,all_finite_diagnostic,emx_minus_target,K_abs,dimensionless,33,0.023993638227795808,0.035526178167192106,0.000563223433635187,0.01130285016610924,0.06066495953772603,0.0867316206413497,PROVISIONAL_SMALL_REQUEST_N,4,0.016053744803530192,0.02984408601409679,0.021631886028824623,0.042980086671936764,-0.01352727887293298,0.012856747158647232,0.010301150257222308,0.022722188328262366,0.028306716991217836,0.0864445642229375,0.041202828019112396,0.09244800659357125,220,33,29,4,38,3,0,0,146,19,33,33,44,,0.4318181818181818,0.08636363636363636,0.6551724137931034,NOT_ESTIMABLE,,,PROVISIONAL_SMALL_REQUEST_N,0.25,0.6363636363636364,PROVISIONAL_SMALL_REQUEST_N,0.5454545454545454,0.7631578947368421,NOT_PRIMARY; use physical units and frozen spans
16,f16-d1f0e127f1c7,FORMAL_10K,HELDOUT_TRIPLE_AUDIT,STRICT_LUMPED,f12d43eace12231077007dc497fee8dad00fbe58cb2f1fe2c6159c47636b97a0,all_candidates,all_finite_diagnostic,emx_minus_frozen_proxy,Lp_nH,nH,33,0.00905657400407696,0.014747615214280425,0.0011353666835755005,0.00566680126656971,0.014917103708667634,0.02035707829397312,PROVISIONAL_SMALL_REQUEST_N,4,0.0061945596944445605,0.014375233047272212,0.007498857475177628,0.023885817324386882,-0.0022968412211811554,0.008597265118590571,0.004229260042526828,0.008690248393635525,0.013862267878009352,0.0328448125926678,0.014003554301085908,0.06723598391490682,220,33,29,4,38,3,0,0,146,19,33,33,44,,0.4318181818181818,0.08636363636363636,0.6551724137931034,NOT_ESTIMABLE,,,PROVISIONAL_SMALL_REQUEST_N,0.25,0.6363636363636364,PROVISIONAL_SMALL_REQUEST_N,0.5454545454545454,0.7631578947368421,NOT_PRIMARY; use physical units and frozen spans
16,f16-d1f0e127f1c7,FORMAL_10K,HELDOUT_TRIPLE_AUDIT,STRICT_LUMPED,f12d43eace12231077007dc497fee8dad00fbe58cb2f1fe2c6159c47636b97a0,all_candidates,all_finite_diagnostic,emx_minus_frozen_proxy,Ls_nH,nH,33,0.009846138216158139,0.015058635316157561,0.0033481814329480637,0.005149398351042889,0.02877053295308212,0.036557807575018406,PROVISIONAL_SMALL_REQUEST_N,4,0.0061379645405147095,0.015680612861991655,0.008104731818141187,0.021752355937680105,-0.0030644370779836913,0.01205102084064116,0.00458105110363205,0.006455668922960012,0.013927662420448739,0.03913033034348792,0.014466256494429456,0.041679437318652424,220,33,29,4,38,3,0,0,146,19,33,33,44,,0.4318181818181818,0.08636363636363636,0.6551724137931034,NOT_ESTIMABLE,,,PROVISIONAL_SMALL_REQUEST_N,0.25,0.6363636363636364,PROVISIONAL_SMALL_REQUEST_N,0.5454545454545454,0.7631578947368421,NOT_PRIMARY; use physical units and frozen spans
16,f16-d1f0e127f1c7,FORMAL_10K,HELDOUT_TRIPLE_AUDIT,STRICT_LUMPED,f12d43eace12231077007dc497fee8dad00fbe58cb2f1fe2c6159c47636b97a0,all_candidates,all_finite_diagnostic,emx_minus_frozen_proxy,Qmin,dimensionless,33,0.2595327048654957,0.3727728386025863,-0.15536641213701002,0.163412569736213,0.6671683917869221,0.8064835274899558,PROVISIONAL_SMALL_REQUEST_N,4,0.12374213892364724,0.4438199015008614,0.15664343767666444,0.542445538992381,-0.37703410192716846,-0.02270827524763632,0.09163923409984065,0.5409500093633719,0.26334390421802323,0.8257711533745182,0.2734966358109625,0.9328882233752314,220,33,29,4,38,3,0,0,146,19,33,33,44,,0.4318181818181818,0.08636363636363636,0.6551724137931034,NOT_ESTIMABLE,,,PROVISIONAL_SMALL_REQUEST_N,0.25,0.6363636363636364,PROVISIONAL_SMALL_REQUEST_N,0.5454545454545454,0.7631578947368421,NOT_PRIMARY; use physical units and frozen spans
16,f16-d1f0e127f1c7,FORMAL_10K,HELDOUT_TRIPLE_AUDIT,STRICT_LUMPED,f12d43eace12231077007dc497fee8dad00fbe58cb2f1fe2c6159c47636b97a0,all_candidates,all_finite_diagnostic,emx_minus_frozen_proxy,K_abs,dimensionless,33,0.007638114250466433,0.010078876597640977,0.003278081231202518,0.005234274377531656,0.014741350114318144,0.020891785903132978,PROVISIONAL_SMALL_REQUEST_N,4,0.005833192914186707,0.009567089474570118,0.006952594498686706,0.012585517738760288,0.0013502642052245796,0.005231834063379218,0.004838171177408729,0.006210750606403054,0.010956881665842855,0.02249064076381002,0.01143699253471267,0.03142116416405105,220,33,29,4,38,3,0,0,146,19,33,33,44,,0.4318181818181818,0.08636363636363636,0.6551724137931034,NOT_ESTIMABLE,,,PROVISIONAL_SMALL_REQUEST_N,0.25,0.6363636363636364,PROVISIONAL_SMALL_REQUEST_N,0.5454545454545454,0.7631578947368421,NOT_PRIMARY; use physical units and frozen spans
16,f16-d1f0e127f1c7,FORMAL_10K,HELDOUT_TRIPLE_AUDIT,STRICT_LUMPED,f12d43eace12231077007dc497fee8dad00fbe58cb2f1fe2c6159c47636b97a0,selected_q_proxy,strict_valid,emx_minus_target,Lp_nH,nH,3,0.006800794939763784,0.008300705126896846,-0.0026378724526607833,0.006244383730654501,0.011559254087105498,0.01222361288166187,PROVISIONAL_SMALL_REQUEST_N,3,0.0012700294124186051,0.012887971676218246,0.0012700294124186051,0.012887971676218246,-0.012887971676218246,0.006244383730654501,0.0012700294124186051,0.012887971676218246,0.0012700294124186051,0.012887971676218246,0.0012700294124186051,0.012887971676218246,20,3,3,0,0,1,0,0,16,3,3,3,4,,0.75,0.15,1.0,NOT_ESTIMABLE,,,PROVISIONAL_SMALL_REQUEST_N,0.25,1.0,PROVISIONAL_SMALL_REQUEST_N,1.0,1.0,NOT_PRIMARY; use physical units and frozen spans
16,f16-d1f0e127f1c7,FORMAL_10K,HELDOUT_TRIPLE_AUDIT,STRICT_LUMPED,f12d43eace12231077007dc497fee8dad00fbe58cb2f1fe2c6159c47636b97a0,selected_q_proxy,strict_valid,emx_minus_target,Ls_nH,nH,3,0.0030651220123093146,0.0032123571466480586,0.0004854273918309578,0.003612164220375691,0.003818066388649166,0.0038438041596833505,PROVISIONAL_SMALL_REQUEST_N,3,0.0017136598858347174,0.003869541930717535,0.0017136598858347174,0.003869541930717535,-0.003869541930717535,0.003612164220375691,0.0017136598858347174,0.003869541930717535,0.0017136598858347174,0.003869541930717535,0.0017136598858347174,0.003869541930717535,20,3,3,0,0,1,0,0,16,3,3,3,4,,0.75,0.15,1.0,NOT_ESTIMABLE,,,PROVISIONAL_SMALL_REQUEST_N,0.25,1.0,PROVISIONAL_SMALL_REQUEST_N,1.0,1.0,NOT_PRIMARY; use physical units and frozen spans
16,f16-d1f0e127f1c7,FORMAL_10K,HELDOUT_TRIPLE_AUDIT,STRICT_LUMPED,f12d43eace12231077007dc497fee8dad00fbe58cb2f1fe2c6159c47636b97a0,selected_q_proxy,strict_valid,emx_minus_target,Qmin,dimensionless,3,0.10377273942490046,0.12824064689659959,-0.10377273942490046,0.08053207227147752,0.18046631027731408,0.19295809002804365,PROVISIONAL_SMALL_REQUEST_N,3,0.02533627622445067,0.20544986977877322,0.02533627622445067,0.20544986977877322,-0.20544986977877322,-0.02533627622445067,0.02533627622445067,0.20544986977877322,0.02533627622445067,0.20544986977877322,0.02533627622445067,0.20544986977877322,20,3,3,0,0,1,0,0,16,3,3,3,4,,0.75,0.15,1.0,NOT_ESTIMABLE,,,PROVISIONAL_SMALL_REQUEST_N,0.25,1.0,PROVISIONAL_SMALL_REQUEST_N,1.0,1.0,NOT_PRIMARY; use physical units and frozen spans
16,f16-d1f0e127f1c7,FORMAL_10K,HELDOUT_TRIPLE_AUDIT,STRICT_LUMPED,f12d43eace12231077007dc497fee8dad00fbe58cb2f1fe2c6159c47636b97a0,selected_q_proxy,strict_valid,emx_minus_target,K_abs,dimensionless,3,0.006363205133641646,0.007874013121202079,0.005504457908666706,0.005302526314351019,0.011059679862159411,0.011779324055635459,PROVISIONAL_SMALL_REQUEST_N,3,0.0012881208374624087,0.012498968249111508,0.0012881208374624087,0.012498968249111508,-0.0012881208374624087,0.012498968249111508,0.0012881208374624087,0.012498968249111508,0.0012881208374624087,0.012498968249111508,0.0012881208374624087,0.012498968249111508,20,3,3,0,0,1,0,0,16,3,3,3,4,,0.75,0.15,1.0,NOT_ESTIMABLE,,,PROVISIONAL_SMALL_REQUEST_N,0.25,1.0,PROVISIONAL_SMALL_REQUEST_N,1.0,1.0,NOT_PRIMARY; use physical units and frozen spans
16,f16-d1f0e127f1c7,FORMAL_10K,HELDOUT_TRIPLE_AUDIT,STRICT_LUMPED,f12d43eace12231077007dc497fee8dad00fbe58cb2f1fe2c6159c47636b97a0,selected_q_proxy,strict_valid,emx_minus_frozen_proxy,Lp_nH,nH,3,0.007438504691241262,0.009265217772462728,-0.004311797678038354,0.004690060519804362,0.013054404952411326,0.014099948006487194,PROVISIONAL_SMALL_REQUEST_N,3,0.002479962493356358,0.015145491060563065,0.002479962493356358,0.015145491060563065,-0.015145491060563065,0.004690060519804362,0.002479962493356358,0.015145491060563065,0.002479962493356358,0.015145491060563065,0.002479962493356358,0.015145491060563065,20,3,3,0,0,1,0,0,16,3,3,3,4,,0.75,0.15,1.0,NOT_ESTIMABLE,,,PROVISIONAL_SMALL_REQUEST_N,0.25,1.0,PROVISIONAL_SMALL_REQUEST_N,1.0,1.0,NOT_PRIMARY; use physical units and frozen spans
16,f16-d1f0e127f1c7,FORMAL_10K,HELDOUT_TRIPLE_AUDIT,STRICT_LUMPED,f12d43eace12231077007dc497fee8dad00fbe58cb2f1fe2c6159c47636b97a0,selected_q_proxy,strict_valid,emx_minus_frozen_proxy,Ls_nH,nH,3,0.001055121011490523,0.0017362305422847105,-0.0009474601780152433,0.00014076262134032902,0.0024312499516749853,0.002717560867966817,PROVISIONAL_SMALL_REQUEST_N,3,2.0728628872590527e-05,0.0030038717842586493,2.0728628872590527e-05,0.0030038717842586493,-0.0030038717842586493,0.00014076262134032902,2.0728628872590527e-05,0.0030038717842586493,2.0728628872590527e-05,0.0030038717842586493,2.0728628872590527e-05,0.0030038717842586493,20,3,3,0,0,1,0,0,16,3,3,3,4,,0.75,0.15,1.0,NOT_ESTIMABLE,,,PROVISIONAL_SMALL_REQUEST_N,0.25,1.0,PROVISIONAL_SMALL_REQUEST_N,1.0,1.0,NOT_PRIMARY; use physical units and frozen spans
16,f16-d1f0e127f1c7,FORMAL_10K,HELDOUT_TRIPLE_AUDIT,STRICT_LUMPED,f12d43eace12231077007dc497fee8dad00fbe58cb2f1fe2c6159c47636b97a0,selected_q_proxy,strict_valid,emx_minus_frozen_proxy,Qmin,dimensionless,3,0.10975482052027807,0.1336034869341676,-0.10975482052027807,0.09443187543309861,0.1867039125112008,0.19823791714596356,PROVISIONAL_SMALL_REQUEST_N,3,0.025060664347009265,0.20977192178072634,0.025060664347009265,0.20977192178072634,-0.20977192178072634,-0.025060664347009265,0.025060664347009265,0.20977192178072634,0.025060664347009265,0.20977192178072634,0.025060664347009265,0.20977192178072634,20,3,3,0,0,1,0,0,16,3,3,3,4,,0.75,0.15,1.0,NOT_ESTIMABLE,,,PROVISIONAL_SMALL_REQUEST_N,0.25,1.0,PROVISIONAL_SMALL_REQUEST_N,1.0,1.0,NOT_PRIMARY; use physical units and frozen spans
16,f16-d1f0e127f1c7,FORMAL_10K,HELDOUT_TRIPLE_AUDIT,STRICT_LUMPED,f12d43eace12231077007dc497fee8dad00fbe58cb2f1fe2c6159c47636b97a0,selected_q_proxy,strict_valid,emx_minus_frozen_proxy,K_abs,dimensionless,3,0.005886735898868382,0.007368650931779933,0.004506052437503423,0.0034881658937613857,0.010378446467389335,0.011239731539092829,PROVISIONAL_SMALL_REQUEST_N,3,0.0020710251920474376,0.012101016610796322,0.0020710251920474376,0.012101016610796322,-0.0020710251920474376,0.012101016610796322,0.0020710251920474376,0.012101016610796322,0.0020710251920474376,0.012101016610796322,0.0020710251920474376,0.012101016610796322,20,3,3,0,0,1,0,0,16,3,3,3,4,,0.75,0.15,1.0,NOT_ESTIMABLE,,,PROVISIONAL_SMALL_REQUEST_N,0.25,1.0,PROVISIONAL_SMALL_REQUEST_N,1.0,1.0,NOT_PRIMARY; use physical units and frozen spans
16,f16-d1f0e127f1c7,FORMAL_10K,HELDOUT_TRIPLE_AUDIT,STRICT_LUMPED,f12d43eace12231077007dc497fee8dad00fbe58cb2f1fe2c6159c47636b97a0,selected_q_proxy,all_finite_diagnostic,emx_minus_target,Lp_nH,nH,3,0.006800794939763784,0.008300705126896846,-0.0026378724526607833,0.006244383730654501,0.011559254087105498,0.01222361288166187,PROVISIONAL_SMALL_REQUEST_N,3,0.0012700294124186051,0.012887971676218246,0.0012700294124186051,0.012887971676218246,-0.012887971676218246,0.006244383730654501,0.0012700294124186051,0.012887971676218246,0.0012700294124186051,0.012887971676218246,0.0012700294124186051,0.012887971676218246,20,3,3,0,0,1,0,0,16,3,3,3,4,,0.75,0.15,1.0,NOT_ESTIMABLE,,,PROVISIONAL_SMALL_REQUEST_N,0.25,1.0,PROVISIONAL_SMALL_REQUEST_N,1.0,1.0,NOT_PRIMARY; use physical units and frozen spans
16,f16-d1f0e127f1c7,FORMAL_10K,HELDOUT_TRIPLE_AUDIT,STRICT_LUMPED,f12d43eace12231077007dc497fee8dad00fbe58cb2f1fe2c6159c47636b97a0,selected_q_proxy,all_finite_diagnostic,emx_minus_target,Ls_nH,nH,3,0.0030651220123093146,0.0032123571466480586,0.0004854273918309578,0.003612164220375691,0.003818066388649166,0.0038438041596833505,PROVISIONAL_SMALL_REQUEST_N,3,0.0017136598858347174,0.003869541930717535,0.0017136598858347174,0.003869541930717535,-0.003869541930717535,0.003612164220375691,0.0017136598858347174,0.003869541930717535,0.0017136598858347174,0.003869541930717535,0.0017136598858347174,0.003869541930717535,20,3,3,0,0,1,0,0,16,3,3,3,4,,0.75,0.15,1.0,NOT_ESTIMABLE,,,PROVISIONAL_SMALL_REQUEST_N,0.25,1.0,PROVISIONAL_SMALL_REQUEST_N,1.0,1.0,NOT_PRIMARY; use physical units and frozen spans
16,f16-d1f0e127f1c7,FORMAL_10K,HELDOUT_TRIPLE_AUDIT,STRICT_LUMPED,f12d43eace12231077007dc497fee8dad00fbe58cb2f1fe2c6159c47636b97a0,selected_q_proxy,all_finite_diagnostic,emx_minus_target,Qmin,dimensionless,3,0.10377273942490046,0.12824064689659959,-0.10377273942490046,0.08053207227147752,0.18046631027731408,0.19295809002804365,PROVISIONAL_SMALL_REQUEST_N,3,0.02533627622445067,0.20544986977877322,0.02533627622445067,0.20544986977877322,-0.20544986977877322,-0.02533627622445067,0.02533627622445067,0.20544986977877322,0.02533627622445067,0.20544986977877322,0.02533627622445067,0.20544986977877322,20,3,3,0,0,1,0,0,16,3,3,3,4,,0.75,0.15,1.0,NOT_ESTIMABLE,,,PROVISIONAL_SMALL_REQUEST_N,0.25,1.0,PROVISIONAL_SMALL_REQUEST_N,1.0,1.0,NOT_PRIMARY; use physical units and frozen spans
16,f16-d1f0e127f1c7,FORMAL_10K,HELDOUT_TRIPLE_AUDIT,STRICT_LUMPED,f12d43eace12231077007dc497fee8dad00fbe58cb2f1fe2c6159c47636b97a0,selected_q_proxy,all_finite_diagnostic,emx_minus_target,K_abs,dimensionless,3,0.006363205133641646,0.007874013121202079,0.005504457908666706,0.005302526314351019,0.011059679862159411,0.011779324055635459,PROVISIONAL_SMALL_REQUEST_N,3,0.0012881208374624087,0.012498968249111508,0.0012881208374624087,0.012498968249111508,-0.0012881208374624087,0.012498968249111508,0.0012881208374624087,0.012498968249111508,0.0012881208374624087,0.012498968249111508,0.0012881208374624087,0.012498968249111508,20,3,3,0,0,1,0,0,16,3,3,3,4,,0.75,0.15,1.0,NOT_ESTIMABLE,,,PROVISIONAL_SMALL_REQUEST_N,0.25,1.0,PROVISIONAL_SMALL_REQUEST_N,1.0,1.0,NOT_PRIMARY; use physical units and frozen spans
16,f16-d1f0e127f1c7,FORMAL_10K,HELDOUT_TRIPLE_AUDIT,STRICT_LUMPED,f12d43eace12231077007dc497fee8dad00fbe58cb2f1fe2c6159c47636b97a0,selected_q_proxy,all_finite_diagnostic,emx_minus_frozen_proxy,Lp_nH,nH,3,0.007438504691241262,0.009265217772462728,-0.004311797678038354,0.004690060519804362,0.013054404952411326,0.014099948006487194,PROVISIONAL_SMALL_REQUEST_N,3,0.002479962493356358,0.015145491060563065,0.002479962493356358,0.015145491060563065,-0.015145491060563065,0.004690060519804362,0.002479962493356358,0.015145491060563065,0.002479962493356358,0.015145491060563065,0.002479962493356358,0.015145491060563065,20,3,3,0,0,1,0,0,16,3,3,3,4,,0.75,0.15,1.0,NOT_ESTIMABLE,,,PROVISIONAL_SMALL_REQUEST_N,0.25,1.0,PROVISIONAL_SMALL_REQUEST_N,1.0,1.0,NOT_PRIMARY; use physical units and frozen spans
16,f16-d1f0e127f1c7,FORMAL_10K,HELDOUT_TRIPLE_AUDIT,STRICT_LUMPED,f12d43eace12231077007dc497fee8dad00fbe58cb2f1fe2c6159c47636b97a0,selected_q_proxy,all_finite_diagnostic,emx_minus_frozen_proxy,Ls_nH,nH,3,0.001055121011490523,0.0017362305422847105,-0.0009474601780152433,0.00014076262134032902,0.0024312499516749853,0.002717560867966817,PROVISIONAL_SMALL_REQUEST_N,3,2.0728628872590527e-05,0.0030038717842586493,2.0728628872590527e-05,0.0030038717842586493,-0.0030038717842586493,0.00014076262134032902,2.0728628872590527e-05,0.0030038717842586493,2.0728628872590527e-05,0.0030038717842586493,2.0728628872590527e-05,0.0030038717842586493,20,3,3,0,0,1,0,0,16,3,3,3,4,,0.75,0.15,1.0,NOT_ESTIMABLE,,,PROVISIONAL_SMALL_REQUEST_N,0.25,1.0,PROVISIONAL_SMALL_REQUEST_N,1.0,1.0,NOT_PRIMARY; use physical units and frozen spans
16,f16-d1f0e127f1c7,FORMAL_10K,HELDOUT_TRIPLE_AUDIT,STRICT_LUMPED,f12d43eace12231077007dc497fee8dad00fbe58cb2f1fe2c6159c47636b97a0,selected_q_proxy,all_finite_diagnostic,emx_minus_frozen_proxy,Qmin,dimensionless,3,0.10975482052027807,0.1336034869341676,-0.10975482052027807,0.09443187543309861,0.1867039125112008,0.19823791714596356,PROVISIONAL_SMALL_REQUEST_N,3,0.025060664347009265,0.20977192178072634,0.025060664347009265,0.20977192178072634,-0.20977192178072634,-0.025060664347009265,0.025060664347009265,0.20977192178072634,0.025060664347009265,0.20977192178072634,0.025060664347009265,0.20977192178072634,20,3,3,0,0,1,0,0,16,3,3,3,4,,0.75,0.15,1.0,NOT_ESTIMABLE,,,PROVISIONAL_SMALL_REQUEST_N,0.25,1.0,PROVISIONAL_SMALL_REQUEST_N,1.0,1.0,NOT_PRIMARY; use physical units and frozen spans
16,f16-d1f0e127f1c7,FORMAL_10K,HELDOUT_TRIPLE_AUDIT,STRICT_LUMPED,f12d43eace12231077007dc497fee8dad00fbe58cb2f1fe2c6159c47636b97a0,selected_q_proxy,all_finite_diagnostic,emx_minus_frozen_proxy,K_abs,dimensionless,3,0.005886735898868382,0.007368650931779933,0.004506052437503423,0.0034881658937613857,0.010378446467389335,0.011239731539092829,PROVISIONAL_SMALL_REQUEST_N,3,0.0020710251920474376,0.012101016610796322,0.0020710251920474376,0.012101016610796322,-0.0020710251920474376,0.012101016610796322,0.0020710251920474376,0.012101016610796322,0.0020710251920474376,0.012101016610796322,0.0020710251920474376,0.012101016610796322,20,3,3,0,0,1,0,0,16,3,3,3,4,,0.75,0.15,1.0,NOT_ESTIMABLE,,,PROVISIONAL_SMALL_REQUEST_N,0.25,1.0,PROVISIONAL_SMALL_REQUEST_N,1.0,1.0,NOT_PRIMARY; use physical units and frozen spans
17,f17-7b878ff5d5dc,FORMAL_10K,HELDOUT_TRIPLE_AUDIT,STRICT_LUMPED,f12d43eace12231077007dc497fee8dad00fbe58cb2f1fe2c6159c47636b97a0,all_candidates,strict_valid,emx_minus_target,Lp_nH,nH,27,0.031728277544085186,0.06873172889583046,-0.00195770174400166,0.010227602722606033,0.06582555732399503,0.09756203299689749,PROVISIONAL_SMALL_REQUEST_N,4,0.01758870805470177,0.0688565946006152,0.023122953298693797,0.13356800671279964,-0.048121345214537155,0.011616195425685268,0.005198687811006186,0.018788427084121873,0.026723252722939628,0.31443874130164007,0.03835656942955179,0.31443874130164007,220,30,27,3,47,3,0,0,140,19,30,30,44,,0.4318181818181818,0.08636363636363636,0.7037037037037037,NOT_ESTIMABLE,,,PROVISIONAL_SMALL_REQUEST_N,0.2727272727272727,0.5909090909090909,PROVISIONAL_SMALL_REQUEST_N,0.6666666666666666,0.7352941176470589,NOT_PRIMARY; use physical units and frozen spans
17,f17-7b878ff5d5dc,FORMAL_10K,HELDOUT_TRIPLE_AUDIT,STRICT_LUMPED,f12d43eace12231077007dc497fee8dad00fbe58cb2f1fe2c6159c47636b97a0,all_candidates,strict_valid,emx_minus_target,Ls_nH,nH,27,0.03267654425986372,0.049608804345304444,-0.020280764238931298,0.018083410239781328,0.09867370185495897,0.10576270353063183,PROVISIONAL_SMALL_REQUEST_N,4,0.0215703525273809,0.03953464707867959,0.031060884305157774,0.059705358871020235,-0.031210790497994186,-0.013141812937197747,0.007435354828555507,0.02296827064858631,0.03549254796001966,0.10838335463162574,0.06259466148501636,0.12665394663087715,220,30,27,3,47,3,0,0,140,19,30,30,44,,0.4318181818181818,0.08636363636363636,0.7037037037037037,NOT_ESTIMABLE,,,PROVISIONAL_SMALL_REQUEST_N,0.2727272727272727,0.5909090909090909,PROVISIONAL_SMALL_REQUEST_N,0.6666666666666666,0.7352941176470589,NOT_PRIMARY; use physical units and frozen spans
17,f17-7b878ff5d5dc,FORMAL_10K,HELDOUT_TRIPLE_AUDIT,STRICT_LUMPED,f12d43eace12231077007dc497fee8dad00fbe58cb2f1fe2c6159c47636b97a0,all_candidates,strict_valid,emx_minus_target,Qmin,dimensionless,27,0.7038924365270808,1.0194753829785936,0.06766427318818675,0.4532183234632754,2.037917547010974,2.336640541232871,PROVISIONAL_SMALL_REQUEST_N,4,0.4617571211293754,0.8703604658630032,0.6022190530069977,1.246034960443104,-0.14708430504719663,0.49716142965895355,0.171116813525245,0.4886041904053302,1.095478840698327,2.4617736810861697,1.1708118062569597,2.472963122292505,220,30,27,3,47,3,0,0,140,19,30,30,44,,0.4318181818181818,0.08636363636363636,0.7037037037037037,NOT_ESTIMABLE,,,PROVISIONAL_SMALL_REQUEST_N,0.2727272727272727,0.5909090909090909,PROVISIONAL_SMALL_REQUEST_N,0.6666666666666666,0.7352941176470589,NOT_PRIMARY; use physical units and frozen spans
17,f17-7b878ff5d5dc,FORMAL_10K,HELDOUT_TRIPLE_AUDIT,STRICT_LUMPED,f12d43eace12231077007dc497fee8dad00fbe58cb2f1fe2c6159c47636b97a0,all_candidates,strict_valid,emx_minus_target,K_abs,dimensionless,27,0.017488747876057472,0.02364267097947075,0.006694358618829157,0.013501306468333973,0.03368275241626986,0.05316923540088592,PROVISIONAL_SMALL_REQUEST_N,4,0.008195155440012303,0.022135544094080056,0.010660181593418834,0.027957898718661413,-0.0005092017388566218,0.012064236546161969,0.004310405214877494,0.017451051853213967,0.017686651637159774,0.048039920846173395,0.01873430761883349,0.06128085268263633,220,30,27,3,47,3,0,0,140,19,30,30,44,,0.4318181818181818,0.08636363636363636,0.7037037037037037,NOT_ESTIMABLE,,,PROVISIONAL_SMALL_REQUEST_N,0.2727272727272727,0.5909090909090909,PROVISIONAL_SMALL_REQUEST_N,0.6666666666666666,0.7352941176470589,NOT_PRIMARY; use physical units and frozen spans
17,f17-7b878ff5d5dc,FORMAL_10K,HELDOUT_TRIPLE_AUDIT,STRICT_LUMPED,f12d43eace12231077007dc497fee8dad00fbe58cb2f1fe2c6159c47636b97a0,all_candidates,strict_valid,emx_minus_frozen_proxy,Lp_nH,nH,27,0.012016959668016636,0.014310369290703947,0.00902248211969052,0.009422360467400415,0.023836825194713022,0.026891600664222647,PROVISIONAL_SMALL_REQUEST_N,4,0.0104011440509262,0.013790315051872611,0.012892424598244193,0.016034688425975475,0.003128141386350682,0.012201914751475964,0.007172883202564817,0.012080419014059096,0.01844816263642548,0.026089388258364293,0.018455979939179912,0.03108168286513391,220,30,27,3,47,3,0,0,140,19,30,30,44,,0.4318181818181818,0.08636363636363636,0.7037037037037037,NOT_ESTIMABLE,,,PROVISIONAL_SMALL_REQUEST_N,0.2727272727272727,0.5909090909090909,PROVISIONAL_SMALL_REQUEST_N,0.6666666666666666,0.7352941176470589,NOT_PRIMARY; use physical units and frozen spans
17,f17-7b878ff5d5dc,FORMAL_10K,HELDOUT_TRIPLE_AUDIT,STRICT_LUMPED,f12d43eace12231077007dc497fee8dad00fbe58cb2f1fe2c6159c47636b97a0,all_candidates,strict_valid,emx_minus_frozen_proxy,Ls_nH,nH,27,0.00817478434782727,0.011616124904940277,0.0036562772827176846,0.0060514913363285405,0.018473490542713623,0.025950237077375246,PROVISIONAL_SMALL_REQUEST_N,4,0.006183889086046569,0.010507377565460658,0.0076157632495683384,0.014024850374552145,-0.005242039313997372,0.008105435581075213,0.00447272374953922,0.007768518719146522,0.009507853427559663,0.02488323166136608,0.01322226916659126,0.03220564140608739,220,30,27,3,47,3,0,0,140,19,30,30,44,,0.4318181818181818,0.08636363636363636,0.7037037037037037,NOT_ESTIMABLE,,,PROVISIONAL_SMALL_REQUEST_N,0.2727272727272727,0.5909090909090909,PROVISIONAL_SMALL_REQUEST_N,0.6666666666666666,0.7352941176470589,NOT_PRIMARY; use physical units and frozen spans
17,f17-7b878ff5d5dc,FORMAL_10K,HELDOUT_TRIPLE_AUDIT,STRICT_LUMPED,f12d43eace12231077007dc497fee8dad00fbe58cb2f1fe2c6159c47636b97a0,all_candidates,strict_valid,emx_minus_frozen_proxy,Qmin,dimensionless,27,0.29855895348351097,0.43470004916409327,0.058139821826424604,0.18278735881345298,0.7119428659561301,0.9204428598058692,PROVISIONAL_SMALL_REQUEST_N,4,0.1937105958107131,0.4664915307939917,0.26253154726258565,0.6371028931101705,-0.0809669564742481,0.21250929264339818,0.16418462679771295,0.22754378511031703,0.3517295457526739,1.1741541221391234,0.5558999449561027,1.3439930592858271,220,30,27,3,47,3,0,0,140,19,30,30,44,,0.4318181818181818,0.08636363636363636,0.7037037037037037,NOT_ESTIMABLE,,,PROVISIONAL_SMALL_REQUEST_N,0.2727272727272727,0.5909090909090909,PROVISIONAL_SMALL_REQUEST_N,0.6666666666666666,0.7352941176470589,NOT_PRIMARY; use physical units and frozen spans
17,f17-7b878ff5d5dc,FORMAL_10K,HELDOUT_TRIPLE_AUDIT,STRICT_LUMPED,f12d43eace12231077007dc497fee8dad00fbe58cb2f1fe2c6159c47636b97a0,all_candidates,strict_valid,emx_minus_frozen_proxy,K_abs,dimensionless,27,0.015613774674605728,0.018998760166074838,0.008294728131068116,0.015610594130289701,0.028851835677207692,0.03268547629325184,PROVISIONAL_SMALL_REQUEST_N,4,0.007900214322855781,0.0194705548504807,0.010415015314096807,0.022072450244039796,-0.0018498994063591676,0.015641081915319426,0.003695299374182004,0.017941120532736388,0.01842295823688513,0.03232734883136282,0.01897506197494689,0.04464513198124659,220,30,27,3,47,3,0,0,140,19,30,30,44,,0.4318181818181818,0.08636363636363636,0.7037037037037037,NOT_ESTIMABLE,,,PROVISIONAL_SMALL_REQUEST_N,0.2727272727272727,0.5909090909090909,PROVISIONAL_SMALL_REQUEST_N,0.6666666666666666,0.7352941176470589,NOT_PRIMARY; use physical units and frozen spans
17,f17-7b878ff5d5dc,FORMAL_10K,HELDOUT_TRIPLE_AUDIT,STRICT_LUMPED,f12d43eace12231077007dc497fee8dad00fbe58cb2f1fe2c6159c47636b97a0,all_candidates,all_finite_diagnostic,emx_minus_target,Lp_nH,nH,30,0.035474197520609714,0.07155900942301384,0.0017084694247160007,0.010596330083551653,0.07366092955019074,0.13339190014192823,PROVISIONAL_SMALL_REQUEST_N,4,0.020589518945721048,0.05838758935521823,0.03505703819429439,0.11809711810844707,-0.03674675832741959,0.022286938149156544,0.005220878641904125,0.019735529534151697,0.03326332254272349,0.26598597546631997,0.050289833125785534,0.31443874130164007,220,30,27,3,47,3,0,0,140,19,30,30,44,,0.4318181818181818,0.08636363636363636,0.7037037037037037,NOT_ESTIMABLE,,,PROVISIONAL_SMALL_REQUEST_N,0.2727272727272727,0.5909090909090909,PROVISIONAL_SMALL_REQUEST_N,0.6666666666666666,0.7352941176470589,NOT_PRIMARY; use physical units and frozen spans
17,f17-7b878ff5d5dc,FORMAL_10K,HELDOUT_TRIPLE_AUDIT,STRICT_LUMPED,f12d43eace12231077007dc497fee8dad00fbe58cb2f1fe2c6159c47636b97a0,all_candidates,all_finite_diagnostic,emx_minus_target,Ls_nH,nH,30,0.0361520301691058,0.05277597248581318,-0.02121619311647488,0.022603806425221862,0.10052140132864405,0.11114435726937556,PROVISIONAL_SMALL_REQUEST_N,4,0.02414932524459863,0.04771538785609097,0.03702568036139724,0.06337108367584579,-0.04213886261934829,-0.008486057040926162,0.007435354828555507,0.03219632512244286,0.04397333897876225,0.11340335942753454,0.08703923272591213,0.12665394663087715,220,30,27,3,47,3,0,0,140,19,30,30,44,,0.4318181818181818,0.08636363636363636,0.7037037037037037,NOT_ESTIMABLE,,,PROVISIONAL_SMALL_REQUEST_N,0.2727272727272727,0.5909090909090909,PROVISIONAL_SMALL_REQUEST_N,0.6666666666666666,0.7352941176470589,NOT_PRIMARY; use physical units and frozen spans
17,f17-7b878ff5d5dc,FORMAL_10K,HELDOUT_TRIPLE_AUDIT,STRICT_LUMPED,f12d43eace12231077007dc497fee8dad00fbe58cb2f1fe2c6159c47636b97a0,all_candidates,all_finite_diagnostic,emx_minus_target,Qmin,dimensionless,30,0.749221787898053,1.0508349871937677,0.1545542384633474,0.45488184887085836,2.0345447130622065,2.274073971306221,PROVISIONAL_SMALL_REQUEST_N,4,0.6107775845095385,0.8703604658630032,0.804232520112206,1.2430576138437965,-0.06251249608776174,0.5294876890516268,0.33093303644551497,0.4886041904053302,1.4597800651820663,2.4200626344684046,1.5767566951273522,2.472963122292505,220,30,27,3,47,3,0,0,140,19,30,30,44,,0.4318181818181818,0.08636363636363636,0.7037037037037037,NOT_ESTIMABLE,,,PROVISIONAL_SMALL_REQUEST_N,0.2727272727272727,0.5909090909090909,PROVISIONAL_SMALL_REQUEST_N,0.6666666666666666,0.7352941176470589,NOT_PRIMARY; use physical units and frozen spans
17,f17-7b878ff5d5dc,FORMAL_10K,HELDOUT_TRIPLE_AUDIT,STRICT_LUMPED,f12d43eace12231077007dc497fee8dad00fbe58cb2f1fe2c6159c47636b97a0,all_candidates,all_finite_diagnostic,emx_minus_target,K_abs,dimensionless,30,0.01889910504530675,0.026486290659342222,0.009184154713801268,0.01394132587221196,0.03778129173674835,0.061092912230279614,PROVISIONAL_SMALL_REQUEST_N,4,0.008460443226351613,0.026019897389700692,0.01078981915371591,0.034643973602390986,0.0010213049402032165,0.017205121326951036,0.004310405214877494,0.01972744515638991,0.017237656216442465,0.06098850086785922,0.018659475048713937,0.0754684821758938,220,30,27,3,47,3,0,0,140,19,30,30,44,,0.4318181818181818,0.08636363636363636,0.7037037037037037,NOT_ESTIMABLE,,,PROVISIONAL_SMALL_REQUEST_N,0.2727272727272727,0.5909090909090909,PROVISIONAL_SMALL_REQUEST_N,0.6666666666666666,0.7352941176470589,NOT_PRIMARY; use physical units and frozen spans
17,f17-7b878ff5d5dc,FORMAL_10K,HELDOUT_TRIPLE_AUDIT,STRICT_LUMPED,f12d43eace12231077007dc497fee8dad00fbe58cb2f1fe2c6159c47636b97a0,all_candidates,all_finite_diagnostic,emx_minus_frozen_proxy,Lp_nH,nH,30,0.013748277497527044,0.016833181204702615,0.011053247704033538,0.010741900700737883,0.025287175852505932,0.029557141457360093,PROVISIONAL_SMALL_REQUEST_N,4,0.01092636077013884,0.01683515766233106,0.012992826163121416,0.020353418766580582,0.007687230276420598,0.015163969656695198,0.007172883202564817,0.018377806911635597,0.01844816263642548,0.028710174008596892,0.02157649456719024,0.04546217045403367,220,30,27,3,47,3,0,0,140,19,30,30,44,,0.4318181818181818,0.08636363636363636,0.7037037037037037,NOT_ESTIMABLE,,,PROVISIONAL_SMALL_REQUEST_N,0.2727272727272727,0.5909090909090909,PROVISIONAL_SMALL_REQUEST_N,0.6666666666666666,0.7352941176470589,NOT_PRIMARY; use physical units and frozen spans
17,f17-7b878ff5d5dc,FORMAL_10K,HELDOUT_TRIPLE_AUDIT,STRICT_LUMPED,f12d43eace12231077007dc497fee8dad00fbe58cb2f1fe2c6159c47636b97a0,all_candidates,all_finite_diagnostic,emx_minus_frozen_proxy,Ls_nH,nH,30,0.009446615714634924,0.01400646112095643,0.004200591215068739,0.006790927572275007,0.022749220829347747,0.030110938113973106,PROVISIONAL_SMALL_REQUEST_N,4,0.006183889086046569,0.013587274598320513,0.008203158936965027,0.018885371149015433,-0.0058971705400445214,0.010302860155105778,0.00447272374953922,0.008437542053744918,0.013545838870692828,0.02894721406279854,0.014401070934892735,0.04498877193319806,220,30,27,3,47,3,0,0,140,19,30,30,44,,0.4318181818181818,0.08636363636363636,0.7037037037037037,NOT_ESTIMABLE,,,PROVISIONAL_SMALL_REQUEST_N,0.2727272727272727,0.5909090909090909,PROVISIONAL_SMALL_REQUEST_N,0.6666666666666666,0.7352941176470589,NOT_PRIMARY; use physical units and frozen spans
17,f17-7b878ff5d5dc,FORMAL_10K,HELDOUT_TRIPLE_AUDIT,STRICT_LUMPED,f12d43eace12231077007dc497fee8dad00fbe58cb2f1fe2c6159c47636b97a0,all_candidates,all_finite_diagnostic,emx_minus_frozen_proxy,Qmin,dimensionless,30,0.3326944853935407,0.4650012163185499,0.08294283404440209,0.20378594172370335,0.7484396401154917,0.9851516230646707,PROVISIONAL_SMALL_REQUEST_N,4,0.23351119737375556,0.47067204930558176,0.32883188739475,0.6347731264108638,0.0019909507715620833,0.21250929264339818,0.17665259145346823,0.22754378511031703,0.5743388182687913,1.1401863347097834,0.7034109314576042,1.3439930592858271,220,30,27,3,47,3,0,0,140,19,30,30,44,,0.4318181818181818,0.08636363636363636,0.7037037037037037,NOT_ESTIMABLE,,,PROVISIONAL_SMALL_REQUEST_N,0.2727272727272727,0.5909090909090909,PROVISIONAL_SMALL_REQUEST_N,0.6666666666666666,0.7352941176470589,NOT_PRIMARY; use physical units and frozen spans
17,f17-7b878ff5d5dc,FORMAL_10K,HELDOUT_TRIPLE_AUDIT,STRICT_LUMPED,f12d43eace12231077007dc497fee8dad00fbe58cb2f1fe2c6159c47636b97a0,all_candidates,all_finite_diagnostic,emx_minus_frozen_proxy,K_abs,dimensionless,30,0.016399505161556426,0.021178531600991948,0.009717819795940892,0.0150796009471863,0.03161109390758477,0.03950502295842401,PROVISIONAL_SMALL_REQUEST_N,4,0.007386306313020539,0.02161767291597194,0.009790833037547686,0.026481658755289232,-0.0008489053102417435,0.01925930214608928,0.003695299374182004,0.01863225612711661,0.018186342349144374,0.03664940683463379,0.018935625993656762,0.060265798094814305,220,30,27,3,47,3,0,0,140,19,30,30,44,,0.4318181818181818,0.08636363636363636,0.7037037037037037,NOT_ESTIMABLE,,,PROVISIONAL_SMALL_REQUEST_N,0.2727272727272727,0.5909090909090909,PROVISIONAL_SMALL_REQUEST_N,0.6666666666666666,0.7352941176470589,NOT_PRIMARY; use physical units and frozen spans
17,f17-7b878ff5d5dc,FORMAL_10K,HELDOUT_TRIPLE_AUDIT,STRICT_LUMPED,f12d43eace12231077007dc497fee8dad00fbe58cb2f1fe2c6159c47636b97a0,selected_q_proxy,strict_valid,emx_minus_target,Lp_nH,nH,4,0.01054132363006699,0.012268792532388785,0.01054132363006699,0.008820578903059872,0.017546123205708877,0.019114377594945192,PROVISIONAL_SMALL_REQUEST_N,4,0.0054380292281265286,0.01736536275901457,0.005904149285318271,0.01829121781317169,0.0054380292281265286,0.01736536275901457,0.003841504729966694,0.02068263198418152,0.007413555083513712,0.02068263198418152,0.007413555083513712,0.02068263198418152,20,4,4,0,0,0,0,0,16,4,4,4,4,,1.0,0.2,1.0,NOT_ESTIMABLE,,,PROVISIONAL_SMALL_REQUEST_N,1.0,1.0,PROVISIONAL_SMALL_REQUEST_N,1.0,1.0,NOT_PRIMARY; use physical units and frozen spans
17,f17-7b878ff5d5dc,FORMAL_10K,HELDOUT_TRIPLE_AUDIT,STRICT_LUMPED,f12d43eace12231077007dc497fee8dad00fbe58cb2f1fe2c6159c47636b97a0,selected_q_proxy,strict_valid,emx_minus_target,Ls_nH,nH,4,0.008895140124946244,0.011837488970600525,0.002224530975982464,0.005494413005998844,0.017231366387083807,0.019735354294470604,PROVISIONAL_SMALL_REQUEST_N,4,0.0031508165859337467,0.01804019078290614,0.0034409430751910475,0.019451146531798406,-0.005494413005998844,0.015318822519879982,0.002352392285929872,0.022239342201857415,0.0045879803259407225,0.022239342201857415,0.005067034905943045,0.022239342201857415,20,4,4,0,0,0,0,0,16,4,4,4,4,,1.0,0.2,1.0,NOT_ESTIMABLE,,,PROVISIONAL_SMALL_REQUEST_N,1.0,1.0,PROVISIONAL_SMALL_REQUEST_N,1.0,1.0,NOT_PRIMARY; use physical units and frozen spans
17,f17-7b878ff5d5dc,FORMAL_10K,HELDOUT_TRIPLE_AUDIT,STRICT_LUMPED,f12d43eace12231077007dc497fee8dad00fbe58cb2f1fe2c6159c47636b97a0,selected_q_proxy,strict_valid,emx_minus_target,Qmin,dimensionless,4,0.15881577283275217,0.1871857458837697,-0.003900700149896963,0.16271647298264913,0.26126112512266086,0.27692523274601694,PROVISIONAL_SMALL_REQUEST_N,4,0.05997109280066937,0.253759752714938,0.09525840886362552,0.26252089960646346,-0.16271647298264913,0.18512425783912168,0.01724080499633729,0.2925893403693731,0.13688561084846712,0.2925893403693731,0.13727098975163265,0.2925893403693731,20,4,4,0,0,0,0,0,16,4,4,4,4,,1.0,0.2,1.0,NOT_ESTIMABLE,,,PROVISIONAL_SMALL_REQUEST_N,1.0,1.0,PROVISIONAL_SMALL_REQUEST_N,1.0,1.0,NOT_PRIMARY; use physical units and frozen spans
17,f17-7b878ff5d5dc,FORMAL_10K,HELDOUT_TRIPLE_AUDIT,STRICT_LUMPED,f12d43eace12231077007dc497fee8dad00fbe58cb2f1fe2c6159c47636b97a0,selected_q_proxy,strict_valid,emx_minus_target,K_abs,dimensionless,4,0.011130141939583959,0.014042549095365241,-0.0035428126645649476,0.00957351296380684,0.020788376391357444,0.02199131592878303,PROVISIONAL_SMALL_REQUEST_N,4,0.0030758268710445943,0.019184457008123323,0.0032038251856945864,0.020184772493625443,-0.01794051319078485,0.010387902068134603,0.002179286364513533,0.023194255466208624,0.003972367377575656,0.023194255466208624,0.003972367377575656,0.023194255466208624,20,4,4,0,0,0,0,0,16,4,4,4,4,,1.0,0.2,1.0,NOT_ESTIMABLE,,,PROVISIONAL_SMALL_REQUEST_N,1.0,1.0,PROVISIONAL_SMALL_REQUEST_N,1.0,1.0,NOT_PRIMARY; use physical units and frozen spans
17,f17-7b878ff5d5dc,FORMAL_10K,HELDOUT_TRIPLE_AUDIT,STRICT_LUMPED,f12d43eace12231077007dc497fee8dad00fbe58cb2f1fe2c6159c47636b97a0,selected_q_proxy,strict_valid,emx_minus_frozen_proxy,Lp_nH,nH,4,0.009546976855243416,0.009730899203192802,0.009546976855243416,0.009315299690992984,0.011640397578144368,0.011860408296101731,PROVISIONAL_SMALL_REQUEST_N,4,0.007746903756285617,0.011347049954201216,0.007751607947019895,0.01137072437626973,0.007746903756285617,0.011347049954201216,0.007476889024928601,0.012080419014059096,0.008016918487642632,0.012080419014059096,0.008016918487642632,0.012080419014059096,20,4,4,0,0,0,0,0,16,4,4,4,4,,1.0,0.2,1.0,NOT_ESTIMABLE,,,PROVISIONAL_SMALL_REQUEST_N,1.0,1.0,PROVISIONAL_SMALL_REQUEST_N,1.0,1.0,NOT_PRIMARY; use physical units and frozen spans
17,f17-7b878ff5d5dc,FORMAL_10K,HELDOUT_TRIPLE_AUDIT,STRICT_LUMPED,f12d43eace12231077007dc497fee8dad00fbe58cb2f1fe2c6159c47636b97a0,selected_q_proxy,strict_valid,emx_minus_frozen_proxy,Ls_nH,nH,4,0.006869988753517409,0.008793323651208308,0.0016340950608045857,0.005235893692712823,0.012827666971895548,0.01436510179143153,PROVISIONAL_SMALL_REQUEST_N,4,0.002242466050105918,0.013131606517733485,0.0029842646763908608,0.013981174860552689,-0.005235893692712823,0.010722198398717797,0.0011056310176764672,0.01590253661096752,0.00428876910847893,0.01590253661096752,0.004818816238031376,0.01590253661096752,20,4,4,0,0,0,0,0,16,4,4,4,4,,1.0,0.2,1.0,NOT_ESTIMABLE,,,PROVISIONAL_SMALL_REQUEST_N,1.0,1.0,PROVISIONAL_SMALL_REQUEST_N,1.0,1.0,NOT_PRIMARY; use physical units and frozen spans
17,f17-7b878ff5d5dc,FORMAL_10K,HELDOUT_TRIPLE_AUDIT,STRICT_LUMPED,f12d43eace12231077007dc497fee8dad00fbe58cb2f1fe2c6159c47636b97a0,selected_q_proxy,strict_valid,emx_minus_frozen_proxy,Qmin,dimensionless,4,0.16534868031871408,0.205109410250047,0.029089517058965342,0.13625916325974874,0.30359224847471167,0.32766089711369273,PROVISIONAL_SMALL_REQUEST_N,4,0.05919664368135802,0.2841087689045132,0.06316989843674996,0.3073035973643724,-0.13625916325974874,0.24348554972449765,0.037146849002684945,0.3517295457526739,0.08124643836003109,0.3517295457526739,0.08124643836003109,0.3517295457526739,20,4,4,0,0,0,0,0,16,4,4,4,4,,1.0,0.2,1.0,NOT_ESTIMABLE,,,PROVISIONAL_SMALL_REQUEST_N,1.0,1.0,PROVISIONAL_SMALL_REQUEST_N,1.0,1.0,NOT_PRIMARY; use physical units and frozen spans
17,f17-7b878ff5d5dc,FORMAL_10K,HELDOUT_TRIPLE_AUDIT,STRICT_LUMPED,f12d43eace12231077007dc497fee8dad00fbe58cb2f1fe2c6159c47636b97a0,selected_q_proxy,strict_valid,emx_minus_frozen_proxy,K_abs,dimensionless,4,0.01087771569830728,0.013595251405630573,-0.003072418633162429,0.009525271053080465,0.019970228885033678,0.02090443633247881,PROVISIONAL_SMALL_REQUEST_N,4,0.003030812441507734,0.018724618955106825,0.003058302787671125,0.018990868387964342,-0.017034402061729022,0.010847958603749468,0.002621676907144238,0.02183864377992395,0.00343994797587123,0.02183864377992395,0.00343994797587123,0.02183864377992395,20,4,4,0,0,0,0,0,16,4,4,4,4,,1.0,0.2,1.0,NOT_ESTIMABLE,,,PROVISIONAL_SMALL_REQUEST_N,1.0,1.0,PROVISIONAL_SMALL_REQUEST_N,1.0,1.0,NOT_PRIMARY; use physical units and frozen spans
17,f17-7b878ff5d5dc,FORMAL_10K,HELDOUT_TRIPLE_AUDIT,STRICT_LUMPED,f12d43eace12231077007dc497fee8dad00fbe58cb2f1fe2c6159c47636b97a0,selected_q_proxy,all_finite_diagnostic,emx_minus_target,Lp_nH,nH,4,0.01054132363006699,0.012268792532388785,0.01054132363006699,0.008820578903059872,0.017546123205708877,0.019114377594945192,PROVISIONAL_SMALL_REQUEST_N,4,0.0054380292281265286,0.01736536275901457,0.005904149285318271,0.01829121781317169,0.0054380292281265286,0.01736536275901457,0.003841504729966694,0.02068263198418152,0.007413555083513712,0.02068263198418152,0.007413555083513712,0.02068263198418152,20,4,4,0,0,0,0,0,16,4,4,4,4,,1.0,0.2,1.0,NOT_ESTIMABLE,,,PROVISIONAL_SMALL_REQUEST_N,1.0,1.0,PROVISIONAL_SMALL_REQUEST_N,1.0,1.0,NOT_PRIMARY; use physical units and frozen spans
17,f17-7b878ff5d5dc,FORMAL_10K,HELDOUT_TRIPLE_AUDIT,STRICT_LUMPED,f12d43eace12231077007dc497fee8dad00fbe58cb2f1fe2c6159c47636b97a0,selected_q_proxy,all_finite_diagnostic,emx_minus_target,Ls_nH,nH,4,0.008895140124946244,0.011837488970600525,0.002224530975982464,0.005494413005998844,0.017231366387083807,0.019735354294470604,PROVISIONAL_SMALL_REQUEST_N,4,0.0031508165859337467,0.01804019078290614,0.0034409430751910475,0.019451146531798406,-0.005494413005998844,0.015318822519879982,0.002352392285929872,0.022239342201857415,0.0045879803259407225,0.022239342201857415,0.005067034905943045,0.022239342201857415,20,4,4,0,0,0,0,0,16,4,4,4,4,,1.0,0.2,1.0,NOT_ESTIMABLE,,,PROVISIONAL_SMALL_REQUEST_N,1.0,1.0,PROVISIONAL_SMALL_REQUEST_N,1.0,1.0,NOT_PRIMARY; use physical units and frozen spans
17,f17-7b878ff5d5dc,FORMAL_10K,HELDOUT_TRIPLE_AUDIT,STRICT_LUMPED,f12d43eace12231077007dc497fee8dad00fbe58cb2f1fe2c6159c47636b97a0,selected_q_proxy,all_finite_diagnostic,emx_minus_target,Qmin,dimensionless,4,0.15881577283275217,0.1871857458837697,-0.003900700149896963,0.16271647298264913,0.26126112512266086,0.27692523274601694,PROVISIONAL_SMALL_REQUEST_N,4,0.05997109280066937,0.253759752714938,0.09525840886362552,0.26252089960646346,-0.16271647298264913,0.18512425783912168,0.01724080499633729,0.2925893403693731,0.13688561084846712,0.2925893403693731,0.13727098975163265,0.2925893403693731,20,4,4,0,0,0,0,0,16,4,4,4,4,,1.0,0.2,1.0,NOT_ESTIMABLE,,,PROVISIONAL_SMALL_REQUEST_N,1.0,1.0,PROVISIONAL_SMALL_REQUEST_N,1.0,1.0,NOT_PRIMARY; use physical units and frozen spans
17,f17-7b878ff5d5dc,FORMAL_10K,HELDOUT_TRIPLE_AUDIT,STRICT_LUMPED,f12d43eace12231077007dc497fee8dad00fbe58cb2f1fe2c6159c47636b97a0,selected_q_proxy,all_finite_diagnostic,emx_minus_target,K_abs,dimensionless,4,0.011130141939583959,0.014042549095365241,-0.0035428126645649476,0.00957351296380684,0.020788376391357444,0.02199131592878303,PROVISIONAL_SMALL_REQUEST_N,4,0.0030758268710445943,0.019184457008123323,0.0032038251856945864,0.020184772493625443,-0.01794051319078485,0.010387902068134603,0.002179286364513533,0.023194255466208624,0.003972367377575656,0.023194255466208624,0.003972367377575656,0.023194255466208624,20,4,4,0,0,0,0,0,16,4,4,4,4,,1.0,0.2,1.0,NOT_ESTIMABLE,,,PROVISIONAL_SMALL_REQUEST_N,1.0,1.0,PROVISIONAL_SMALL_REQUEST_N,1.0,1.0,NOT_PRIMARY; use physical units and frozen spans
17,f17-7b878ff5d5dc,FORMAL_10K,HELDOUT_TRIPLE_AUDIT,STRICT_LUMPED,f12d43eace12231077007dc497fee8dad00fbe58cb2f1fe2c6159c47636b97a0,selected_q_proxy,all_finite_diagnostic,emx_minus_frozen_proxy,Lp_nH,nH,4,0.009546976855243416,0.009730899203192802,0.009546976855243416,0.009315299690992984,0.011640397578144368,0.011860408296101731,PROVISIONAL_SMALL_REQUEST_N,4,0.007746903756285617,0.011347049954201216,0.007751607947019895,0.01137072437626973,0.007746903756285617,0.011347049954201216,0.007476889024928601,0.012080419014059096,0.008016918487642632,0.012080419014059096,0.008016918487642632,0.012080419014059096,20,4,4,0,0,0,0,0,16,4,4,4,4,,1.0,0.2,1.0,NOT_ESTIMABLE,,,PROVISIONAL_SMALL_REQUEST_N,1.0,1.0,PROVISIONAL_SMALL_REQUEST_N,1.0,1.0,NOT_PRIMARY; use physical units and frozen spans
17,f17-7b878ff5d5dc,FORMAL_10K,HELDOUT_TRIPLE_AUDIT,STRICT_LUMPED,f12d43eace12231077007dc497fee8dad00fbe58cb2f1fe2c6159c47636b97a0,selected_q_proxy,all_finite_diagnostic,emx_minus_frozen_proxy,Ls_nH,nH,4,0.006869988753517409,0.008793323651208308,0.0016340950608045857,0.005235893692712823,0.012827666971895548,0.01436510179143153,PROVISIONAL_SMALL_REQUEST_N,4,0.002242466050105918,0.013131606517733485,0.0029842646763908608,0.013981174860552689,-0.005235893692712823,0.010722198398717797,0.0011056310176764672,0.01590253661096752,0.00428876910847893,0.01590253661096752,0.004818816238031376,0.01590253661096752,20,4,4,0,0,0,0,0,16,4,4,4,4,,1.0,0.2,1.0,NOT_ESTIMABLE,,,PROVISIONAL_SMALL_REQUEST_N,1.0,1.0,PROVISIONAL_SMALL_REQUEST_N,1.0,1.0,NOT_PRIMARY; use physical units and frozen spans
17,f17-7b878ff5d5dc,FORMAL_10K,HELDOUT_TRIPLE_AUDIT,STRICT_LUMPED,f12d43eace12231077007dc497fee8dad00fbe58cb2f1fe2c6159c47636b97a0,selected_q_proxy,all_finite_diagnostic,emx_minus_frozen_proxy,Qmin,dimensionless,4,0.16534868031871408,0.205109410250047,0.029089517058965342,0.13625916325974874,0.30359224847471167,0.32766089711369273,PROVISIONAL_SMALL_REQUEST_N,4,0.05919664368135802,0.2841087689045132,0.06316989843674996,0.3073035973643724,-0.13625916325974874,0.24348554972449765,0.037146849002684945,0.3517295457526739,0.08124643836003109,0.3517295457526739,0.08124643836003109,0.3517295457526739,20,4,4,0,0,0,0,0,16,4,4,4,4,,1.0,0.2,1.0,NOT_ESTIMABLE,,,PROVISIONAL_SMALL_REQUEST_N,1.0,1.0,PROVISIONAL_SMALL_REQUEST_N,1.0,1.0,NOT_PRIMARY; use physical units and frozen spans
17,f17-7b878ff5d5dc,FORMAL_10K,HELDOUT_TRIPLE_AUDIT,STRICT_LUMPED,f12d43eace12231077007dc497fee8dad00fbe58cb2f1fe2c6159c47636b97a0,selected_q_proxy,all_finite_diagnostic,emx_minus_frozen_proxy,K_abs,dimensionless,4,0.01087771569830728,0.013595251405630573,-0.003072418633162429,0.009525271053080465,0.019970228885033678,0.02090443633247881,PROVISIONAL_SMALL_REQUEST_N,4,0.003030812441507734,0.018724618955106825,0.003058302787671125,0.018990868387964342,-0.017034402061729022,0.010847958603749468,0.002621676907144238,0.02183864377992395,0.00343994797587123,0.02183864377992395,0.00343994797587123,0.02183864377992395,20,4,4,0,0,0,0,0,16,4,4,4,4,,1.0,0.2,1.0,NOT_ESTIMABLE,,,PROVISIONAL_SMALL_REQUEST_N,1.0,1.0,PROVISIONAL_SMALL_REQUEST_N,1.0,1.0,NOT_PRIMARY; use physical units and frozen spans
18,f18-1a136fda6a2a,FORMAL_10K,HELDOUT_TRIPLE_AUDIT,STRICT_LUMPED,f12d43eace12231077007dc497fee8dad00fbe58cb2f1fe2c6159c47636b97a0,all_candidates,strict_valid,emx_minus_target,Lp_nH,nH,33,0.026161142301581064,0.04294292177352431,0.012886012204211641,0.015563198279055723,0.05912277497339978,0.09560308119517878,PROVISIONAL_SMALL_REQUEST_N,4,0.019166948676279737,0.03565326222163286,0.024483944268665094,0.05980749356863557,0.004284336090910554,0.024559715500834547,0.012537000075526827,0.0169286811419308,0.043046082190263,0.11018352642453233,0.04876580722642221,0.16490349060569764,220,36,33,3,45,3,0,0,136,22,36,36,44,,0.5,0.1,0.6666666666666666,NOT_ESTIMABLE,,,PROVISIONAL_SMALL_REQUEST_N,0.45454545454545453,0.5454545454545454,PROVISIONAL_SMALL_REQUEST_N,0.5789473684210527,0.7857142857142857,NOT_PRIMARY; use physical units and frozen spans
18,f18-1a136fda6a2a,FORMAL_10K,HELDOUT_TRIPLE_AUDIT,STRICT_LUMPED,f12d43eace12231077007dc497fee8dad00fbe58cb2f1fe2c6159c47636b97a0,all_candidates,strict_valid,emx_minus_target,Ls_nH,nH,33,0.06263738600912698,0.11154137380704418,-0.028858443128966065,0.014978465239413263,0.18031947519793645,0.2776659848095796,PROVISIONAL_SMALL_REQUEST_N,4,0.024424498585952286,0.09261239720881922,0.050337390705224166,0.14834102760369117,-0.06955250336540604,0.02636921004905963,0.008676657263671506,0.055940865843438825,0.03275651124605046,0.3263133029450259,0.11394386262351514,0.37007152411691735,220,36,33,3,45,3,0,0,136,22,36,36,44,,0.5,0.1,0.6666666666666666,NOT_ESTIMABLE,,,PROVISIONAL_SMALL_REQUEST_N,0.45454545454545453,0.5454545454545454,PROVISIONAL_SMALL_REQUEST_N,0.5789473684210527,0.7857142857142857,NOT_PRIMARY; use physical units and frozen spans
18,f18-1a136fda6a2a,FORMAL_10K,HELDOUT_TRIPLE_AUDIT,STRICT_LUMPED,f12d43eace12231077007dc497fee8dad00fbe58cb2f1fe2c6159c47636b97a0,all_candidates,strict_valid,emx_minus_target,Qmin,dimensionless,33,1.0332474230438733,1.8719111793050565,0.323666583772784,0.4085668382447665,3.0237234019332764,4.920216377892113,PROVISIONAL_SMALL_REQUEST_N,4,0.3379436715206085,1.6680468057140458,0.4461473008224633,2.710934042171886,-0.5918311048091185,1.235863858761456,0.3637833340616625,0.5437637861053659,0.5924016898205764,5.617856961766012,0.9496775479574142,6.1525011767900715,220,36,33,3,45,3,0,0,136,22,36,36,44,,0.5,0.1,0.6666666666666666,NOT_ESTIMABLE,,,PROVISIONAL_SMALL_REQUEST_N,0.45454545454545453,0.5454545454545454,PROVISIONAL_SMALL_REQUEST_N,0.5789473684210527,0.7857142857142857,NOT_PRIMARY; use physical units and frozen spans
18,f18-1a136fda6a2a,FORMAL_10K,HELDOUT_TRIPLE_AUDIT,STRICT_LUMPED,f12d43eace12231077007dc497fee8dad00fbe58cb2f1fe2c6159c47636b97a0,all_candidates,strict_valid,emx_minus_target,K_abs,dimensionless,33,0.03090613641445296,0.049471698928780485,0.02754764788773858,0.013105306674995987,0.08833067001305514,0.11420431216959874,PROVISIONAL_SMALL_REQUEST_N,4,0.01679947168944429,0.04130052094866987,0.02212477685177386,0.06264807242727762,0.008883034447903254,0.04130052094866987,0.008638769263357271,0.018146905766112054,0.036336771294974174,0.12827724488251882,0.04300596065308152,0.15874952989527516,220,36,33,3,45,3,0,0,136,22,36,36,44,,0.5,0.1,0.6666666666666666,NOT_ESTIMABLE,,,PROVISIONAL_SMALL_REQUEST_N,0.45454545454545453,0.5454545454545454,PROVISIONAL_SMALL_REQUEST_N,0.5789473684210527,0.7857142857142857,NOT_PRIMARY; use physical units and frozen spans
18,f18-1a136fda6a2a,FORMAL_10K,HELDOUT_TRIPLE_AUDIT,STRICT_LUMPED,f12d43eace12231077007dc497fee8dad00fbe58cb2f1fe2c6159c47636b97a0,all_candidates,strict_valid,emx_minus_frozen_proxy,Lp_nH,nH,33,0.01432191156721004,0.018368796457029945,-0.003696336604324981,0.011245339651331676,0.03247567351689447,0.03527463893812661,PROVISIONAL_SMALL_REQUEST_N,4,0.007939100665421618,0.02032926300418738,0.01188346766333124,0.023777891327600848,-0.013224221269504156,0.004241868495657711,0.006416425046416763,0.020191880932800554,0.013288520159009687,0.03964436655892167,0.023670586471701782,0.044679907560200016,220,36,33,3,45,3,0,0,136,22,36,36,44,,0.5,0.1,0.6666666666666666,NOT_ESTIMABLE,,,PROVISIONAL_SMALL_REQUEST_N,0.45454545454545453,0.5454545454545454,PROVISIONAL_SMALL_REQUEST_N,0.5789473684210527,0.7857142857142857,NOT_PRIMARY; use physical units and frozen spans
18,f18-1a136fda6a2a,FORMAL_10K,HELDOUT_TRIPLE_AUDIT,STRICT_LUMPED,f12d43eace12231077007dc497fee8dad00fbe58cb2f1fe2c6159c47636b97a0,all_candidates,strict_valid,emx_minus_frozen_proxy,Ls_nH,nH,33,0.00870453520511318,0.01104954712879481,0.0024465754305429983,0.007771702733479602,0.019297322998042103,0.022564515170361153,PROVISIONAL_SMALL_REQUEST_N,4,0.006044681875835324,0.012314336151990266,0.007423193112960783,0.014594715540575055,-0.0013629151143876562,0.004742560683911941,0.004790479576834761,0.01247014958810888,0.012352687362169879,0.023606306700734492,0.012830513032536416,0.02462691476861023,220,36,33,3,45,3,0,0,136,22,36,36,44,,0.5,0.1,0.6666666666666666,NOT_ESTIMABLE,,,PROVISIONAL_SMALL_REQUEST_N,0.45454545454545453,0.5454545454545454,PROVISIONAL_SMALL_REQUEST_N,0.5789473684210527,0.7857142857142857,NOT_PRIMARY; use physical units and frozen spans
18,f18-1a136fda6a2a,FORMAL_10K,HELDOUT_TRIPLE_AUDIT,STRICT_LUMPED,f12d43eace12231077007dc497fee8dad00fbe58cb2f1fe2c6159c47636b97a0,all_candidates,strict_valid,emx_minus_frozen_proxy,Qmin,dimensionless,33,0.3784807974842894,0.6264584008273185,-0.20633106845444432,0.2436311639542641,0.9448921166351776,1.6574160410102463,PROVISIONAL_SMALL_REQUEST_N,4,0.1954449582562877,0.576990382728222,0.23298805299211636,0.8996172012892011,-0.33075503735075323,-0.04532728862884637,0.20351541139444507,0.26610346066770063,0.32150313691810783,1.775144594630472,0.3706722794140665,2.108153272672819,220,36,33,3,45,3,0,0,136,22,36,36,44,,0.5,0.1,0.6666666666666666,NOT_ESTIMABLE,,,PROVISIONAL_SMALL_REQUEST_N,0.45454545454545453,0.5454545454545454,PROVISIONAL_SMALL_REQUEST_N,0.5789473684210527,0.7857142857142857,NOT_PRIMARY; use physical units and frozen spans
18,f18-1a136fda6a2a,FORMAL_10K,HELDOUT_TRIPLE_AUDIT,STRICT_LUMPED,f12d43eace12231077007dc497fee8dad00fbe58cb2f1fe2c6159c47636b97a0,all_candidates,strict_valid,emx_minus_frozen_proxy,K_abs,dimensionless,33,0.020228276067429538,0.02947923985884873,0.015238899680150467,0.012940264883836594,0.041163547925739015,0.06276806363005477,PROVISIONAL_SMALL_REQUEST_N,4,0.010688889877277345,0.029700942493256003,0.015648144580630203,0.04043160541389262,0.00597780350582399,0.027564520207279813,0.00521533287523724,0.021069990011847783,0.031790594171385494,0.08962806244509769,0.0320423961946881,0.0899198058623264,220,36,33,3,45,3,0,0,136,22,36,36,44,,0.5,0.1,0.6666666666666666,NOT_ESTIMABLE,,,PROVISIONAL_SMALL_REQUEST_N,0.45454545454545453,0.5454545454545454,PROVISIONAL_SMALL_REQUEST_N,0.5789473684210527,0.7857142857142857,NOT_PRIMARY; use physical units and frozen spans
18,f18-1a136fda6a2a,FORMAL_10K,HELDOUT_TRIPLE_AUDIT,STRICT_LUMPED,f12d43eace12231077007dc497fee8dad00fbe58cb2f1fe2c6159c47636b97a0,all_candidates,all_finite_diagnostic,emx_minus_target,Lp_nH,nH,36,0.029656389156410192,0.046384516646667075,0.006136835807233121,0.01687415465809844,0.07632621761046632,0.10659191562926479,PROVISIONAL_SMALL_REQUEST_N,4,0.019166948676279737,0.04312710227340082,0.024483944268665094,0.06512349725046855,0.00357472982580529,0.010193580818254428,0.013775756724266675,0.02140392422720916,0.042331116560743086,0.1087827982143778,0.04876580722642221,0.16490349060569764,220,36,33,3,45,3,0,0,136,22,36,36,44,,0.5,0.1,0.6666666666666666,NOT_ESTIMABLE,,,PROVISIONAL_SMALL_REQUEST_N,0.45454545454545453,0.5454545454545454,PROVISIONAL_SMALL_REQUEST_N,0.5789473684210527,0.7857142857142857,NOT_PRIMARY; use physical units and frozen spans
18,f18-1a136fda6a2a,FORMAL_10K,HELDOUT_TRIPLE_AUDIT,STRICT_LUMPED,f12d43eace12231077007dc497fee8dad00fbe58cb2f1fe2c6159c47636b97a0,all_candidates,all_finite_diagnostic,emx_minus_target,Ls_nH,nH,36,0.06783388377532208,0.11950574768797247,-0.018817168874716392,0.017744080946785534,0.21724558344981726,0.31995000575596494,PROVISIONAL_SMALL_REQUEST_N,4,0.02768821304921034,0.09681683034832335,0.06670791834663325,0.15096796928615638,-0.06497218699378902,0.04579985649198529,0.008676657263671506,0.058798883997610296,0.055940865843438825,0.3263133029450259,0.1232163989668375,0.37007152411691735,220,36,33,3,45,3,0,0,136,22,36,36,44,,0.5,0.1,0.6666666666666666,NOT_ESTIMABLE,,,PROVISIONAL_SMALL_REQUEST_N,0.45454545454545453,0.5454545454545454,PROVISIONAL_SMALL_REQUEST_N,0.5789473684210527,0.7857142857142857,NOT_PRIMARY; use physical units and frozen spans
18,f18-1a136fda6a2a,FORMAL_10K,HELDOUT_TRIPLE_AUDIT,STRICT_LUMPED,f12d43eace12231077007dc497fee8dad00fbe58cb2f1fe2c6159c47636b97a0,all_candidates,all_finite_diagnostic,emx_minus_target,Qmin,dimensionless,36,1.0516271342414032,1.841568541898571,0.2810872298567871,0.4109840950648378,2.8101542727928877,4.74580623192364,PROVISIONAL_SMALL_REQUEST_N,4,0.45952305548257577,1.6803864963449477,0.7051868409391189,2.66449359706888,-0.4282043825611937,1.1898889001759843,0.3637833340616625,0.5437637861053659,1.1420568561849436,5.617856961766012,1.7028245223057863,6.1525011767900715,220,36,33,3,45,3,0,0,136,22,36,36,44,,0.5,0.1,0.6666666666666666,NOT_ESTIMABLE,,,PROVISIONAL_SMALL_REQUEST_N,0.45454545454545453,0.5454545454545454,PROVISIONAL_SMALL_REQUEST_N,0.5789473684210527,0.7857142857142857,NOT_PRIMARY; use physical units and frozen spans
18,f18-1a136fda6a2a,FORMAL_10K,HELDOUT_TRIPLE_AUDIT,STRICT_LUMPED,f12d43eace12231077007dc497fee8dad00fbe58cb2f1fe2c6159c47636b97a0,all_candidates,all_finite_diagnostic,emx_minus_target,K_abs,dimensionless,36,0.03304086131594465,0.05107400951833255,0.029962246833123138,0.013163940257465201,0.09294884843278656,0.11068607899136876,PROVISIONAL_SMALL_REQUEST_N,4,0.016426476639259092,0.044908278942148626,0.021569457356824258,0.06433888618202546,0.009037801880487457,0.044908278942148626,0.008799734281446647,0.020930561672230147,0.036336771294974174,0.12827724488251882,0.041979931521064995,0.15874952989527516,220,36,33,3,45,3,0,0,136,22,36,36,44,,0.5,0.1,0.6666666666666666,NOT_ESTIMABLE,,,PROVISIONAL_SMALL_REQUEST_N,0.45454545454545453,0.5454545454545454,PROVISIONAL_SMALL_REQUEST_N,0.5789473684210527,0.7857142857142857,NOT_PRIMARY; use physical units and frozen spans
18,f18-1a136fda6a2a,FORMAL_10K,HELDOUT_TRIPLE_AUDIT,STRICT_LUMPED,f12d43eace12231077007dc497fee8dad00fbe58cb2f1fe2c6159c47636b97a0,all_candidates,all_finite_diagnostic,emx_minus_frozen_proxy,Lp_nH,nH,36,0.014459872972348218,0.018261730200381555,-0.003367129209586169,0.01162484699258387,0.030603452683433507,0.03502495892044538,PROVISIONAL_SMALL_REQUEST_N,4,0.008367253060624278,0.020552492884072158,0.011873693659379554,0.023249511101194748,-0.012332420928473014,0.0050569537320905205,0.0074125840753553884,0.021350991240862538,0.014074590165245371,0.036273359008851536,0.021145277408719132,0.044679907560200016,220,36,33,3,45,3,0,0,136,22,36,36,44,,0.5,0.1,0.6666666666666666,NOT_ESTIMABLE,,,PROVISIONAL_SMALL_REQUEST_N,0.45454545454545453,0.5454545454545454,PROVISIONAL_SMALL_REQUEST_N,0.5789473684210527,0.7857142857142857,NOT_PRIMARY; use physical units and frozen spans
18,f18-1a136fda6a2a,FORMAL_10K,HELDOUT_TRIPLE_AUDIT,STRICT_LUMPED,f12d43eace12231077007dc497fee8dad00fbe58cb2f1fe2c6159c47636b97a0,all_candidates,all_finite_diagnostic,emx_minus_frozen_proxy,Ls_nH,nH,36,0.009057690113637789,0.011841852877594964,0.0029126915643218005,0.007515491051628742,0.021171009133001073,0.023861458717703427,PROVISIONAL_SMALL_REQUEST_N,4,0.006044681875835324,0.012425169908828778,0.007423193112960783,0.015607463979937165,-0.001439592383506622,0.005809360587924837,0.004790479576834761,0.012340087027245872,0.012352687362169879,0.02462691476861023,0.012830513032536416,0.03147354471494568,220,36,33,3,45,3,0,0,136,22,36,36,44,,0.5,0.1,0.6666666666666666,NOT_ESTIMABLE,,,PROVISIONAL_SMALL_REQUEST_N,0.45454545454545453,0.5454545454545454,PROVISIONAL_SMALL_REQUEST_N,0.5789473684210527,0.7857142857142857,NOT_PRIMARY; use physical units and frozen spans
18,f18-1a136fda6a2a,FORMAL_10K,HELDOUT_TRIPLE_AUDIT,STRICT_LUMPED,f12d43eace12231077007dc497fee8dad00fbe58cb2f1fe2c6159c47636b97a0,all_candidates,all_finite_diagnostic,emx_minus_frozen_proxy,Qmin,dimensionless,36,0.3841631372199188,0.6167937618683859,-0.21878773284395076,0.24603737749396792,0.8417150096929422,1.62798390260519,PROVISIONAL_SMALL_REQUEST_N,4,0.1915010776908672,0.565972791904391,0.22782188040704507,0.8880075786716191,-0.3513363376834932,-0.03321968606859128,0.16339965883462604,0.2801325678645794,0.33311142176079245,1.775144594630472,0.3681700473058279,2.108153272672819,220,36,33,3,45,3,0,0,136,22,36,36,44,,0.5,0.1,0.6666666666666666,NOT_ESTIMABLE,,,PROVISIONAL_SMALL_REQUEST_N,0.45454545454545453,0.5454545454545454,PROVISIONAL_SMALL_REQUEST_N,0.5789473684210527,0.7857142857142857,NOT_PRIMARY; use physical units and frozen spans
18,f18-1a136fda6a2a,FORMAL_10K,HELDOUT_TRIPLE_AUDIT,STRICT_LUMPED,f12d43eace12231077007dc497fee8dad00fbe58cb2f1fe2c6159c47636b97a0,all_candidates,all_finite_diagnostic,emx_minus_frozen_proxy,K_abs,dimensionless,36,0.02128233785096444,0.029954770149517643,0.01670874282929196,0.015054235444044065,0.043598300882496735,0.058918569613935955,PROVISIONAL_SMALL_REQUEST_N,4,0.014667011336083679,0.029700942493256003,0.020604995006939044,0.04043160541389262,0.007374919137618421,0.027951456900726524,0.009595430379525816,0.021069990011847783,0.03482621583856335,0.08962806244509769,0.03647692358215954,0.0899198058623264,220,36,33,3,45,3,0,0,136,22,36,36,44,,0.5,0.1,0.6666666666666666,NOT_ESTIMABLE,,,PROVISIONAL_SMALL_REQUEST_N,0.45454545454545453,0.5454545454545454,PROVISIONAL_SMALL_REQUEST_N,0.5789473684210527,0.7857142857142857,NOT_PRIMARY; use physical units and frozen spans
18,f18-1a136fda6a2a,FORMAL_10K,HELDOUT_TRIPLE_AUDIT,STRICT_LUMPED,f12d43eace12231077007dc497fee8dad00fbe58cb2f1fe2c6159c47636b97a0,selected_q_proxy,strict_valid,emx_minus_target,Lp_nH,nH,4,0.01179558149670859,0.013202458585766618,-0.005252972442547549,0.01174623643681627,0.01816905645728354,0.019009433345804086,PROVISIONAL_SMALL_REQUEST_N,4,0.006441856570204796,0.017198651483104704,0.007078813259818235,0.017801110667871534,-0.01704855393925614,0.0065426090541610415,0.003840042878877181,0.01984981023432464,0.009245175229444902,0.01984981023432464,0.009245175229444902,0.01984981023432464,20,4,4,0,0,0,0,0,16,4,4,4,4,,1.0,0.2,1.0,NOT_ESTIMABLE,,,PROVISIONAL_SMALL_REQUEST_N,1.0,1.0,PROVISIONAL_SMALL_REQUEST_N,1.0,1.0,NOT_PRIMARY; use physical units and frozen spans
18,f18-1a136fda6a2a,FORMAL_10K,HELDOUT_TRIPLE_AUDIT,STRICT_LUMPED,f12d43eace12231077007dc497fee8dad00fbe58cb2f1fe2c6159c47636b97a0,selected_q_proxy,strict_valid,emx_minus_target,Ls_nH,nH,4,0.006476058011595454,0.007239731140067508,0.0006044661327788692,0.005338912170868737,0.01016472023470012,0.010953951996166642,PROVISIONAL_SMALL_REQUEST_N,4,0.0038397048037794868,0.009856434233361827,0.0038562172632528808,0.01038406313051887,-0.007758341403087926,0.005732034997645047,0.0034832239470111714,0.011743183757633169,0.004196185660547802,0.011743183757633169,0.004196185660547802,0.011743183757633169,20,4,4,0,0,0,0,0,16,4,4,4,4,,1.0,0.2,1.0,NOT_ESTIMABLE,,,PROVISIONAL_SMALL_REQUEST_N,1.0,1.0,PROVISIONAL_SMALL_REQUEST_N,1.0,1.0,NOT_PRIMARY; use physical units and frozen spans
18,f18-1a136fda6a2a,FORMAL_10K,HELDOUT_TRIPLE_AUDIT,STRICT_LUMPED,f12d43eace12231077007dc497fee8dad00fbe58cb2f1fe2c6159c47636b97a0,selected_q_proxy,strict_valid,emx_minus_target,Qmin,dimensionless,4,0.20501117652642575,0.22801982155524422,0.02147161499561223,0.17639077306981576,0.3164481041360736,0.3417636135988502,PROVISIONAL_SMALL_REQUEST_N,4,0.12471529267244552,0.313927463837016,0.1301894585438963,0.32714790108776265,-0.2366912207554246,0.17639077306981576,0.10018403690444444,0.36707912306162704,0.15447248616318277,0.36707912306162704,0.15447248616318277,0.36707912306162704,20,4,4,0,0,0,0,0,16,4,4,4,4,,1.0,0.2,1.0,NOT_ESTIMABLE,,,PROVISIONAL_SMALL_REQUEST_N,1.0,1.0,PROVISIONAL_SMALL_REQUEST_N,1.0,1.0,NOT_PRIMARY; use physical units and frozen spans
18,f18-1a136fda6a2a,FORMAL_10K,HELDOUT_TRIPLE_AUDIT,STRICT_LUMPED,f12d43eace12231077007dc497fee8dad00fbe58cb2f1fe2c6159c47636b97a0,selected_q_proxy,strict_valid,emx_minus_target,K_abs,dimensionless,4,0.010038870921292211,0.013316376659754629,0.007760507032693192,0.005533300334049043,0.019526942204457668,0.022316314200220004,PROVISIONAL_SMALL_REQUEST_N,4,0.004269962299143219,0.019968446591286278,0.00427958087614996,0.021861211117804664,-0.001790077610173517,0.019825063852258868,0.0039831968210884,0.025105686195982357,0.0045567277771980386,0.025105686195982357,0.0045567277771980386,0.025105686195982357,20,4,4,0,0,0,0,0,16,4,4,4,4,,1.0,0.2,1.0,NOT_ESTIMABLE,,,PROVISIONAL_SMALL_REQUEST_N,1.0,1.0,PROVISIONAL_SMALL_REQUEST_N,1.0,1.0,NOT_PRIMARY; use physical units and frozen spans
18,f18-1a136fda6a2a,FORMAL_10K,HELDOUT_TRIPLE_AUDIT,STRICT_LUMPED,f12d43eace12231077007dc497fee8dad00fbe58cb2f1fe2c6159c47636b97a0,selected_q_proxy,strict_valid,emx_minus_frozen_proxy,Lp_nH,nH,4,0.011430404080934958,0.011921469254181687,-0.007128885303366278,0.009964254369979164,0.01515686181021575,0.016173465919429943,PROVISIONAL_SMALL_REQUEST_N,4,0.009055455491490394,0.015271502381335317,0.009070906629057464,0.015628867215349635,-0.015271502381335317,0.003849100841215647,0.00860303755513736,0.017190070028644144,0.009515799439408834,0.017190070028644144,0.009515799439408834,0.017190070028644144,20,4,4,0,0,0,0,0,16,4,4,4,4,,1.0,0.2,1.0,NOT_ESTIMABLE,,,PROVISIONAL_SMALL_REQUEST_N,1.0,1.0,PROVISIONAL_SMALL_REQUEST_N,1.0,1.0,NOT_PRIMARY; use physical units and frozen spans
18,f18-1a136fda6a2a,FORMAL_10K,HELDOUT_TRIPLE_AUDIT,STRICT_LUMPED,f12d43eace12231077007dc497fee8dad00fbe58cb2f1fe2c6159c47636b97a0,selected_q_proxy,strict_valid,emx_minus_frozen_proxy,Ls_nH,nH,4,0.008521806423877981,0.009668367947248058,-0.00038110030898333425,0.00819463823867067,0.013344263254036781,0.013556743802293974,PROVISIONAL_SMALL_REQUEST_N,4,0.003982656991395439,0.013060955856360523,0.00398302214217872,0.013080145723257877,-0.009344737046008522,0.008255368242834543,0.003928724867619415,0.013769224350551168,0.004036589115171463,0.013769224350551168,0.004036589115171463,0.013769224350551168,20,4,4,0,0,0,0,0,16,4,4,4,4,,1.0,0.2,1.0,NOT_ESTIMABLE,,,PROVISIONAL_SMALL_REQUEST_N,1.0,1.0,PROVISIONAL_SMALL_REQUEST_N,1.0,1.0,NOT_PRIMARY; use physical units and frozen spans
18,f18-1a136fda6a2a,FORMAL_10K,HELDOUT_TRIPLE_AUDIT,STRICT_LUMPED,f12d43eace12231077007dc497fee8dad00fbe58cb2f1fe2c6159c47636b97a0,selected_q_proxy,strict_valid,emx_minus_frozen_proxy,Qmin,dimensionless,4,0.211122321545957,0.22906297825209657,0.0455299569755927,0.21491253973241342,0.30249661777090237,0.31684067345581546,PROVISIONAL_SMALL_REQUEST_N,4,0.12149903099403137,0.2969553939114262,0.1381972281136268,0.30281586507944097,-0.19982169979966669,0.21491253973241342,0.08347947757827257,0.3311847291407286,0.18993422714239722,0.3311847291407286,0.19426738822351908,0.3311847291407286,20,4,4,0,0,0,0,0,16,4,4,4,4,,1.0,0.2,1.0,NOT_ESTIMABLE,,,PROVISIONAL_SMALL_REQUEST_N,1.0,1.0,PROVISIONAL_SMALL_REQUEST_N,1.0,1.0,NOT_PRIMARY; use physical units and frozen spans
18,f18-1a136fda6a2a,FORMAL_10K,HELDOUT_TRIPLE_AUDIT,STRICT_LUMPED,f12d43eace12231077007dc497fee8dad00fbe58cb2f1fe2c6159c47636b97a0,selected_q_proxy,strict_valid,emx_minus_frozen_proxy,K_abs,dimensionless,4,0.009221080846916474,0.01206747730517869,0.005943335818115014,0.006621424158121184,0.017544234075688996,0.019870707465056748,PROVISIONAL_SMALL_REQUEST_N,4,0.002755060227409123,0.018286758155219116,0.003569969111741851,0.019500762571931778,-0.003244777978542328,0.01700895919506814,0.0014442942169990147,0.022197180854424514,0.005114439046147319,0.022197180854424514,0.0059008986523933805,0.022197180854424514,20,4,4,0,0,0,0,0,16,4,4,4,4,,1.0,0.2,1.0,NOT_ESTIMABLE,,,PROVISIONAL_SMALL_REQUEST_N,1.0,1.0,PROVISIONAL_SMALL_REQUEST_N,1.0,1.0,NOT_PRIMARY; use physical units and frozen spans
18,f18-1a136fda6a2a,FORMAL_10K,HELDOUT_TRIPLE_AUDIT,STRICT_LUMPED,f12d43eace12231077007dc497fee8dad00fbe58cb2f1fe2c6159c47636b97a0,selected_q_proxy,all_finite_diagnostic,emx_minus_target,Lp_nH,nH,4,0.01179558149670859,0.013202458585766618,-0.005252972442547549,0.01174623643681627,0.01816905645728354,0.019009433345804086,PROVISIONAL_SMALL_REQUEST_N,4,0.006441856570204796,0.017198651483104704,0.007078813259818235,0.017801110667871534,-0.01704855393925614,0.0065426090541610415,0.003840042878877181,0.01984981023432464,0.009245175229444902,0.01984981023432464,0.009245175229444902,0.01984981023432464,20,4,4,0,0,0,0,0,16,4,4,4,4,,1.0,0.2,1.0,NOT_ESTIMABLE,,,PROVISIONAL_SMALL_REQUEST_N,1.0,1.0,PROVISIONAL_SMALL_REQUEST_N,1.0,1.0,NOT_PRIMARY; use physical units and frozen spans
18,f18-1a136fda6a2a,FORMAL_10K,HELDOUT_TRIPLE_AUDIT,STRICT_LUMPED,f12d43eace12231077007dc497fee8dad00fbe58cb2f1fe2c6159c47636b97a0,selected_q_proxy,all_finite_diagnostic,emx_minus_target,Ls_nH,nH,4,0.006476058011595454,0.007239731140067508,0.0006044661327788692,0.005338912170868737,0.01016472023470012,0.010953951996166642,PROVISIONAL_SMALL_REQUEST_N,4,0.0038397048037794868,0.009856434233361827,0.0038562172632528808,0.01038406313051887,-0.007758341403087926,0.005732034997645047,0.0034832239470111714,0.011743183757633169,0.004196185660547802,0.011743183757633169,0.004196185660547802,0.011743183757633169,20,4,4,0,0,0,0,0,16,4,4,4,4,,1.0,0.2,1.0,NOT_ESTIMABLE,,,PROVISIONAL_SMALL_REQUEST_N,1.0,1.0,PROVISIONAL_SMALL_REQUEST_N,1.0,1.0,NOT_PRIMARY; use physical units and frozen spans
18,f18-1a136fda6a2a,FORMAL_10K,HELDOUT_TRIPLE_AUDIT,STRICT_LUMPED,f12d43eace12231077007dc497fee8dad00fbe58cb2f1fe2c6159c47636b97a0,selected_q_proxy,all_finite_diagnostic,emx_minus_target,Qmin,dimensionless,4,0.20501117652642575,0.22801982155524422,0.02147161499561223,0.17639077306981576,0.3164481041360736,0.3417636135988502,PROVISIONAL_SMALL_REQUEST_N,4,0.12471529267244552,0.313927463837016,0.1301894585438963,0.32714790108776265,-0.2366912207554246,0.17639077306981576,0.10018403690444444,0.36707912306162704,0.15447248616318277,0.36707912306162704,0.15447248616318277,0.36707912306162704,20,4,4,0,0,0,0,0,16,4,4,4,4,,1.0,0.2,1.0,NOT_ESTIMABLE,,,PROVISIONAL_SMALL_REQUEST_N,1.0,1.0,PROVISIONAL_SMALL_REQUEST_N,1.0,1.0,NOT_PRIMARY; use physical units and frozen spans
18,f18-1a136fda6a2a,FORMAL_10K,HELDOUT_TRIPLE_AUDIT,STRICT_LUMPED,f12d43eace12231077007dc497fee8dad00fbe58cb2f1fe2c6159c47636b97a0,selected_q_proxy,all_finite_diagnostic,emx_minus_target,K_abs,dimensionless,4,0.010038870921292211,0.013316376659754629,0.007760507032693192,0.005533300334049043,0.019526942204457668,0.022316314200220004,PROVISIONAL_SMALL_REQUEST_N,4,0.004269962299143219,0.019968446591286278,0.00427958087614996,0.021861211117804664,-0.001790077610173517,0.019825063852258868,0.0039831968210884,0.025105686195982357,0.0045567277771980386,0.025105686195982357,0.0045567277771980386,0.025105686195982357,20,4,4,0,0,0,0,0,16,4,4,4,4,,1.0,0.2,1.0,NOT_ESTIMABLE,,,PROVISIONAL_SMALL_REQUEST_N,1.0,1.0,PROVISIONAL_SMALL_REQUEST_N,1.0,1.0,NOT_PRIMARY; use physical units and frozen spans
18,f18-1a136fda6a2a,FORMAL_10K,HELDOUT_TRIPLE_AUDIT,STRICT_LUMPED,f12d43eace12231077007dc497fee8dad00fbe58cb2f1fe2c6159c47636b97a0,selected_q_proxy,all_finite_diagnostic,emx_minus_frozen_proxy,Lp_nH,nH,4,0.011430404080934958,0.011921469254181687,-0.007128885303366278,0.009964254369979164,0.01515686181021575,0.016173465919429943,PROVISIONAL_SMALL_REQUEST_N,4,0.009055455491490394,0.015271502381335317,0.009070906629057464,0.015628867215349635,-0.015271502381335317,0.003849100841215647,0.00860303755513736,0.017190070028644144,0.009515799439408834,0.017190070028644144,0.009515799439408834,0.017190070028644144,20,4,4,0,0,0,0,0,16,4,4,4,4,,1.0,0.2,1.0,NOT_ESTIMABLE,,,PROVISIONAL_SMALL_REQUEST_N,1.0,1.0,PROVISIONAL_SMALL_REQUEST_N,1.0,1.0,NOT_PRIMARY; use physical units and frozen spans
18,f18-1a136fda6a2a,FORMAL_10K,HELDOUT_TRIPLE_AUDIT,STRICT_LUMPED,f12d43eace12231077007dc497fee8dad00fbe58cb2f1fe2c6159c47636b97a0,selected_q_proxy,all_finite_diagnostic,emx_minus_frozen_proxy,Ls_nH,nH,4,0.008521806423877981,0.009668367947248058,-0.00038110030898333425,0.00819463823867067,0.013344263254036781,0.013556743802293974,PROVISIONAL_SMALL_REQUEST_N,4,0.003982656991395439,0.013060955856360523,0.00398302214217872,0.013080145723257877,-0.009344737046008522,0.008255368242834543,0.003928724867619415,0.013769224350551168,0.004036589115171463,0.013769224350551168,0.004036589115171463,0.013769224350551168,20,4,4,0,0,0,0,0,16,4,4,4,4,,1.0,0.2,1.0,NOT_ESTIMABLE,,,PROVISIONAL_SMALL_REQUEST_N,1.0,1.0,PROVISIONAL_SMALL_REQUEST_N,1.0,1.0,NOT_PRIMARY; use physical units and frozen spans
18,f18-1a136fda6a2a,FORMAL_10K,HELDOUT_TRIPLE_AUDIT,STRICT_LUMPED,f12d43eace12231077007dc497fee8dad00fbe58cb2f1fe2c6159c47636b97a0,selected_q_proxy,all_finite_diagnostic,emx_minus_frozen_proxy,Qmin,dimensionless,4,0.211122321545957,0.22906297825209657,0.0455299569755927,0.21491253973241342,0.30249661777090237,0.31684067345581546,PROVISIONAL_SMALL_REQUEST_N,4,0.12149903099403137,0.2969553939114262,0.1381972281136268,0.30281586507944097,-0.19982169979966669,0.21491253973241342,0.08347947757827257,0.3311847291407286,0.18993422714239722,0.3311847291407286,0.19426738822351908,0.3311847291407286,20,4,4,0,0,0,0,0,16,4,4,4,4,,1.0,0.2,1.0,NOT_ESTIMABLE,,,PROVISIONAL_SMALL_REQUEST_N,1.0,1.0,PROVISIONAL_SMALL_REQUEST_N,1.0,1.0,NOT_PRIMARY; use physical units and frozen spans
18,f18-1a136fda6a2a,FORMAL_10K,HELDOUT_TRIPLE_AUDIT,STRICT_LUMPED,f12d43eace12231077007dc497fee8dad00fbe58cb2f1fe2c6159c47636b97a0,selected_q_proxy,all_finite_diagnostic,emx_minus_frozen_proxy,K_abs,dimensionless,4,0.009221080846916474,0.01206747730517869,0.005943335818115014,0.006621424158121184,0.017544234075688996,0.019870707465056748,PROVISIONAL_SMALL_REQUEST_N,4,0.002755060227409123,0.018286758155219116,0.003569969111741851,0.019500762571931778,-0.003244777978542328,0.01700895919506814,0.0014442942169990147,0.022197180854424514,0.005114439046147319,0.022197180854424514,0.0059008986523933805,0.022197180854424514,20,4,4,0,0,0,0,0,16,4,4,4,4,,1.0,0.2,1.0,NOT_ESTIMABLE,,,PROVISIONAL_SMALL_REQUEST_N,1.0,1.0,PROVISIONAL_SMALL_REQUEST_N,1.0,1.0,NOT_PRIMARY; use physical units and frozen spans
19,f19-e02801471b97,FORMAL_10K,HELDOUT_TRIPLE_AUDIT,STRICT_LUMPED,f12d43eace12231077007dc497fee8dad00fbe58cb2f1fe2c6159c47636b97a0,all_candidates,strict_valid,emx_minus_target,Lp_nH,nH,25,0.02720100738747106,0.040052925697904654,0.0176615393716934,0.01948512564893956,0.04813252724739009,0.09401656199198516,PROVISIONAL_SMALL_REQUEST_N,4,0.017083493020328598,0.03781264657495335,0.022069215157727893,0.058503861405770075,0.0029694178989050405,0.03352953015926591,0.0074542170421004195,0.02797089503676875,0.034225512669383784,0.11747077330245495,0.039339859550869105,0.12304080512847926,220,30,25,5,24,9,0,0,157,19,30,30,44,,0.4318181818181818,0.08636363636363636,0.76,NOT_ESTIMABLE,,,PROVISIONAL_SMALL_REQUEST_N,0.36363636363636365,0.5,PROVISIONAL_SMALL_REQUEST_N,0.6666666666666666,0.8461538461538461,NOT_PRIMARY; use physical units and frozen spans
19,f19-e02801471b97,FORMAL_10K,HELDOUT_TRIPLE_AUDIT,STRICT_LUMPED,f12d43eace12231077007dc497fee8dad00fbe58cb2f1fe2c6159c47636b97a0,all_candidates,strict_valid,emx_minus_target,Ls_nH,nH,25,0.02700098314041858,0.04084519898504174,-0.004177406457312127,0.014044239199570763,0.06852796095019875,0.102496859716256,PROVISIONAL_SMALL_REQUEST_N,4,0.013830789551173877,0.04513878843535381,0.01955487183544654,0.059234386469512956,-0.017819300823132444,0.008415111418829703,0.008109490357195881,0.031796628592845044,0.01732095333376349,0.10950950130148111,0.04811087755950308,0.10960601208522092,220,30,25,5,24,9,0,0,157,19,30,30,44,,0.4318181818181818,0.08636363636363636,0.76,NOT_ESTIMABLE,,,PROVISIONAL_SMALL_REQUEST_N,0.36363636363636365,0.5,PROVISIONAL_SMALL_REQUEST_N,0.6666666666666666,0.8461538461538461,NOT_PRIMARY; use physical units and frozen spans
19,f19-e02801471b97,FORMAL_10K,HELDOUT_TRIPLE_AUDIT,STRICT_LUMPED,f12d43eace12231077007dc497fee8dad00fbe58cb2f1fe2c6159c47636b97a0,all_candidates,strict_valid,emx_minus_target,Qmin,dimensionless,25,0.6361634253292033,0.9153689745289652,-0.028305127430337862,0.3946351663978689,1.438975110812472,1.4890255554355227,PROVISIONAL_SMALL_REQUEST_N,4,0.5517128745431732,0.7885814337331296,0.6988519727441967,1.2399147634543655,-0.49666409888491864,0.2782852628007617,0.30965079369018156,0.5027249122441928,1.1273901733338043,2.5363648034541124,1.1273901733338043,3.015938794003631,220,30,25,5,24,9,0,0,157,19,30,30,44,,0.4318181818181818,0.08636363636363636,0.76,NOT_ESTIMABLE,,,PROVISIONAL_SMALL_REQUEST_N,0.36363636363636365,0.5,PROVISIONAL_SMALL_REQUEST_N,0.6666666666666666,0.8461538461538461,NOT_PRIMARY; use physical units and frozen spans
19,f19-e02801471b97,FORMAL_10K,HELDOUT_TRIPLE_AUDIT,STRICT_LUMPED,f12d43eace12231077007dc497fee8dad00fbe58cb2f1fe2c6159c47636b97a0,all_candidates,strict_valid,emx_minus_target,K_abs,dimensionless,25,0.019046407844622245,0.02352839803201775,0.005928571117168324,0.017265338551422288,0.03323140072178867,0.046027087409931,PROVISIONAL_SMALL_REQUEST_N,4,0.017062507679520444,0.02179506221123819,0.022692527802195113,0.02422923611973645,-0.0005958023398161746,0.012015438277503314,0.007781568004953887,0.021559810796225876,0.03172451136420265,0.048974860855702296,0.03172451136420265,0.05259741029265855,220,30,25,5,24,9,0,0,157,19,30,30,44,,0.4318181818181818,0.08636363636363636,0.76,NOT_ESTIMABLE,,,PROVISIONAL_SMALL_REQUEST_N,0.36363636363636365,0.5,PROVISIONAL_SMALL_REQUEST_N,0.6666666666666666,0.8461538461538461,NOT_PRIMARY; use physical units and frozen spans
19,f19-e02801471b97,FORMAL_10K,HELDOUT_TRIPLE_AUDIT,STRICT_LUMPED,f12d43eace12231077007dc497fee8dad00fbe58cb2f1fe2c6159c47636b97a0,all_candidates,strict_valid,emx_minus_frozen_proxy,Lp_nH,nH,25,0.012158613779554722,0.016461549633318796,0.007084732665242934,0.008959104660902995,0.031281229910501474,0.03677495687170412,PROVISIONAL_SMALL_REQUEST_N,4,0.005583193839833846,0.018228232185450912,0.006554892539732741,0.021942172274773887,0.0035180498839968177,0.013347032735559894,0.004528858975047845,0.01384401674719471,0.012613348074143271,0.03737733678499766,0.012639278401706922,0.037507247125806664,220,30,25,5,24,9,0,0,157,19,30,30,44,,0.4318181818181818,0.08636363636363636,0.76,NOT_ESTIMABLE,,,PROVISIONAL_SMALL_REQUEST_N,0.36363636363636365,0.5,PROVISIONAL_SMALL_REQUEST_N,0.6666666666666666,0.8461538461538461,NOT_PRIMARY; use physical units and frozen spans
19,f19-e02801471b97,FORMAL_10K,HELDOUT_TRIPLE_AUDIT,STRICT_LUMPED,f12d43eace12231077007dc497fee8dad00fbe58cb2f1fe2c6159c47636b97a0,all_candidates,strict_valid,emx_minus_frozen_proxy,Ls_nH,nH,25,0.008693242176437183,0.012176364342077849,0.0008639492952432404,0.0054153654063102685,0.01974252047022689,0.025650411397559688,PROVISIONAL_SMALL_REQUEST_N,4,0.005090946791217914,0.012956509547029987,0.0066837680690784934,0.016994943856058542,-0.006013031720089242,0.009728337959719342,0.004801308764959433,0.012948442376412794,0.008374098605972713,0.030781551778398294,0.014780591624929463,0.03250473779692764,220,30,25,5,24,9,0,0,157,19,30,30,44,,0.4318181818181818,0.08636363636363636,0.76,NOT_ESTIMABLE,,,PROVISIONAL_SMALL_REQUEST_N,0.36363636363636365,0.5,PROVISIONAL_SMALL_REQUEST_N,0.6666666666666666,0.8461538461538461,NOT_PRIMARY; use physical units and frozen spans
19,f19-e02801471b97,FORMAL_10K,HELDOUT_TRIPLE_AUDIT,STRICT_LUMPED,f12d43eace12231077007dc497fee8dad00fbe58cb2f1fe2c6159c47636b97a0,all_candidates,strict_valid,emx_minus_frozen_proxy,Qmin,dimensionless,25,0.22435640470246263,0.27578947959220296,-0.013639600086587862,0.20706821829554833,0.42036389957756715,0.5406696207246794,PROVISIONAL_SMALL_REQUEST_N,4,0.19761040016976938,0.2692183150985148,0.24085715671627494,0.3269411541552484,-0.10176889696678959,0.09075720293588851,0.15140786396736683,0.2280892813523625,0.3441110621792358,0.6344821371304319,0.3441110621792358,0.7044605711107081,220,30,25,5,24,9,0,0,157,19,30,30,44,,0.4318181818181818,0.08636363636363636,0.76,NOT_ESTIMABLE,,,PROVISIONAL_SMALL_REQUEST_N,0.36363636363636365,0.5,PROVISIONAL_SMALL_REQUEST_N,0.6666666666666666,0.8461538461538461,NOT_PRIMARY; use physical units and frozen spans
19,f19-e02801471b97,FORMAL_10K,HELDOUT_TRIPLE_AUDIT,STRICT_LUMPED,f12d43eace12231077007dc497fee8dad00fbe58cb2f1fe2c6159c47636b97a0,all_candidates,strict_valid,emx_minus_frozen_proxy,K_abs,dimensionless,25,0.01341984480948073,0.017268656366337967,0.0023085950939155963,0.01014735356182192,0.030512458253969723,0.033284779218074226,PROVISIONAL_SMALL_REQUEST_N,4,0.008134268393959717,0.02061539836687383,0.009559731057347552,0.023984468259781205,-0.00221421788337403,0.009828925284104943,0.008043864113020632,0.022282420133314634,0.014497075623028044,0.037617861682877986,0.015225087696632625,0.039230110380705785,220,30,25,5,24,9,0,0,157,19,30,30,44,,0.4318181818181818,0.08636363636363636,0.76,NOT_ESTIMABLE,,,PROVISIONAL_SMALL_REQUEST_N,0.36363636363636365,0.5,PROVISIONAL_SMALL_REQUEST_N,0.6666666666666666,0.8461538461538461,NOT_PRIMARY; use physical units and frozen spans
19,f19-e02801471b97,FORMAL_10K,HELDOUT_TRIPLE_AUDIT,STRICT_LUMPED,f12d43eace12231077007dc497fee8dad00fbe58cb2f1fe2c6159c47636b97a0,all_candidates,all_finite_diagnostic,emx_minus_target,Lp_nH,nH,30,0.03061649505263032,0.043027119730420824,0.008457396767415729,0.024783692520486122,0.07499571162709479,0.09234099359983432,PROVISIONAL_SMALL_REQUEST_N,4,0.027134027336662855,0.03350902535738649,0.030597946879027164,0.053474196645652894,-0.0168072223719406,0.029054608968381267,0.00782424213063393,0.02797089503676875,0.04205129742897484,0.10447403237506492,0.049652834701993886,0.12304080512847926,220,30,25,5,24,9,0,0,157,19,30,30,44,,0.4318181818181818,0.08636363636363636,0.76,NOT_ESTIMABLE,,,PROVISIONAL_SMALL_REQUEST_N,0.36363636363636365,0.5,PROVISIONAL_SMALL_REQUEST_N,0.6666666666666666,0.8461538461538461,NOT_PRIMARY; use physical units and frozen spans
19,f19-e02801471b97,FORMAL_10K,HELDOUT_TRIPLE_AUDIT,STRICT_LUMPED,f12d43eace12231077007dc497fee8dad00fbe58cb2f1fe2c6159c47636b97a0,all_candidates,all_finite_diagnostic,emx_minus_target,Ls_nH,nH,30,0.033613974939880616,0.05165097461073638,-0.014398345190021599,0.016060714476946625,0.10931647973400152,0.11133644684631351,PROVISIONAL_SMALL_REQUEST_N,4,0.02074057406514663,0.043458340314677185,0.03164720838163698,0.06278562966373015,-0.024953327049444453,0.0010737115410325252,0.008109490357195881,0.02433674568886901,0.058299311340105686,0.11275225710538928,0.07108512335272199,0.15046338388661462,220,30,25,5,24,9,0,0,157,19,30,30,44,,0.4318181818181818,0.08636363636363636,0.76,NOT_ESTIMABLE,,,PROVISIONAL_SMALL_REQUEST_N,0.36363636363636365,0.5,PROVISIONAL_SMALL_REQUEST_N,0.6666666666666666,0.8461538461538461,NOT_PRIMARY; use physical units and frozen spans
19,f19-e02801471b97,FORMAL_10K,HELDOUT_TRIPLE_AUDIT,STRICT_LUMPED,f12d43eace12231077007dc497fee8dad00fbe58cb2f1fe2c6159c47636b97a0,all_candidates,all_finite_diagnostic,emx_minus_target,Qmin,dimensionless,30,0.9576833723400776,1.5165373882931912,0.4039595783737932,0.4921985730181664,3.0392589559583385,3.686978403625303,PROVISIONAL_SMALL_REQUEST_N,4,0.5595963722417867,1.4807124256112258,0.7170143348303748,2.155069923888834,-0.2570276543106762,1.1160304126826999,0.30965079369018156,0.8149609519792502,1.4533859676839604,4.045209486413615,1.4533859676839604,4.500115782725311,220,30,25,5,24,9,0,0,157,19,30,30,44,,0.4318181818181818,0.08636363636363636,0.76,NOT_ESTIMABLE,,,PROVISIONAL_SMALL_REQUEST_N,0.36363636363636365,0.5,PROVISIONAL_SMALL_REQUEST_N,0.6666666666666666,0.8461538461538461,NOT_PRIMARY; use physical units and frozen spans
19,f19-e02801471b97,FORMAL_10K,HELDOUT_TRIPLE_AUDIT,STRICT_LUMPED,f12d43eace12231077007dc497fee8dad00fbe58cb2f1fe2c6159c47636b97a0,all_candidates,all_finite_diagnostic,emx_minus_target,K_abs,dimensionless,30,0.029509923526690074,0.039871751449825896,0.018578392920478474,0.02270387996960256,0.0731554412981425,0.08788817856178362,PROVISIONAL_SMALL_REQUEST_N,4,0.020101986935615438,0.036704227978688324,0.023881291162790686,0.04867575071566769,0.008783754375836875,0.026068410631086756,0.01564013630384689,0.025940026473884353,0.03423599362684601,0.0886881642165645,0.045290144048488225,0.09085253989983838,220,30,25,5,24,9,0,0,157,19,30,30,44,,0.4318181818181818,0.08636363636363636,0.76,NOT_ESTIMABLE,,,PROVISIONAL_SMALL_REQUEST_N,0.36363636363636365,0.5,PROVISIONAL_SMALL_REQUEST_N,0.6666666666666666,0.8461538461538461,NOT_PRIMARY; use physical units and frozen spans
19,f19-e02801471b97,FORMAL_10K,HELDOUT_TRIPLE_AUDIT,STRICT_LUMPED,f12d43eace12231077007dc497fee8dad00fbe58cb2f1fe2c6159c47636b97a0,all_candidates,all_finite_diagnostic,emx_minus_frozen_proxy,Lp_nH,nH,30,0.012493727268169915,0.016634355205146348,0.008265493006243426,0.00909464397148474,0.030263653890185257,0.036021981980087214,PROVISIONAL_SMALL_REQUEST_N,4,0.008108517625543269,0.018228232185450912,0.010960053614519072,0.021942172274773887,0.004828485445026502,0.013156181716932513,0.005089647067555103,0.01384401674719471,0.01910840964336036,0.03737733678499766,0.02378932758578413,0.037507247125806664,220,30,25,5,24,9,0,0,157,19,30,30,44,,0.4318181818181818,0.08636363636363636,0.76,NOT_ESTIMABLE,,,PROVISIONAL_SMALL_REQUEST_N,0.36363636363636365,0.5,PROVISIONAL_SMALL_REQUEST_N,0.6666666666666666,0.8461538461538461,NOT_PRIMARY; use physical units and frozen spans
19,f19-e02801471b97,FORMAL_10K,HELDOUT_TRIPLE_AUDIT,STRICT_LUMPED,f12d43eace12231077007dc497fee8dad00fbe58cb2f1fe2c6159c47636b97a0,all_candidates,all_finite_diagnostic,emx_minus_frozen_proxy,Ls_nH,nH,30,0.00965408978938093,0.01324270905551243,0.0028722711068493406,0.005571463329917814,0.02176410588261427,0.028387551069225865,PROVISIONAL_SMALL_REQUEST_N,4,0.007483981993255281,0.011675609670587164,0.010060742742024727,0.016019434363440964,-0.006013031720089242,0.009666914445096493,0.0051716945297695105,0.008467739981512123,0.017383754257247697,0.028831214705788432,0.018150395251543938,0.03250473779692764,220,30,25,5,24,9,0,0,157,19,30,30,44,,0.4318181818181818,0.08636363636363636,0.76,NOT_ESTIMABLE,,,PROVISIONAL_SMALL_REQUEST_N,0.36363636363636365,0.5,PROVISIONAL_SMALL_REQUEST_N,0.6666666666666666,0.8461538461538461,NOT_PRIMARY; use physical units and frozen spans
19,f19-e02801471b97,FORMAL_10K,HELDOUT_TRIPLE_AUDIT,STRICT_LUMPED,f12d43eace12231077007dc497fee8dad00fbe58cb2f1fe2c6159c47636b97a0,all_candidates,all_finite_diagnostic,emx_minus_frozen_proxy,Qmin,dimensionless,30,0.31104631542638234,0.45508896015314027,-0.13544897824648672,0.21172835755750175,0.5908232234286214,0.9617348968331689,PROVISIONAL_SMALL_REQUEST_N,4,0.20400873323302407,0.4485903192754961,0.24870559860159666,0.6461659455573918,-0.3340835231749553,0.055455386286258714,0.1615102859042139,0.2478475922214045,0.3441110621792358,1.1722320724242756,0.3441110621792358,1.5905729227190246,220,30,25,5,24,9,0,0,157,19,30,30,44,,0.4318181818181818,0.08636363636363636,0.76,NOT_ESTIMABLE,,,PROVISIONAL_SMALL_REQUEST_N,0.36363636363636365,0.5,PROVISIONAL_SMALL_REQUEST_N,0.6666666666666666,0.8461538461538461,NOT_PRIMARY; use physical units and frozen spans
19,f19-e02801471b97,FORMAL_10K,HELDOUT_TRIPLE_AUDIT,STRICT_LUMPED,f12d43eace12231077007dc497fee8dad00fbe58cb2f1fe2c6159c47636b97a0,all_candidates,all_finite_diagnostic,emx_minus_frozen_proxy,K_abs,dimensionless,30,0.021132839046162505,0.029974247071066232,0.011873464283191562,0.012873843806543689,0.04986501654746457,0.0702715499121414,PROVISIONAL_SMALL_REQUEST_N,4,0.01188785627842835,0.02713883046424844,0.019105373143324087,0.03717173574052722,-0.001784581356524992,0.02231785212532775,0.009061127105410682,0.022590733577021127,0.023829830134172954,0.07218874324416139,0.037886569799182625,0.08027835044318418,220,30,25,5,24,9,0,0,157,19,30,30,44,,0.4318181818181818,0.08636363636363636,0.76,NOT_ESTIMABLE,,,PROVISIONAL_SMALL_REQUEST_N,0.36363636363636365,0.5,PROVISIONAL_SMALL_REQUEST_N,0.6666666666666666,0.8461538461538461,NOT_PRIMARY; use physical units and frozen spans
19,f19-e02801471b97,FORMAL_10K,HELDOUT_TRIPLE_AUDIT,STRICT_LUMPED,f12d43eace12231077007dc497fee8dad00fbe58cb2f1fe2c6159c47636b97a0,selected_q_proxy,strict_valid,emx_minus_target,Lp_nH,nH,4,0.008589029631060785,0.010398156262260884,0.007153772663103686,0.006604536712313869,0.015140844453781024,0.01670868780874111,PROVISIONAL_SMALL_REQUEST_N,4,0.004108945984594131,0.015053606196274355,0.004314873017891295,0.016055304280813233,-0.0001968249192771665,0.015053606196274355,0.0028705139359141985,0.018276531163701204,0.005384831293993808,0.018276531163701204,0.005384831293993808,0.018276531163701204,20,4,4,0,0,0,0,0,16,4,4,4,4,,1.0,0.2,1.0,NOT_ESTIMABLE,,,PROVISIONAL_SMALL_REQUEST_N,1.0,1.0,PROVISIONAL_SMALL_REQUEST_N,1.0,1.0,NOT_PRIMARY; use physical units and frozen spans
19,f19-e02801471b97,FORMAL_10K,HELDOUT_TRIPLE_AUDIT,STRICT_LUMPED,f12d43eace12231077007dc497fee8dad00fbe58cb2f1fe2c6159c47636b97a0,selected_q_proxy,strict_valid,emx_minus_target,Ls_nH,nH,4,0.009790596041950816,0.013053216829925853,0.008456437805720751,0.0060786610032370625,0.019468569089367074,0.021902657389118035,PROVISIONAL_SMALL_REQUEST_N,4,0.0033580740608691872,0.01926451717897132,0.0034281812859080765,0.021173193625637535,2.6135234953872377e-05,0.01926451717897132,0.0026683164724601305,0.02433674568886901,0.004047831649278244,0.02433674568886901,0.004047831649278244,0.02433674568886901,20,4,4,0,0,0,0,0,16,4,4,4,4,,1.0,0.2,1.0,NOT_ESTIMABLE,,,PROVISIONAL_SMALL_REQUEST_N,1.0,1.0,PROVISIONAL_SMALL_REQUEST_N,1.0,1.0,NOT_PRIMARY; use physical units and frozen spans
19,f19-e02801471b97,FORMAL_10K,HELDOUT_TRIPLE_AUDIT,STRICT_LUMPED,f12d43eace12231077007dc497fee8dad00fbe58cb2f1fe2c6159c47636b97a0,selected_q_proxy,strict_valid,emx_minus_target,Qmin,dimensionless,4,0.19595648957082323,0.25870358031247004,-0.03593423326756673,0.15652721921874324,0.3842738098598714,0.4240276277683256,PROVISIONAL_SMALL_REQUEST_N,4,0.05493155386520776,0.3764106956285187,0.08097220441882153,0.4056919467718487,-0.3192614728866512,0.15652721921874324,0.006990074169026528,0.4637814456767799,0.11429844548373502,0.4637814456767799,0.11429844548373502,0.4637814456767799,20,4,4,0,0,0,0,0,16,4,4,4,4,,1.0,0.2,1.0,NOT_ESTIMABLE,,,PROVISIONAL_SMALL_REQUEST_N,1.0,1.0,PROVISIONAL_SMALL_REQUEST_N,1.0,1.0,NOT_PRIMARY; use physical units and frozen spans
19,f19-e02801471b97,FORMAL_10K,HELDOUT_TRIPLE_AUDIT,STRICT_LUMPED,f12d43eace12231077007dc497fee8dad00fbe58cb2f1fe2c6159c47636b97a0,selected_q_proxy,strict_valid,emx_minus_target,K_abs,dimensionless,4,0.012579067134316425,0.014767009859973444,0.008688283131839482,0.010479419203283047,0.02135206224197118,0.023103803350619526,PROVISIONAL_SMALL_REQUEST_N,4,0.006141726838192807,0.020587050345689382,0.006356877189877287,0.021874340399859197,-0.0025418584033123637,0.019767129762308842,0.004501885671431727,0.02485554445926788,0.007781568004953887,0.02485554445926788,0.007781568004953887,0.02485554445926788,20,4,4,0,0,0,0,0,16,4,4,4,4,,1.0,0.2,1.0,NOT_ESTIMABLE,,,PROVISIONAL_SMALL_REQUEST_N,1.0,1.0,PROVISIONAL_SMALL_REQUEST_N,1.0,1.0,NOT_PRIMARY; use physical units and frozen spans
19,f19-e02801471b97,FORMAL_10K,HELDOUT_TRIPLE_AUDIT,STRICT_LUMPED,f12d43eace12231077007dc497fee8dad00fbe58cb2f1fe2c6159c47636b97a0,selected_q_proxy,strict_valid,emx_minus_frozen_proxy,Lp_nH,nH,4,0.00581980154552067,0.0073859019199923595,0.0025532955150965597,0.004997095752391878,0.010842434949912196,0.011855235342379797,PROVISIONAL_SMALL_REQUEST_N,4,0.001841742486437814,0.010620566397732317,0.002758077583059641,0.011311489109416956,-0.003617485242200763,0.009546782065522674,0.000416978942451518,0.012868035734847405,0.003878158386387054,0.012868035734847405,0.003878158386387054,0.012868035734847405,20,4,4,0,0,0,0,0,16,4,4,4,4,,1.0,0.2,1.0,NOT_ESTIMABLE,,,PROVISIONAL_SMALL_REQUEST_N,1.0,1.0,PROVISIONAL_SMALL_REQUEST_N,1.0,1.0,NOT_PRIMARY; use physical units and frozen spans
19,f19-e02801471b97,FORMAL_10K,HELDOUT_TRIPLE_AUDIT,STRICT_LUMPED,f12d43eace12231077007dc497fee8dad00fbe58cb2f1fe2c6159c47636b97a0,selected_q_proxy,strict_valid,emx_minus_frozen_proxy,Ls_nH,nH,4,0.0068077105632283474,0.009412585946904476,0.0066826209591751284,0.004718870469979264,0.013998313849451507,0.01577061797714996,PROVISIONAL_SMALL_REQUEST_N,4,0.0016195247194611684,0.01408473650024461,0.0026294507926361817,0.01530545475668691,0.0012442559073015114,0.01408473650024461,0.000250179208106438,0.017542922104848424,0.003710179686433168,0.017542922104848424,0.003710179686433168,0.017542922104848424,20,4,4,0,0,0,0,0,16,4,4,4,4,,1.0,0.2,1.0,NOT_ESTIMABLE,,,PROVISIONAL_SMALL_REQUEST_N,1.0,1.0,PROVISIONAL_SMALL_REQUEST_N,1.0,1.0,NOT_PRIMARY; use physical units and frozen spans
19,f19-e02801471b97,FORMAL_10K,HELDOUT_TRIPLE_AUDIT,STRICT_LUMPED,f12d43eace12231077007dc497fee8dad00fbe58cb2f1fe2c6159c47636b97a0,selected_q_proxy,strict_valid,emx_minus_frozen_proxy,Qmin,dimensionless,4,0.22240378571340136,0.27015033771856073,-0.01319577654149251,0.1805707792468194,0.39195985264551597,0.4315794885776517,PROVISIONAL_SMALL_REQUEST_N,4,0.09472289946152124,0.3919176784318634,0.11480237179767032,0.4152783521254653,-0.3148810083328182,0.1805707792468194,0.05727445985017887,0.47119912450978774,0.1540733401980905,0.47119912450978774,0.1540733401980905,0.47119912450978774,20,4,4,0,0,0,0,0,16,4,4,4,4,,1.0,0.2,1.0,NOT_ESTIMABLE,,,PROVISIONAL_SMALL_REQUEST_N,1.0,1.0,PROVISIONAL_SMALL_REQUEST_N,1.0,1.0,NOT_PRIMARY; use physical units and frozen spans
19,f19-e02801471b97,FORMAL_10K,HELDOUT_TRIPLE_AUDIT,STRICT_LUMPED,f12d43eace12231077007dc497fee8dad00fbe58cb2f1fe2c6159c47636b97a0,selected_q_proxy,strict_valid,emx_minus_frozen_proxy,K_abs,dimensionless,4,0.012427288037915776,0.013949551115999543,0.00840535598140546,0.010425945169552434,0.019655921371740062,0.021123327474380588,PROVISIONAL_SMALL_REQUEST_N,4,0.007155196174278872,0.018954016211021003,0.007210170802259995,0.019973278902777773,-0.0028308915282444155,0.018509682241650123,0.006266528235537111,0.022590733577021127,0.008043864113020632,0.022590733577021127,0.008043864113020632,0.022590733577021127,20,4,4,0,0,0,0,0,16,4,4,4,4,,1.0,0.2,1.0,NOT_ESTIMABLE,,,PROVISIONAL_SMALL_REQUEST_N,1.0,1.0,PROVISIONAL_SMALL_REQUEST_N,1.0,1.0,NOT_PRIMARY; use physical units and frozen spans
19,f19-e02801471b97,FORMAL_10K,HELDOUT_TRIPLE_AUDIT,STRICT_LUMPED,f12d43eace12231077007dc497fee8dad00fbe58cb2f1fe2c6159c47636b97a0,selected_q_proxy,all_finite_diagnostic,emx_minus_target,Lp_nH,nH,4,0.008589029631060785,0.010398156262260884,0.007153772663103686,0.006604536712313869,0.015140844453781024,0.01670868780874111,PROVISIONAL_SMALL_REQUEST_N,4,0.004108945984594131,0.015053606196274355,0.004314873017891295,0.016055304280813233,-0.0001968249192771665,0.015053606196274355,0.0028705139359141985,0.018276531163701204,0.005384831293993808,0.018276531163701204,0.005384831293993808,0.018276531163701204,20,4,4,0,0,0,0,0,16,4,4,4,4,,1.0,0.2,1.0,NOT_ESTIMABLE,,,PROVISIONAL_SMALL_REQUEST_N,1.0,1.0,PROVISIONAL_SMALL_REQUEST_N,1.0,1.0,NOT_PRIMARY; use physical units and frozen spans
19,f19-e02801471b97,FORMAL_10K,HELDOUT_TRIPLE_AUDIT,STRICT_LUMPED,f12d43eace12231077007dc497fee8dad00fbe58cb2f1fe2c6159c47636b97a0,selected_q_proxy,all_finite_diagnostic,emx_minus_target,Ls_nH,nH,4,0.009790596041950816,0.013053216829925853,0.008456437805720751,0.0060786610032370625,0.019468569089367074,0.021902657389118035,PROVISIONAL_SMALL_REQUEST_N,4,0.0033580740608691872,0.01926451717897132,0.0034281812859080765,0.021173193625637535,2.6135234953872377e-05,0.01926451717897132,0.0026683164724601305,0.02433674568886901,0.004047831649278244,0.02433674568886901,0.004047831649278244,0.02433674568886901,20,4,4,0,0,0,0,0,16,4,4,4,4,,1.0,0.2,1.0,NOT_ESTIMABLE,,,PROVISIONAL_SMALL_REQUEST_N,1.0,1.0,PROVISIONAL_SMALL_REQUEST_N,1.0,1.0,NOT_PRIMARY; use physical units and frozen spans
19,f19-e02801471b97,FORMAL_10K,HELDOUT_TRIPLE_AUDIT,STRICT_LUMPED,f12d43eace12231077007dc497fee8dad00fbe58cb2f1fe2c6159c47636b97a0,selected_q_proxy,all_finite_diagnostic,emx_minus_target,Qmin,dimensionless,4,0.19595648957082323,0.25870358031247004,-0.03593423326756673,0.15652721921874324,0.3842738098598714,0.4240276277683256,PROVISIONAL_SMALL_REQUEST_N,4,0.05493155386520776,0.3764106956285187,0.08097220441882153,0.4056919467718487,-0.3192614728866512,0.15652721921874324,0.006990074169026528,0.4637814456767799,0.11429844548373502,0.4637814456767799,0.11429844548373502,0.4637814456767799,20,4,4,0,0,0,0,0,16,4,4,4,4,,1.0,0.2,1.0,NOT_ESTIMABLE,,,PROVISIONAL_SMALL_REQUEST_N,1.0,1.0,PROVISIONAL_SMALL_REQUEST_N,1.0,1.0,NOT_PRIMARY; use physical units and frozen spans
19,f19-e02801471b97,FORMAL_10K,HELDOUT_TRIPLE_AUDIT,STRICT_LUMPED,f12d43eace12231077007dc497fee8dad00fbe58cb2f1fe2c6159c47636b97a0,selected_q_proxy,all_finite_diagnostic,emx_minus_target,K_abs,dimensionless,4,0.012579067134316425,0.014767009859973444,0.008688283131839482,0.010479419203283047,0.02135206224197118,0.023103803350619526,PROVISIONAL_SMALL_REQUEST_N,4,0.006141726838192807,0.020587050345689382,0.006356877189877287,0.021874340399859197,-0.0025418584033123637,0.019767129762308842,0.004501885671431727,0.02485554445926788,0.007781568004953887,0.02485554445926788,0.007781568004953887,0.02485554445926788,20,4,4,0,0,0,0,0,16,4,4,4,4,,1.0,0.2,1.0,NOT_ESTIMABLE,,,PROVISIONAL_SMALL_REQUEST_N,1.0,1.0,PROVISIONAL_SMALL_REQUEST_N,1.0,1.0,NOT_PRIMARY; use physical units and frozen spans
19,f19-e02801471b97,FORMAL_10K,HELDOUT_TRIPLE_AUDIT,STRICT_LUMPED,f12d43eace12231077007dc497fee8dad00fbe58cb2f1fe2c6159c47636b97a0,selected_q_proxy,all_finite_diagnostic,emx_minus_frozen_proxy,Lp_nH,nH,4,0.00581980154552067,0.0073859019199923595,0.0025532955150965597,0.004997095752391878,0.010842434949912196,0.011855235342379797,PROVISIONAL_SMALL_REQUEST_N,4,0.001841742486437814,0.010620566397732317,0.002758077583059641,0.011311489109416956,-0.003617485242200763,0.009546782065522674,0.000416978942451518,0.012868035734847405,0.003878158386387054,0.012868035734847405,0.003878158386387054,0.012868035734847405,20,4,4,0,0,0,0,0,16,4,4,4,4,,1.0,0.2,1.0,NOT_ESTIMABLE,,,PROVISIONAL_SMALL_REQUEST_N,1.0,1.0,PROVISIONAL_SMALL_REQUEST_N,1.0,1.0,NOT_PRIMARY; use physical units and frozen spans
19,f19-e02801471b97,FORMAL_10K,HELDOUT_TRIPLE_AUDIT,STRICT_LUMPED,f12d43eace12231077007dc497fee8dad00fbe58cb2f1fe2c6159c47636b97a0,selected_q_proxy,all_finite_diagnostic,emx_minus_frozen_proxy,Ls_nH,nH,4,0.0068077105632283474,0.009412585946904476,0.0066826209591751284,0.004718870469979264,0.013998313849451507,0.01577061797714996,PROVISIONAL_SMALL_REQUEST_N,4,0.0016195247194611684,0.01408473650024461,0.0026294507926361817,0.01530545475668691,0.0012442559073015114,0.01408473650024461,0.000250179208106438,0.017542922104848424,0.003710179686433168,0.017542922104848424,0.003710179686433168,0.017542922104848424,20,4,4,0,0,0,0,0,16,4,4,4,4,,1.0,0.2,1.0,NOT_ESTIMABLE,,,PROVISIONAL_SMALL_REQUEST_N,1.0,1.0,PROVISIONAL_SMALL_REQUEST_N,1.0,1.0,NOT_PRIMARY; use physical units and frozen spans
19,f19-e02801471b97,FORMAL_10K,HELDOUT_TRIPLE_AUDIT,STRICT_LUMPED,f12d43eace12231077007dc497fee8dad00fbe58cb2f1fe2c6159c47636b97a0,selected_q_proxy,all_finite_diagnostic,emx_minus_frozen_proxy,Qmin,dimensionless,4,0.22240378571340136,0.27015033771856073,-0.01319577654149251,0.1805707792468194,0.39195985264551597,0.4315794885776517,PROVISIONAL_SMALL_REQUEST_N,4,0.09472289946152124,0.3919176784318634,0.11480237179767032,0.4152783521254653,-0.3148810083328182,0.1805707792468194,0.05727445985017887,0.47119912450978774,0.1540733401980905,0.47119912450978774,0.1540733401980905,0.47119912450978774,20,4,4,0,0,0,0,0,16,4,4,4,4,,1.0,0.2,1.0,NOT_ESTIMABLE,,,PROVISIONAL_SMALL_REQUEST_N,1.0,1.0,PROVISIONAL_SMALL_REQUEST_N,1.0,1.0,NOT_PRIMARY; use physical units and frozen spans
19,f19-e02801471b97,FORMAL_10K,HELDOUT_TRIPLE_AUDIT,STRICT_LUMPED,f12d43eace12231077007dc497fee8dad00fbe58cb2f1fe2c6159c47636b97a0,selected_q_proxy,all_finite_diagnostic,emx_minus_frozen_proxy,K_abs,dimensionless,4,0.012427288037915776,0.013949551115999543,0.00840535598140546,0.010425945169552434,0.019655921371740062,0.021123327474380588,PROVISIONAL_SMALL_REQUEST_N,4,0.007155196174278872,0.018954016211021003,0.007210170802259995,0.019973278902777773,-0.0028308915282444155,0.018509682241650123,0.006266528235537111,0.022590733577021127,0.008043864113020632,0.022590733577021127,0.008043864113020632,0.022590733577021127,20,4,4,0,0,0,0,0,16,4,4,4,4,,1.0,0.2,1.0,NOT_ESTIMABLE,,,PROVISIONAL_SMALL_REQUEST_N,1.0,1.0,PROVISIONAL_SMALL_REQUEST_N,1.0,1.0,NOT_PRIMARY; use physical units and frozen spans
