frequency_ghz,model_id,dataset_scope,target_source,label_mode,protocol_sha256,estimand,validity,comparison,feature,unit,n,mae,rmse,bias,abs_error_p50,abs_error_p90,abs_error_p95,ci_status,n_request_groups,mae_ci_low,mae_ci_high,rmse_ci_low,rmse_ci_high,bias_ci_low,bias_ci_high,abs_error_p50_ci_low,abs_error_p50_ci_high,abs_error_p90_ci_low,abs_error_p90_ci_high,abs_error_p95_ci_low,abs_error_p95_ci_high,N_original,N_solved,N_strict_valid,N_invalid,N_analytic_fail,N_gds_fail,N_drc_fail,N_emx_not_solved,N_pending,N_joint_hit,N_independent_solves,N_unique_s4p_sha,N_accounted_candidates,joint_hit_fraction_original,joint_hit_fraction_accounted_original,confirmed_joint_hit_coverage_original,joint_hit_fraction_strict,joint_hit_original_ci_status,joint_hit_original_ci_low,joint_hit_original_ci_high,joint_hit_accounted_original_ci_status,joint_hit_accounted_original_ci_low,joint_hit_accounted_original_ci_high,joint_hit_strict_ci_status,joint_hit_strict_ci_low,joint_hit_strict_ci_high,percentage_metric
15,f15-5a9547401a37,DEVELOPMENT_5K_NOT_FORMAL_10K,HELDOUT_TRIPLE_AUDIT,STRICT_LUMPED,f12d43eace12231077007dc497fee8dad00fbe58cb2f1fe2c6159c47636b97a0,all_candidates,strict_valid,emx_minus_target,Lp_nH,nH,51,0.08766214370445188,0.16211882878975817,0.07065368220992221,0.012866718439406899,0.2885013924800537,0.4311002946566793,PROVISIONAL_SMALL_REQUEST_N,6,0.03110017288377513,0.14784221073196896,0.06458447608432237,0.23566758173508834,-0.00271066973441091,0.13721508531281223,0.009711622038607537,0.0452284826040813,0.07883764087820948,0.4723270569676382,0.1642390255483206,0.48486288794894217,220,58,51,7,13,0,0,0,149,29,58,58,66,,0.4393939393939394,0.1318181818181818,0.5686274509803921,NOT_ESTIMABLE,,,PROVISIONAL_SMALL_REQUEST_N,0.36363636363636365,0.5,PROVISIONAL_SMALL_REQUEST_N,0.5166532258064517,0.6170212765957447,NOT_PRIMARY; use physical units and frozen spans
15,f15-5a9547401a37,DEVELOPMENT_5K_NOT_FORMAL_10K,HELDOUT_TRIPLE_AUDIT,STRICT_LUMPED,f12d43eace12231077007dc497fee8dad00fbe58cb2f1fe2c6159c47636b97a0,all_candidates,strict_valid,emx_minus_target,Ls_nH,nH,51,0.06269344984000434,0.09717833242835372,0.009229666205375223,0.02505161786054111,0.18855915999472472,0.21190145187330195,PROVISIONAL_SMALL_REQUEST_N,6,0.051843604020503774,0.07338413893086833,0.08052557545322322,0.11202741697637725,-0.03508648315266169,0.057335772277351864,0.01699169897929176,0.03452789999302852,0.1317323059222198,0.21443989602406105,0.18855915999472472,0.2558130426158336,220,58,51,7,13,0,0,0,149,29,58,58,66,,0.4393939393939394,0.1318181818181818,0.5686274509803921,NOT_ESTIMABLE,,,PROVISIONAL_SMALL_REQUEST_N,0.36363636363636365,0.5,PROVISIONAL_SMALL_REQUEST_N,0.5166532258064517,0.6170212765957447,NOT_PRIMARY; use physical units and frozen spans
15,f15-5a9547401a37,DEVELOPMENT_5K_NOT_FORMAL_10K,HELDOUT_TRIPLE_AUDIT,STRICT_LUMPED,f12d43eace12231077007dc497fee8dad00fbe58cb2f1fe2c6159c47636b97a0,all_candidates,strict_valid,emx_minus_target,Qmin,dimensionless,51,1.1351446839418424,1.930143927010705,-0.9068654137109924,0.39313956735948175,3.3817196223518113,4.303668886294222,PROVISIONAL_SMALL_REQUEST_N,6,0.7730248628318626,1.5108581831246481,1.1019425292116716,2.5275320683028832,-1.40370423151565,-0.4127852495349511,0.2483021219465371,0.4875336316879515,1.8964437496781805,4.383414857057936,2.2009818620551336,6.446578897841828,220,58,51,7,13,0,0,0,149,29,58,58,66,,0.4393939393939394,0.1318181818181818,0.5686274509803921,NOT_ESTIMABLE,,,PROVISIONAL_SMALL_REQUEST_N,0.36363636363636365,0.5,PROVISIONAL_SMALL_REQUEST_N,0.5166532258064517,0.6170212765957447,NOT_PRIMARY; use physical units and frozen spans
15,f15-5a9547401a37,DEVELOPMENT_5K_NOT_FORMAL_10K,HELDOUT_TRIPLE_AUDIT,STRICT_LUMPED,f12d43eace12231077007dc497fee8dad00fbe58cb2f1fe2c6159c47636b97a0,all_candidates,strict_valid,emx_minus_target,K_abs,dimensionless,51,0.014214448718239785,0.022737377612781103,-0.005594871096677392,0.0091005630843346,0.026736018677679163,0.04888338332020355,PROVISIONAL_SMALL_REQUEST_N,6,0.00963871456034527,0.021979188983928505,0.01259745445017666,0.03428154055059034,-0.016535341205135792,0.004070247713698043,0.007806242757933679,0.012411553358190386,0.020198471756448795,0.07863539921368387,0.02358573556243945,0.08405188355730606,220,58,51,7,13,0,0,0,149,29,58,58,66,,0.4393939393939394,0.1318181818181818,0.5686274509803921,NOT_ESTIMABLE,,,PROVISIONAL_SMALL_REQUEST_N,0.36363636363636365,0.5,PROVISIONAL_SMALL_REQUEST_N,0.5166532258064517,0.6170212765957447,NOT_PRIMARY; use physical units and frozen spans
15,f15-5a9547401a37,DEVELOPMENT_5K_NOT_FORMAL_10K,HELDOUT_TRIPLE_AUDIT,STRICT_LUMPED,f12d43eace12231077007dc497fee8dad00fbe58cb2f1fe2c6159c47636b97a0,all_candidates,strict_valid,emx_minus_frozen_proxy,Lp_nH,nH,51,0.010458153444520658,0.013429049940731594,-0.0065075172944232765,0.00860154063461227,0.018676001573068257,0.0319467451208022,PROVISIONAL_SMALL_REQUEST_N,6,0.008378135556955444,0.01308162145057512,0.010475082127513875,0.016531739811715997,-0.008965544243286322,-0.0048312353008503305,0.007009401456467668,0.01040961309481414,0.013549437049923396,0.03228112257420834,0.01599360295119423,0.034552517122567794,220,58,51,7,13,0,0,0,149,29,58,58,66,,0.4393939393939394,0.1318181818181818,0.5686274509803921,NOT_ESTIMABLE,,,PROVISIONAL_SMALL_REQUEST_N,0.36363636363636365,0.5,PROVISIONAL_SMALL_REQUEST_N,0.5166532258064517,0.6170212765957447,NOT_PRIMARY; use physical units and frozen spans
15,f15-5a9547401a37,DEVELOPMENT_5K_NOT_FORMAL_10K,HELDOUT_TRIPLE_AUDIT,STRICT_LUMPED,f12d43eace12231077007dc497fee8dad00fbe58cb2f1fe2c6159c47636b97a0,all_candidates,strict_valid,emx_minus_frozen_proxy,Ls_nH,nH,51,0.007089724087298,0.009868000708280573,-0.002770141049885166,0.005259859455654103,0.013193440803342282,0.01964513234868792,PROVISIONAL_SMALL_REQUEST_N,6,0.004767399903633974,0.010028830291533853,0.005776080198177971,0.014269367706074423,-0.007397805303750969,0.0005390390701745648,0.004115467217584712,0.007638004955360711,0.009057641912250392,0.031046143722086805,0.010239719230306955,0.03274854615826453,220,58,51,7,13,0,0,0,149,29,58,58,66,,0.4393939393939394,0.1318181818181818,0.5686274509803921,NOT_ESTIMABLE,,,PROVISIONAL_SMALL_REQUEST_N,0.36363636363636365,0.5,PROVISIONAL_SMALL_REQUEST_N,0.5166532258064517,0.6170212765957447,NOT_PRIMARY; use physical units and frozen spans
15,f15-5a9547401a37,DEVELOPMENT_5K_NOT_FORMAL_10K,HELDOUT_TRIPLE_AUDIT,STRICT_LUMPED,f12d43eace12231077007dc497fee8dad00fbe58cb2f1fe2c6159c47636b97a0,all_candidates,strict_valid,emx_minus_frozen_proxy,Qmin,dimensionless,51,0.23461282388784213,0.33346523506693315,-0.000599332144088245,0.15305811010792247,0.559268672812026,0.8281040610183075,PROVISIONAL_SMALL_REQUEST_N,6,0.17751405762604305,0.2988730286841692,0.24128599181770202,0.41736329473402095,-0.09226753915632921,0.09161444862791125,0.10494525907492047,0.1666972501244759,0.3616854810557708,0.8710675142677673,0.3799663921001155,0.9505825373908738,220,58,51,7,13,0,0,0,149,29,58,58,66,,0.4393939393939394,0.1318181818181818,0.5686274509803921,NOT_ESTIMABLE,,,PROVISIONAL_SMALL_REQUEST_N,0.36363636363636365,0.5,PROVISIONAL_SMALL_REQUEST_N,0.5166532258064517,0.6170212765957447,NOT_PRIMARY; use physical units and frozen spans
15,f15-5a9547401a37,DEVELOPMENT_5K_NOT_FORMAL_10K,HELDOUT_TRIPLE_AUDIT,STRICT_LUMPED,f12d43eace12231077007dc497fee8dad00fbe58cb2f1fe2c6159c47636b97a0,all_candidates,strict_valid,emx_minus_frozen_proxy,K_abs,dimensionless,51,0.009736342400727217,0.012532754053520041,-0.0044015635962542194,0.007718111493849489,0.022230577528984552,0.02598869490126439,PROVISIONAL_SMALL_REQUEST_N,6,0.007498090401260697,0.012114796174922414,0.00947155259800536,0.015222972394465906,-0.008127318003577667,-0.0014092452721509079,0.004643106489924484,0.011083954178999544,0.013220180104107724,0.02598869490126439,0.01515832970802612,0.030348665213524213,220,58,51,7,13,0,0,0,149,29,58,58,66,,0.4393939393939394,0.1318181818181818,0.5686274509803921,NOT_ESTIMABLE,,,PROVISIONAL_SMALL_REQUEST_N,0.36363636363636365,0.5,PROVISIONAL_SMALL_REQUEST_N,0.5166532258064517,0.6170212765957447,NOT_PRIMARY; use physical units and frozen spans
15,f15-5a9547401a37,DEVELOPMENT_5K_NOT_FORMAL_10K,HELDOUT_TRIPLE_AUDIT,STRICT_LUMPED,f12d43eace12231077007dc497fee8dad00fbe58cb2f1fe2c6159c47636b97a0,all_candidates,all_finite_diagnostic,emx_minus_target,Lp_nH,nH,58,0.09346816268298337,0.16330901948044504,0.06309166537874333,0.01664146535339739,0.2958509868576644,0.40918871571573284,PROVISIONAL_SMALL_REQUEST_N,6,0.04111014768007409,0.1474197291153649,0.0830001229450498,0.23080156454878195,-0.013293933944177423,0.13419678172936036,0.01017422777475474,0.0742262644255327,0.1483135647394359,0.46438745162280987,0.19839229563961935,0.48277382850872735,220,58,51,7,13,0,0,0,149,29,58,58,66,,0.4393939393939394,0.1318181818181818,0.5686274509803921,NOT_ESTIMABLE,,,PROVISIONAL_SMALL_REQUEST_N,0.36363636363636365,0.5,PROVISIONAL_SMALL_REQUEST_N,0.5166532258064517,0.6170212765957447,NOT_PRIMARY; use physical units and frozen spans
15,f15-5a9547401a37,DEVELOPMENT_5K_NOT_FORMAL_10K,HELDOUT_TRIPLE_AUDIT,STRICT_LUMPED,f12d43eace12231077007dc497fee8dad00fbe58cb2f1fe2c6159c47636b97a0,all_candidates,all_finite_diagnostic,emx_minus_target,Ls_nH,nH,58,0.07389189324832408,0.11504697721050945,0.025577284065980595,0.029062054674702242,0.20870283689355035,0.22233835537964994,PROVISIONAL_SMALL_REQUEST_N,6,0.055566381801906546,0.0965592262309315,0.08607417454168176,0.13816812309292612,-0.02626005019127294,0.08104102163471617,0.01825275983600272,0.038879210138143744,0.13367072346910325,0.2441605607548455,0.19020965840893453,0.2683230362983247,220,58,51,7,13,0,0,0,149,29,58,58,66,,0.4393939393939394,0.1318181818181818,0.5686274509803921,NOT_ESTIMABLE,,,PROVISIONAL_SMALL_REQUEST_N,0.36363636363636365,0.5,PROVISIONAL_SMALL_REQUEST_N,0.5166532258064517,0.6170212765957447,NOT_PRIMARY; use physical units and frozen spans
15,f15-5a9547401a37,DEVELOPMENT_5K_NOT_FORMAL_10K,HELDOUT_TRIPLE_AUDIT,STRICT_LUMPED,f12d43eace12231077007dc497fee8dad00fbe58cb2f1fe2c6159c47636b97a0,all_candidates,all_finite_diagnostic,emx_minus_target,Qmin,dimensionless,58,1.269461583635074,2.226604906128535,-1.0142795620459375,0.43291721045750453,3.44750762348293,4.636099202109635,PROVISIONAL_SMALL_REQUEST_N,6,0.8294508429026024,1.7052062109209092,1.1484630488552081,3.0447525004324225,-1.5790498576602328,-0.4278532933852166,0.2953958563850545,0.6377038087955436,1.8964437496781805,6.067977157402618,2.2743813875753336,7.0304646675148685,220,58,51,7,13,0,0,0,149,29,58,58,66,,0.4393939393939394,0.1318181818181818,0.5686274509803921,NOT_ESTIMABLE,,,PROVISIONAL_SMALL_REQUEST_N,0.36363636363636365,0.5,PROVISIONAL_SMALL_REQUEST_N,0.5166532258064517,0.6170212765957447,NOT_PRIMARY; use physical units and frozen spans
15,f15-5a9547401a37,DEVELOPMENT_5K_NOT_FORMAL_10K,HELDOUT_TRIPLE_AUDIT,STRICT_LUMPED,f12d43eace12231077007dc497fee8dad00fbe58cb2f1fe2c6159c47636b97a0,all_candidates,all_finite_diagnostic,emx_minus_target,K_abs,dimensionless,58,0.019341356609044198,0.03238197168365613,0.0008209721519760341,0.00970189297230882,0.046335670900871304,0.05608069193971423,PROVISIONAL_SMALL_REQUEST_N,6,0.010359760085607933,0.031493767980036405,0.013163378785366005,0.0489237172215132,-0.006315661792511363,0.010087745775383464,0.008660267901706736,0.01742036932129521,0.02298417664795339,0.07946870449731806,0.024286146361145317,0.09039572435329554,220,58,51,7,13,0,0,0,149,29,58,58,66,,0.4393939393939394,0.1318181818181818,0.5686274509803921,NOT_ESTIMABLE,,,PROVISIONAL_SMALL_REQUEST_N,0.36363636363636365,0.5,PROVISIONAL_SMALL_REQUEST_N,0.5166532258064517,0.6170212765957447,NOT_PRIMARY; use physical units and frozen spans
15,f15-5a9547401a37,DEVELOPMENT_5K_NOT_FORMAL_10K,HELDOUT_TRIPLE_AUDIT,STRICT_LUMPED,f12d43eace12231077007dc497fee8dad00fbe58cb2f1fe2c6159c47636b97a0,all_candidates,all_finite_diagnostic,emx_minus_frozen_proxy,Lp_nH,nH,58,0.012207649362969083,0.01721797620156423,-0.0027273310351172055,0.008985897771210949,0.029990211652587404,0.033977259172913686,PROVISIONAL_SMALL_REQUEST_N,6,0.0086571156362392,0.01622458958490187,0.010700738279514548,0.02313749289906736,-0.0046638017913713985,-0.000640074270679271,0.00736571503367367,0.011119026756907346,0.013549437049923396,0.034552517122567794,0.01599360295119423,0.037991240223846034,220,58,51,7,13,0,0,0,149,29,58,58,66,,0.4393939393939394,0.1318181818181818,0.5686274509803921,NOT_ESTIMABLE,,,PROVISIONAL_SMALL_REQUEST_N,0.36363636363636365,0.5,PROVISIONAL_SMALL_REQUEST_N,0.5166532258064517,0.6170212765957447,NOT_PRIMARY; use physical units and frozen spans
15,f15-5a9547401a37,DEVELOPMENT_5K_NOT_FORMAL_10K,HELDOUT_TRIPLE_AUDIT,STRICT_LUMPED,f12d43eace12231077007dc497fee8dad00fbe58cb2f1fe2c6159c47636b97a0,all_candidates,all_finite_diagnostic,emx_minus_frozen_proxy,Ls_nH,nH,58,0.008343125778188222,0.012467533283556887,-0.00107150442895207,0.005494138609333676,0.015599234092183624,0.0314390058227432,PROVISIONAL_SMALL_REQUEST_N,6,0.004863030693878578,0.0128420260435491,0.005769327706190068,0.018740156062549636,-0.002459363565672824,0.0004677575226836751,0.004215331705196834,0.008058230398000576,0.00895968112710491,0.03404951422105041,0.010068380567464369,0.03802200637701623,220,58,51,7,13,0,0,0,149,29,58,58,66,,0.4393939393939394,0.1318181818181818,0.5686274509803921,NOT_ESTIMABLE,,,PROVISIONAL_SMALL_REQUEST_N,0.36363636363636365,0.5,PROVISIONAL_SMALL_REQUEST_N,0.5166532258064517,0.6170212765957447,NOT_PRIMARY; use physical units and frozen spans
15,f15-5a9547401a37,DEVELOPMENT_5K_NOT_FORMAL_10K,HELDOUT_TRIPLE_AUDIT,STRICT_LUMPED,f12d43eace12231077007dc497fee8dad00fbe58cb2f1fe2c6159c47636b97a0,all_candidates,all_finite_diagnostic,emx_minus_frozen_proxy,Qmin,dimensionless,58,0.2682662411075249,0.3756275334075235,-0.062495756988017195,0.16208978616233694,0.7114144413950705,0.8862837746832917,PROVISIONAL_SMALL_REQUEST_N,6,0.20620249519267475,0.3389552242604006,0.28138157873295216,0.46184118399202606,-0.18740207549962323,0.021273105052363267,0.1511177376695665,0.23761319942002856,0.3799663921001155,0.8749109931761873,0.5550637752908094,0.9505825373908738,220,58,51,7,13,0,0,0,149,29,58,58,66,,0.4393939393939394,0.1318181818181818,0.5686274509803921,NOT_ESTIMABLE,,,PROVISIONAL_SMALL_REQUEST_N,0.36363636363636365,0.5,PROVISIONAL_SMALL_REQUEST_N,0.5166532258064517,0.6170212765957447,NOT_PRIMARY; use physical units and frozen spans
15,f15-5a9547401a37,DEVELOPMENT_5K_NOT_FORMAL_10K,HELDOUT_TRIPLE_AUDIT,STRICT_LUMPED,f12d43eace12231077007dc497fee8dad00fbe58cb2f1fe2c6159c47636b97a0,all_candidates,all_finite_diagnostic,emx_minus_frozen_proxy,K_abs,dimensionless,58,0.011490489362079947,0.018870496721978915,-0.0010158798468035384,0.0077162117918534445,0.02398833819973685,0.027215551213646893,PROVISIONAL_SMALL_REQUEST_N,6,0.007557355131060996,0.01682787360334057,0.009349549836810536,0.028186821285455802,-0.003559365679136417,0.0016183094956368827,0.005421361878878039,0.011377179686350491,0.013990099380226967,0.03165725232240274,0.0156986655112957,0.036628781197099315,220,58,51,7,13,0,0,0,149,29,58,58,66,,0.4393939393939394,0.1318181818181818,0.5686274509803921,NOT_ESTIMABLE,,,PROVISIONAL_SMALL_REQUEST_N,0.36363636363636365,0.5,PROVISIONAL_SMALL_REQUEST_N,0.5166532258064517,0.6170212765957447,NOT_PRIMARY; use physical units and frozen spans
15,f15-5a9547401a37,DEVELOPMENT_5K_NOT_FORMAL_10K,HELDOUT_TRIPLE_AUDIT,STRICT_LUMPED,f12d43eace12231077007dc497fee8dad00fbe58cb2f1fe2c6159c47636b97a0,selected_q_proxy,strict_valid,emx_minus_target,Lp_nH,nH,6,0.005589689917829026,0.006802398804174922,-0.002319338961729885,0.004349783495061155,0.010594477906867183,0.011401090196545005,PROVISIONAL_SMALL_REQUEST_N,6,0.002784843696597391,0.00888004339856241,0.003155215814472046,0.009581219374117014,-0.00748234983382549,0.0023115091724476566,0.0018248083515587377,0.010594477906867183,0.004349783495061155,0.012207702486222827,0.004900478938507008,0.012207702486222827,20,6,6,0,0,0,0,0,14,6,6,6,6,,1.0,0.3,1.0,NOT_ESTIMABLE,,,PROVISIONAL_SMALL_REQUEST_N,1.0,1.0,PROVISIONAL_SMALL_REQUEST_N,1.0,1.0,NOT_PRIMARY; use physical units and frozen spans
15,f15-5a9547401a37,DEVELOPMENT_5K_NOT_FORMAL_10K,HELDOUT_TRIPLE_AUDIT,STRICT_LUMPED,f12d43eace12231077007dc497fee8dad00fbe58cb2f1fe2c6159c47636b97a0,selected_q_proxy,strict_valid,emx_minus_target,Ls_nH,nH,6,0.006059692909363183,0.0065810994490746655,-8.551913902935897e-05,0.006108202684574793,0.009098330820386913,0.009367174071492457,PROVISIONAL_SMALL_REQUEST_N,6,0.004034890026757276,0.008115691603886291,0.004418846427791934,0.00826052911228696,-0.005154363640683261,0.005040122067147028,0.0029725452231278426,0.009098330820386913,0.006108202684574793,0.009636017322598,0.00653101311894505,0.009636017322598,20,6,6,0,0,0,0,0,14,6,6,6,6,,1.0,0.3,1.0,NOT_ESTIMABLE,,,PROVISIONAL_SMALL_REQUEST_N,1.0,1.0,PROVISIONAL_SMALL_REQUEST_N,1.0,1.0,NOT_PRIMARY; use physical units and frozen spans
15,f15-5a9547401a37,DEVELOPMENT_5K_NOT_FORMAL_10K,HELDOUT_TRIPLE_AUDIT,STRICT_LUMPED,f12d43eace12231077007dc497fee8dad00fbe58cb2f1fe2c6159c47636b97a0,selected_q_proxy,strict_valid,emx_minus_target,Qmin,dimensionless,6,0.12234522148065441,0.13206535941302458,0.0926642821082817,0.12366070178821875,0.1764888553988584,0.1802144917758559,PROVISIONAL_SMALL_REQUEST_N,6,0.08581097209933031,0.1597538176510794,0.09280885587810085,0.16402599315119157,0.010065910664188495,0.1572671607220467,0.06688610725488608,0.1764888553988584,0.12366070178821875,0.18394012815285343,0.14096964362376907,0.18394012815285343,20,6,6,0,0,0,0,0,14,6,6,6,6,,1.0,0.3,1.0,NOT_ESTIMABLE,,,PROVISIONAL_SMALL_REQUEST_N,1.0,1.0,PROVISIONAL_SMALL_REQUEST_N,1.0,1.0,NOT_PRIMARY; use physical units and frozen spans
15,f15-5a9547401a37,DEVELOPMENT_5K_NOT_FORMAL_10K,HELDOUT_TRIPLE_AUDIT,STRICT_LUMPED,f12d43eace12231077007dc497fee8dad00fbe58cb2f1fe2c6159c47636b97a0,selected_q_proxy,strict_valid,emx_minus_target,K_abs,dimensionless,6,0.0041621337371970475,0.005740261047198426,-0.0034795691795569774,0.002795355579951156,0.008667198795179881,0.010539376076685134,PROVISIONAL_SMALL_REQUEST_N,6,0.0016505575259371632,0.007731220173939489,0.002000821543926086,0.009117471388628479,-0.00733538719540167,-0.00024922063567698233,0.0010238468364601044,0.008667198795179881,0.002795355579951156,0.012411553358190386,0.003141282935573274,0.012411553358190386,20,6,6,0,0,0,0,0,14,6,6,6,6,,1.0,0.3,1.0,NOT_ESTIMABLE,,,PROVISIONAL_SMALL_REQUEST_N,1.0,1.0,PROVISIONAL_SMALL_REQUEST_N,1.0,1.0,NOT_PRIMARY; use physical units and frozen spans
15,f15-5a9547401a37,DEVELOPMENT_5K_NOT_FORMAL_10K,HELDOUT_TRIPLE_AUDIT,STRICT_LUMPED,f12d43eace12231077007dc497fee8dad00fbe58cb2f1fe2c6159c47636b97a0,selected_q_proxy,strict_valid,emx_minus_frozen_proxy,Lp_nH,nH,6,0.006421264458727076,0.00845725663613236,-0.002695395391971056,0.004120278502482311,0.013674989776047197,0.014952015353903059,PROVISIONAL_SMALL_REQUEST_N,6,0.002352442899261916,0.01121393136147747,0.00280894440783742,0.012455599468135754,-0.009350996828099459,0.0030534385899273317,0.0014685250976517183,0.013674989776047197,0.004120278502482311,0.01622904093175892,0.00472134423893944,0.01622904093175892,20,6,6,0,0,0,0,0,14,6,6,6,6,,1.0,0.3,1.0,NOT_ESTIMABLE,,,PROVISIONAL_SMALL_REQUEST_N,1.0,1.0,PROVISIONAL_SMALL_REQUEST_N,1.0,1.0,NOT_PRIMARY; use physical units and frozen spans
15,f15-5a9547401a37,DEVELOPMENT_5K_NOT_FORMAL_10K,HELDOUT_TRIPLE_AUDIT,STRICT_LUMPED,f12d43eace12231077007dc497fee8dad00fbe58cb2f1fe2c6159c47636b97a0,selected_q_proxy,strict_valid,emx_minus_frozen_proxy,Ls_nH,nH,6,0.006039285284143973,0.007532408289360068,-0.0023515591291324114,0.004089817386286609,0.011127162806795488,0.013397486178115092,PROVISIONAL_SMALL_REQUEST_N,6,0.00330296689062487,0.009967640832810843,0.0033811356421732316,0.011541004726656937,-0.008390844413276385,0.0026545766472703173,0.002900875659349822,0.011127162806795488,0.004089817386286609,0.015667809549434697,0.0044892897574310975,0.015667809549434697,20,6,6,0,0,0,0,0,14,6,6,6,6,,1.0,0.3,1.0,NOT_ESTIMABLE,,,PROVISIONAL_SMALL_REQUEST_N,1.0,1.0,PROVISIONAL_SMALL_REQUEST_N,1.0,1.0,NOT_PRIMARY; use physical units and frozen spans
15,f15-5a9547401a37,DEVELOPMENT_5K_NOT_FORMAL_10K,HELDOUT_TRIPLE_AUDIT,STRICT_LUMPED,f12d43eace12231077007dc497fee8dad00fbe58cb2f1fe2c6159c47636b97a0,selected_q_proxy,strict_valid,emx_minus_frozen_proxy,Qmin,dimensionless,6,0.11512288693679047,0.1237521359808197,0.08781341769788131,0.11765303043201758,0.16212604335662206,0.1630035544863384,PROVISIONAL_SMALL_REQUEST_N,6,0.08277784617367256,0.14789707143290678,0.08965114270679188,0.1508581829920271,0.012712185893976833,0.14655047631045517,0.06558958702173179,0.16212604335662206,0.11765303043201758,0.16388106561605476,0.13551534178966262,0.16388106561605476,20,6,6,0,0,0,0,0,14,6,6,6,6,,1.0,0.3,1.0,NOT_ESTIMABLE,,,PROVISIONAL_SMALL_REQUEST_N,1.0,1.0,PROVISIONAL_SMALL_REQUEST_N,1.0,1.0,NOT_PRIMARY; use physical units and frozen spans
15,f15-5a9547401a37,DEVELOPMENT_5K_NOT_FORMAL_10K,HELDOUT_TRIPLE_AUDIT,STRICT_LUMPED,f12d43eace12231077007dc497fee8dad00fbe58cb2f1fe2c6159c47636b97a0,selected_q_proxy,strict_valid,emx_minus_frozen_proxy,K_abs,dimensionless,6,0.004573068064406678,0.005997222031401338,-0.003627555878325639,0.003597588518850711,0.008703347395247765,0.010722647064006448,PROVISIONAL_SMALL_REQUEST_N,6,0.0021442404501397986,0.008131768738087528,0.002428775036824616,0.009409918917834168,-0.007677729000706142,-0.0002536839868691974,0.0014182682791215595,0.008703347395247765,0.003597588518850711,0.01274194673276513,0.004067746739602966,0.01274194673276513,20,6,6,0,0,0,0,0,14,6,6,6,6,,1.0,0.3,1.0,NOT_ESTIMABLE,,,PROVISIONAL_SMALL_REQUEST_N,1.0,1.0,PROVISIONAL_SMALL_REQUEST_N,1.0,1.0,NOT_PRIMARY; use physical units and frozen spans
15,f15-5a9547401a37,DEVELOPMENT_5K_NOT_FORMAL_10K,HELDOUT_TRIPLE_AUDIT,STRICT_LUMPED,f12d43eace12231077007dc497fee8dad00fbe58cb2f1fe2c6159c47636b97a0,selected_q_proxy,all_finite_diagnostic,emx_minus_target,Lp_nH,nH,6,0.005589689917829026,0.006802398804174922,-0.002319338961729885,0.004349783495061155,0.010594477906867183,0.011401090196545005,PROVISIONAL_SMALL_REQUEST_N,6,0.002784843696597391,0.00888004339856241,0.003155215814472046,0.009581219374117014,-0.00748234983382549,0.0023115091724476566,0.0018248083515587377,0.010594477906867183,0.004349783495061155,0.012207702486222827,0.004900478938507008,0.012207702486222827,20,6,6,0,0,0,0,0,14,6,6,6,6,,1.0,0.3,1.0,NOT_ESTIMABLE,,,PROVISIONAL_SMALL_REQUEST_N,1.0,1.0,PROVISIONAL_SMALL_REQUEST_N,1.0,1.0,NOT_PRIMARY; use physical units and frozen spans
15,f15-5a9547401a37,DEVELOPMENT_5K_NOT_FORMAL_10K,HELDOUT_TRIPLE_AUDIT,STRICT_LUMPED,f12d43eace12231077007dc497fee8dad00fbe58cb2f1fe2c6159c47636b97a0,selected_q_proxy,all_finite_diagnostic,emx_minus_target,Ls_nH,nH,6,0.006059692909363183,0.0065810994490746655,-8.551913902935897e-05,0.006108202684574793,0.009098330820386913,0.009367174071492457,PROVISIONAL_SMALL_REQUEST_N,6,0.004034890026757276,0.008115691603886291,0.004418846427791934,0.00826052911228696,-0.005154363640683261,0.005040122067147028,0.0029725452231278426,0.009098330820386913,0.006108202684574793,0.009636017322598,0.00653101311894505,0.009636017322598,20,6,6,0,0,0,0,0,14,6,6,6,6,,1.0,0.3,1.0,NOT_ESTIMABLE,,,PROVISIONAL_SMALL_REQUEST_N,1.0,1.0,PROVISIONAL_SMALL_REQUEST_N,1.0,1.0,NOT_PRIMARY; use physical units and frozen spans
15,f15-5a9547401a37,DEVELOPMENT_5K_NOT_FORMAL_10K,HELDOUT_TRIPLE_AUDIT,STRICT_LUMPED,f12d43eace12231077007dc497fee8dad00fbe58cb2f1fe2c6159c47636b97a0,selected_q_proxy,all_finite_diagnostic,emx_minus_target,Qmin,dimensionless,6,0.12234522148065441,0.13206535941302458,0.0926642821082817,0.12366070178821875,0.1764888553988584,0.1802144917758559,PROVISIONAL_SMALL_REQUEST_N,6,0.08581097209933031,0.1597538176510794,0.09280885587810085,0.16402599315119157,0.010065910664188495,0.1572671607220467,0.06688610725488608,0.1764888553988584,0.12366070178821875,0.18394012815285343,0.14096964362376907,0.18394012815285343,20,6,6,0,0,0,0,0,14,6,6,6,6,,1.0,0.3,1.0,NOT_ESTIMABLE,,,PROVISIONAL_SMALL_REQUEST_N,1.0,1.0,PROVISIONAL_SMALL_REQUEST_N,1.0,1.0,NOT_PRIMARY; use physical units and frozen spans
15,f15-5a9547401a37,DEVELOPMENT_5K_NOT_FORMAL_10K,HELDOUT_TRIPLE_AUDIT,STRICT_LUMPED,f12d43eace12231077007dc497fee8dad00fbe58cb2f1fe2c6159c47636b97a0,selected_q_proxy,all_finite_diagnostic,emx_minus_target,K_abs,dimensionless,6,0.0041621337371970475,0.005740261047198426,-0.0034795691795569774,0.002795355579951156,0.008667198795179881,0.010539376076685134,PROVISIONAL_SMALL_REQUEST_N,6,0.0016505575259371632,0.007731220173939489,0.002000821543926086,0.009117471388628479,-0.00733538719540167,-0.00024922063567698233,0.0010238468364601044,0.008667198795179881,0.002795355579951156,0.012411553358190386,0.003141282935573274,0.012411553358190386,20,6,6,0,0,0,0,0,14,6,6,6,6,,1.0,0.3,1.0,NOT_ESTIMABLE,,,PROVISIONAL_SMALL_REQUEST_N,1.0,1.0,PROVISIONAL_SMALL_REQUEST_N,1.0,1.0,NOT_PRIMARY; use physical units and frozen spans
15,f15-5a9547401a37,DEVELOPMENT_5K_NOT_FORMAL_10K,HELDOUT_TRIPLE_AUDIT,STRICT_LUMPED,f12d43eace12231077007dc497fee8dad00fbe58cb2f1fe2c6159c47636b97a0,selected_q_proxy,all_finite_diagnostic,emx_minus_frozen_proxy,Lp_nH,nH,6,0.006421264458727076,0.00845725663613236,-0.002695395391971056,0.004120278502482311,0.013674989776047197,0.014952015353903059,PROVISIONAL_SMALL_REQUEST_N,6,0.002352442899261916,0.01121393136147747,0.00280894440783742,0.012455599468135754,-0.009350996828099459,0.0030534385899273317,0.0014685250976517183,0.013674989776047197,0.004120278502482311,0.01622904093175892,0.00472134423893944,0.01622904093175892,20,6,6,0,0,0,0,0,14,6,6,6,6,,1.0,0.3,1.0,NOT_ESTIMABLE,,,PROVISIONAL_SMALL_REQUEST_N,1.0,1.0,PROVISIONAL_SMALL_REQUEST_N,1.0,1.0,NOT_PRIMARY; use physical units and frozen spans
15,f15-5a9547401a37,DEVELOPMENT_5K_NOT_FORMAL_10K,HELDOUT_TRIPLE_AUDIT,STRICT_LUMPED,f12d43eace12231077007dc497fee8dad00fbe58cb2f1fe2c6159c47636b97a0,selected_q_proxy,all_finite_diagnostic,emx_minus_frozen_proxy,Ls_nH,nH,6,0.006039285284143973,0.007532408289360068,-0.0023515591291324114,0.004089817386286609,0.011127162806795488,0.013397486178115092,PROVISIONAL_SMALL_REQUEST_N,6,0.00330296689062487,0.009967640832810843,0.0033811356421732316,0.011541004726656937,-0.008390844413276385,0.0026545766472703173,0.002900875659349822,0.011127162806795488,0.004089817386286609,0.015667809549434697,0.0044892897574310975,0.015667809549434697,20,6,6,0,0,0,0,0,14,6,6,6,6,,1.0,0.3,1.0,NOT_ESTIMABLE,,,PROVISIONAL_SMALL_REQUEST_N,1.0,1.0,PROVISIONAL_SMALL_REQUEST_N,1.0,1.0,NOT_PRIMARY; use physical units and frozen spans
15,f15-5a9547401a37,DEVELOPMENT_5K_NOT_FORMAL_10K,HELDOUT_TRIPLE_AUDIT,STRICT_LUMPED,f12d43eace12231077007dc497fee8dad00fbe58cb2f1fe2c6159c47636b97a0,selected_q_proxy,all_finite_diagnostic,emx_minus_frozen_proxy,Qmin,dimensionless,6,0.11512288693679047,0.1237521359808197,0.08781341769788131,0.11765303043201758,0.16212604335662206,0.1630035544863384,PROVISIONAL_SMALL_REQUEST_N,6,0.08277784617367256,0.14789707143290678,0.08965114270679188,0.1508581829920271,0.012712185893976833,0.14655047631045517,0.06558958702173179,0.16212604335662206,0.11765303043201758,0.16388106561605476,0.13551534178966262,0.16388106561605476,20,6,6,0,0,0,0,0,14,6,6,6,6,,1.0,0.3,1.0,NOT_ESTIMABLE,,,PROVISIONAL_SMALL_REQUEST_N,1.0,1.0,PROVISIONAL_SMALL_REQUEST_N,1.0,1.0,NOT_PRIMARY; use physical units and frozen spans
15,f15-5a9547401a37,DEVELOPMENT_5K_NOT_FORMAL_10K,HELDOUT_TRIPLE_AUDIT,STRICT_LUMPED,f12d43eace12231077007dc497fee8dad00fbe58cb2f1fe2c6159c47636b97a0,selected_q_proxy,all_finite_diagnostic,emx_minus_frozen_proxy,K_abs,dimensionless,6,0.004573068064406678,0.005997222031401338,-0.003627555878325639,0.003597588518850711,0.008703347395247765,0.010722647064006448,PROVISIONAL_SMALL_REQUEST_N,6,0.0021442404501397986,0.008131768738087528,0.002428775036824616,0.009409918917834168,-0.007677729000706142,-0.0002536839868691974,0.0014182682791215595,0.008703347395247765,0.003597588518850711,0.01274194673276513,0.004067746739602966,0.01274194673276513,20,6,6,0,0,0,0,0,14,6,6,6,6,,1.0,0.3,1.0,NOT_ESTIMABLE,,,PROVISIONAL_SMALL_REQUEST_N,1.0,1.0,PROVISIONAL_SMALL_REQUEST_N,1.0,1.0,NOT_PRIMARY; use physical units and frozen spans
5,f5-fac1f3ff42e4,FORMAL_10K,HELDOUT_TRIPLE_AUDIT,STRICT_LUMPED,f12d43eace12231077007dc497fee8dad00fbe58cb2f1fe2c6159c47636b97a0,all_candidates,strict_valid,emx_minus_target,Lp_nH,nH,51,0.07586119302414208,0.10118627641566931,-0.007108178756615483,0.07380971496287736,0.1504988852344451,0.1866749447078122,PROVISIONAL_SMALL_REQUEST_N,6,0.05463827235528753,0.10618748392303946,0.07273906736042175,0.1350672454482065,-0.06474261125330089,0.059453637948781404,0.042783566686991126,0.11655889491816529,0.1175654783066555,0.25719462696946627,0.120370790313032,0.2643781676130481,220,51,51,0,0,6,9,0,154,14,51,51,66,,0.21212121212121213,0.06363636363636363,0.27450980392156865,NOT_ESTIMABLE,,,PROVISIONAL_SMALL_REQUEST_N,0.15151515151515152,0.2727272727272727,PROVISIONAL_SMALL_REQUEST_N,0.2127659574468085,0.32142857142857145,NOT_PRIMARY; use physical units and frozen spans
5,f5-fac1f3ff42e4,FORMAL_10K,HELDOUT_TRIPLE_AUDIT,STRICT_LUMPED,f12d43eace12231077007dc497fee8dad00fbe58cb2f1fe2c6159c47636b97a0,all_candidates,strict_valid,emx_minus_target,Ls_nH,nH,51,0.2059677363541743,0.29743342795455097,0.20269372923827922,0.11605065091958089,0.5157230221448104,0.5595484137139245,PROVISIONAL_SMALL_REQUEST_N,6,0.09469236591181877,0.3277194373997459,0.1799111012980133,0.39989857180994576,0.08684506766804899,0.3268030521248016,0.011534084668169964,0.36548808142539,0.3453214638398762,0.681680621252486,0.4158047078520428,0.7041922658456496,220,51,51,0,0,6,9,0,154,14,51,51,66,,0.21212121212121213,0.06363636363636363,0.27450980392156865,NOT_ESTIMABLE,,,PROVISIONAL_SMALL_REQUEST_N,0.15151515151515152,0.2727272727272727,PROVISIONAL_SMALL_REQUEST_N,0.2127659574468085,0.32142857142857145,NOT_PRIMARY; use physical units and frozen spans
5,f5-fac1f3ff42e4,FORMAL_10K,HELDOUT_TRIPLE_AUDIT,STRICT_LUMPED,f12d43eace12231077007dc497fee8dad00fbe58cb2f1fe2c6159c47636b97a0,all_candidates,strict_valid,emx_minus_target,Qmin,dimensionless,51,3.4635966668560396,4.511563610903082,-3.451224610098004,3.0066616466877836,8.1109919112547,8.122761940947544,PROVISIONAL_SMALL_REQUEST_N,6,3.2175952787530546,3.7338584482907358,4.352257371874622,4.707626862724485,-3.7290677427290504,-3.196260234820148,2.0663098281040195,3.5165868479769795,7.493788584871977,8.122865996637167,8.11119666201221,8.130064981176009,220,51,51,0,0,6,9,0,154,14,51,51,66,,0.21212121212121213,0.06363636363636363,0.27450980392156865,NOT_ESTIMABLE,,,PROVISIONAL_SMALL_REQUEST_N,0.15151515151515152,0.2727272727272727,PROVISIONAL_SMALL_REQUEST_N,0.2127659574468085,0.32142857142857145,NOT_PRIMARY; use physical units and frozen spans
5,f5-fac1f3ff42e4,FORMAL_10K,HELDOUT_TRIPLE_AUDIT,STRICT_LUMPED,f12d43eace12231077007dc497fee8dad00fbe58cb2f1fe2c6159c47636b97a0,all_candidates,strict_valid,emx_minus_target,K_abs,dimensionless,51,0.059861607667123166,0.08621093652588663,-0.05769828948962712,0.05022070998235473,0.17653861746508406,0.1793871194144277,PROVISIONAL_SMALL_REQUEST_N,6,0.033168163640314455,0.08790115722874892,0.046811400644467996,0.11482536508662898,-0.08700408935486088,-0.028453767271281814,0.010794775153104522,0.08669078841653521,0.06925139337582717,0.19417477781800668,0.09374379939208662,0.1950047765721702,220,51,51,0,0,6,9,0,154,14,51,51,66,,0.21212121212121213,0.06363636363636363,0.27450980392156865,NOT_ESTIMABLE,,,PROVISIONAL_SMALL_REQUEST_N,0.15151515151515152,0.2727272727272727,PROVISIONAL_SMALL_REQUEST_N,0.2127659574468085,0.32142857142857145,NOT_PRIMARY; use physical units and frozen spans
5,f5-fac1f3ff42e4,FORMAL_10K,HELDOUT_TRIPLE_AUDIT,STRICT_LUMPED,f12d43eace12231077007dc497fee8dad00fbe58cb2f1fe2c6159c47636b97a0,all_candidates,strict_valid,emx_minus_frozen_proxy,Lp_nH,nH,51,0.012176025132848971,0.015495844662141744,-0.010318113232106178,0.010595479297117016,0.02411477753351865,0.02473623775879108,PROVISIONAL_SMALL_REQUEST_N,6,0.01109567180200555,0.01335122833962247,0.014490498428019197,0.01659910503380784,-0.012346916658692548,-0.008559355520611815,0.007195634127948658,0.01590522557348173,0.02328834568071292,0.02502684576587133,0.023507505536857033,0.025435981092211932,220,51,51,0,0,6,9,0,154,14,51,51,66,,0.21212121212121213,0.06363636363636363,0.27450980392156865,NOT_ESTIMABLE,,,PROVISIONAL_SMALL_REQUEST_N,0.15151515151515152,0.2727272727272727,PROVISIONAL_SMALL_REQUEST_N,0.2127659574468085,0.32142857142857145,NOT_PRIMARY; use physical units and frozen spans
5,f5-fac1f3ff42e4,FORMAL_10K,HELDOUT_TRIPLE_AUDIT,STRICT_LUMPED,f12d43eace12231077007dc497fee8dad00fbe58cb2f1fe2c6159c47636b97a0,all_candidates,strict_valid,emx_minus_frozen_proxy,Ls_nH,nH,51,0.015336826162095005,0.01838081090799744,0.014387134777823012,0.020446963233975435,0.0271218380365561,0.02736643248756887,PROVISIONAL_SMALL_REQUEST_N,6,0.01436321789215898,0.01644675733973253,0.0177569391065134,0.018996813922434862,0.013059903288261612,0.015781600925841886,0.015229919644393464,0.020663304013728068,0.024120570546168674,0.02739424429828281,0.02602683875232844,0.027641117049831302,220,51,51,0,0,6,9,0,154,14,51,51,66,,0.21212121212121213,0.06363636363636363,0.27450980392156865,NOT_ESTIMABLE,,,PROVISIONAL_SMALL_REQUEST_N,0.15151515151515152,0.2727272727272727,PROVISIONAL_SMALL_REQUEST_N,0.2127659574468085,0.32142857142857145,NOT_PRIMARY; use physical units and frozen spans
5,f5-fac1f3ff42e4,FORMAL_10K,HELDOUT_TRIPLE_AUDIT,STRICT_LUMPED,f12d43eace12231077007dc497fee8dad00fbe58cb2f1fe2c6159c47636b97a0,all_candidates,strict_valid,emx_minus_frozen_proxy,Qmin,dimensionless,51,0.3168261069041591,0.3927290995878498,-0.26686692957156977,0.27450432185951,0.6242839014992558,0.6320312615782946,PROVISIONAL_SMALL_REQUEST_N,6,0.288158391141957,0.3453515294078735,0.36597555634236356,0.41545425826325955,-0.29258349045135174,-0.24022785735695615,0.16255739483429643,0.3102335052586547,0.5820884621938021,0.6354727309568489,0.5976010337769265,0.7045440623539486,220,51,51,0,0,6,9,0,154,14,51,51,66,,0.21212121212121213,0.06363636363636363,0.27450980392156865,NOT_ESTIMABLE,,,PROVISIONAL_SMALL_REQUEST_N,0.15151515151515152,0.2727272727272727,PROVISIONAL_SMALL_REQUEST_N,0.2127659574468085,0.32142857142857145,NOT_PRIMARY; use physical units and frozen spans
5,f5-fac1f3ff42e4,FORMAL_10K,HELDOUT_TRIPLE_AUDIT,STRICT_LUMPED,f12d43eace12231077007dc497fee8dad00fbe58cb2f1fe2c6159c47636b97a0,all_candidates,strict_valid,emx_minus_frozen_proxy,K_abs,dimensionless,51,0.004885498768027271,0.005496324929298625,0.0035070600144865727,0.004910696782455828,0.008222215527326382,0.008422072145092913,PROVISIONAL_SMALL_REQUEST_N,6,0.004082632866819771,0.00583966442789723,0.004575514710676735,0.0064554786948649665,0.0026464444052100833,0.004302723502308233,0.003707400390930437,0.006463285546656344,0.006683827448082838,0.008623020247214452,0.007599010256555687,0.010083076197966898,220,51,51,0,0,6,9,0,154,14,51,51,66,,0.21212121212121213,0.06363636363636363,0.27450980392156865,NOT_ESTIMABLE,,,PROVISIONAL_SMALL_REQUEST_N,0.15151515151515152,0.2727272727272727,PROVISIONAL_SMALL_REQUEST_N,0.2127659574468085,0.32142857142857145,NOT_PRIMARY; use physical units and frozen spans
5,f5-fac1f3ff42e4,FORMAL_10K,HELDOUT_TRIPLE_AUDIT,STRICT_LUMPED,f12d43eace12231077007dc497fee8dad00fbe58cb2f1fe2c6159c47636b97a0,all_candidates,all_finite_diagnostic,emx_minus_target,Lp_nH,nH,51,0.07586119302414208,0.10118627641566931,-0.007108178756615483,0.07380971496287736,0.1504988852344451,0.1866749447078122,PROVISIONAL_SMALL_REQUEST_N,6,0.05463827235528753,0.10618748392303946,0.07273906736042175,0.1350672454482065,-0.06474261125330089,0.059453637948781404,0.042783566686991126,0.11655889491816529,0.1175654783066555,0.25719462696946627,0.120370790313032,0.2643781676130481,220,51,51,0,0,6,9,0,154,14,51,51,66,,0.21212121212121213,0.06363636363636363,0.27450980392156865,NOT_ESTIMABLE,,,PROVISIONAL_SMALL_REQUEST_N,0.15151515151515152,0.2727272727272727,PROVISIONAL_SMALL_REQUEST_N,0.2127659574468085,0.32142857142857145,NOT_PRIMARY; use physical units and frozen spans
5,f5-fac1f3ff42e4,FORMAL_10K,HELDOUT_TRIPLE_AUDIT,STRICT_LUMPED,f12d43eace12231077007dc497fee8dad00fbe58cb2f1fe2c6159c47636b97a0,all_candidates,all_finite_diagnostic,emx_minus_target,Ls_nH,nH,51,0.2059677363541743,0.29743342795455097,0.20269372923827922,0.11605065091958089,0.5157230221448104,0.5595484137139245,PROVISIONAL_SMALL_REQUEST_N,6,0.09469236591181877,0.3277194373997459,0.1799111012980133,0.39989857180994576,0.08684506766804899,0.3268030521248016,0.011534084668169964,0.36548808142539,0.3453214638398762,0.681680621252486,0.4158047078520428,0.7041922658456496,220,51,51,0,0,6,9,0,154,14,51,51,66,,0.21212121212121213,0.06363636363636363,0.27450980392156865,NOT_ESTIMABLE,,,PROVISIONAL_SMALL_REQUEST_N,0.15151515151515152,0.2727272727272727,PROVISIONAL_SMALL_REQUEST_N,0.2127659574468085,0.32142857142857145,NOT_PRIMARY; use physical units and frozen spans
5,f5-fac1f3ff42e4,FORMAL_10K,HELDOUT_TRIPLE_AUDIT,STRICT_LUMPED,f12d43eace12231077007dc497fee8dad00fbe58cb2f1fe2c6159c47636b97a0,all_candidates,all_finite_diagnostic,emx_minus_target,Qmin,dimensionless,51,3.4635966668560396,4.511563610903082,-3.451224610098004,3.0066616466877836,8.1109919112547,8.122761940947544,PROVISIONAL_SMALL_REQUEST_N,6,3.2175952787530546,3.7338584482907358,4.352257371874622,4.707626862724485,-3.7290677427290504,-3.196260234820148,2.0663098281040195,3.5165868479769795,7.493788584871977,8.122865996637167,8.11119666201221,8.130064981176009,220,51,51,0,0,6,9,0,154,14,51,51,66,,0.21212121212121213,0.06363636363636363,0.27450980392156865,NOT_ESTIMABLE,,,PROVISIONAL_SMALL_REQUEST_N,0.15151515151515152,0.2727272727272727,PROVISIONAL_SMALL_REQUEST_N,0.2127659574468085,0.32142857142857145,NOT_PRIMARY; use physical units and frozen spans
5,f5-fac1f3ff42e4,FORMAL_10K,HELDOUT_TRIPLE_AUDIT,STRICT_LUMPED,f12d43eace12231077007dc497fee8dad00fbe58cb2f1fe2c6159c47636b97a0,all_candidates,all_finite_diagnostic,emx_minus_target,K_abs,dimensionless,51,0.059861607667123166,0.08621093652588663,-0.05769828948962712,0.05022070998235473,0.17653861746508406,0.1793871194144277,PROVISIONAL_SMALL_REQUEST_N,6,0.033168163640314455,0.08790115722874892,0.046811400644467996,0.11482536508662898,-0.08700408935486088,-0.028453767271281814,0.010794775153104522,0.08669078841653521,0.06925139337582717,0.19417477781800668,0.09374379939208662,0.1950047765721702,220,51,51,0,0,6,9,0,154,14,51,51,66,,0.21212121212121213,0.06363636363636363,0.27450980392156865,NOT_ESTIMABLE,,,PROVISIONAL_SMALL_REQUEST_N,0.15151515151515152,0.2727272727272727,PROVISIONAL_SMALL_REQUEST_N,0.2127659574468085,0.32142857142857145,NOT_PRIMARY; use physical units and frozen spans
5,f5-fac1f3ff42e4,FORMAL_10K,HELDOUT_TRIPLE_AUDIT,STRICT_LUMPED,f12d43eace12231077007dc497fee8dad00fbe58cb2f1fe2c6159c47636b97a0,all_candidates,all_finite_diagnostic,emx_minus_frozen_proxy,Lp_nH,nH,51,0.012176025132848971,0.015495844662141744,-0.010318113232106178,0.010595479297117016,0.02411477753351865,0.02473623775879108,PROVISIONAL_SMALL_REQUEST_N,6,0.01109567180200555,0.01335122833962247,0.014490498428019197,0.01659910503380784,-0.012346916658692548,-0.008559355520611815,0.007195634127948658,0.01590522557348173,0.02328834568071292,0.02502684576587133,0.023507505536857033,0.025435981092211932,220,51,51,0,0,6,9,0,154,14,51,51,66,,0.21212121212121213,0.06363636363636363,0.27450980392156865,NOT_ESTIMABLE,,,PROVISIONAL_SMALL_REQUEST_N,0.15151515151515152,0.2727272727272727,PROVISIONAL_SMALL_REQUEST_N,0.2127659574468085,0.32142857142857145,NOT_PRIMARY; use physical units and frozen spans
5,f5-fac1f3ff42e4,FORMAL_10K,HELDOUT_TRIPLE_AUDIT,STRICT_LUMPED,f12d43eace12231077007dc497fee8dad00fbe58cb2f1fe2c6159c47636b97a0,all_candidates,all_finite_diagnostic,emx_minus_frozen_proxy,Ls_nH,nH,51,0.015336826162095005,0.01838081090799744,0.014387134777823012,0.020446963233975435,0.0271218380365561,0.02736643248756887,PROVISIONAL_SMALL_REQUEST_N,6,0.01436321789215898,0.01644675733973253,0.0177569391065134,0.018996813922434862,0.013059903288261612,0.015781600925841886,0.015229919644393464,0.020663304013728068,0.024120570546168674,0.02739424429828281,0.02602683875232844,0.027641117049831302,220,51,51,0,0,6,9,0,154,14,51,51,66,,0.21212121212121213,0.06363636363636363,0.27450980392156865,NOT_ESTIMABLE,,,PROVISIONAL_SMALL_REQUEST_N,0.15151515151515152,0.2727272727272727,PROVISIONAL_SMALL_REQUEST_N,0.2127659574468085,0.32142857142857145,NOT_PRIMARY; use physical units and frozen spans
5,f5-fac1f3ff42e4,FORMAL_10K,HELDOUT_TRIPLE_AUDIT,STRICT_LUMPED,f12d43eace12231077007dc497fee8dad00fbe58cb2f1fe2c6159c47636b97a0,all_candidates,all_finite_diagnostic,emx_minus_frozen_proxy,Qmin,dimensionless,51,0.3168261069041591,0.3927290995878498,-0.26686692957156977,0.27450432185951,0.6242839014992558,0.6320312615782946,PROVISIONAL_SMALL_REQUEST_N,6,0.288158391141957,0.3453515294078735,0.36597555634236356,0.41545425826325955,-0.29258349045135174,-0.24022785735695615,0.16255739483429643,0.3102335052586547,0.5820884621938021,0.6354727309568489,0.5976010337769265,0.7045440623539486,220,51,51,0,0,6,9,0,154,14,51,51,66,,0.21212121212121213,0.06363636363636363,0.27450980392156865,NOT_ESTIMABLE,,,PROVISIONAL_SMALL_REQUEST_N,0.15151515151515152,0.2727272727272727,PROVISIONAL_SMALL_REQUEST_N,0.2127659574468085,0.32142857142857145,NOT_PRIMARY; use physical units and frozen spans
5,f5-fac1f3ff42e4,FORMAL_10K,HELDOUT_TRIPLE_AUDIT,STRICT_LUMPED,f12d43eace12231077007dc497fee8dad00fbe58cb2f1fe2c6159c47636b97a0,all_candidates,all_finite_diagnostic,emx_minus_frozen_proxy,K_abs,dimensionless,51,0.004885498768027271,0.005496324929298625,0.0035070600144865727,0.004910696782455828,0.008222215527326382,0.008422072145092913,PROVISIONAL_SMALL_REQUEST_N,6,0.004082632866819771,0.00583966442789723,0.004575514710676735,0.0064554786948649665,0.0026464444052100833,0.004302723502308233,0.003707400390930437,0.006463285546656344,0.006683827448082838,0.008623020247214452,0.007599010256555687,0.010083076197966898,220,51,51,0,0,6,9,0,154,14,51,51,66,,0.21212121212121213,0.06363636363636363,0.27450980392156865,NOT_ESTIMABLE,,,PROVISIONAL_SMALL_REQUEST_N,0.15151515151515152,0.2727272727272727,PROVISIONAL_SMALL_REQUEST_N,0.2127659574468085,0.32142857142857145,NOT_PRIMARY; use physical units and frozen spans
5,f5-fac1f3ff42e4,FORMAL_10K,HELDOUT_TRIPLE_AUDIT,STRICT_LUMPED,f12d43eace12231077007dc497fee8dad00fbe58cb2f1fe2c6159c47636b97a0,selected_q_proxy,strict_valid,emx_minus_target,Lp_nH,nH,4,0.0030615343055614974,0.0033080703740715985,-0.002020083675312867,0.003164976342517334,0.004321872602156884,0.004337905711646772,PROVISIONAL_SMALL_REQUEST_N,4,0.0018225734882859612,0.004300495122837034,0.0018410716089243663,0.004300827191417141,-0.004300495122837034,0.0005004130892385938,0.0015622457160746617,0.00435393882113666,0.0020829012604972608,0.00435393882113666,0.0020829012604972608,0.00435393882113666,20,4,4,0,0,2,0,0,14,4,4,4,6,,0.6666666666666666,0.2,1.0,NOT_ESTIMABLE,,,PROVISIONAL_SMALL_REQUEST_N,0.3333333333333333,1.0,PROVISIONAL_SMALL_REQUEST_N,1.0,1.0,NOT_PRIMARY; use physical units and frozen spans
5,f5-fac1f3ff42e4,FORMAL_10K,HELDOUT_TRIPLE_AUDIT,STRICT_LUMPED,f12d43eace12231077007dc497fee8dad00fbe58cb2f1fe2c6159c47636b97a0,selected_q_proxy,strict_valid,emx_minus_target,Ls_nH,nH,4,0.0011349048987411292,0.0016018519788257167,0.0003456122422962338,0.0008695971046439599,0.0024217514734182545,0.0026024299363886392,PROVISIONAL_SMALL_REQUEST_N,4,8.896294135785077e-05,0.0021808468561244077,0.00011422586313385402,0.002411579995840407,-0.001143786760567811,0.0020916605460986615,1.7316986317572614e-05,0.0027831083993590244,0.00016060889639812892,0.0027831083993590244,0.00016060889639812892,0.0027831083993590244,20,4,4,0,0,2,0,0,14,4,4,4,6,,0.6666666666666666,0.2,1.0,NOT_ESTIMABLE,,,PROVISIONAL_SMALL_REQUEST_N,0.3333333333333333,1.0,PROVISIONAL_SMALL_REQUEST_N,1.0,1.0,NOT_PRIMARY; use physical units and frozen spans
5,f5-fac1f3ff42e4,FORMAL_10K,HELDOUT_TRIPLE_AUDIT,STRICT_LUMPED,f12d43eace12231077007dc497fee8dad00fbe58cb2f1fe2c6159c47636b97a0,selected_q_proxy,strict_valid,emx_minus_target,Qmin,dimensionless,4,0.1325728499302694,0.15510686156023984,-0.04809917506632866,0.12568139960201652,0.22171992524115325,0.23302833427971145,PROVISIONAL_SMALL_REQUEST_N,4,0.05850365333746321,0.2066420465230756,0.06320167282919227,0.21557692288281355,-0.191900521788396,0.10610664992687324,0.03459185719877489,0.2443367433182697,0.08241544947615154,0.2443367433182697,0.08241544947615154,0.2443367433182697,20,4,4,0,0,2,0,0,14,4,4,4,6,,0.6666666666666666,0.2,1.0,NOT_ESTIMABLE,,,PROVISIONAL_SMALL_REQUEST_N,0.3333333333333333,1.0,PROVISIONAL_SMALL_REQUEST_N,1.0,1.0,NOT_PRIMARY; use physical units and frozen spans
5,f5-fac1f3ff42e4,FORMAL_10K,HELDOUT_TRIPLE_AUDIT,STRICT_LUMPED,f12d43eace12231077007dc497fee8dad00fbe58cb2f1fe2c6159c47636b97a0,selected_q_proxy,strict_valid,emx_minus_target,K_abs,dimensionless,4,0.0017249718442887835,0.002580786351191722,0.0015496264455871073,0.0009984500272495617,0.003912943527380126,0.004391702455508299,PROVISIONAL_SMALL_REQUEST_N,4,0.0001753453987016762,0.0037323872523233118,0.00022614908116052286,0.004220942168094489,-0.0001753453987016762,0.0036447145529724737,3.252593901953427e-05,0.004870461383636476,0.00031816485838381814,0.004870461383636476,0.00031816485838381814,0.004870461383636476,20,4,4,0,0,2,0,0,14,4,4,4,6,,0.6666666666666666,0.2,1.0,NOT_ESTIMABLE,,,PROVISIONAL_SMALL_REQUEST_N,0.3333333333333333,1.0,PROVISIONAL_SMALL_REQUEST_N,1.0,1.0,NOT_PRIMARY; use physical units and frozen spans
5,f5-fac1f3ff42e4,FORMAL_10K,HELDOUT_TRIPLE_AUDIT,STRICT_LUMPED,f12d43eace12231077007dc497fee8dad00fbe58cb2f1fe2c6159c47636b97a0,selected_q_proxy,strict_valid,emx_minus_frozen_proxy,Lp_nH,nH,4,0.0015310318734657047,0.0017347809937335729,-0.0014456721753335344,0.0018077144404100576,0.0021965277624176106,0.0022672534895979866,PROVISIONAL_SMALL_REQUEST_N,4,0.0005946581394255523,0.002190723040561504,0.000944875905420592,0.002205520479331143,-0.002190723040561504,-0.00033857904502904157,0.00017071939626434052,0.002337979216778363,0.0013577478771157339,0.002337979216778363,0.00161211112301246,0.002337979216778363,20,4,4,0,0,2,0,0,14,4,4,4,6,,0.6666666666666666,0.2,1.0,NOT_ESTIMABLE,,,PROVISIONAL_SMALL_REQUEST_N,0.3333333333333333,1.0,PROVISIONAL_SMALL_REQUEST_N,1.0,1.0,NOT_PRIMARY; use physical units and frozen spans
5,f5-fac1f3ff42e4,FORMAL_10K,HELDOUT_TRIPLE_AUDIT,STRICT_LUMPED,f12d43eace12231077007dc497fee8dad00fbe58cb2f1fe2c6159c47636b97a0,selected_q_proxy,strict_valid,emx_minus_frozen_proxy,Ls_nH,nH,4,0.0021493135258376372,0.002151992816687592,-0.0021493135258376372,0.002180109286741505,0.0022424167956993425,0.0022528712775194857,PROVISIONAL_SMALL_REQUEST_N,4,0.0020286896313639335,0.002239141659407473,0.0020309234293040637,0.0022395334297488478,-0.002239141659407473,-0.0020286896313639335,0.0019737097705279094,0.0022633257593396294,0.002127653380868777,0.0022633257593396294,0.0021606412973703914,0.0022633257593396294,20,4,4,0,0,2,0,0,14,4,4,4,6,,0.6666666666666666,0.2,1.0,NOT_ESTIMABLE,,,PROVISIONAL_SMALL_REQUEST_N,0.3333333333333333,1.0,PROVISIONAL_SMALL_REQUEST_N,1.0,1.0,NOT_PRIMARY; use physical units and frozen spans
5,f5-fac1f3ff42e4,FORMAL_10K,HELDOUT_TRIPLE_AUDIT,STRICT_LUMPED,f12d43eace12231077007dc497fee8dad00fbe58cb2f1fe2c6159c47636b97a0,selected_q_proxy,strict_valid,emx_minus_frozen_proxy,Qmin,dimensionless,4,0.12631889218185632,0.15337633136704557,-0.0537508874839312,0.10379934241207511,0.22571629746405364,0.24298350205009717,PROVISIONAL_SMALL_REQUEST_N,4,0.04994442634771712,0.2108036988341806,0.05148934145282937,0.2275372918531669,-0.20454457429388917,0.0932363381898127,0.037426177267134264,0.2602507066361408,0.062462675428299974,0.2602507066361408,0.062462675428299974,0.2602507066361408,20,4,4,0,0,2,0,0,14,4,4,4,6,,0.6666666666666666,0.2,1.0,NOT_ESTIMABLE,,,PROVISIONAL_SMALL_REQUEST_N,0.3333333333333333,1.0,PROVISIONAL_SMALL_REQUEST_N,1.0,1.0,NOT_PRIMARY; use physical units and frozen spans
5,f5-fac1f3ff42e4,FORMAL_10K,HELDOUT_TRIPLE_AUDIT,STRICT_LUMPED,f12d43eace12231077007dc497fee8dad00fbe58cb2f1fe2c6159c47636b97a0,selected_q_proxy,strict_valid,emx_minus_frozen_proxy,K_abs,dimensionless,4,0.0025487762717565504,0.002843183761696114,0.001951317784672571,0.002421342572014651,0.003928775249466993,0.004043139109147966,PROVISIONAL_SMALL_REQUEST_N,4,0.0013212624402874074,0.0037762901032256935,0.0013272895738772213,0.0037954828668592035,-4.7418421220357665e-05,0.0037762901032256935,0.0011949169741679588,0.004157502968828941,0.0014476079064068559,0.004157502968828941,0.0014476079064068559,0.004157502968828941,20,4,4,0,0,2,0,0,14,4,4,4,6,,0.6666666666666666,0.2,1.0,NOT_ESTIMABLE,,,PROVISIONAL_SMALL_REQUEST_N,0.3333333333333333,1.0,PROVISIONAL_SMALL_REQUEST_N,1.0,1.0,NOT_PRIMARY; use physical units and frozen spans
5,f5-fac1f3ff42e4,FORMAL_10K,HELDOUT_TRIPLE_AUDIT,STRICT_LUMPED,f12d43eace12231077007dc497fee8dad00fbe58cb2f1fe2c6159c47636b97a0,selected_q_proxy,all_finite_diagnostic,emx_minus_target,Lp_nH,nH,4,0.0030615343055614974,0.0033080703740715985,-0.002020083675312867,0.003164976342517334,0.004321872602156884,0.004337905711646772,PROVISIONAL_SMALL_REQUEST_N,4,0.0018225734882859612,0.004300495122837034,0.0018410716089243663,0.004300827191417141,-0.004300495122837034,0.0005004130892385938,0.0015622457160746617,0.00435393882113666,0.0020829012604972608,0.00435393882113666,0.0020829012604972608,0.00435393882113666,20,4,4,0,0,2,0,0,14,4,4,4,6,,0.6666666666666666,0.2,1.0,NOT_ESTIMABLE,,,PROVISIONAL_SMALL_REQUEST_N,0.3333333333333333,1.0,PROVISIONAL_SMALL_REQUEST_N,1.0,1.0,NOT_PRIMARY; use physical units and frozen spans
5,f5-fac1f3ff42e4,FORMAL_10K,HELDOUT_TRIPLE_AUDIT,STRICT_LUMPED,f12d43eace12231077007dc497fee8dad00fbe58cb2f1fe2c6159c47636b97a0,selected_q_proxy,all_finite_diagnostic,emx_minus_target,Ls_nH,nH,4,0.0011349048987411292,0.0016018519788257167,0.0003456122422962338,0.0008695971046439599,0.0024217514734182545,0.0026024299363886392,PROVISIONAL_SMALL_REQUEST_N,4,8.896294135785077e-05,0.0021808468561244077,0.00011422586313385402,0.002411579995840407,-0.001143786760567811,0.0020916605460986615,1.7316986317572614e-05,0.0027831083993590244,0.00016060889639812892,0.0027831083993590244,0.00016060889639812892,0.0027831083993590244,20,4,4,0,0,2,0,0,14,4,4,4,6,,0.6666666666666666,0.2,1.0,NOT_ESTIMABLE,,,PROVISIONAL_SMALL_REQUEST_N,0.3333333333333333,1.0,PROVISIONAL_SMALL_REQUEST_N,1.0,1.0,NOT_PRIMARY; use physical units and frozen spans
5,f5-fac1f3ff42e4,FORMAL_10K,HELDOUT_TRIPLE_AUDIT,STRICT_LUMPED,f12d43eace12231077007dc497fee8dad00fbe58cb2f1fe2c6159c47636b97a0,selected_q_proxy,all_finite_diagnostic,emx_minus_target,Qmin,dimensionless,4,0.1325728499302694,0.15510686156023984,-0.04809917506632866,0.12568139960201652,0.22171992524115325,0.23302833427971145,PROVISIONAL_SMALL_REQUEST_N,4,0.05850365333746321,0.2066420465230756,0.06320167282919227,0.21557692288281355,-0.191900521788396,0.10610664992687324,0.03459185719877489,0.2443367433182697,0.08241544947615154,0.2443367433182697,0.08241544947615154,0.2443367433182697,20,4,4,0,0,2,0,0,14,4,4,4,6,,0.6666666666666666,0.2,1.0,NOT_ESTIMABLE,,,PROVISIONAL_SMALL_REQUEST_N,0.3333333333333333,1.0,PROVISIONAL_SMALL_REQUEST_N,1.0,1.0,NOT_PRIMARY; use physical units and frozen spans
5,f5-fac1f3ff42e4,FORMAL_10K,HELDOUT_TRIPLE_AUDIT,STRICT_LUMPED,f12d43eace12231077007dc497fee8dad00fbe58cb2f1fe2c6159c47636b97a0,selected_q_proxy,all_finite_diagnostic,emx_minus_target,K_abs,dimensionless,4,0.0017249718442887835,0.002580786351191722,0.0015496264455871073,0.0009984500272495617,0.003912943527380126,0.004391702455508299,PROVISIONAL_SMALL_REQUEST_N,4,0.0001753453987016762,0.0037323872523233118,0.00022614908116052286,0.004220942168094489,-0.0001753453987016762,0.0036447145529724737,3.252593901953427e-05,0.004870461383636476,0.00031816485838381814,0.004870461383636476,0.00031816485838381814,0.004870461383636476,20,4,4,0,0,2,0,0,14,4,4,4,6,,0.6666666666666666,0.2,1.0,NOT_ESTIMABLE,,,PROVISIONAL_SMALL_REQUEST_N,0.3333333333333333,1.0,PROVISIONAL_SMALL_REQUEST_N,1.0,1.0,NOT_PRIMARY; use physical units and frozen spans
5,f5-fac1f3ff42e4,FORMAL_10K,HELDOUT_TRIPLE_AUDIT,STRICT_LUMPED,f12d43eace12231077007dc497fee8dad00fbe58cb2f1fe2c6159c47636b97a0,selected_q_proxy,all_finite_diagnostic,emx_minus_frozen_proxy,Lp_nH,nH,4,0.0015310318734657047,0.0017347809937335729,-0.0014456721753335344,0.0018077144404100576,0.0021965277624176106,0.0022672534895979866,PROVISIONAL_SMALL_REQUEST_N,4,0.0005946581394255523,0.002190723040561504,0.000944875905420592,0.002205520479331143,-0.002190723040561504,-0.00033857904502904157,0.00017071939626434052,0.002337979216778363,0.0013577478771157339,0.002337979216778363,0.00161211112301246,0.002337979216778363,20,4,4,0,0,2,0,0,14,4,4,4,6,,0.6666666666666666,0.2,1.0,NOT_ESTIMABLE,,,PROVISIONAL_SMALL_REQUEST_N,0.3333333333333333,1.0,PROVISIONAL_SMALL_REQUEST_N,1.0,1.0,NOT_PRIMARY; use physical units and frozen spans
5,f5-fac1f3ff42e4,FORMAL_10K,HELDOUT_TRIPLE_AUDIT,STRICT_LUMPED,f12d43eace12231077007dc497fee8dad00fbe58cb2f1fe2c6159c47636b97a0,selected_q_proxy,all_finite_diagnostic,emx_minus_frozen_proxy,Ls_nH,nH,4,0.0021493135258376372,0.002151992816687592,-0.0021493135258376372,0.002180109286741505,0.0022424167956993425,0.0022528712775194857,PROVISIONAL_SMALL_REQUEST_N,4,0.0020286896313639335,0.002239141659407473,0.0020309234293040637,0.0022395334297488478,-0.002239141659407473,-0.0020286896313639335,0.0019737097705279094,0.0022633257593396294,0.002127653380868777,0.0022633257593396294,0.0021606412973703914,0.0022633257593396294,20,4,4,0,0,2,0,0,14,4,4,4,6,,0.6666666666666666,0.2,1.0,NOT_ESTIMABLE,,,PROVISIONAL_SMALL_REQUEST_N,0.3333333333333333,1.0,PROVISIONAL_SMALL_REQUEST_N,1.0,1.0,NOT_PRIMARY; use physical units and frozen spans
5,f5-fac1f3ff42e4,FORMAL_10K,HELDOUT_TRIPLE_AUDIT,STRICT_LUMPED,f12d43eace12231077007dc497fee8dad00fbe58cb2f1fe2c6159c47636b97a0,selected_q_proxy,all_finite_diagnostic,emx_minus_frozen_proxy,Qmin,dimensionless,4,0.12631889218185632,0.15337633136704557,-0.0537508874839312,0.10379934241207511,0.22571629746405364,0.24298350205009717,PROVISIONAL_SMALL_REQUEST_N,4,0.04994442634771712,0.2108036988341806,0.05148934145282937,0.2275372918531669,-0.20454457429388917,0.0932363381898127,0.037426177267134264,0.2602507066361408,0.062462675428299974,0.2602507066361408,0.062462675428299974,0.2602507066361408,20,4,4,0,0,2,0,0,14,4,4,4,6,,0.6666666666666666,0.2,1.0,NOT_ESTIMABLE,,,PROVISIONAL_SMALL_REQUEST_N,0.3333333333333333,1.0,PROVISIONAL_SMALL_REQUEST_N,1.0,1.0,NOT_PRIMARY; use physical units and frozen spans
5,f5-fac1f3ff42e4,FORMAL_10K,HELDOUT_TRIPLE_AUDIT,STRICT_LUMPED,f12d43eace12231077007dc497fee8dad00fbe58cb2f1fe2c6159c47636b97a0,selected_q_proxy,all_finite_diagnostic,emx_minus_frozen_proxy,K_abs,dimensionless,4,0.0025487762717565504,0.002843183761696114,0.001951317784672571,0.002421342572014651,0.003928775249466993,0.004043139109147966,PROVISIONAL_SMALL_REQUEST_N,4,0.0013212624402874074,0.0037762901032256935,0.0013272895738772213,0.0037954828668592035,-4.7418421220357665e-05,0.0037762901032256935,0.0011949169741679588,0.004157502968828941,0.0014476079064068559,0.004157502968828941,0.0014476079064068559,0.004157502968828941,20,4,4,0,0,2,0,0,14,4,4,4,6,,0.6666666666666666,0.2,1.0,NOT_ESTIMABLE,,,PROVISIONAL_SMALL_REQUEST_N,0.3333333333333333,1.0,PROVISIONAL_SMALL_REQUEST_N,1.0,1.0,NOT_PRIMARY; use physical units and frozen spans
10,f10-d26d41688df1,FORMAL_10K,HELDOUT_TRIPLE_AUDIT,STRICT_LUMPED,f12d43eace12231077007dc497fee8dad00fbe58cb2f1fe2c6159c47636b97a0,all_candidates,strict_valid,emx_minus_target,Lp_nH,nH,58,0.12433516522159736,0.1989593435686837,-0.11744103553172734,0.034205020155973376,0.3229834723663772,0.48544553320092826,PROVISIONAL_SMALL_REQUEST_N,6,0.08753905339114897,0.16248860731502138,0.1348484550219679,0.24538430797869396,-0.1551363947968273,-0.08013226941673662,0.015105136471730285,0.0786850015254954,0.25522690238345797,0.4920928253992427,0.2842375448932525,0.5636987919431896,220,58,58,0,0,6,2,0,154,29,58,58,66,,0.4393939393939394,0.1318181818181818,0.5,NOT_ESTIMABLE,,,PROVISIONAL_SMALL_REQUEST_N,0.3484848484848485,0.5454545454545454,PROVISIONAL_SMALL_REQUEST_N,0.4,0.6,NOT_PRIMARY; use physical units and frozen spans
10,f10-d26d41688df1,FORMAL_10K,HELDOUT_TRIPLE_AUDIT,STRICT_LUMPED,f12d43eace12231077007dc497fee8dad00fbe58cb2f1fe2c6159c47636b97a0,all_candidates,strict_valid,emx_minus_target,Ls_nH,nH,58,0.08524763401387836,0.1339401239370482,-0.03351011786665718,0.036409896600751335,0.2642275968420699,0.31750900175115043,PROVISIONAL_SMALL_REQUEST_N,6,0.04107044494587583,0.14140432530034241,0.06499798374075512,0.1931406741145325,-0.11538985850516496,0.039017031704322615,0.012842536602138521,0.07709987499069915,0.11630442588688528,0.32520218842293175,0.14237744566104835,0.33095448801614,220,58,58,0,0,6,2,0,154,29,58,58,66,,0.4393939393939394,0.1318181818181818,0.5,NOT_ESTIMABLE,,,PROVISIONAL_SMALL_REQUEST_N,0.3484848484848485,0.5454545454545454,PROVISIONAL_SMALL_REQUEST_N,0.4,0.6,NOT_PRIMARY; use physical units and frozen spans
10,f10-d26d41688df1,FORMAL_10K,HELDOUT_TRIPLE_AUDIT,STRICT_LUMPED,f12d43eace12231077007dc497fee8dad00fbe58cb2f1fe2c6159c47636b97a0,all_candidates,strict_valid,emx_minus_target,Qmin,dimensionless,58,1.8645795628956396,2.735389145237777,-1.785876751267176,0.8531923527533296,5.0194277969043215,5.333965278190489,PROVISIONAL_SMALL_REQUEST_N,6,1.476213926861493,2.252849031515208,2.3225137095520387,3.1074551660346903,-2.1628797232845587,-1.3898974432389333,0.3177580683122718,1.924779004332139,4.4426377328137026,5.776711631094223,5.023168214162631,6.277613082161865,220,58,58,0,0,6,2,0,154,29,58,58,66,,0.4393939393939394,0.1318181818181818,0.5,NOT_ESTIMABLE,,,PROVISIONAL_SMALL_REQUEST_N,0.3484848484848485,0.5454545454545454,PROVISIONAL_SMALL_REQUEST_N,0.4,0.6,NOT_PRIMARY; use physical units and frozen spans
10,f10-d26d41688df1,FORMAL_10K,HELDOUT_TRIPLE_AUDIT,STRICT_LUMPED,f12d43eace12231077007dc497fee8dad00fbe58cb2f1fe2c6159c47636b97a0,all_candidates,strict_valid,emx_minus_target,K_abs,dimensionless,58,0.04102531689707563,0.07334464922883555,-0.03248677287122027,0.013436530715507322,0.12954583010490053,0.18431429972723068,PROVISIONAL_SMALL_REQUEST_N,6,0.018094571678334174,0.06339474813825302,0.033351293927587684,0.0988957372601304,-0.05671526415938625,-0.0077097568974628045,0.0035248567305585232,0.027184372447235955,0.05483151822694768,0.20420552112771148,0.08371577856280255,0.21915568436786076,220,58,58,0,0,6,2,0,154,29,58,58,66,,0.4393939393939394,0.1318181818181818,0.5,NOT_ESTIMABLE,,,PROVISIONAL_SMALL_REQUEST_N,0.3484848484848485,0.5454545454545454,PROVISIONAL_SMALL_REQUEST_N,0.4,0.6,NOT_PRIMARY; use physical units and frozen spans
10,f10-d26d41688df1,FORMAL_10K,HELDOUT_TRIPLE_AUDIT,STRICT_LUMPED,f12d43eace12231077007dc497fee8dad00fbe58cb2f1fe2c6159c47636b97a0,all_candidates,strict_valid,emx_minus_frozen_proxy,Lp_nH,nH,58,0.009302000468439339,0.011454050595030324,0.007340412165539945,0.008445164668529626,0.01741964907708318,0.01841429859182595,PROVISIONAL_SMALL_REQUEST_N,6,0.008015009211830569,0.010768159415343082,0.00979370566934016,0.013147912740853746,0.004832647420388597,0.010178423825498132,0.005718547037532717,0.010261189577374662,0.015503479139260312,0.019697218267022754,0.016509412056333,0.029675136222043874,220,58,58,0,0,6,2,0,154,29,58,58,66,,0.4393939393939394,0.1318181818181818,0.5,NOT_ESTIMABLE,,,PROVISIONAL_SMALL_REQUEST_N,0.3484848484848485,0.5454545454545454,PROVISIONAL_SMALL_REQUEST_N,0.4,0.6,NOT_PRIMARY; use physical units and frozen spans
10,f10-d26d41688df1,FORMAL_10K,HELDOUT_TRIPLE_AUDIT,STRICT_LUMPED,f12d43eace12231077007dc497fee8dad00fbe58cb2f1fe2c6159c47636b97a0,all_candidates,strict_valid,emx_minus_frozen_proxy,Ls_nH,nH,58,0.015992808213743458,0.02007147902238868,0.014265754115742295,0.014002640655079057,0.03422337300441403,0.040256700813556257,PROVISIONAL_SMALL_REQUEST_N,6,0.014659974400547789,0.017554367675579014,0.01823031926518994,0.02208134407101468,0.013283159408367617,0.015491390623581394,0.01258530860225704,0.01629731048634353,0.029937662791726792,0.04073138749285632,0.03189055139769792,0.04128934876736262,220,58,58,0,0,6,2,0,154,29,58,58,66,,0.4393939393939394,0.1318181818181818,0.5,NOT_ESTIMABLE,,,PROVISIONAL_SMALL_REQUEST_N,0.3484848484848485,0.5454545454545454,PROVISIONAL_SMALL_REQUEST_N,0.4,0.6,NOT_PRIMARY; use physical units and frozen spans
10,f10-d26d41688df1,FORMAL_10K,HELDOUT_TRIPLE_AUDIT,STRICT_LUMPED,f12d43eace12231077007dc497fee8dad00fbe58cb2f1fe2c6159c47636b97a0,all_candidates,strict_valid,emx_minus_frozen_proxy,Qmin,dimensionless,58,0.18387381737465824,0.24707642198123614,-0.10459265247756641,0.1433317299793755,0.39327415480647243,0.5879125854205421,PROVISIONAL_SMALL_REQUEST_N,6,0.13349709422787046,0.2781613667556037,0.16215853459362067,0.36099267040477473,-0.221682904842269,-0.02112146007273,0.1053965733303599,0.18636526657569252,0.23102896147182328,0.6048050596895598,0.2941181810645368,0.6446119794189666,220,58,58,0,0,6,2,0,154,29,58,58,66,,0.4393939393939394,0.1318181818181818,0.5,NOT_ESTIMABLE,,,PROVISIONAL_SMALL_REQUEST_N,0.3484848484848485,0.5454545454545454,PROVISIONAL_SMALL_REQUEST_N,0.4,0.6,NOT_PRIMARY; use physical units and frozen spans
10,f10-d26d41688df1,FORMAL_10K,HELDOUT_TRIPLE_AUDIT,STRICT_LUMPED,f12d43eace12231077007dc497fee8dad00fbe58cb2f1fe2c6159c47636b97a0,all_candidates,strict_valid,emx_minus_frozen_proxy,K_abs,dimensionless,58,0.004324962211187831,0.006258821856118035,0.0004251970562297842,0.0032105720779679325,0.010457412986331757,0.013503765234293214,PROVISIONAL_SMALL_REQUEST_N,6,0.0027763922753053258,0.0057683258281254835,0.003966869292541279,0.008183127819232066,-0.0007772078745928143,0.001832584261596586,0.0014902752775343142,0.003756326132067056,0.005497464831634658,0.013942489857866995,0.007088151651123975,0.01875290885375016,220,58,58,0,0,6,2,0,154,29,58,58,66,,0.4393939393939394,0.1318181818181818,0.5,NOT_ESTIMABLE,,,PROVISIONAL_SMALL_REQUEST_N,0.3484848484848485,0.5454545454545454,PROVISIONAL_SMALL_REQUEST_N,0.4,0.6,NOT_PRIMARY; use physical units and frozen spans
10,f10-d26d41688df1,FORMAL_10K,HELDOUT_TRIPLE_AUDIT,STRICT_LUMPED,f12d43eace12231077007dc497fee8dad00fbe58cb2f1fe2c6159c47636b97a0,all_candidates,all_finite_diagnostic,emx_minus_target,Lp_nH,nH,58,0.12433516522159736,0.1989593435686837,-0.11744103553172734,0.034205020155973376,0.3229834723663772,0.48544553320092826,PROVISIONAL_SMALL_REQUEST_N,6,0.08753905339114897,0.16248860731502138,0.1348484550219679,0.24538430797869396,-0.1551363947968273,-0.08013226941673662,0.015105136471730285,0.0786850015254954,0.25522690238345797,0.4920928253992427,0.2842375448932525,0.5636987919431896,220,58,58,0,0,6,2,0,154,29,58,58,66,,0.4393939393939394,0.1318181818181818,0.5,NOT_ESTIMABLE,,,PROVISIONAL_SMALL_REQUEST_N,0.3484848484848485,0.5454545454545454,PROVISIONAL_SMALL_REQUEST_N,0.4,0.6,NOT_PRIMARY; use physical units and frozen spans
10,f10-d26d41688df1,FORMAL_10K,HELDOUT_TRIPLE_AUDIT,STRICT_LUMPED,f12d43eace12231077007dc497fee8dad00fbe58cb2f1fe2c6159c47636b97a0,all_candidates,all_finite_diagnostic,emx_minus_target,Ls_nH,nH,58,0.08524763401387836,0.1339401239370482,-0.03351011786665718,0.036409896600751335,0.2642275968420699,0.31750900175115043,PROVISIONAL_SMALL_REQUEST_N,6,0.04107044494587583,0.14140432530034241,0.06499798374075512,0.1931406741145325,-0.11538985850516496,0.039017031704322615,0.012842536602138521,0.07709987499069915,0.11630442588688528,0.32520218842293175,0.14237744566104835,0.33095448801614,220,58,58,0,0,6,2,0,154,29,58,58,66,,0.4393939393939394,0.1318181818181818,0.5,NOT_ESTIMABLE,,,PROVISIONAL_SMALL_REQUEST_N,0.3484848484848485,0.5454545454545454,PROVISIONAL_SMALL_REQUEST_N,0.4,0.6,NOT_PRIMARY; use physical units and frozen spans
10,f10-d26d41688df1,FORMAL_10K,HELDOUT_TRIPLE_AUDIT,STRICT_LUMPED,f12d43eace12231077007dc497fee8dad00fbe58cb2f1fe2c6159c47636b97a0,all_candidates,all_finite_diagnostic,emx_minus_target,Qmin,dimensionless,58,1.8645795628956396,2.735389145237777,-1.785876751267176,0.8531923527533296,5.0194277969043215,5.333965278190489,PROVISIONAL_SMALL_REQUEST_N,6,1.476213926861493,2.252849031515208,2.3225137095520387,3.1074551660346903,-2.1628797232845587,-1.3898974432389333,0.3177580683122718,1.924779004332139,4.4426377328137026,5.776711631094223,5.023168214162631,6.277613082161865,220,58,58,0,0,6,2,0,154,29,58,58,66,,0.4393939393939394,0.1318181818181818,0.5,NOT_ESTIMABLE,,,PROVISIONAL_SMALL_REQUEST_N,0.3484848484848485,0.5454545454545454,PROVISIONAL_SMALL_REQUEST_N,0.4,0.6,NOT_PRIMARY; use physical units and frozen spans
10,f10-d26d41688df1,FORMAL_10K,HELDOUT_TRIPLE_AUDIT,STRICT_LUMPED,f12d43eace12231077007dc497fee8dad00fbe58cb2f1fe2c6159c47636b97a0,all_candidates,all_finite_diagnostic,emx_minus_target,K_abs,dimensionless,58,0.04102531689707563,0.07334464922883555,-0.03248677287122027,0.013436530715507322,0.12954583010490053,0.18431429972723068,PROVISIONAL_SMALL_REQUEST_N,6,0.018094571678334174,0.06339474813825302,0.033351293927587684,0.0988957372601304,-0.05671526415938625,-0.0077097568974628045,0.0035248567305585232,0.027184372447235955,0.05483151822694768,0.20420552112771148,0.08371577856280255,0.21915568436786076,220,58,58,0,0,6,2,0,154,29,58,58,66,,0.4393939393939394,0.1318181818181818,0.5,NOT_ESTIMABLE,,,PROVISIONAL_SMALL_REQUEST_N,0.3484848484848485,0.5454545454545454,PROVISIONAL_SMALL_REQUEST_N,0.4,0.6,NOT_PRIMARY; use physical units and frozen spans
10,f10-d26d41688df1,FORMAL_10K,HELDOUT_TRIPLE_AUDIT,STRICT_LUMPED,f12d43eace12231077007dc497fee8dad00fbe58cb2f1fe2c6159c47636b97a0,all_candidates,all_finite_diagnostic,emx_minus_frozen_proxy,Lp_nH,nH,58,0.009302000468439339,0.011454050595030324,0.007340412165539945,0.008445164668529626,0.01741964907708318,0.01841429859182595,PROVISIONAL_SMALL_REQUEST_N,6,0.008015009211830569,0.010768159415343082,0.00979370566934016,0.013147912740853746,0.004832647420388597,0.010178423825498132,0.005718547037532717,0.010261189577374662,0.015503479139260312,0.019697218267022754,0.016509412056333,0.029675136222043874,220,58,58,0,0,6,2,0,154,29,58,58,66,,0.4393939393939394,0.1318181818181818,0.5,NOT_ESTIMABLE,,,PROVISIONAL_SMALL_REQUEST_N,0.3484848484848485,0.5454545454545454,PROVISIONAL_SMALL_REQUEST_N,0.4,0.6,NOT_PRIMARY; use physical units and frozen spans
10,f10-d26d41688df1,FORMAL_10K,HELDOUT_TRIPLE_AUDIT,STRICT_LUMPED,f12d43eace12231077007dc497fee8dad00fbe58cb2f1fe2c6159c47636b97a0,all_candidates,all_finite_diagnostic,emx_minus_frozen_proxy,Ls_nH,nH,58,0.015992808213743458,0.02007147902238868,0.014265754115742295,0.014002640655079057,0.03422337300441403,0.040256700813556257,PROVISIONAL_SMALL_REQUEST_N,6,0.014659974400547789,0.017554367675579014,0.01823031926518994,0.02208134407101468,0.013283159408367617,0.015491390623581394,0.01258530860225704,0.01629731048634353,0.029937662791726792,0.04073138749285632,0.03189055139769792,0.04128934876736262,220,58,58,0,0,6,2,0,154,29,58,58,66,,0.4393939393939394,0.1318181818181818,0.5,NOT_ESTIMABLE,,,PROVISIONAL_SMALL_REQUEST_N,0.3484848484848485,0.5454545454545454,PROVISIONAL_SMALL_REQUEST_N,0.4,0.6,NOT_PRIMARY; use physical units and frozen spans
10,f10-d26d41688df1,FORMAL_10K,HELDOUT_TRIPLE_AUDIT,STRICT_LUMPED,f12d43eace12231077007dc497fee8dad00fbe58cb2f1fe2c6159c47636b97a0,all_candidates,all_finite_diagnostic,emx_minus_frozen_proxy,Qmin,dimensionless,58,0.18387381737465824,0.24707642198123614,-0.10459265247756641,0.1433317299793755,0.39327415480647243,0.5879125854205421,PROVISIONAL_SMALL_REQUEST_N,6,0.13349709422787046,0.2781613667556037,0.16215853459362067,0.36099267040477473,-0.221682904842269,-0.02112146007273,0.1053965733303599,0.18636526657569252,0.23102896147182328,0.6048050596895598,0.2941181810645368,0.6446119794189666,220,58,58,0,0,6,2,0,154,29,58,58,66,,0.4393939393939394,0.1318181818181818,0.5,NOT_ESTIMABLE,,,PROVISIONAL_SMALL_REQUEST_N,0.3484848484848485,0.5454545454545454,PROVISIONAL_SMALL_REQUEST_N,0.4,0.6,NOT_PRIMARY; use physical units and frozen spans
10,f10-d26d41688df1,FORMAL_10K,HELDOUT_TRIPLE_AUDIT,STRICT_LUMPED,f12d43eace12231077007dc497fee8dad00fbe58cb2f1fe2c6159c47636b97a0,all_candidates,all_finite_diagnostic,emx_minus_frozen_proxy,K_abs,dimensionless,58,0.004324962211187831,0.006258821856118035,0.0004251970562297842,0.0032105720779679325,0.010457412986331757,0.013503765234293214,PROVISIONAL_SMALL_REQUEST_N,6,0.0027763922753053258,0.0057683258281254835,0.003966869292541279,0.008183127819232066,-0.0007772078745928143,0.001832584261596586,0.0014902752775343142,0.003756326132067056,0.005497464831634658,0.013942489857866995,0.007088151651123975,0.01875290885375016,220,58,58,0,0,6,2,0,154,29,58,58,66,,0.4393939393939394,0.1318181818181818,0.5,NOT_ESTIMABLE,,,PROVISIONAL_SMALL_REQUEST_N,0.3484848484848485,0.5454545454545454,PROVISIONAL_SMALL_REQUEST_N,0.4,0.6,NOT_PRIMARY; use physical units and frozen spans
10,f10-d26d41688df1,FORMAL_10K,HELDOUT_TRIPLE_AUDIT,STRICT_LUMPED,f12d43eace12231077007dc497fee8dad00fbe58cb2f1fe2c6159c47636b97a0,selected_q_proxy,strict_valid,emx_minus_target,Lp_nH,nH,6,0.0073221442911730605,0.009460474764234962,0.004825225389549844,0.00530945247875747,0.015398907243079574,0.015515818496812162,PROVISIONAL_SMALL_REQUEST_N,6,0.0030341498302644356,0.012035755654972205,0.003693038227042818,0.012962204156935218,-0.001556203142288289,0.011206653921387977,0.0012580731516821375,0.015398907243079574,0.00530945247875747,0.01563272975054475,0.005914679724798033,0.01563272975054475,20,6,6,0,0,0,0,0,14,6,6,6,6,,1.0,0.3,1.0,NOT_ESTIMABLE,,,PROVISIONAL_SMALL_REQUEST_N,1.0,1.0,PROVISIONAL_SMALL_REQUEST_N,1.0,1.0,NOT_PRIMARY; use physical units and frozen spans
10,f10-d26d41688df1,FORMAL_10K,HELDOUT_TRIPLE_AUDIT,STRICT_LUMPED,f12d43eace12231077007dc497fee8dad00fbe58cb2f1fe2c6159c47636b97a0,selected_q_proxy,strict_valid,emx_minus_target,Ls_nH,nH,6,0.007045321191560983,0.008313886775061606,0.0043133600750688466,0.008326971417208395,0.011583773841920109,0.0122547141973946,PROVISIONAL_SMALL_REQUEST_N,6,0.0035924693494390945,0.01049817303368287,0.00500560540264127,0.010667380982879986,-0.001070536388942167,0.009647684920103403,0.0012252183155544438,0.011583773841920109,0.008326971417208395,0.012925654552869092,0.00839251545107439,0.012925654552869092,20,6,6,0,0,0,0,0,14,6,6,6,6,,1.0,0.3,1.0,NOT_ESTIMABLE,,,PROVISIONAL_SMALL_REQUEST_N,1.0,1.0,PROVISIONAL_SMALL_REQUEST_N,1.0,1.0,NOT_PRIMARY; use physical units and frozen spans
10,f10-d26d41688df1,FORMAL_10K,HELDOUT_TRIPLE_AUDIT,STRICT_LUMPED,f12d43eace12231077007dc497fee8dad00fbe58cb2f1fe2c6159c47636b97a0,selected_q_proxy,strict_valid,emx_minus_target,Qmin,dimensionless,6,0.07403780147327055,0.08273525114868928,-0.010187013198557082,0.05456394292541322,0.12509858428520904,0.12832439345379276,PROVISIONAL_SMALL_REQUEST_N,6,0.046530298964666095,0.10361408465396445,0.04731664692007523,0.10954988677277848,-0.0700745222687645,0.05990251623607559,0.042450877209189386,0.12509858428520904,0.05456394292541322,0.1315502026223765,0.057283052563588566,0.1315502026223765,20,6,6,0,0,0,0,0,14,6,6,6,6,,1.0,0.3,1.0,NOT_ESTIMABLE,,,PROVISIONAL_SMALL_REQUEST_N,1.0,1.0,PROVISIONAL_SMALL_REQUEST_N,1.0,1.0,NOT_PRIMARY; use physical units and frozen spans
10,f10-d26d41688df1,FORMAL_10K,HELDOUT_TRIPLE_AUDIT,STRICT_LUMPED,f12d43eace12231077007dc497fee8dad00fbe58cb2f1fe2c6159c47636b97a0,selected_q_proxy,strict_valid,emx_minus_target,K_abs,dimensionless,6,0.0053497182052732505,0.009055965276345654,0.0027958112485662093,0.0022061269768509917,0.01221829418075919,0.01693621115727486,PROVISIONAL_SMALL_REQUEST_N,6,0.001818531297756711,0.011884021240125131,0.0018594676124570487,0.015388199696217006,-0.002012329137303851,0.010697593636241348,0.0016247334582095707,0.01221829418075919,0.0022061269768509917,0.02165412813379053,0.002418162776566271,0.02165412813379053,20,6,6,0,0,0,0,0,14,6,6,6,6,,1.0,0.3,1.0,NOT_ESTIMABLE,,,PROVISIONAL_SMALL_REQUEST_N,1.0,1.0,PROVISIONAL_SMALL_REQUEST_N,1.0,1.0,NOT_PRIMARY; use physical units and frozen spans
10,f10-d26d41688df1,FORMAL_10K,HELDOUT_TRIPLE_AUDIT,STRICT_LUMPED,f12d43eace12231077007dc497fee8dad00fbe58cb2f1fe2c6159c47636b97a0,selected_q_proxy,strict_valid,emx_minus_frozen_proxy,Lp_nH,nH,6,0.006660008291954456,0.008198932349512647,0.003668353541381101,0.004487482125860032,0.012883565231112226,0.01419352218518627,PROVISIONAL_SMALL_REQUEST_N,6,0.0034344480388900736,0.01075061772402349,0.0036174322297944732,0.011881248186226719,-0.0019276758178755605,0.009454092666412802,0.002608977518891109,0.012883565231112226,0.004487482125860032,0.015503479139260312,0.0051030145816963746,0.015503479139260312,20,6,6,0,0,0,0,0,14,6,6,6,6,,1.0,0.3,1.0,NOT_ESTIMABLE,,,PROVISIONAL_SMALL_REQUEST_N,1.0,1.0,PROVISIONAL_SMALL_REQUEST_N,1.0,1.0,NOT_PRIMARY; use physical units and frozen spans
10,f10-d26d41688df1,FORMAL_10K,HELDOUT_TRIPLE_AUDIT,STRICT_LUMPED,f12d43eace12231077007dc497fee8dad00fbe58cb2f1fe2c6159c47636b97a0,selected_q_proxy,strict_valid,emx_minus_frozen_proxy,Ls_nH,nH,6,0.0085222763358113,0.010213995913070968,0.007129424487367679,0.006794049440196126,0.015602516466677097,0.016871306309506062,PROVISIONAL_SMALL_REQUEST_N,6,0.004451844628757917,0.01330734557144834,0.004992435134581127,0.01407001862175018,0.001797363298506327,0.013301564435245513,0.0031702631005606774,0.015602516466677097,0.006794049440196126,0.018140096152335028,0.008101796387628757,0.018140096152335028,20,6,6,0,0,0,0,0,14,6,6,6,6,,1.0,0.3,1.0,NOT_ESTIMABLE,,,PROVISIONAL_SMALL_REQUEST_N,1.0,1.0,PROVISIONAL_SMALL_REQUEST_N,1.0,1.0,NOT_PRIMARY; use physical units and frozen spans
10,f10-d26d41688df1,FORMAL_10K,HELDOUT_TRIPLE_AUDIT,STRICT_LUMPED,f12d43eace12231077007dc497fee8dad00fbe58cb2f1fe2c6159c47636b97a0,selected_q_proxy,strict_valid,emx_minus_frozen_proxy,Qmin,dimensionless,6,0.08076730026246122,0.09472944177314656,-0.0338562560574438,0.061662619712374855,0.14582669555229888,0.14837347702092218,PROVISIONAL_SMALL_REQUEST_N,6,0.04379344599865466,0.11946985791807307,0.04777726305782378,0.12712985581401712,-0.09936800577034302,0.044026082190328886,0.03481258552270994,0.14582669555229888,0.061662619712374855,0.1509202584895455,0.07406653145863062,0.1509202584895455,20,6,6,0,0,0,0,0,14,6,6,6,6,,1.0,0.3,1.0,NOT_ESTIMABLE,,,PROVISIONAL_SMALL_REQUEST_N,1.0,1.0,PROVISIONAL_SMALL_REQUEST_N,1.0,1.0,NOT_PRIMARY; use physical units and frozen spans
10,f10-d26d41688df1,FORMAL_10K,HELDOUT_TRIPLE_AUDIT,STRICT_LUMPED,f12d43eace12231077007dc497fee8dad00fbe58cb2f1fe2c6159c47636b97a0,selected_q_proxy,strict_valid,emx_minus_frozen_proxy,K_abs,dimensionless,6,0.00528468079942597,0.009378732361585821,0.003296758261438775,0.002150001861739609,0.012872158591297117,0.01767640091694757,PROVISIONAL_SMALL_REQUEST_N,6,0.0012544628750442526,0.012354106391801017,0.0014861106035969232,0.015987252620560714,-0.0017095451218762184,0.011216559482250758,0.0008318819452411835,0.012872158591297117,0.002150001861739609,0.02248064324259802,0.002498123209157127,0.02248064324259802,20,6,6,0,0,0,0,0,14,6,6,6,6,,1.0,0.3,1.0,NOT_ESTIMABLE,,,PROVISIONAL_SMALL_REQUEST_N,1.0,1.0,PROVISIONAL_SMALL_REQUEST_N,1.0,1.0,NOT_PRIMARY; use physical units and frozen spans
10,f10-d26d41688df1,FORMAL_10K,HELDOUT_TRIPLE_AUDIT,STRICT_LUMPED,f12d43eace12231077007dc497fee8dad00fbe58cb2f1fe2c6159c47636b97a0,selected_q_proxy,all_finite_diagnostic,emx_minus_target,Lp_nH,nH,6,0.0073221442911730605,0.009460474764234962,0.004825225389549844,0.00530945247875747,0.015398907243079574,0.015515818496812162,PROVISIONAL_SMALL_REQUEST_N,6,0.0030341498302644356,0.012035755654972205,0.003693038227042818,0.012962204156935218,-0.001556203142288289,0.011206653921387977,0.0012580731516821375,0.015398907243079574,0.00530945247875747,0.01563272975054475,0.005914679724798033,0.01563272975054475,20,6,6,0,0,0,0,0,14,6,6,6,6,,1.0,0.3,1.0,NOT_ESTIMABLE,,,PROVISIONAL_SMALL_REQUEST_N,1.0,1.0,PROVISIONAL_SMALL_REQUEST_N,1.0,1.0,NOT_PRIMARY; use physical units and frozen spans
10,f10-d26d41688df1,FORMAL_10K,HELDOUT_TRIPLE_AUDIT,STRICT_LUMPED,f12d43eace12231077007dc497fee8dad00fbe58cb2f1fe2c6159c47636b97a0,selected_q_proxy,all_finite_diagnostic,emx_minus_target,Ls_nH,nH,6,0.007045321191560983,0.008313886775061606,0.0043133600750688466,0.008326971417208395,0.011583773841920109,0.0122547141973946,PROVISIONAL_SMALL_REQUEST_N,6,0.0035924693494390945,0.01049817303368287,0.00500560540264127,0.010667380982879986,-0.001070536388942167,0.009647684920103403,0.0012252183155544438,0.011583773841920109,0.008326971417208395,0.012925654552869092,0.00839251545107439,0.012925654552869092,20,6,6,0,0,0,0,0,14,6,6,6,6,,1.0,0.3,1.0,NOT_ESTIMABLE,,,PROVISIONAL_SMALL_REQUEST_N,1.0,1.0,PROVISIONAL_SMALL_REQUEST_N,1.0,1.0,NOT_PRIMARY; use physical units and frozen spans
10,f10-d26d41688df1,FORMAL_10K,HELDOUT_TRIPLE_AUDIT,STRICT_LUMPED,f12d43eace12231077007dc497fee8dad00fbe58cb2f1fe2c6159c47636b97a0,selected_q_proxy,all_finite_diagnostic,emx_minus_target,Qmin,dimensionless,6,0.07403780147327055,0.08273525114868928,-0.010187013198557082,0.05456394292541322,0.12509858428520904,0.12832439345379276,PROVISIONAL_SMALL_REQUEST_N,6,0.046530298964666095,0.10361408465396445,0.04731664692007523,0.10954988677277848,-0.0700745222687645,0.05990251623607559,0.042450877209189386,0.12509858428520904,0.05456394292541322,0.1315502026223765,0.057283052563588566,0.1315502026223765,20,6,6,0,0,0,0,0,14,6,6,6,6,,1.0,0.3,1.0,NOT_ESTIMABLE,,,PROVISIONAL_SMALL_REQUEST_N,1.0,1.0,PROVISIONAL_SMALL_REQUEST_N,1.0,1.0,NOT_PRIMARY; use physical units and frozen spans
10,f10-d26d41688df1,FORMAL_10K,HELDOUT_TRIPLE_AUDIT,STRICT_LUMPED,f12d43eace12231077007dc497fee8dad00fbe58cb2f1fe2c6159c47636b97a0,selected_q_proxy,all_finite_diagnostic,emx_minus_target,K_abs,dimensionless,6,0.0053497182052732505,0.009055965276345654,0.0027958112485662093,0.0022061269768509917,0.01221829418075919,0.01693621115727486,PROVISIONAL_SMALL_REQUEST_N,6,0.001818531297756711,0.011884021240125131,0.0018594676124570487,0.015388199696217006,-0.002012329137303851,0.010697593636241348,0.0016247334582095707,0.01221829418075919,0.0022061269768509917,0.02165412813379053,0.002418162776566271,0.02165412813379053,20,6,6,0,0,0,0,0,14,6,6,6,6,,1.0,0.3,1.0,NOT_ESTIMABLE,,,PROVISIONAL_SMALL_REQUEST_N,1.0,1.0,PROVISIONAL_SMALL_REQUEST_N,1.0,1.0,NOT_PRIMARY; use physical units and frozen spans
10,f10-d26d41688df1,FORMAL_10K,HELDOUT_TRIPLE_AUDIT,STRICT_LUMPED,f12d43eace12231077007dc497fee8dad00fbe58cb2f1fe2c6159c47636b97a0,selected_q_proxy,all_finite_diagnostic,emx_minus_frozen_proxy,Lp_nH,nH,6,0.006660008291954456,0.008198932349512647,0.003668353541381101,0.004487482125860032,0.012883565231112226,0.01419352218518627,PROVISIONAL_SMALL_REQUEST_N,6,0.0034344480388900736,0.01075061772402349,0.0036174322297944732,0.011881248186226719,-0.0019276758178755605,0.009454092666412802,0.002608977518891109,0.012883565231112226,0.004487482125860032,0.015503479139260312,0.0051030145816963746,0.015503479139260312,20,6,6,0,0,0,0,0,14,6,6,6,6,,1.0,0.3,1.0,NOT_ESTIMABLE,,,PROVISIONAL_SMALL_REQUEST_N,1.0,1.0,PROVISIONAL_SMALL_REQUEST_N,1.0,1.0,NOT_PRIMARY; use physical units and frozen spans
10,f10-d26d41688df1,FORMAL_10K,HELDOUT_TRIPLE_AUDIT,STRICT_LUMPED,f12d43eace12231077007dc497fee8dad00fbe58cb2f1fe2c6159c47636b97a0,selected_q_proxy,all_finite_diagnostic,emx_minus_frozen_proxy,Ls_nH,nH,6,0.0085222763358113,0.010213995913070968,0.007129424487367679,0.006794049440196126,0.015602516466677097,0.016871306309506062,PROVISIONAL_SMALL_REQUEST_N,6,0.004451844628757917,0.01330734557144834,0.004992435134581127,0.01407001862175018,0.001797363298506327,0.013301564435245513,0.0031702631005606774,0.015602516466677097,0.006794049440196126,0.018140096152335028,0.008101796387628757,0.018140096152335028,20,6,6,0,0,0,0,0,14,6,6,6,6,,1.0,0.3,1.0,NOT_ESTIMABLE,,,PROVISIONAL_SMALL_REQUEST_N,1.0,1.0,PROVISIONAL_SMALL_REQUEST_N,1.0,1.0,NOT_PRIMARY; use physical units and frozen spans
10,f10-d26d41688df1,FORMAL_10K,HELDOUT_TRIPLE_AUDIT,STRICT_LUMPED,f12d43eace12231077007dc497fee8dad00fbe58cb2f1fe2c6159c47636b97a0,selected_q_proxy,all_finite_diagnostic,emx_minus_frozen_proxy,Qmin,dimensionless,6,0.08076730026246122,0.09472944177314656,-0.0338562560574438,0.061662619712374855,0.14582669555229888,0.14837347702092218,PROVISIONAL_SMALL_REQUEST_N,6,0.04379344599865466,0.11946985791807307,0.04777726305782378,0.12712985581401712,-0.09936800577034302,0.044026082190328886,0.03481258552270994,0.14582669555229888,0.061662619712374855,0.1509202584895455,0.07406653145863062,0.1509202584895455,20,6,6,0,0,0,0,0,14,6,6,6,6,,1.0,0.3,1.0,NOT_ESTIMABLE,,,PROVISIONAL_SMALL_REQUEST_N,1.0,1.0,PROVISIONAL_SMALL_REQUEST_N,1.0,1.0,NOT_PRIMARY; use physical units and frozen spans
10,f10-d26d41688df1,FORMAL_10K,HELDOUT_TRIPLE_AUDIT,STRICT_LUMPED,f12d43eace12231077007dc497fee8dad00fbe58cb2f1fe2c6159c47636b97a0,selected_q_proxy,all_finite_diagnostic,emx_minus_frozen_proxy,K_abs,dimensionless,6,0.00528468079942597,0.009378732361585821,0.003296758261438775,0.002150001861739609,0.012872158591297117,0.01767640091694757,PROVISIONAL_SMALL_REQUEST_N,6,0.0012544628750442526,0.012354106391801017,0.0014861106035969232,0.015987252620560714,-0.0017095451218762184,0.011216559482250758,0.0008318819452411835,0.012872158591297117,0.002150001861739609,0.02248064324259802,0.002498123209157127,0.02248064324259802,20,6,6,0,0,0,0,0,14,6,6,6,6,,1.0,0.3,1.0,NOT_ESTIMABLE,,,PROVISIONAL_SMALL_REQUEST_N,1.0,1.0,PROVISIONAL_SMALL_REQUEST_N,1.0,1.0,NOT_PRIMARY; use physical units and frozen spans
20,f20-4d6b0c6066ee,FORMAL_10K,HELDOUT_TRIPLE_AUDIT,STRICT_LUMPED,f12d43eace12231077007dc497fee8dad00fbe58cb2f1fe2c6159c47636b97a0,all_candidates,strict_valid,emx_minus_target,Lp_nH,nH,39,0.06313614877503988,0.09530496408844687,0.04785480758582732,0.0382045786283195,0.18927717380879586,0.23913299601245322,PROVISIONAL_SMALL_REQUEST_N,5,0.037210581061757106,0.10914936324517627,0.04662694294229001,0.1461495738094211,0.009352895740894533,0.09931872328394917,0.030882795209333735,0.05204742756290259,0.07125986794319816,0.2478528319960711,0.08890408955654017,0.2515658081081664,220,48,39,9,5,5,0,0,162,14,48,48,55,,0.2545454545454545,0.06363636363636363,0.358974358974359,NOT_ESTIMABLE,,,PROVISIONAL_SMALL_REQUEST_N,0.10909090909090909,0.4,PROVISIONAL_SMALL_REQUEST_N,0.17142857142857143,0.5263157894736842,NOT_PRIMARY; use physical units and frozen spans
20,f20-4d6b0c6066ee,FORMAL_10K,HELDOUT_TRIPLE_AUDIT,STRICT_LUMPED,f12d43eace12231077007dc497fee8dad00fbe58cb2f1fe2c6159c47636b97a0,all_candidates,strict_valid,emx_minus_target,Ls_nH,nH,39,0.03136839310123064,0.03965321337914378,0.004385269993977876,0.022387760184904737,0.06344470200860931,0.07985176793741353,PROVISIONAL_SMALL_REQUEST_N,5,0.02837117742921376,0.036264387364524156,0.03409416687328824,0.04405637077516945,-0.016254677359710635,0.023508032951142985,0.02074870466494383,0.028135080638512777,0.053536014061814075,0.07569682386856082,0.06019621638123196,0.10262687234995813,220,48,39,9,5,5,0,0,162,14,48,48,55,,0.2545454545454545,0.06363636363636363,0.358974358974359,NOT_ESTIMABLE,,,PROVISIONAL_SMALL_REQUEST_N,0.10909090909090909,0.4,PROVISIONAL_SMALL_REQUEST_N,0.17142857142857143,0.5263157894736842,NOT_PRIMARY; use physical units and frozen spans
20,f20-4d6b0c6066ee,FORMAL_10K,HELDOUT_TRIPLE_AUDIT,STRICT_LUMPED,f12d43eace12231077007dc497fee8dad00fbe58cb2f1fe2c6159c47636b97a0,all_candidates,strict_valid,emx_minus_target,Qmin,dimensionless,39,1.7284676952594538,2.437159247136728,-0.2726944575467709,1.1151313859020924,4.233867064585817,5.388005168245836,PROVISIONAL_SMALL_REQUEST_N,5,1.1608251488403365,2.345764100521214,1.6216576802064233,3.121783010317638,-1.5981135392732746,0.6831507246313012,0.8190363168677237,1.4269722124705133,2.6211307660050887,5.5374574755852946,3.4244190992264034,6.498872553239231,220,48,39,9,5,5,0,0,162,14,48,48,55,,0.2545454545454545,0.06363636363636363,0.358974358974359,NOT_ESTIMABLE,,,PROVISIONAL_SMALL_REQUEST_N,0.10909090909090909,0.4,PROVISIONAL_SMALL_REQUEST_N,0.17142857142857143,0.5263157894736842,NOT_PRIMARY; use physical units and frozen spans
20,f20-4d6b0c6066ee,FORMAL_10K,HELDOUT_TRIPLE_AUDIT,STRICT_LUMPED,f12d43eace12231077007dc497fee8dad00fbe58cb2f1fe2c6159c47636b97a0,all_candidates,strict_valid,emx_minus_target,K_abs,dimensionless,39,0.024918358788059612,0.033106398880717584,-0.0005966222938307205,0.020092691220532144,0.04708206581364101,0.07367950328440746,PROVISIONAL_SMALL_REQUEST_N,5,0.02108937975266617,0.029772304119088232,0.025196067332495853,0.04197767290524641,-0.01407588268385148,0.013714971253641172,0.01106814245534296,0.024057249902149025,0.037528068532498814,0.0754758346933942,0.041929252693614166,0.09931020455643275,220,48,39,9,5,5,0,0,162,14,48,48,55,,0.2545454545454545,0.06363636363636363,0.358974358974359,NOT_ESTIMABLE,,,PROVISIONAL_SMALL_REQUEST_N,0.10909090909090909,0.4,PROVISIONAL_SMALL_REQUEST_N,0.17142857142857143,0.5263157894736842,NOT_PRIMARY; use physical units and frozen spans
20,f20-4d6b0c6066ee,FORMAL_10K,HELDOUT_TRIPLE_AUDIT,STRICT_LUMPED,f12d43eace12231077007dc497fee8dad00fbe58cb2f1fe2c6159c47636b97a0,all_candidates,strict_valid,emx_minus_frozen_proxy,Lp_nH,nH,39,0.01957645610816992,0.02364614719759307,0.012703445497093005,0.017453777874134047,0.037645501211390375,0.041690918256345924,PROVISIONAL_SMALL_REQUEST_N,5,0.013555586973676098,0.02591421309184763,0.016787883006728666,0.029172635426991583,0.004539373808923647,0.021927225544712957,0.014079158741276743,0.025536201016742366,0.025422871009424353,0.04275341646825681,0.027876341406359417,0.05037330490300961,220,48,39,9,5,5,0,0,162,14,48,48,55,,0.2545454545454545,0.06363636363636363,0.358974358974359,NOT_ESTIMABLE,,,PROVISIONAL_SMALL_REQUEST_N,0.10909090909090909,0.4,PROVISIONAL_SMALL_REQUEST_N,0.17142857142857143,0.5263157894736842,NOT_PRIMARY; use physical units and frozen spans
20,f20-4d6b0c6066ee,FORMAL_10K,HELDOUT_TRIPLE_AUDIT,STRICT_LUMPED,f12d43eace12231077007dc497fee8dad00fbe58cb2f1fe2c6159c47636b97a0,all_candidates,strict_valid,emx_minus_frozen_proxy,Ls_nH,nH,39,0.008282688981953433,0.011642697798652867,-0.001391219890389136,0.005020458768983271,0.022254408623379806,0.02676375008071499,PROVISIONAL_SMALL_REQUEST_N,5,0.005636578091982962,0.01089375564953716,0.007921329085449482,0.014214621364836142,-0.0047121408854470664,0.0010664774504693007,0.0034820199790817075,0.01049563314295926,0.012573753992764947,0.02654137107198551,0.015551967889713136,0.029326486023523966,220,48,39,9,5,5,0,0,162,14,48,48,55,,0.2545454545454545,0.06363636363636363,0.358974358974359,NOT_ESTIMABLE,,,PROVISIONAL_SMALL_REQUEST_N,0.10909090909090909,0.4,PROVISIONAL_SMALL_REQUEST_N,0.17142857142857143,0.5263157894736842,NOT_PRIMARY; use physical units and frozen spans
20,f20-4d6b0c6066ee,FORMAL_10K,HELDOUT_TRIPLE_AUDIT,STRICT_LUMPED,f12d43eace12231077007dc497fee8dad00fbe58cb2f1fe2c6159c47636b97a0,all_candidates,strict_valid,emx_minus_frozen_proxy,Qmin,dimensionless,39,0.331941783254113,0.44044002924702724,-0.08359666181578881,0.24340122263200215,0.5646697556303323,0.6188380299019384,PROVISIONAL_SMALL_REQUEST_N,5,0.21332016042500548,0.45095319298285164,0.27060298112533687,0.5454612296194521,-0.2523880814927108,0.05166025572291881,0.17815624086667903,0.4960680475631758,0.371844979976844,0.5864309758254542,0.5220865020771971,1.4828241007970102,220,48,39,9,5,5,0,0,162,14,48,48,55,,0.2545454545454545,0.06363636363636363,0.358974358974359,NOT_ESTIMABLE,,,PROVISIONAL_SMALL_REQUEST_N,0.10909090909090909,0.4,PROVISIONAL_SMALL_REQUEST_N,0.17142857142857143,0.5263157894736842,NOT_PRIMARY; use physical units and frozen spans
20,f20-4d6b0c6066ee,FORMAL_10K,HELDOUT_TRIPLE_AUDIT,STRICT_LUMPED,f12d43eace12231077007dc497fee8dad00fbe58cb2f1fe2c6159c47636b97a0,all_candidates,strict_valid,emx_minus_frozen_proxy,K_abs,dimensionless,39,0.020304522401490516,0.028124922922375974,0.004025457565341858,0.01564412239472393,0.035056732962224994,0.045994385967325815,PROVISIONAL_SMALL_REQUEST_N,5,0.013292240395620051,0.02602823244570306,0.018432744218389824,0.03782643568916413,-0.00526868254740216,0.01538533095800947,0.0030017621823753976,0.021613219730037214,0.03286072271207424,0.0757286559935263,0.03296778304318662,0.09166255205369067,220,48,39,9,5,5,0,0,162,14,48,48,55,,0.2545454545454545,0.06363636363636363,0.358974358974359,NOT_ESTIMABLE,,,PROVISIONAL_SMALL_REQUEST_N,0.10909090909090909,0.4,PROVISIONAL_SMALL_REQUEST_N,0.17142857142857143,0.5263157894736842,NOT_PRIMARY; use physical units and frozen spans
20,f20-4d6b0c6066ee,FORMAL_10K,HELDOUT_TRIPLE_AUDIT,STRICT_LUMPED,f12d43eace12231077007dc497fee8dad00fbe58cb2f1fe2c6159c47636b97a0,all_candidates,all_finite_diagnostic,emx_minus_target,Lp_nH,nH,48,0.06717283704961607,0.09959822389533267,0.054756747333380866,0.038471274355629914,0.20704679685449354,0.2444617846691086,PROVISIONAL_SMALL_REQUEST_N,5,0.04137592877614631,0.10191772841800086,0.05480044428457209,0.13952670831199646,0.031382522733385654,0.08948887157387918,0.034895055663951124,0.04908161288931079,0.08890408955654017,0.2478528319960711,0.11768588780175143,0.2520434493333867,220,48,39,9,5,5,0,0,162,14,48,48,55,,0.2545454545454545,0.06363636363636363,0.358974358974359,NOT_ESTIMABLE,,,PROVISIONAL_SMALL_REQUEST_N,0.10909090909090909,0.4,PROVISIONAL_SMALL_REQUEST_N,0.17142857142857143,0.5263157894736842,NOT_PRIMARY; use physical units and frozen spans
20,f20-4d6b0c6066ee,FORMAL_10K,HELDOUT_TRIPLE_AUDIT,STRICT_LUMPED,f12d43eace12231077007dc497fee8dad00fbe58cb2f1fe2c6159c47636b97a0,all_candidates,all_finite_diagnostic,emx_minus_target,Ls_nH,nH,48,0.0305284391389034,0.038609458689668454,0.0052010655809916735,0.022001424094414856,0.06359346254454729,0.0751346421765356,PROVISIONAL_SMALL_REQUEST_N,5,0.02707692475336258,0.03614909180612515,0.032720164396827116,0.04399814251284166,-0.013727648772623127,0.01991721919262498,0.019823071126351136,0.027053372806961518,0.056945866055952185,0.07007500694830905,0.05855401639591973,0.09707213617505349,220,48,39,9,5,5,0,0,162,14,48,48,55,,0.2545454545454545,0.06363636363636363,0.358974358974359,NOT_ESTIMABLE,,,PROVISIONAL_SMALL_REQUEST_N,0.10909090909090909,0.4,PROVISIONAL_SMALL_REQUEST_N,0.17142857142857143,0.5263157894736842,NOT_PRIMARY; use physical units and frozen spans
20,f20-4d6b0c6066ee,FORMAL_10K,HELDOUT_TRIPLE_AUDIT,STRICT_LUMPED,f12d43eace12231077007dc497fee8dad00fbe58cb2f1fe2c6159c47636b97a0,all_candidates,all_finite_diagnostic,emx_minus_target,Qmin,dimensionless,48,1.5366532888990276,2.2300134803412055,-0.20588653075932917,0.9372915081032032,3.681303014278727,5.308657979487485,PROVISIONAL_SMALL_REQUEST_N,5,1.0827154583499052,1.9975324135389136,1.5015731872344835,2.8155934965105662,-1.2646173061252277,0.6297769561979651,0.7460386323734198,1.2480452727522362,2.0109006175764144,5.3630964503559255,3.402467080042557,6.232865876043965,220,48,39,9,5,5,0,0,162,14,48,48,55,,0.2545454545454545,0.06363636363636363,0.358974358974359,NOT_ESTIMABLE,,,PROVISIONAL_SMALL_REQUEST_N,0.10909090909090909,0.4,PROVISIONAL_SMALL_REQUEST_N,0.17142857142857143,0.5263157894736842,NOT_PRIMARY; use physical units and frozen spans
20,f20-4d6b0c6066ee,FORMAL_10K,HELDOUT_TRIPLE_AUDIT,STRICT_LUMPED,f12d43eace12231077007dc497fee8dad00fbe58cb2f1fe2c6159c47636b97a0,all_candidates,all_finite_diagnostic,emx_minus_target,K_abs,dimensionless,48,0.02498719936027931,0.033202166329194205,0.004150912784062072,0.017551037670830757,0.05111456703230688,0.07033003940258396,PROVISIONAL_SMALL_REQUEST_N,5,0.019870458546972385,0.030796681616779488,0.026123086578284105,0.04165255657834763,-0.006570345578556605,0.01720908400838487,0.01106814245534296,0.024057249902149025,0.041929252693614166,0.07347991090563116,0.04671393539916277,0.09335161209067311,220,48,39,9,5,5,0,0,162,14,48,48,55,,0.2545454545454545,0.06363636363636363,0.358974358974359,NOT_ESTIMABLE,,,PROVISIONAL_SMALL_REQUEST_N,0.10909090909090909,0.4,PROVISIONAL_SMALL_REQUEST_N,0.17142857142857143,0.5263157894736842,NOT_PRIMARY; use physical units and frozen spans
20,f20-4d6b0c6066ee,FORMAL_10K,HELDOUT_TRIPLE_AUDIT,STRICT_LUMPED,f12d43eace12231077007dc497fee8dad00fbe58cb2f1fe2c6159c47636b97a0,all_candidates,all_finite_diagnostic,emx_minus_frozen_proxy,Lp_nH,nH,48,0.022308715348280925,0.027183161432178318,0.01641876099174694,0.020772303178882567,0.041927028970103905,0.05328469652510952,PROVISIONAL_SMALL_REQUEST_N,5,0.01551345975340942,0.028569629501617816,0.020092012443751604,0.03256495805814906,0.007780903472649997,0.024603023409547446,0.014355988219009741,0.02639589748095128,0.03461389824315704,0.05412830714004202,0.03701054555264911,0.06054874489990833,220,48,39,9,5,5,0,0,162,14,48,48,55,,0.2545454545454545,0.06363636363636363,0.358974358974359,NOT_ESTIMABLE,,,PROVISIONAL_SMALL_REQUEST_N,0.10909090909090909,0.4,PROVISIONAL_SMALL_REQUEST_N,0.17142857142857143,0.5263157894736842,NOT_PRIMARY; use physical units and frozen spans
20,f20-4d6b0c6066ee,FORMAL_10K,HELDOUT_TRIPLE_AUDIT,STRICT_LUMPED,f12d43eace12231077007dc497fee8dad00fbe58cb2f1fe2c6159c47636b97a0,all_candidates,all_finite_diagnostic,emx_minus_frozen_proxy,Ls_nH,nH,48,0.008718354306785499,0.012049750807255863,0.000549065070357455,0.0059252278676309444,0.022564772572697303,0.027986834628727118,PROVISIONAL_SMALL_REQUEST_N,5,0.006632869071028231,0.010891315156187272,0.009066229930539432,0.01465193109847066,-0.00354333653057912,0.004011227965114879,0.004362164015935921,0.008962678349438924,0.014627232683564365,0.02743088710690342,0.017414525545581608,0.029586882124150858,220,48,39,9,5,5,0,0,162,14,48,48,55,,0.2545454545454545,0.06363636363636363,0.358974358974359,NOT_ESTIMABLE,,,PROVISIONAL_SMALL_REQUEST_N,0.10909090909090909,0.4,PROVISIONAL_SMALL_REQUEST_N,0.17142857142857143,0.5263157894736842,NOT_PRIMARY; use physical units and frozen spans
20,f20-4d6b0c6066ee,FORMAL_10K,HELDOUT_TRIPLE_AUDIT,STRICT_LUMPED,f12d43eace12231077007dc497fee8dad00fbe58cb2f1fe2c6159c47636b97a0,all_candidates,all_finite_diagnostic,emx_minus_frozen_proxy,Qmin,dimensionless,48,0.3808716968057597,0.4972412426999558,-0.08005115179458715,0.270168705159481,0.6158742102194851,1.0646624968485787,PROVISIONAL_SMALL_REQUEST_N,5,0.29555899200616365,0.46705026011396555,0.38843816910642126,0.5818046466770925,-0.2520015307085433,0.07537903453475621,0.19992040034230207,0.5030971366514763,0.5624779442578127,1.147672255449196,0.5734370011204106,1.4155969059691282,220,48,39,9,5,5,0,0,162,14,48,48,55,,0.2545454545454545,0.06363636363636363,0.358974358974359,NOT_ESTIMABLE,,,PROVISIONAL_SMALL_REQUEST_N,0.10909090909090909,0.4,PROVISIONAL_SMALL_REQUEST_N,0.17142857142857143,0.5263157894736842,NOT_PRIMARY; use physical units and frozen spans
20,f20-4d6b0c6066ee,FORMAL_10K,HELDOUT_TRIPLE_AUDIT,STRICT_LUMPED,f12d43eace12231077007dc497fee8dad00fbe58cb2f1fe2c6159c47636b97a0,all_candidates,all_finite_diagnostic,emx_minus_frozen_proxy,K_abs,dimensionless,48,0.022547083404634224,0.030008390911973812,0.009320343225263438,0.01949563227232841,0.043021240500756015,0.06186267750131222,PROVISIONAL_SMALL_REQUEST_N,5,0.016395794260505425,0.0284987332065003,0.021367627364394574,0.03965322844273944,-0.0021751352272830985,0.01953476479865183,0.01607296252932794,0.02481859506054096,0.03296778304318662,0.0757286559935263,0.035425127124311284,0.08767907803864958,220,48,39,9,5,5,0,0,162,14,48,48,55,,0.2545454545454545,0.06363636363636363,0.358974358974359,NOT_ESTIMABLE,,,PROVISIONAL_SMALL_REQUEST_N,0.10909090909090909,0.4,PROVISIONAL_SMALL_REQUEST_N,0.17142857142857143,0.5263157894736842,NOT_PRIMARY; use physical units and frozen spans
20,f20-4d6b0c6066ee,FORMAL_10K,HELDOUT_TRIPLE_AUDIT,STRICT_LUMPED,f12d43eace12231077007dc497fee8dad00fbe58cb2f1fe2c6159c47636b97a0,selected_q_proxy,strict_valid,emx_minus_target,Lp_nH,nH,2,0.010970564923147741,0.01177565661358156,0.004279345037267679,0.010970564923147741,0.014394040952961883,0.014821975456688652,PROVISIONAL_SMALL_REQUEST_N,2,0.006691219885880062,0.01524990996041542,0.006691219885880062,0.01524990996041542,-0.006691219885880062,0.01524990996041542,0.006691219885880062,0.01524990996041542,0.006691219885880062,0.01524990996041542,0.006691219885880062,0.01524990996041542,20,5,2,3,0,0,0,0,15,1,5,5,5,,0.2,0.05,0.5,NOT_ESTIMABLE,,,PROVISIONAL_SMALL_REQUEST_N,0.0,0.6,PROVISIONAL_SMALL_REQUEST_N,0.0,1.0,NOT_PRIMARY; use physical units and frozen spans
20,f20-4d6b0c6066ee,FORMAL_10K,HELDOUT_TRIPLE_AUDIT,STRICT_LUMPED,f12d43eace12231077007dc497fee8dad00fbe58cb2f1fe2c6159c47636b97a0,selected_q_proxy,strict_valid,emx_minus_target,Ls_nH,nH,2,0.026199814024455037,0.02659793164137686,-0.026199814024455037,0.026199814024455037,0.029867594840879086,0.030326067442932092,PROVISIONAL_SMALL_REQUEST_N,2,0.021615088003924976,0.030784540044985098,0.021615088003924976,0.030784540044985098,-0.030784540044985098,-0.021615088003924976,0.021615088003924976,0.030784540044985098,0.021615088003924976,0.030784540044985098,0.021615088003924976,0.030784540044985098,20,5,2,3,0,0,0,0,15,1,5,5,5,,0.2,0.05,0.5,NOT_ESTIMABLE,,,PROVISIONAL_SMALL_REQUEST_N,0.0,0.6,PROVISIONAL_SMALL_REQUEST_N,0.0,1.0,NOT_PRIMARY; use physical units and frozen spans
20,f20-4d6b0c6066ee,FORMAL_10K,HELDOUT_TRIPLE_AUDIT,STRICT_LUMPED,f12d43eace12231077007dc497fee8dad00fbe58cb2f1fe2c6159c47636b97a0,selected_q_proxy,strict_valid,emx_minus_target,Qmin,dimensionless,2,0.2635208718990496,0.3313714068174012,-0.2635208718990496,0.2635208718990496,0.42424674402613843,0.4443374780420245,PROVISIONAL_SMALL_REQUEST_N,2,0.06261353174018858,0.4644282120579106,0.06261353174018858,0.4644282120579106,-0.4644282120579106,-0.06261353174018858,0.06261353174018858,0.4644282120579106,0.06261353174018858,0.4644282120579106,0.06261353174018858,0.4644282120579106,20,5,2,3,0,0,0,0,15,1,5,5,5,,0.2,0.05,0.5,NOT_ESTIMABLE,,,PROVISIONAL_SMALL_REQUEST_N,0.0,0.6,PROVISIONAL_SMALL_REQUEST_N,0.0,1.0,NOT_PRIMARY; use physical units and frozen spans
20,f20-4d6b0c6066ee,FORMAL_10K,HELDOUT_TRIPLE_AUDIT,STRICT_LUMPED,f12d43eace12231077007dc497fee8dad00fbe58cb2f1fe2c6159c47636b97a0,selected_q_proxy,strict_valid,emx_minus_target,K_abs,dimensionless,2,0.02297748843337409,0.02943447464866566,0.018396285579896324,0.02297748843337409,0.03769451689729115,0.03953414545528078,PROVISIONAL_SMALL_REQUEST_N,2,0.004581202853477767,0.041373774013270415,0.004581202853477767,0.041373774013270415,-0.004581202853477767,0.041373774013270415,0.004581202853477767,0.041373774013270415,0.004581202853477767,0.041373774013270415,0.004581202853477767,0.041373774013270415,20,5,2,3,0,0,0,0,15,1,5,5,5,,0.2,0.05,0.5,NOT_ESTIMABLE,,,PROVISIONAL_SMALL_REQUEST_N,0.0,0.6,PROVISIONAL_SMALL_REQUEST_N,0.0,1.0,NOT_PRIMARY; use physical units and frozen spans
20,f20-4d6b0c6066ee,FORMAL_10K,HELDOUT_TRIPLE_AUDIT,STRICT_LUMPED,f12d43eace12231077007dc497fee8dad00fbe58cb2f1fe2c6159c47636b97a0,selected_q_proxy,strict_valid,emx_minus_frozen_proxy,Lp_nH,nH,2,0.004158180410112455,0.005414038313975086,-0.004158180410112455,0.004158180410112455,0.006931925493384206,0.007278643628793174,PROVISIONAL_SMALL_REQUEST_N,2,0.0006909990560227675,0.007625361764202143,0.0006909990560227675,0.007625361764202143,-0.007625361764202143,-0.0006909990560227675,0.0006909990560227675,0.007625361764202143,0.0006909990560227675,0.007625361764202143,0.0006909990560227675,0.007625361764202143,20,5,2,3,0,0,0,0,15,1,5,5,5,,0.2,0.05,0.5,NOT_ESTIMABLE,,,PROVISIONAL_SMALL_REQUEST_N,0.0,0.6,PROVISIONAL_SMALL_REQUEST_N,0.0,1.0,NOT_PRIMARY; use physical units and frozen spans
20,f20-4d6b0c6066ee,FORMAL_10K,HELDOUT_TRIPLE_AUDIT,STRICT_LUMPED,f12d43eace12231077007dc497fee8dad00fbe58cb2f1fe2c6159c47636b97a0,selected_q_proxy,strict_valid,emx_minus_frozen_proxy,Ls_nH,nH,2,0.023185500471332277,0.023237374564094974,-0.023185500471332277,0.023185500471332277,0.02442695626860225,0.024582138243260998,PROVISIONAL_SMALL_REQUEST_N,2,0.021633680724744808,0.024737320217919745,0.021633680724744808,0.024737320217919745,-0.024737320217919745,-0.021633680724744808,0.021633680724744808,0.024737320217919745,0.021633680724744808,0.024737320217919745,0.021633680724744808,0.024737320217919745,20,5,2,3,0,0,0,0,15,1,5,5,5,,0.2,0.05,0.5,NOT_ESTIMABLE,,,PROVISIONAL_SMALL_REQUEST_N,0.0,0.6,PROVISIONAL_SMALL_REQUEST_N,0.0,1.0,NOT_PRIMARY; use physical units and frozen spans
20,f20-4d6b0c6066ee,FORMAL_10K,HELDOUT_TRIPLE_AUDIT,STRICT_LUMPED,f12d43eace12231077007dc497fee8dad00fbe58cb2f1fe2c6159c47636b97a0,selected_q_proxy,strict_valid,emx_minus_frozen_proxy,Qmin,dimensionless,2,0.33533922364465507,0.4112699193394703,-0.33533922364465507,0.33533922364465507,0.5258174456252596,0.549627223372835,PROVISIONAL_SMALL_REQUEST_N,2,0.09724144616889951,0.5734370011204106,0.09724144616889951,0.5734370011204106,-0.5734370011204106,-0.09724144616889951,0.09724144616889951,0.5734370011204106,0.09724144616889951,0.5734370011204106,0.09724144616889951,0.5734370011204106,20,5,2,3,0,0,0,0,15,1,5,5,5,,0.2,0.05,0.5,NOT_ESTIMABLE,,,PROVISIONAL_SMALL_REQUEST_N,0.0,0.6,PROVISIONAL_SMALL_REQUEST_N,0.0,1.0,NOT_PRIMARY; use physical units and frozen spans
20,f20-4d6b0c6066ee,FORMAL_10K,HELDOUT_TRIPLE_AUDIT,STRICT_LUMPED,f12d43eace12231077007dc497fee8dad00fbe58cb2f1fe2c6159c47636b97a0,selected_q_proxy,strict_valid,emx_minus_frozen_proxy,K_abs,dimensionless,2,0.019635166389467343,0.023733908779994515,0.013332616653719279,0.019635166389467343,0.030301259712442765,0.031634521377814695,PROVISIONAL_SMALL_REQUEST_N,2,0.006302549735748064,0.03296778304318662,0.006302549735748064,0.03296778304318662,-0.006302549735748064,0.03296778304318662,0.006302549735748064,0.03296778304318662,0.006302549735748064,0.03296778304318662,0.006302549735748064,0.03296778304318662,20,5,2,3,0,0,0,0,15,1,5,5,5,,0.2,0.05,0.5,NOT_ESTIMABLE,,,PROVISIONAL_SMALL_REQUEST_N,0.0,0.6,PROVISIONAL_SMALL_REQUEST_N,0.0,1.0,NOT_PRIMARY; use physical units and frozen spans
20,f20-4d6b0c6066ee,FORMAL_10K,HELDOUT_TRIPLE_AUDIT,STRICT_LUMPED,f12d43eace12231077007dc497fee8dad00fbe58cb2f1fe2c6159c47636b97a0,selected_q_proxy,all_finite_diagnostic,emx_minus_target,Lp_nH,nH,5,0.031924782255545625,0.036804226644944225,0.0292482943011936,0.03526579036274202,0.05158604864608307,0.05234115486955859,PROVISIONAL_SMALL_REQUEST_N,5,0.015829610011066596,0.04726484827654913,0.019930517579191953,0.04766653360160225,0.00965450227916187,0.04726484827654913,0.006691219885880062,0.053096261093034114,0.027259438201811384,0.053096261093034114,0.031262614282276696,0.053096261093034114,20,5,2,3,0,0,0,0,15,1,5,5,5,,0.2,0.05,0.5,NOT_ESTIMABLE,,,PROVISIONAL_SMALL_REQUEST_N,0.0,0.6,PROVISIONAL_SMALL_REQUEST_N,0.0,1.0,NOT_PRIMARY; use physical units and frozen spans
20,f20-4d6b0c6066ee,FORMAL_10K,HELDOUT_TRIPLE_AUDIT,STRICT_LUMPED,f12d43eace12231077007dc497fee8dad00fbe58cb2f1fe2c6159c47636b97a0,selected_q_proxy,all_finite_diagnostic,emx_minus_target,Ls_nH,nH,5,0.022132381563624515,0.02322344952678466,0.0011725303440604852,0.021615088003924976,0.029816508733826595,0.030300524389405847,PROVISIONAL_SMALL_REQUEST_N,5,0.01628214480163446,0.027911352580777926,0.016861867367393524,0.028183943030219507,-0.019026005427406956,0.02074383715489416,0.011059137000278163,0.030784540044985098,0.020504525203093184,0.030784540044985098,0.02105980660350908,0.030784540044985098,20,5,2,3,0,0,0,0,15,1,5,5,5,,0.2,0.05,0.5,NOT_ESTIMABLE,,,PROVISIONAL_SMALL_REQUEST_N,0.0,0.6,PROVISIONAL_SMALL_REQUEST_N,0.0,1.0,NOT_PRIMARY; use physical units and frozen spans
20,f20-4d6b0c6066ee,FORMAL_10K,HELDOUT_TRIPLE_AUDIT,STRICT_LUMPED,f12d43eace12231077007dc497fee8dad00fbe58cb2f1fe2c6159c47636b97a0,selected_q_proxy,all_finite_diagnostic,emx_minus_target,Qmin,dimensionless,5,0.42935765125828596,0.4762039448744294,-0.42935765125828596,0.4644282120579106,0.622799751990567,0.6261478207925449,PROVISIONAL_SMALL_REQUEST_N,5,0.2389663124258526,0.5864381476812668,0.32549447156967043,0.5896383154283433,-0.5864381476812668,-0.2389663124258526,0.06261353174018858,0.6294958895945229,0.4296549581604161,0.6294958895945229,0.44704158510916336,0.6294958895945229,20,5,2,3,0,0,0,0,15,1,5,5,5,,0.2,0.05,0.5,NOT_ESTIMABLE,,,PROVISIONAL_SMALL_REQUEST_N,0.0,0.6,PROVISIONAL_SMALL_REQUEST_N,0.0,1.0,NOT_PRIMARY; use physical units and frozen spans
20,f20-4d6b0c6066ee,FORMAL_10K,HELDOUT_TRIPLE_AUDIT,STRICT_LUMPED,f12d43eace12231077007dc497fee8dad00fbe58cb2f1fe2c6159c47636b97a0,selected_q_proxy,all_finite_diagnostic,emx_minus_target,K_abs,dimensionless,5,0.04244563317214374,0.0472187420640119,0.04061315203075263,0.04470505828012483,0.06152330789349468,0.06300179296663838,PROVISIONAL_SMALL_REQUEST_N,5,0.02310730390292435,0.05756826394156324,0.03217869595702392,0.058020686989858614,0.017609860478751026,0.05756826394156324,0.004581202853477767,0.06448027803978207,0.04337254457338306,0.06448027803978207,0.04403880142675395,0.06448027803978207,20,5,2,3,0,0,0,0,15,1,5,5,5,,0.2,0.05,0.5,NOT_ESTIMABLE,,,PROVISIONAL_SMALL_REQUEST_N,0.0,0.6,PROVISIONAL_SMALL_REQUEST_N,0.0,1.0,NOT_PRIMARY; use physical units and frozen spans
20,f20-4d6b0c6066ee,FORMAL_10K,HELDOUT_TRIPLE_AUDIT,STRICT_LUMPED,f12d43eace12231077007dc497fee8dad00fbe58cb2f1fe2c6159c47636b97a0,selected_q_proxy,all_finite_diagnostic,emx_minus_frozen_proxy,Lp_nH,nH,5,0.02463254108450792,0.03187572487667987,0.021305996756417957,0.021245261384144953,0.048748581851228504,0.05264466233551576,PROVISIONAL_SMALL_REQUEST_N,5,0.008912703987271642,0.041689485564096886,0.011191756225730912,0.04494457490990636,0.001311778668311625,0.041198313960350605,0.0006909990560227675,0.056540742819803036,0.015797301536167832,0.056540742819803036,0.01852128146015639,0.056540742819803036,20,5,2,3,0,0,0,0,15,1,5,5,5,,0.2,0.05,0.5,NOT_ESTIMABLE,,,PROVISIONAL_SMALL_REQUEST_N,0.0,0.6,PROVISIONAL_SMALL_REQUEST_N,0.0,1.0,NOT_PRIMARY; use physical units and frozen spans
20,f20-4d6b0c6066ee,FORMAL_10K,HELDOUT_TRIPLE_AUDIT,STRICT_LUMPED,f12d43eace12231077007dc497fee8dad00fbe58cb2f1fe2c6159c47636b97a0,selected_q_proxy,all_finite_diagnostic,emx_minus_frozen_proxy,Ls_nH,nH,5,0.0144445696450612,0.016280056857386527,-0.007072518197441813,0.012403588635582885,0.02349586442064977,0.024116592319284758,PROVISIONAL_SMALL_REQUEST_N,5,0.008139056921965482,0.021029118104182398,0.008431060656615435,0.021720511431885862,-0.020032744109784416,0.004975406864882359,0.006026539983465584,0.024737320217919745,0.010410840646786924,0.024737320217919745,0.011407214641184903,0.024737320217919745,20,5,2,3,0,0,0,0,15,1,5,5,5,,0.2,0.05,0.5,NOT_ESTIMABLE,,,PROVISIONAL_SMALL_REQUEST_N,0.0,0.6,PROVISIONAL_SMALL_REQUEST_N,0.0,1.0,NOT_PRIMARY; use physical units and frozen spans
20,f20-4d6b0c6066ee,FORMAL_10K,HELDOUT_TRIPLE_AUDIT,STRICT_LUMPED,f12d43eace12231077007dc497fee8dad00fbe58cb2f1fe2c6159c47636b97a0,selected_q_proxy,all_finite_diagnostic,emx_minus_frozen_proxy,Qmin,dimensionless,5,0.4518069539316258,0.4957044268987454,-0.4518069539316258,0.5734370011204106,0.6220169761116608,0.6261121533731113,PROVISIONAL_SMALL_REQUEST_N,5,0.25406984330964166,0.6074991988289014,0.33073365824653217,0.6081354828102961,-0.6074991988289014,-0.25406984330964166,0.09724144616889951,0.6302073306345619,0.4834292196350255,0.6302073306345619,0.528433110377718,0.6302073306345619,20,5,2,3,0,0,0,0,15,1,5,5,5,,0.2,0.05,0.5,NOT_ESTIMABLE,,,PROVISIONAL_SMALL_REQUEST_N,0.0,0.6,PROVISIONAL_SMALL_REQUEST_N,0.0,1.0,NOT_PRIMARY; use physical units and frozen spans
20,f20-4d6b0c6066ee,FORMAL_10K,HELDOUT_TRIPLE_AUDIT,STRICT_LUMPED,f12d43eace12231077007dc497fee8dad00fbe58cb2f1fe2c6159c47636b97a0,selected_q_proxy,all_finite_diagnostic,emx_minus_frozen_proxy,K_abs,dimensionless,5,0.040865683274062876,0.04567419999835833,0.03834466337976365,0.04379278590036745,0.06145266794937686,0.06309270615711834,PROVISIONAL_SMALL_REQUEST_N,5,0.0223016897202112,0.0567397138927837,0.029493106739347085,0.05777598749320783,0.01575857564016045,0.0567397138927837,0.006302549735748064,0.06473274436485982,0.039462784757495116,0.06473274436485982,0.04162778532893128,0.06473274436485982,20,5,2,3,0,0,0,0,15,1,5,5,5,,0.2,0.05,0.5,NOT_ESTIMABLE,,,PROVISIONAL_SMALL_REQUEST_N,0.0,0.6,PROVISIONAL_SMALL_REQUEST_N,0.0,1.0,NOT_PRIMARY; use physical units and frozen spans
6,f6-ba844c981dd6,FORMAL_10K,HELDOUT_TRIPLE_AUDIT,STRICT_LUMPED,f12d43eace12231077007dc497fee8dad00fbe58cb2f1fe2c6159c47636b97a0,all_candidates,strict_valid,emx_minus_target,Lp_nH,nH,45,0.08811247539828884,0.1433544417326073,-0.0807806320930517,0.03216092373006152,0.2194608533471658,0.32822778590988794,PROVISIONAL_SMALL_REQUEST_N,5,0.07034878941292884,0.10607515891886025,0.10366056728155161,0.1799928732004668,-0.09228397815826617,-0.06838608667643939,0.010140021506416352,0.053559178555484865,0.17047009122095277,0.3648179749446745,0.18397259226351506,0.449291981722034,220,45,45,0,0,3,7,0,165,21,45,45,55,,0.38181818181818183,0.09545454545454546,0.4666666666666667,NOT_ESTIMABLE,,,PROVISIONAL_SMALL_REQUEST_N,0.2909090909090909,0.4727272727272727,PROVISIONAL_SMALL_REQUEST_N,0.3617021276595745,0.6086956521739131,NOT_PRIMARY; use physical units and frozen spans
6,f6-ba844c981dd6,FORMAL_10K,HELDOUT_TRIPLE_AUDIT,STRICT_LUMPED,f12d43eace12231077007dc497fee8dad00fbe58cb2f1fe2c6159c47636b97a0,all_candidates,strict_valid,emx_minus_target,Ls_nH,nH,45,0.15656779812045254,0.24663223607888413,0.1361594012802453,0.06943341866659059,0.4577205424970377,0.5695024456361055,PROVISIONAL_SMALL_REQUEST_N,5,0.07628360630040693,0.24002479489278555,0.12632047269135724,0.32810344092559424,0.03663247653547748,0.23736580599838306,0.031203713475629336,0.1975921139134592,0.1409459196719931,0.5920180559450771,0.3398734689572146,0.6168089111452315,220,45,45,0,0,3,7,0,165,21,45,45,55,,0.38181818181818183,0.09545454545454546,0.4666666666666667,NOT_ESTIMABLE,,,PROVISIONAL_SMALL_REQUEST_N,0.2909090909090909,0.4727272727272727,PROVISIONAL_SMALL_REQUEST_N,0.3617021276595745,0.6086956521739131,NOT_PRIMARY; use physical units and frozen spans
6,f6-ba844c981dd6,FORMAL_10K,HELDOUT_TRIPLE_AUDIT,STRICT_LUMPED,f12d43eace12231077007dc497fee8dad00fbe58cb2f1fe2c6159c47636b97a0,all_candidates,strict_valid,emx_minus_target,Qmin,dimensionless,45,1.8150903080866647,2.6731448619523235,-1.7922658892810701,0.8227281715726633,5.108814958287453,5.484504572293831,PROVISIONAL_SMALL_REQUEST_N,5,1.5408344880346188,2.128304839196719,2.3962961431000975,3.035393755402454,-2.114751630993027,-1.5099255933163778,0.2203131604703632,1.455853406123654,4.463657356332875,5.548941333882616,5.060751456586917,6.052480551601878,220,45,45,0,0,3,7,0,165,21,45,45,55,,0.38181818181818183,0.09545454545454546,0.4666666666666667,NOT_ESTIMABLE,,,PROVISIONAL_SMALL_REQUEST_N,0.2909090909090909,0.4727272727272727,PROVISIONAL_SMALL_REQUEST_N,0.3617021276595745,0.6086956521739131,NOT_PRIMARY; use physical units and frozen spans
6,f6-ba844c981dd6,FORMAL_10K,HELDOUT_TRIPLE_AUDIT,STRICT_LUMPED,f12d43eace12231077007dc497fee8dad00fbe58cb2f1fe2c6159c47636b97a0,all_candidates,strict_valid,emx_minus_target,K_abs,dimensionless,45,0.03841894179881614,0.05656350957725061,-0.027089955991427248,0.028130416586605478,0.10103651194503575,0.12757334117151164,PROVISIONAL_SMALL_REQUEST_N,5,0.02209491989996133,0.05412860504298929,0.029163128047213084,0.07721982663349085,-0.04598261318254962,-0.012259355995595154,0.009263206453315465,0.037384713601110287,0.04847021350096365,0.1544858531673404,0.058773992388347435,0.15890233262480974,220,45,45,0,0,3,7,0,165,21,45,45,55,,0.38181818181818183,0.09545454545454546,0.4666666666666667,NOT_ESTIMABLE,,,PROVISIONAL_SMALL_REQUEST_N,0.2909090909090909,0.4727272727272727,PROVISIONAL_SMALL_REQUEST_N,0.3617021276595745,0.6086956521739131,NOT_PRIMARY; use physical units and frozen spans
6,f6-ba844c981dd6,FORMAL_10K,HELDOUT_TRIPLE_AUDIT,STRICT_LUMPED,f12d43eace12231077007dc497fee8dad00fbe58cb2f1fe2c6159c47636b97a0,all_candidates,strict_valid,emx_minus_frozen_proxy,Lp_nH,nH,45,0.011787206936536666,0.013964173713820426,0.011119127582585903,0.012706351762577839,0.020786413565935337,0.0214594850081699,PROVISIONAL_SMALL_REQUEST_N,5,0.01019051108657737,0.013189017974698375,0.012682544785447357,0.015066392680631058,0.010021548527532542,0.01200154732843227,0.010742199097390163,0.015997979346836777,0.01918158554214906,0.021295561230059934,0.019670236424635647,0.02380266726100376,220,45,45,0,0,3,7,0,165,21,45,45,55,,0.38181818181818183,0.09545454545454546,0.4666666666666667,NOT_ESTIMABLE,,,PROVISIONAL_SMALL_REQUEST_N,0.2909090909090909,0.4727272727272727,PROVISIONAL_SMALL_REQUEST_N,0.3617021276595745,0.6086956521739131,NOT_PRIMARY; use physical units and frozen spans
6,f6-ba844c981dd6,FORMAL_10K,HELDOUT_TRIPLE_AUDIT,STRICT_LUMPED,f12d43eace12231077007dc497fee8dad00fbe58cb2f1fe2c6159c47636b97a0,all_candidates,strict_valid,emx_minus_frozen_proxy,Ls_nH,nH,45,0.015637363855973013,0.01942513883178328,0.010354034771488323,0.01172102301191047,0.03302176372453629,0.03364157501574043,PROVISIONAL_SMALL_REQUEST_N,5,0.013898301876176121,0.017455474107578854,0.017632359881832326,0.021137448665037504,0.0069330435554385604,0.014212441870162872,0.01100084248717792,0.014956047989561183,0.03179391470172921,0.03472533218997187,0.03254869278207127,0.035257346460184635,220,45,45,0,0,3,7,0,165,21,45,45,55,,0.38181818181818183,0.09545454545454546,0.4666666666666667,NOT_ESTIMABLE,,,PROVISIONAL_SMALL_REQUEST_N,0.2909090909090909,0.4727272727272727,PROVISIONAL_SMALL_REQUEST_N,0.3617021276595745,0.6086956521739131,NOT_PRIMARY; use physical units and frozen spans
6,f6-ba844c981dd6,FORMAL_10K,HELDOUT_TRIPLE_AUDIT,STRICT_LUMPED,f12d43eace12231077007dc497fee8dad00fbe58cb2f1fe2c6159c47636b97a0,all_candidates,strict_valid,emx_minus_frozen_proxy,Qmin,dimensionless,45,0.2298018955093772,0.31999847125865727,0.1733624803681812,0.1525087816004138,0.6583137972804763,0.7492042091614115,PROVISIONAL_SMALL_REQUEST_N,5,0.1294164959788013,0.3267223701055409,0.15984238451081714,0.42280679869960214,0.04368462463112822,0.2868232067487686,0.09804876726078326,0.24020093510368135,0.25686244105281353,0.7896283491289768,0.27157884440999425,0.8091594912731706,220,45,45,0,0,3,7,0,165,21,45,45,55,,0.38181818181818183,0.09545454545454546,0.4666666666666667,NOT_ESTIMABLE,,,PROVISIONAL_SMALL_REQUEST_N,0.2909090909090909,0.4727272727272727,PROVISIONAL_SMALL_REQUEST_N,0.3617021276595745,0.6086956521739131,NOT_PRIMARY; use physical units and frozen spans
6,f6-ba844c981dd6,FORMAL_10K,HELDOUT_TRIPLE_AUDIT,STRICT_LUMPED,f12d43eace12231077007dc497fee8dad00fbe58cb2f1fe2c6159c47636b97a0,all_candidates,strict_valid,emx_minus_frozen_proxy,K_abs,dimensionless,45,0.003357780510860454,0.004120328421880267,-0.00043026969964069363,0.002777568956693205,0.0068462606560744325,0.007431826828178183,PROVISIONAL_SMALL_REQUEST_N,5,0.002685726739447467,0.004082281063950213,0.0032545146963976583,0.004939348696333661,-0.0019519756207601324,0.001706405407193454,0.0025807239727390283,0.003414809784562267,0.005100714830041133,0.007514350627018496,0.0059889930132910356,0.010523978758189965,220,45,45,0,0,3,7,0,165,21,45,45,55,,0.38181818181818183,0.09545454545454546,0.4666666666666667,NOT_ESTIMABLE,,,PROVISIONAL_SMALL_REQUEST_N,0.2909090909090909,0.4727272727272727,PROVISIONAL_SMALL_REQUEST_N,0.3617021276595745,0.6086956521739131,NOT_PRIMARY; use physical units and frozen spans
6,f6-ba844c981dd6,FORMAL_10K,HELDOUT_TRIPLE_AUDIT,STRICT_LUMPED,f12d43eace12231077007dc497fee8dad00fbe58cb2f1fe2c6159c47636b97a0,all_candidates,all_finite_diagnostic,emx_minus_target,Lp_nH,nH,45,0.08811247539828884,0.1433544417326073,-0.0807806320930517,0.03216092373006152,0.2194608533471658,0.32822778590988794,PROVISIONAL_SMALL_REQUEST_N,5,0.07034878941292884,0.10607515891886025,0.10366056728155161,0.1799928732004668,-0.09228397815826617,-0.06838608667643939,0.010140021506416352,0.053559178555484865,0.17047009122095277,0.3648179749446745,0.18397259226351506,0.449291981722034,220,45,45,0,0,3,7,0,165,21,45,45,55,,0.38181818181818183,0.09545454545454546,0.4666666666666667,NOT_ESTIMABLE,,,PROVISIONAL_SMALL_REQUEST_N,0.2909090909090909,0.4727272727272727,PROVISIONAL_SMALL_REQUEST_N,0.3617021276595745,0.6086956521739131,NOT_PRIMARY; use physical units and frozen spans
6,f6-ba844c981dd6,FORMAL_10K,HELDOUT_TRIPLE_AUDIT,STRICT_LUMPED,f12d43eace12231077007dc497fee8dad00fbe58cb2f1fe2c6159c47636b97a0,all_candidates,all_finite_diagnostic,emx_minus_target,Ls_nH,nH,45,0.15656779812045254,0.24663223607888413,0.1361594012802453,0.06943341866659059,0.4577205424970377,0.5695024456361055,PROVISIONAL_SMALL_REQUEST_N,5,0.07628360630040693,0.24002479489278555,0.12632047269135724,0.32810344092559424,0.03663247653547748,0.23736580599838306,0.031203713475629336,0.1975921139134592,0.1409459196719931,0.5920180559450771,0.3398734689572146,0.6168089111452315,220,45,45,0,0,3,7,0,165,21,45,45,55,,0.38181818181818183,0.09545454545454546,0.4666666666666667,NOT_ESTIMABLE,,,PROVISIONAL_SMALL_REQUEST_N,0.2909090909090909,0.4727272727272727,PROVISIONAL_SMALL_REQUEST_N,0.3617021276595745,0.6086956521739131,NOT_PRIMARY; use physical units and frozen spans
6,f6-ba844c981dd6,FORMAL_10K,HELDOUT_TRIPLE_AUDIT,STRICT_LUMPED,f12d43eace12231077007dc497fee8dad00fbe58cb2f1fe2c6159c47636b97a0,all_candidates,all_finite_diagnostic,emx_minus_target,Qmin,dimensionless,45,1.8150903080866647,2.6731448619523235,-1.7922658892810701,0.8227281715726633,5.108814958287453,5.484504572293831,PROVISIONAL_SMALL_REQUEST_N,5,1.5408344880346188,2.128304839196719,2.3962961431000975,3.035393755402454,-2.114751630993027,-1.5099255933163778,0.2203131604703632,1.455853406123654,4.463657356332875,5.548941333882616,5.060751456586917,6.052480551601878,220,45,45,0,0,3,7,0,165,21,45,45,55,,0.38181818181818183,0.09545454545454546,0.4666666666666667,NOT_ESTIMABLE,,,PROVISIONAL_SMALL_REQUEST_N,0.2909090909090909,0.4727272727272727,PROVISIONAL_SMALL_REQUEST_N,0.3617021276595745,0.6086956521739131,NOT_PRIMARY; use physical units and frozen spans
6,f6-ba844c981dd6,FORMAL_10K,HELDOUT_TRIPLE_AUDIT,STRICT_LUMPED,f12d43eace12231077007dc497fee8dad00fbe58cb2f1fe2c6159c47636b97a0,all_candidates,all_finite_diagnostic,emx_minus_target,K_abs,dimensionless,45,0.03841894179881614,0.05656350957725061,-0.027089955991427248,0.028130416586605478,0.10103651194503575,0.12757334117151164,PROVISIONAL_SMALL_REQUEST_N,5,0.02209491989996133,0.05412860504298929,0.029163128047213084,0.07721982663349085,-0.04598261318254962,-0.012259355995595154,0.009263206453315465,0.037384713601110287,0.04847021350096365,0.1544858531673404,0.058773992388347435,0.15890233262480974,220,45,45,0,0,3,7,0,165,21,45,45,55,,0.38181818181818183,0.09545454545454546,0.4666666666666667,NOT_ESTIMABLE,,,PROVISIONAL_SMALL_REQUEST_N,0.2909090909090909,0.4727272727272727,PROVISIONAL_SMALL_REQUEST_N,0.3617021276595745,0.6086956521739131,NOT_PRIMARY; use physical units and frozen spans
6,f6-ba844c981dd6,FORMAL_10K,HELDOUT_TRIPLE_AUDIT,STRICT_LUMPED,f12d43eace12231077007dc497fee8dad00fbe58cb2f1fe2c6159c47636b97a0,all_candidates,all_finite_diagnostic,emx_minus_frozen_proxy,Lp_nH,nH,45,0.011787206936536666,0.013964173713820426,0.011119127582585903,0.012706351762577839,0.020786413565935337,0.0214594850081699,PROVISIONAL_SMALL_REQUEST_N,5,0.01019051108657737,0.013189017974698375,0.012682544785447357,0.015066392680631058,0.010021548527532542,0.01200154732843227,0.010742199097390163,0.015997979346836777,0.01918158554214906,0.021295561230059934,0.019670236424635647,0.02380266726100376,220,45,45,0,0,3,7,0,165,21,45,45,55,,0.38181818181818183,0.09545454545454546,0.4666666666666667,NOT_ESTIMABLE,,,PROVISIONAL_SMALL_REQUEST_N,0.2909090909090909,0.4727272727272727,PROVISIONAL_SMALL_REQUEST_N,0.3617021276595745,0.6086956521739131,NOT_PRIMARY; use physical units and frozen spans
6,f6-ba844c981dd6,FORMAL_10K,HELDOUT_TRIPLE_AUDIT,STRICT_LUMPED,f12d43eace12231077007dc497fee8dad00fbe58cb2f1fe2c6159c47636b97a0,all_candidates,all_finite_diagnostic,emx_minus_frozen_proxy,Ls_nH,nH,45,0.015637363855973013,0.01942513883178328,0.010354034771488323,0.01172102301191047,0.03302176372453629,0.03364157501574043,PROVISIONAL_SMALL_REQUEST_N,5,0.013898301876176121,0.017455474107578854,0.017632359881832326,0.021137448665037504,0.0069330435554385604,0.014212441870162872,0.01100084248717792,0.014956047989561183,0.03179391470172921,0.03472533218997187,0.03254869278207127,0.035257346460184635,220,45,45,0,0,3,7,0,165,21,45,45,55,,0.38181818181818183,0.09545454545454546,0.4666666666666667,NOT_ESTIMABLE,,,PROVISIONAL_SMALL_REQUEST_N,0.2909090909090909,0.4727272727272727,PROVISIONAL_SMALL_REQUEST_N,0.3617021276595745,0.6086956521739131,NOT_PRIMARY; use physical units and frozen spans
6,f6-ba844c981dd6,FORMAL_10K,HELDOUT_TRIPLE_AUDIT,STRICT_LUMPED,f12d43eace12231077007dc497fee8dad00fbe58cb2f1fe2c6159c47636b97a0,all_candidates,all_finite_diagnostic,emx_minus_frozen_proxy,Qmin,dimensionless,45,0.2298018955093772,0.31999847125865727,0.1733624803681812,0.1525087816004138,0.6583137972804763,0.7492042091614115,PROVISIONAL_SMALL_REQUEST_N,5,0.1294164959788013,0.3267223701055409,0.15984238451081714,0.42280679869960214,0.04368462463112822,0.2868232067487686,0.09804876726078326,0.24020093510368135,0.25686244105281353,0.7896283491289768,0.27157884440999425,0.8091594912731706,220,45,45,0,0,3,7,0,165,21,45,45,55,,0.38181818181818183,0.09545454545454546,0.4666666666666667,NOT_ESTIMABLE,,,PROVISIONAL_SMALL_REQUEST_N,0.2909090909090909,0.4727272727272727,PROVISIONAL_SMALL_REQUEST_N,0.3617021276595745,0.6086956521739131,NOT_PRIMARY; use physical units and frozen spans
6,f6-ba844c981dd6,FORMAL_10K,HELDOUT_TRIPLE_AUDIT,STRICT_LUMPED,f12d43eace12231077007dc497fee8dad00fbe58cb2f1fe2c6159c47636b97a0,all_candidates,all_finite_diagnostic,emx_minus_frozen_proxy,K_abs,dimensionless,45,0.003357780510860454,0.004120328421880267,-0.00043026969964069363,0.002777568956693205,0.0068462606560744325,0.007431826828178183,PROVISIONAL_SMALL_REQUEST_N,5,0.002685726739447467,0.004082281063950213,0.0032545146963976583,0.004939348696333661,-0.0019519756207601324,0.001706405407193454,0.0025807239727390283,0.003414809784562267,0.005100714830041133,0.007514350627018496,0.0059889930132910356,0.010523978758189965,220,45,45,0,0,3,7,0,165,21,45,45,55,,0.38181818181818183,0.09545454545454546,0.4666666666666667,NOT_ESTIMABLE,,,PROVISIONAL_SMALL_REQUEST_N,0.2909090909090909,0.4727272727272727,PROVISIONAL_SMALL_REQUEST_N,0.3617021276595745,0.6086956521739131,NOT_PRIMARY; use physical units and frozen spans
6,f6-ba844c981dd6,FORMAL_10K,HELDOUT_TRIPLE_AUDIT,STRICT_LUMPED,f12d43eace12231077007dc497fee8dad00fbe58cb2f1fe2c6159c47636b97a0,selected_q_proxy,strict_valid,emx_minus_target,Lp_nH,nH,5,0.0031991453285988404,0.003540633128337336,-0.0004986017546165566,0.003169102562535331,0.0048797804094142805,0.005394973520204349,PROVISIONAL_SMALL_REQUEST_N,5,0.0019817743250802877,0.004597130347994094,0.0021063905330961567,0.004882315464764438,-0.0037957303371150886,0.002401302156388585,0.001496207087968493,0.005910166630994418,0.0027358812513019527,0.005910166630994418,0.0029524919069186415,0.005910166630994418,20,5,5,0,0,0,0,0,15,5,5,5,5,,1.0,0.25,1.0,NOT_ESTIMABLE,,,PROVISIONAL_SMALL_REQUEST_N,1.0,1.0,PROVISIONAL_SMALL_REQUEST_N,1.0,1.0,NOT_PRIMARY; use physical units and frozen spans
6,f6-ba844c981dd6,FORMAL_10K,HELDOUT_TRIPLE_AUDIT,STRICT_LUMPED,f12d43eace12231077007dc497fee8dad00fbe58cb2f1fe2c6159c47636b97a0,selected_q_proxy,strict_valid,emx_minus_target,Ls_nH,nH,5,0.008022052288758675,0.00839415975427782,-0.006294889160201711,0.007519155538670552,0.010822484264254672,0.011003042444113698,PROVISIONAL_SMALL_REQUEST_N,5,0.00595450933032311,0.010089595247194239,0.0061081181515350155,0.010179132016412962,-0.010089595247194239,-0.0009656965208162522,0.004317907821392408,0.011183600623972723,0.007235008417234368,0.011183600623972723,0.00737708197795246,0.011183600623972723,20,5,5,0,0,0,0,0,15,5,5,5,5,,1.0,0.25,1.0,NOT_ESTIMABLE,,,PROVISIONAL_SMALL_REQUEST_N,1.0,1.0,PROVISIONAL_SMALL_REQUEST_N,1.0,1.0,NOT_PRIMARY; use physical units and frozen spans
6,f6-ba844c981dd6,FORMAL_10K,HELDOUT_TRIPLE_AUDIT,STRICT_LUMPED,f12d43eace12231077007dc497fee8dad00fbe58cb2f1fe2c6159c47636b97a0,selected_q_proxy,strict_valid,emx_minus_target,Qmin,dimensionless,5,0.05584072415153614,0.0725473401535958,-0.02089884472656749,0.034435529218580285,0.11283170819559629,0.1228397344157397,PROVISIONAL_SMALL_REQUEST_N,5,0.018532186390936546,0.10118330875672221,0.022063988445642564,0.10938314482942846,-0.08371236904423789,0.03985832478478137,0.004547069027255546,0.1328477606358831,0.030487570467466443,0.1328477606358831,0.03246154984302336,0.1328477606358831,20,5,5,0,0,0,0,0,15,5,5,5,5,,1.0,0.25,1.0,NOT_ESTIMABLE,,,PROVISIONAL_SMALL_REQUEST_N,1.0,1.0,PROVISIONAL_SMALL_REQUEST_N,1.0,1.0,NOT_PRIMARY; use physical units and frozen spans
6,f6-ba844c981dd6,FORMAL_10K,HELDOUT_TRIPLE_AUDIT,STRICT_LUMPED,f12d43eace12231077007dc497fee8dad00fbe58cb2f1fe2c6159c47636b97a0,selected_q_proxy,strict_valid,emx_minus_target,K_abs,dimensionless,5,0.003967338433892226,0.004258389223138644,0.0016028992002843968,0.0031245320321472425,0.005882007296466957,0.0060109566648693935,PROVISIONAL_SMALL_REQUEST_N,5,0.002655744371542412,0.005278932496242039,0.002675281146651055,0.005450479525549488,-0.0019063334614258132,0.0051121318619946066,0.0022905288609100793,0.00613990603327183,0.0029893456400372775,0.00613990603327183,0.00305693883609226,0.00613990603327183,20,5,5,0,0,0,0,0,15,5,5,5,5,,1.0,0.25,1.0,NOT_ESTIMABLE,,,PROVISIONAL_SMALL_REQUEST_N,1.0,1.0,PROVISIONAL_SMALL_REQUEST_N,1.0,1.0,NOT_PRIMARY; use physical units and frozen spans
6,f6-ba844c981dd6,FORMAL_10K,HELDOUT_TRIPLE_AUDIT,STRICT_LUMPED,f12d43eace12231077007dc497fee8dad00fbe58cb2f1fe2c6159c47636b97a0,selected_q_proxy,strict_valid,emx_minus_frozen_proxy,Lp_nH,nH,5,0.002780280473727181,0.0031887794927461586,-0.0009164117831523377,0.0026213967468962096,0.0044780930838312916,0.00452647041689036,PROVISIONAL_SMALL_REQUEST_N,5,0.001473158064233715,0.004087402883220648,0.0017552127071246003,0.0041540170509357845,-0.0036299078953604623,0.001797084329055787,0.0003339218075952832,0.004574847749949429,0.0023881480399540857,0.004574847749949429,0.0025047723934251472,0.004574847749949429,20,5,5,0,0,0,0,0,15,5,5,5,5,,1.0,0.25,1.0,NOT_ESTIMABLE,,,PROVISIONAL_SMALL_REQUEST_N,1.0,1.0,PROVISIONAL_SMALL_REQUEST_N,1.0,1.0,NOT_PRIMARY; use physical units and frozen spans
6,f6-ba844c981dd6,FORMAL_10K,HELDOUT_TRIPLE_AUDIT,STRICT_LUMPED,f12d43eace12231077007dc497fee8dad00fbe58cb2f1fe2c6159c47636b97a0,selected_q_proxy,strict_valid,emx_minus_frozen_proxy,Ls_nH,nH,5,0.0059343565995129575,0.006561136534838246,-0.0059343565995129575,0.006327025414152532,0.008663235434497717,0.008721005823812833,PROVISIONAL_SMALL_REQUEST_N,5,0.003406108767365934,0.008172885274702635,0.004483553476558223,0.008225845881066382,-0.008172885274702635,-0.003406108767365934,0.0010878552599848934,0.008778776213127948,0.005791495985990336,0.008778776213127948,0.0060592607000714335,0.008778776213127948,20,5,5,0,0,0,0,0,15,5,5,5,5,,1.0,0.25,1.0,NOT_ESTIMABLE,,,PROVISIONAL_SMALL_REQUEST_N,1.0,1.0,PROVISIONAL_SMALL_REQUEST_N,1.0,1.0,NOT_PRIMARY; use physical units and frozen spans
6,f6-ba844c981dd6,FORMAL_10K,HELDOUT_TRIPLE_AUDIT,STRICT_LUMPED,f12d43eace12231077007dc497fee8dad00fbe58cb2f1fe2c6159c47636b97a0,selected_q_proxy,strict_valid,emx_minus_frozen_proxy,Qmin,dimensionless,5,0.07437387865733314,0.07953875830137466,-0.042940737731938586,0.07858285231348638,0.10353599269187158,0.11034218336553749,PROVISIONAL_SMALL_REQUEST_N,5,0.049666728327719414,0.09937093838017538,0.05219493751039713,0.1019412007778081,-0.09256474770650946,0.022232851743134673,0.03072859715070919,0.11714837403920342,0.07206657103304899,0.11714837403920342,0.07532471167326768,0.11714837403920342,20,5,5,0,0,0,0,0,15,5,5,5,5,,1.0,0.25,1.0,NOT_ESTIMABLE,,,PROVISIONAL_SMALL_REQUEST_N,1.0,1.0,PROVISIONAL_SMALL_REQUEST_N,1.0,1.0,NOT_PRIMARY; use physical units and frozen spans
6,f6-ba844c981dd6,FORMAL_10K,HELDOUT_TRIPLE_AUDIT,STRICT_LUMPED,f12d43eace12231077007dc497fee8dad00fbe58cb2f1fe2c6159c47636b97a0,selected_q_proxy,strict_valid,emx_minus_frozen_proxy,K_abs,dimensionless,5,0.0035504863504152275,0.00407545079104131,0.0025284826644925928,0.002966860681847927,0.005900520337621301,0.006239633680470002,PROVISIONAL_SMALL_REQUEST_N,5,0.0019228296315033089,0.005178143069327146,0.002146625469939663,0.005554745469441492,-0.0004026425624633678,0.005178143069327146,0.0007686345230277225,0.006578747023318704,0.0028021200950313907,0.006578747023318704,0.002884490388439659,0.006578747023318704,20,5,5,0,0,0,0,0,15,5,5,5,5,,1.0,0.25,1.0,NOT_ESTIMABLE,,,PROVISIONAL_SMALL_REQUEST_N,1.0,1.0,PROVISIONAL_SMALL_REQUEST_N,1.0,1.0,NOT_PRIMARY; use physical units and frozen spans
6,f6-ba844c981dd6,FORMAL_10K,HELDOUT_TRIPLE_AUDIT,STRICT_LUMPED,f12d43eace12231077007dc497fee8dad00fbe58cb2f1fe2c6159c47636b97a0,selected_q_proxy,all_finite_diagnostic,emx_minus_target,Lp_nH,nH,5,0.0031991453285988404,0.003540633128337336,-0.0004986017546165566,0.003169102562535331,0.0048797804094142805,0.005394973520204349,PROVISIONAL_SMALL_REQUEST_N,5,0.0019817743250802877,0.004597130347994094,0.0021063905330961567,0.004882315464764438,-0.0037957303371150886,0.002401302156388585,0.001496207087968493,0.005910166630994418,0.0027358812513019527,0.005910166630994418,0.0029524919069186415,0.005910166630994418,20,5,5,0,0,0,0,0,15,5,5,5,5,,1.0,0.25,1.0,NOT_ESTIMABLE,,,PROVISIONAL_SMALL_REQUEST_N,1.0,1.0,PROVISIONAL_SMALL_REQUEST_N,1.0,1.0,NOT_PRIMARY; use physical units and frozen spans
6,f6-ba844c981dd6,FORMAL_10K,HELDOUT_TRIPLE_AUDIT,STRICT_LUMPED,f12d43eace12231077007dc497fee8dad00fbe58cb2f1fe2c6159c47636b97a0,selected_q_proxy,all_finite_diagnostic,emx_minus_target,Ls_nH,nH,5,0.008022052288758675,0.00839415975427782,-0.006294889160201711,0.007519155538670552,0.010822484264254672,0.011003042444113698,PROVISIONAL_SMALL_REQUEST_N,5,0.00595450933032311,0.010089595247194239,0.0061081181515350155,0.010179132016412962,-0.010089595247194239,-0.0009656965208162522,0.004317907821392408,0.011183600623972723,0.007235008417234368,0.011183600623972723,0.00737708197795246,0.011183600623972723,20,5,5,0,0,0,0,0,15,5,5,5,5,,1.0,0.25,1.0,NOT_ESTIMABLE,,,PROVISIONAL_SMALL_REQUEST_N,1.0,1.0,PROVISIONAL_SMALL_REQUEST_N,1.0,1.0,NOT_PRIMARY; use physical units and frozen spans
6,f6-ba844c981dd6,FORMAL_10K,HELDOUT_TRIPLE_AUDIT,STRICT_LUMPED,f12d43eace12231077007dc497fee8dad00fbe58cb2f1fe2c6159c47636b97a0,selected_q_proxy,all_finite_diagnostic,emx_minus_target,Qmin,dimensionless,5,0.05584072415153614,0.0725473401535958,-0.02089884472656749,0.034435529218580285,0.11283170819559629,0.1228397344157397,PROVISIONAL_SMALL_REQUEST_N,5,0.018532186390936546,0.10118330875672221,0.022063988445642564,0.10938314482942846,-0.08371236904423789,0.03985832478478137,0.004547069027255546,0.1328477606358831,0.030487570467466443,0.1328477606358831,0.03246154984302336,0.1328477606358831,20,5,5,0,0,0,0,0,15,5,5,5,5,,1.0,0.25,1.0,NOT_ESTIMABLE,,,PROVISIONAL_SMALL_REQUEST_N,1.0,1.0,PROVISIONAL_SMALL_REQUEST_N,1.0,1.0,NOT_PRIMARY; use physical units and frozen spans
6,f6-ba844c981dd6,FORMAL_10K,HELDOUT_TRIPLE_AUDIT,STRICT_LUMPED,f12d43eace12231077007dc497fee8dad00fbe58cb2f1fe2c6159c47636b97a0,selected_q_proxy,all_finite_diagnostic,emx_minus_target,K_abs,dimensionless,5,0.003967338433892226,0.004258389223138644,0.0016028992002843968,0.0031245320321472425,0.005882007296466957,0.0060109566648693935,PROVISIONAL_SMALL_REQUEST_N,5,0.002655744371542412,0.005278932496242039,0.002675281146651055,0.005450479525549488,-0.0019063334614258132,0.0051121318619946066,0.0022905288609100793,0.00613990603327183,0.0029893456400372775,0.00613990603327183,0.00305693883609226,0.00613990603327183,20,5,5,0,0,0,0,0,15,5,5,5,5,,1.0,0.25,1.0,NOT_ESTIMABLE,,,PROVISIONAL_SMALL_REQUEST_N,1.0,1.0,PROVISIONAL_SMALL_REQUEST_N,1.0,1.0,NOT_PRIMARY; use physical units and frozen spans
6,f6-ba844c981dd6,FORMAL_10K,HELDOUT_TRIPLE_AUDIT,STRICT_LUMPED,f12d43eace12231077007dc497fee8dad00fbe58cb2f1fe2c6159c47636b97a0,selected_q_proxy,all_finite_diagnostic,emx_minus_frozen_proxy,Lp_nH,nH,5,0.002780280473727181,0.0031887794927461586,-0.0009164117831523377,0.0026213967468962096,0.0044780930838312916,0.00452647041689036,PROVISIONAL_SMALL_REQUEST_N,5,0.001473158064233715,0.004087402883220648,0.0017552127071246003,0.0041540170509357845,-0.0036299078953604623,0.001797084329055787,0.0003339218075952832,0.004574847749949429,0.0023881480399540857,0.004574847749949429,0.0025047723934251472,0.004574847749949429,20,5,5,0,0,0,0,0,15,5,5,5,5,,1.0,0.25,1.0,NOT_ESTIMABLE,,,PROVISIONAL_SMALL_REQUEST_N,1.0,1.0,PROVISIONAL_SMALL_REQUEST_N,1.0,1.0,NOT_PRIMARY; use physical units and frozen spans
6,f6-ba844c981dd6,FORMAL_10K,HELDOUT_TRIPLE_AUDIT,STRICT_LUMPED,f12d43eace12231077007dc497fee8dad00fbe58cb2f1fe2c6159c47636b97a0,selected_q_proxy,all_finite_diagnostic,emx_minus_frozen_proxy,Ls_nH,nH,5,0.0059343565995129575,0.006561136534838246,-0.0059343565995129575,0.006327025414152532,0.008663235434497717,0.008721005823812833,PROVISIONAL_SMALL_REQUEST_N,5,0.003406108767365934,0.008172885274702635,0.004483553476558223,0.008225845881066382,-0.008172885274702635,-0.003406108767365934,0.0010878552599848934,0.008778776213127948,0.005791495985990336,0.008778776213127948,0.0060592607000714335,0.008778776213127948,20,5,5,0,0,0,0,0,15,5,5,5,5,,1.0,0.25,1.0,NOT_ESTIMABLE,,,PROVISIONAL_SMALL_REQUEST_N,1.0,1.0,PROVISIONAL_SMALL_REQUEST_N,1.0,1.0,NOT_PRIMARY; use physical units and frozen spans
6,f6-ba844c981dd6,FORMAL_10K,HELDOUT_TRIPLE_AUDIT,STRICT_LUMPED,f12d43eace12231077007dc497fee8dad00fbe58cb2f1fe2c6159c47636b97a0,selected_q_proxy,all_finite_diagnostic,emx_minus_frozen_proxy,Qmin,dimensionless,5,0.07437387865733314,0.07953875830137466,-0.042940737731938586,0.07858285231348638,0.10353599269187158,0.11034218336553749,PROVISIONAL_SMALL_REQUEST_N,5,0.049666728327719414,0.09937093838017538,0.05219493751039713,0.1019412007778081,-0.09256474770650946,0.022232851743134673,0.03072859715070919,0.11714837403920342,0.07206657103304899,0.11714837403920342,0.07532471167326768,0.11714837403920342,20,5,5,0,0,0,0,0,15,5,5,5,5,,1.0,0.25,1.0,NOT_ESTIMABLE,,,PROVISIONAL_SMALL_REQUEST_N,1.0,1.0,PROVISIONAL_SMALL_REQUEST_N,1.0,1.0,NOT_PRIMARY; use physical units and frozen spans
6,f6-ba844c981dd6,FORMAL_10K,HELDOUT_TRIPLE_AUDIT,STRICT_LUMPED,f12d43eace12231077007dc497fee8dad00fbe58cb2f1fe2c6159c47636b97a0,selected_q_proxy,all_finite_diagnostic,emx_minus_frozen_proxy,K_abs,dimensionless,5,0.0035504863504152275,0.00407545079104131,0.0025284826644925928,0.002966860681847927,0.005900520337621301,0.006239633680470002,PROVISIONAL_SMALL_REQUEST_N,5,0.0019228296315033089,0.005178143069327146,0.002146625469939663,0.005554745469441492,-0.0004026425624633678,0.005178143069327146,0.0007686345230277225,0.006578747023318704,0.0028021200950313907,0.006578747023318704,0.002884490388439659,0.006578747023318704,20,5,5,0,0,0,0,0,15,5,5,5,5,,1.0,0.25,1.0,NOT_ESTIMABLE,,,PROVISIONAL_SMALL_REQUEST_N,1.0,1.0,PROVISIONAL_SMALL_REQUEST_N,1.0,1.0,NOT_PRIMARY; use physical units and frozen spans
7,f7-d0ffa9b31525,FORMAL_10K,HELDOUT_TRIPLE_AUDIT,STRICT_LUMPED,f12d43eace12231077007dc497fee8dad00fbe58cb2f1fe2c6159c47636b97a0,all_candidates,strict_valid,emx_minus_target,Lp_nH,nH,46,0.11103424179427836,0.2026999091566646,-0.09884195658932718,0.02507940146066079,0.3398187589465912,0.5161120521104168,PROVISIONAL_SMALL_REQUEST_N,5,0.03858761202765143,0.2209670211297374,0.06586854492201291,0.3167406260467645,-0.20811732267631652,-0.021991861122862704,0.012831471889062085,0.12146175308274398,0.09416753050509755,0.6114649032112405,0.15261830859034703,0.647353740754096,220,46,46,0,0,4,5,0,165,20,46,46,55,,0.36363636363636365,0.09090909090909091,0.43478260869565216,NOT_ESTIMABLE,,,PROVISIONAL_SMALL_REQUEST_N,0.3090909090909091,0.41818181818181815,PROVISIONAL_SMALL_REQUEST_N,0.34615384615384615,0.525,NOT_PRIMARY; use physical units and frozen spans
7,f7-d0ffa9b31525,FORMAL_10K,HELDOUT_TRIPLE_AUDIT,STRICT_LUMPED,f12d43eace12231077007dc497fee8dad00fbe58cb2f1fe2c6159c47636b97a0,all_candidates,strict_valid,emx_minus_target,Ls_nH,nH,46,0.2122809580804515,0.2945274743419764,0.055334174273420335,0.16386297885246204,0.5180548403699476,0.5559769567820567,PROVISIONAL_SMALL_REQUEST_N,5,0.15680406858307233,0.2648106263525132,0.23105107450275036,0.33777818762552086,-0.14388371087567997,0.20783897450429292,0.053322207378933284,0.27626291613014187,0.4175227641617122,0.5557004758634838,0.48614773540527184,0.5648854439330554,220,46,46,0,0,4,5,0,165,20,46,46,55,,0.36363636363636365,0.09090909090909091,0.43478260869565216,NOT_ESTIMABLE,,,PROVISIONAL_SMALL_REQUEST_N,0.3090909090909091,0.41818181818181815,PROVISIONAL_SMALL_REQUEST_N,0.34615384615384615,0.525,NOT_PRIMARY; use physical units and frozen spans
7,f7-d0ffa9b31525,FORMAL_10K,HELDOUT_TRIPLE_AUDIT,STRICT_LUMPED,f12d43eace12231077007dc497fee8dad00fbe58cb2f1fe2c6159c47636b97a0,all_candidates,strict_valid,emx_minus_target,Qmin,dimensionless,46,1.6925937396382769,2.427446355383288,-1.673410067630385,1.1681138968700644,4.3427833826721525,4.91571554232194,PROVISIONAL_SMALL_REQUEST_N,5,1.3889693039336461,1.9399373210510569,2.1312602999142007,2.660335962835606,-1.9303556394939654,-1.356612160922936,0.4763903755512118,1.4544791471398257,4.174305356378516,4.617897877737284,4.3137628696216845,5.151706895890715,220,46,46,0,0,4,5,0,165,20,46,46,55,,0.36363636363636365,0.09090909090909091,0.43478260869565216,NOT_ESTIMABLE,,,PROVISIONAL_SMALL_REQUEST_N,0.3090909090909091,0.41818181818181815,PROVISIONAL_SMALL_REQUEST_N,0.34615384615384615,0.525,NOT_PRIMARY; use physical units and frozen spans
7,f7-d0ffa9b31525,FORMAL_10K,HELDOUT_TRIPLE_AUDIT,STRICT_LUMPED,f12d43eace12231077007dc497fee8dad00fbe58cb2f1fe2c6159c47636b97a0,all_candidates,strict_valid,emx_minus_target,K_abs,dimensionless,46,0.03948578948395996,0.06000915922635076,-0.024993375288770277,0.01879747284273464,0.10201094471320757,0.11485496118592496,PROVISIONAL_SMALL_REQUEST_N,5,0.029552630524212024,0.048450501352977286,0.04667280108969144,0.07045761003394824,-0.04027544469465815,-0.007708977320213619,0.0074429831271356495,0.03653272110756836,0.07678197647696353,0.11255774175321002,0.09013774843212663,0.19003698365935856,220,46,46,0,0,4,5,0,165,20,46,46,55,,0.36363636363636365,0.09090909090909091,0.43478260869565216,NOT_ESTIMABLE,,,PROVISIONAL_SMALL_REQUEST_N,0.3090909090909091,0.41818181818181815,PROVISIONAL_SMALL_REQUEST_N,0.34615384615384615,0.525,NOT_PRIMARY; use physical units and frozen spans
7,f7-d0ffa9b31525,FORMAL_10K,HELDOUT_TRIPLE_AUDIT,STRICT_LUMPED,f12d43eace12231077007dc497fee8dad00fbe58cb2f1fe2c6159c47636b97a0,all_candidates,strict_valid,emx_minus_frozen_proxy,Lp_nH,nH,46,0.004837025683577501,0.0059673620238205865,0.0034568492877434798,0.004268381800342502,0.01002162159559672,0.011441835930779354,PROVISIONAL_SMALL_REQUEST_N,5,0.004074452341980492,0.005670230689626052,0.00501718502297957,0.006848902332342804,0.00238571030775383,0.004328528667554229,0.0022650912326627193,0.005326180681918258,0.008344568483059424,0.011941157237884692,0.008926694060215179,0.01216141558042838,220,46,46,0,0,4,5,0,165,20,46,46,55,,0.36363636363636365,0.09090909090909091,0.43478260869565216,NOT_ESTIMABLE,,,PROVISIONAL_SMALL_REQUEST_N,0.3090909090909091,0.41818181818181815,PROVISIONAL_SMALL_REQUEST_N,0.34615384615384615,0.525,NOT_PRIMARY; use physical units and frozen spans
7,f7-d0ffa9b31525,FORMAL_10K,HELDOUT_TRIPLE_AUDIT,STRICT_LUMPED,f12d43eace12231077007dc497fee8dad00fbe58cb2f1fe2c6159c47636b97a0,all_candidates,strict_valid,emx_minus_frozen_proxy,Ls_nH,nH,46,0.008937746951558795,0.012460290744061171,0.007856978132892713,0.0043849849677279895,0.023194653401037768,0.024167615354055094,PROVISIONAL_SMALL_REQUEST_N,5,0.005774854357007364,0.012360602478842372,0.00888296335532658,0.015169099071041364,0.004394658468245269,0.011449891410734657,0.0028616975168266334,0.011272343445623223,0.01696121923810368,0.024225291839031327,0.021478338161284447,0.026341522426095575,220,46,46,0,0,4,5,0,165,20,46,46,55,,0.36363636363636365,0.09090909090909091,0.43478260869565216,NOT_ESTIMABLE,,,PROVISIONAL_SMALL_REQUEST_N,0.3090909090909091,0.41818181818181815,PROVISIONAL_SMALL_REQUEST_N,0.34615384615384615,0.525,NOT_PRIMARY; use physical units and frozen spans
7,f7-d0ffa9b31525,FORMAL_10K,HELDOUT_TRIPLE_AUDIT,STRICT_LUMPED,f12d43eace12231077007dc497fee8dad00fbe58cb2f1fe2c6159c47636b97a0,all_candidates,strict_valid,emx_minus_frozen_proxy,Qmin,dimensionless,46,0.17008942056914253,0.20115126972543093,-0.033368902900478725,0.13808775713434063,0.30217804523154435,0.4383864681423377,PROVISIONAL_SMALL_REQUEST_N,5,0.1393484663149018,0.20186938970019078,0.15410210559567225,0.2421661037142049,-0.12847474979951287,0.06526697780723778,0.12472130940873871,0.14360304170186478,0.22310079989724446,0.44764425140433595,0.2645207000602628,0.4654951307698445,220,46,46,0,0,4,5,0,165,20,46,46,55,,0.36363636363636365,0.09090909090909091,0.43478260869565216,NOT_ESTIMABLE,,,PROVISIONAL_SMALL_REQUEST_N,0.3090909090909091,0.41818181818181815,PROVISIONAL_SMALL_REQUEST_N,0.34615384615384615,0.525,NOT_PRIMARY; use physical units and frozen spans
7,f7-d0ffa9b31525,FORMAL_10K,HELDOUT_TRIPLE_AUDIT,STRICT_LUMPED,f12d43eace12231077007dc497fee8dad00fbe58cb2f1fe2c6159c47636b97a0,all_candidates,strict_valid,emx_minus_frozen_proxy,K_abs,dimensionless,46,0.004824180953261785,0.006132888878592391,-0.0006536869518462401,0.003856782340353873,0.009148352177716826,0.014137904326948267,PROVISIONAL_SMALL_REQUEST_N,5,0.0037300771836366086,0.005981481393773517,0.0043205597848373165,0.007672144442116841,-0.0037227576416122626,0.0012872839171135784,0.003518521670174024,0.0053894058629586905,0.006621147926224841,0.014816761630817576,0.006840532686672087,0.01502440762092032,220,46,46,0,0,4,5,0,165,20,46,46,55,,0.36363636363636365,0.09090909090909091,0.43478260869565216,NOT_ESTIMABLE,,,PROVISIONAL_SMALL_REQUEST_N,0.3090909090909091,0.41818181818181815,PROVISIONAL_SMALL_REQUEST_N,0.34615384615384615,0.525,NOT_PRIMARY; use physical units and frozen spans
7,f7-d0ffa9b31525,FORMAL_10K,HELDOUT_TRIPLE_AUDIT,STRICT_LUMPED,f12d43eace12231077007dc497fee8dad00fbe58cb2f1fe2c6159c47636b97a0,all_candidates,all_finite_diagnostic,emx_minus_target,Lp_nH,nH,46,0.11103424179427836,0.2026999091566646,-0.09884195658932718,0.02507940146066079,0.3398187589465912,0.5161120521104168,PROVISIONAL_SMALL_REQUEST_N,5,0.03858761202765143,0.2209670211297374,0.06586854492201291,0.3167406260467645,-0.20811732267631652,-0.021991861122862704,0.012831471889062085,0.12146175308274398,0.09416753050509755,0.6114649032112405,0.15261830859034703,0.647353740754096,220,46,46,0,0,4,5,0,165,20,46,46,55,,0.36363636363636365,0.09090909090909091,0.43478260869565216,NOT_ESTIMABLE,,,PROVISIONAL_SMALL_REQUEST_N,0.3090909090909091,0.41818181818181815,PROVISIONAL_SMALL_REQUEST_N,0.34615384615384615,0.525,NOT_PRIMARY; use physical units and frozen spans
7,f7-d0ffa9b31525,FORMAL_10K,HELDOUT_TRIPLE_AUDIT,STRICT_LUMPED,f12d43eace12231077007dc497fee8dad00fbe58cb2f1fe2c6159c47636b97a0,all_candidates,all_finite_diagnostic,emx_minus_target,Ls_nH,nH,46,0.2122809580804515,0.2945274743419764,0.055334174273420335,0.16386297885246204,0.5180548403699476,0.5559769567820567,PROVISIONAL_SMALL_REQUEST_N,5,0.15680406858307233,0.2648106263525132,0.23105107450275036,0.33777818762552086,-0.14388371087567997,0.20783897450429292,0.053322207378933284,0.27626291613014187,0.4175227641617122,0.5557004758634838,0.48614773540527184,0.5648854439330554,220,46,46,0,0,4,5,0,165,20,46,46,55,,0.36363636363636365,0.09090909090909091,0.43478260869565216,NOT_ESTIMABLE,,,PROVISIONAL_SMALL_REQUEST_N,0.3090909090909091,0.41818181818181815,PROVISIONAL_SMALL_REQUEST_N,0.34615384615384615,0.525,NOT_PRIMARY; use physical units and frozen spans
7,f7-d0ffa9b31525,FORMAL_10K,HELDOUT_TRIPLE_AUDIT,STRICT_LUMPED,f12d43eace12231077007dc497fee8dad00fbe58cb2f1fe2c6159c47636b97a0,all_candidates,all_finite_diagnostic,emx_minus_target,Qmin,dimensionless,46,1.6925937396382769,2.427446355383288,-1.673410067630385,1.1681138968700644,4.3427833826721525,4.91571554232194,PROVISIONAL_SMALL_REQUEST_N,5,1.3889693039336461,1.9399373210510569,2.1312602999142007,2.660335962835606,-1.9303556394939654,-1.356612160922936,0.4763903755512118,1.4544791471398257,4.174305356378516,4.617897877737284,4.3137628696216845,5.151706895890715,220,46,46,0,0,4,5,0,165,20,46,46,55,,0.36363636363636365,0.09090909090909091,0.43478260869565216,NOT_ESTIMABLE,,,PROVISIONAL_SMALL_REQUEST_N,0.3090909090909091,0.41818181818181815,PROVISIONAL_SMALL_REQUEST_N,0.34615384615384615,0.525,NOT_PRIMARY; use physical units and frozen spans
7,f7-d0ffa9b31525,FORMAL_10K,HELDOUT_TRIPLE_AUDIT,STRICT_LUMPED,f12d43eace12231077007dc497fee8dad00fbe58cb2f1fe2c6159c47636b97a0,all_candidates,all_finite_diagnostic,emx_minus_target,K_abs,dimensionless,46,0.03948578948395996,0.06000915922635076,-0.024993375288770277,0.01879747284273464,0.10201094471320757,0.11485496118592496,PROVISIONAL_SMALL_REQUEST_N,5,0.029552630524212024,0.048450501352977286,0.04667280108969144,0.07045761003394824,-0.04027544469465815,-0.007708977320213619,0.0074429831271356495,0.03653272110756836,0.07678197647696353,0.11255774175321002,0.09013774843212663,0.19003698365935856,220,46,46,0,0,4,5,0,165,20,46,46,55,,0.36363636363636365,0.09090909090909091,0.43478260869565216,NOT_ESTIMABLE,,,PROVISIONAL_SMALL_REQUEST_N,0.3090909090909091,0.41818181818181815,PROVISIONAL_SMALL_REQUEST_N,0.34615384615384615,0.525,NOT_PRIMARY; use physical units and frozen spans
7,f7-d0ffa9b31525,FORMAL_10K,HELDOUT_TRIPLE_AUDIT,STRICT_LUMPED,f12d43eace12231077007dc497fee8dad00fbe58cb2f1fe2c6159c47636b97a0,all_candidates,all_finite_diagnostic,emx_minus_frozen_proxy,Lp_nH,nH,46,0.004837025683577501,0.0059673620238205865,0.0034568492877434798,0.004268381800342502,0.01002162159559672,0.011441835930779354,PROVISIONAL_SMALL_REQUEST_N,5,0.004074452341980492,0.005670230689626052,0.00501718502297957,0.006848902332342804,0.00238571030775383,0.004328528667554229,0.0022650912326627193,0.005326180681918258,0.008344568483059424,0.011941157237884692,0.008926694060215179,0.01216141558042838,220,46,46,0,0,4,5,0,165,20,46,46,55,,0.36363636363636365,0.09090909090909091,0.43478260869565216,NOT_ESTIMABLE,,,PROVISIONAL_SMALL_REQUEST_N,0.3090909090909091,0.41818181818181815,PROVISIONAL_SMALL_REQUEST_N,0.34615384615384615,0.525,NOT_PRIMARY; use physical units and frozen spans
7,f7-d0ffa9b31525,FORMAL_10K,HELDOUT_TRIPLE_AUDIT,STRICT_LUMPED,f12d43eace12231077007dc497fee8dad00fbe58cb2f1fe2c6159c47636b97a0,all_candidates,all_finite_diagnostic,emx_minus_frozen_proxy,Ls_nH,nH,46,0.008937746951558795,0.012460290744061171,0.007856978132892713,0.0043849849677279895,0.023194653401037768,0.024167615354055094,PROVISIONAL_SMALL_REQUEST_N,5,0.005774854357007364,0.012360602478842372,0.00888296335532658,0.015169099071041364,0.004394658468245269,0.011449891410734657,0.0028616975168266334,0.011272343445623223,0.01696121923810368,0.024225291839031327,0.021478338161284447,0.026341522426095575,220,46,46,0,0,4,5,0,165,20,46,46,55,,0.36363636363636365,0.09090909090909091,0.43478260869565216,NOT_ESTIMABLE,,,PROVISIONAL_SMALL_REQUEST_N,0.3090909090909091,0.41818181818181815,PROVISIONAL_SMALL_REQUEST_N,0.34615384615384615,0.525,NOT_PRIMARY; use physical units and frozen spans
7,f7-d0ffa9b31525,FORMAL_10K,HELDOUT_TRIPLE_AUDIT,STRICT_LUMPED,f12d43eace12231077007dc497fee8dad00fbe58cb2f1fe2c6159c47636b97a0,all_candidates,all_finite_diagnostic,emx_minus_frozen_proxy,Qmin,dimensionless,46,0.17008942056914253,0.20115126972543093,-0.033368902900478725,0.13808775713434063,0.30217804523154435,0.4383864681423377,PROVISIONAL_SMALL_REQUEST_N,5,0.1393484663149018,0.20186938970019078,0.15410210559567225,0.2421661037142049,-0.12847474979951287,0.06526697780723778,0.12472130940873871,0.14360304170186478,0.22310079989724446,0.44764425140433595,0.2645207000602628,0.4654951307698445,220,46,46,0,0,4,5,0,165,20,46,46,55,,0.36363636363636365,0.09090909090909091,0.43478260869565216,NOT_ESTIMABLE,,,PROVISIONAL_SMALL_REQUEST_N,0.3090909090909091,0.41818181818181815,PROVISIONAL_SMALL_REQUEST_N,0.34615384615384615,0.525,NOT_PRIMARY; use physical units and frozen spans
7,f7-d0ffa9b31525,FORMAL_10K,HELDOUT_TRIPLE_AUDIT,STRICT_LUMPED,f12d43eace12231077007dc497fee8dad00fbe58cb2f1fe2c6159c47636b97a0,all_candidates,all_finite_diagnostic,emx_minus_frozen_proxy,K_abs,dimensionless,46,0.004824180953261785,0.006132888878592391,-0.0006536869518462401,0.003856782340353873,0.009148352177716826,0.014137904326948267,PROVISIONAL_SMALL_REQUEST_N,5,0.0037300771836366086,0.005981481393773517,0.0043205597848373165,0.007672144442116841,-0.0037227576416122626,0.0012872839171135784,0.003518521670174024,0.0053894058629586905,0.006621147926224841,0.014816761630817576,0.006840532686672087,0.01502440762092032,220,46,46,0,0,4,5,0,165,20,46,46,55,,0.36363636363636365,0.09090909090909091,0.43478260869565216,NOT_ESTIMABLE,,,PROVISIONAL_SMALL_REQUEST_N,0.3090909090909091,0.41818181818181815,PROVISIONAL_SMALL_REQUEST_N,0.34615384615384615,0.525,NOT_PRIMARY; use physical units and frozen spans
7,f7-d0ffa9b31525,FORMAL_10K,HELDOUT_TRIPLE_AUDIT,STRICT_LUMPED,f12d43eace12231077007dc497fee8dad00fbe58cb2f1fe2c6159c47636b97a0,selected_q_proxy,strict_valid,emx_minus_target,Lp_nH,nH,5,0.007389728757041514,0.009766758698750449,0.007389728757041514,0.007099780440411152,0.014304806559016382,0.0166739781699329,PROVISIONAL_SMALL_REQUEST_N,5,0.0028619200470652055,0.012891882777280905,0.00357588158845429,0.015097968545450823,0.0028619200470652055,0.012891882777280905,0.00013267281758944094,0.019043149780849422,0.005650167872282986,0.019043149780849422,0.0063749741563470675,0.019043149780849422,20,5,5,0,0,0,0,0,15,5,5,5,5,,1.0,0.25,1.0,NOT_ESTIMABLE,,,PROVISIONAL_SMALL_REQUEST_N,1.0,1.0,PROVISIONAL_SMALL_REQUEST_N,1.0,1.0,NOT_PRIMARY; use physical units and frozen spans
7,f7-d0ffa9b31525,FORMAL_10K,HELDOUT_TRIPLE_AUDIT,STRICT_LUMPED,f12d43eace12231077007dc497fee8dad00fbe58cb2f1fe2c6159c47636b97a0,selected_q_proxy,strict_valid,emx_minus_target,Ls_nH,nH,5,0.004460532655797556,0.005970832054143779,-0.001499327109656301,0.0025502100412997386,0.008714857439587265,0.010532148405961082,PROVISIONAL_SMALL_REQUEST_N,5,0.002195059747063621,0.008356052919790446,0.002214130780730068,0.009682866348185572,-0.007267108723567728,0.0025248582580116976,0.001958292884239543,0.012349439372334903,0.0024028206010389573,0.012349439372334903,0.002476515321169348,0.012349439372334903,20,5,5,0,0,0,0,0,15,5,5,5,5,,1.0,0.25,1.0,NOT_ESTIMABLE,,,PROVISIONAL_SMALL_REQUEST_N,1.0,1.0,PROVISIONAL_SMALL_REQUEST_N,1.0,1.0,NOT_PRIMARY; use physical units and frozen spans
7,f7-d0ffa9b31525,FORMAL_10K,HELDOUT_TRIPLE_AUDIT,STRICT_LUMPED,f12d43eace12231077007dc497fee8dad00fbe58cb2f1fe2c6159c47636b97a0,selected_q_proxy,strict_valid,emx_minus_target,Qmin,dimensionless,5,0.11325055838199347,0.12682798039092275,-0.07707059427200705,0.09044991027496607,0.18150310760490884,0.19999694973814533,PROVISIONAL_SMALL_REQUEST_N,5,0.07136686415667803,0.16269384737282272,0.07201694128494755,0.1763358045195322,-0.15735257683451315,0.015556239728939403,0.06374355758341821,0.21849079187138187,0.08128872655498043,0.21849079187138187,0.08586931841497325,0.21849079187138187,20,5,5,0,0,0,0,0,15,5,5,5,5,,1.0,0.25,1.0,NOT_ESTIMABLE,,,PROVISIONAL_SMALL_REQUEST_N,1.0,1.0,PROVISIONAL_SMALL_REQUEST_N,1.0,1.0,NOT_PRIMARY; use physical units and frozen spans
7,f7-d0ffa9b31525,FORMAL_10K,HELDOUT_TRIPLE_AUDIT,STRICT_LUMPED,f12d43eace12231077007dc497fee8dad00fbe58cb2f1fe2c6159c47636b97a0,selected_q_proxy,strict_valid,emx_minus_target,K_abs,dimensionless,5,0.006642818833173969,0.0100157002140806,0.0021083661372894636,0.001701266422015818,0.015745875812338807,0.01816281938205401,PROVISIONAL_SMALL_REQUEST_N,5,0.0013154611599598132,0.014274830834600622,0.0013314151442780045,0.016395395151564438,-0.005177640451441201,0.011670158433292757,0.001139820214502263,0.02057976295176922,0.0015400396429652353,0.02057976295176922,0.0016206530324905264,0.02057976295176922,20,5,5,0,0,0,0,0,15,5,5,5,5,,1.0,0.25,1.0,NOT_ESTIMABLE,,,PROVISIONAL_SMALL_REQUEST_N,1.0,1.0,PROVISIONAL_SMALL_REQUEST_N,1.0,1.0,NOT_PRIMARY; use physical units and frozen spans
7,f7-d0ffa9b31525,FORMAL_10K,HELDOUT_TRIPLE_AUDIT,STRICT_LUMPED,f12d43eace12231077007dc497fee8dad00fbe58cb2f1fe2c6159c47636b97a0,selected_q_proxy,strict_valid,emx_minus_frozen_proxy,Lp_nH,nH,5,0.0031028046057139493,0.003514400078781986,0.0020132118991059043,0.0033873863579123586,0.004870003134594292,0.0052073544996456,PROVISIONAL_SMALL_REQUEST_N,5,0.0017670699781905165,0.004438539233237382,0.0020386576449130086,0.004638520874745301,-0.0005926781224811605,0.00434442669693178,0.0006753028238570824,0.005544705864696908,0.002851903391812627,0.005544705864696908,0.0031196448748624928,0.005544705864696908,20,5,5,0,0,0,0,0,15,5,5,5,5,,1.0,0.25,1.0,NOT_ESTIMABLE,,,PROVISIONAL_SMALL_REQUEST_N,1.0,1.0,PROVISIONAL_SMALL_REQUEST_N,1.0,1.0,NOT_PRIMARY; use physical units and frozen spans
7,f7-d0ffa9b31525,FORMAL_10K,HELDOUT_TRIPLE_AUDIT,STRICT_LUMPED,f12d43eace12231077007dc497fee8dad00fbe58cb2f1fe2c6159c47636b97a0,selected_q_proxy,strict_valid,emx_minus_frozen_proxy,Ls_nH,nH,5,0.0019691882925824576,0.002498386948565708,-8.027126159431131e-05,0.0012973410958884157,0.0038721644251776158,0.004143091901534523,PROVISIONAL_SMALL_REQUEST_N,5,0.0006895478163879032,0.0033221518360368177,0.0007809620983819464,0.0036852558057449635,-0.001927359716437671,0.0021294751883794926,0.0003082731995789345,0.004414019377891432,0.0010851749749116956,0.004414019377891432,0.0011912580354000557,0.004414019377891432,20,5,5,0,0,0,0,0,15,5,5,5,5,,1.0,0.25,1.0,NOT_ESTIMABLE,,,PROVISIONAL_SMALL_REQUEST_N,1.0,1.0,PROVISIONAL_SMALL_REQUEST_N,1.0,1.0,NOT_PRIMARY; use physical units and frozen spans
7,f7-d0ffa9b31525,FORMAL_10K,HELDOUT_TRIPLE_AUDIT,STRICT_LUMPED,f12d43eace12231077007dc497fee8dad00fbe58cb2f1fe2c6159c47636b97a0,selected_q_proxy,strict_valid,emx_minus_frozen_proxy,Qmin,dimensionless,5,0.10348302603336065,0.10859295094662298,-0.07154424234329611,0.07984695922516138,0.14431686645500647,0.14574451596128987,PROVISIONAL_SMALL_REQUEST_N,5,0.07653584502634239,0.1308518252065241,0.07660635661846796,0.13335203471971055,-0.13043020704037894,0.0043536182689784654,0.0726232191434768,0.14717216546757328,0.07900372289287105,0.14717216546757328,0.07942534105901622,0.14717216546757328,20,5,5,0,0,0,0,0,15,5,5,5,5,,1.0,0.25,1.0,NOT_ESTIMABLE,,,PROVISIONAL_SMALL_REQUEST_N,1.0,1.0,PROVISIONAL_SMALL_REQUEST_N,1.0,1.0,NOT_PRIMARY; use physical units and frozen spans
7,f7-d0ffa9b31525,FORMAL_10K,HELDOUT_TRIPLE_AUDIT,STRICT_LUMPED,f12d43eace12231077007dc497fee8dad00fbe58cb2f1fe2c6159c47636b97a0,selected_q_proxy,strict_valid,emx_minus_frozen_proxy,K_abs,dimensionless,5,0.0052458070485134674,0.007050326866959317,0.0010144424403127738,0.0023650524810543416,0.010987296476326536,0.01246067706351479,PROVISIONAL_SMALL_REQUEST_N,5,0.001818118654630141,0.010003106398311307,0.001838839239850769,0.01120991880046934,-0.004069990110795419,0.007418007838781915,0.001646204324685624,0.013934057650703047,0.002105657917177628,0.013934057650703047,0.0022353551991159846,0.013934057650703047,20,5,5,0,0,0,0,0,15,5,5,5,5,,1.0,0.25,1.0,NOT_ESTIMABLE,,,PROVISIONAL_SMALL_REQUEST_N,1.0,1.0,PROVISIONAL_SMALL_REQUEST_N,1.0,1.0,NOT_PRIMARY; use physical units and frozen spans
7,f7-d0ffa9b31525,FORMAL_10K,HELDOUT_TRIPLE_AUDIT,STRICT_LUMPED,f12d43eace12231077007dc497fee8dad00fbe58cb2f1fe2c6159c47636b97a0,selected_q_proxy,all_finite_diagnostic,emx_minus_target,Lp_nH,nH,5,0.007389728757041514,0.009766758698750449,0.007389728757041514,0.007099780440411152,0.014304806559016382,0.0166739781699329,PROVISIONAL_SMALL_REQUEST_N,5,0.0028619200470652055,0.012891882777280905,0.00357588158845429,0.015097968545450823,0.0028619200470652055,0.012891882777280905,0.00013267281758944094,0.019043149780849422,0.005650167872282986,0.019043149780849422,0.0063749741563470675,0.019043149780849422,20,5,5,0,0,0,0,0,15,5,5,5,5,,1.0,0.25,1.0,NOT_ESTIMABLE,,,PROVISIONAL_SMALL_REQUEST_N,1.0,1.0,PROVISIONAL_SMALL_REQUEST_N,1.0,1.0,NOT_PRIMARY; use physical units and frozen spans
7,f7-d0ffa9b31525,FORMAL_10K,HELDOUT_TRIPLE_AUDIT,STRICT_LUMPED,f12d43eace12231077007dc497fee8dad00fbe58cb2f1fe2c6159c47636b97a0,selected_q_proxy,all_finite_diagnostic,emx_minus_target,Ls_nH,nH,5,0.004460532655797556,0.005970832054143779,-0.001499327109656301,0.0025502100412997386,0.008714857439587265,0.010532148405961082,PROVISIONAL_SMALL_REQUEST_N,5,0.002195059747063621,0.008356052919790446,0.002214130780730068,0.009682866348185572,-0.007267108723567728,0.0025248582580116976,0.001958292884239543,0.012349439372334903,0.0024028206010389573,0.012349439372334903,0.002476515321169348,0.012349439372334903,20,5,5,0,0,0,0,0,15,5,5,5,5,,1.0,0.25,1.0,NOT_ESTIMABLE,,,PROVISIONAL_SMALL_REQUEST_N,1.0,1.0,PROVISIONAL_SMALL_REQUEST_N,1.0,1.0,NOT_PRIMARY; use physical units and frozen spans
7,f7-d0ffa9b31525,FORMAL_10K,HELDOUT_TRIPLE_AUDIT,STRICT_LUMPED,f12d43eace12231077007dc497fee8dad00fbe58cb2f1fe2c6159c47636b97a0,selected_q_proxy,all_finite_diagnostic,emx_minus_target,Qmin,dimensionless,5,0.11325055838199347,0.12682798039092275,-0.07707059427200705,0.09044991027496607,0.18150310760490884,0.19999694973814533,PROVISIONAL_SMALL_REQUEST_N,5,0.07136686415667803,0.16269384737282272,0.07201694128494755,0.1763358045195322,-0.15735257683451315,0.015556239728939403,0.06374355758341821,0.21849079187138187,0.08128872655498043,0.21849079187138187,0.08586931841497325,0.21849079187138187,20,5,5,0,0,0,0,0,15,5,5,5,5,,1.0,0.25,1.0,NOT_ESTIMABLE,,,PROVISIONAL_SMALL_REQUEST_N,1.0,1.0,PROVISIONAL_SMALL_REQUEST_N,1.0,1.0,NOT_PRIMARY; use physical units and frozen spans
7,f7-d0ffa9b31525,FORMAL_10K,HELDOUT_TRIPLE_AUDIT,STRICT_LUMPED,f12d43eace12231077007dc497fee8dad00fbe58cb2f1fe2c6159c47636b97a0,selected_q_proxy,all_finite_diagnostic,emx_minus_target,K_abs,dimensionless,5,0.006642818833173969,0.0100157002140806,0.0021083661372894636,0.001701266422015818,0.015745875812338807,0.01816281938205401,PROVISIONAL_SMALL_REQUEST_N,5,0.0013154611599598132,0.014274830834600622,0.0013314151442780045,0.016395395151564438,-0.005177640451441201,0.011670158433292757,0.001139820214502263,0.02057976295176922,0.0015400396429652353,0.02057976295176922,0.0016206530324905264,0.02057976295176922,20,5,5,0,0,0,0,0,15,5,5,5,5,,1.0,0.25,1.0,NOT_ESTIMABLE,,,PROVISIONAL_SMALL_REQUEST_N,1.0,1.0,PROVISIONAL_SMALL_REQUEST_N,1.0,1.0,NOT_PRIMARY; use physical units and frozen spans
7,f7-d0ffa9b31525,FORMAL_10K,HELDOUT_TRIPLE_AUDIT,STRICT_LUMPED,f12d43eace12231077007dc497fee8dad00fbe58cb2f1fe2c6159c47636b97a0,selected_q_proxy,all_finite_diagnostic,emx_minus_frozen_proxy,Lp_nH,nH,5,0.0031028046057139493,0.003514400078781986,0.0020132118991059043,0.0033873863579123586,0.004870003134594292,0.0052073544996456,PROVISIONAL_SMALL_REQUEST_N,5,0.0017670699781905165,0.004438539233237382,0.0020386576449130086,0.004638520874745301,-0.0005926781224811605,0.00434442669693178,0.0006753028238570824,0.005544705864696908,0.002851903391812627,0.005544705864696908,0.0031196448748624928,0.005544705864696908,20,5,5,0,0,0,0,0,15,5,5,5,5,,1.0,0.25,1.0,NOT_ESTIMABLE,,,PROVISIONAL_SMALL_REQUEST_N,1.0,1.0,PROVISIONAL_SMALL_REQUEST_N,1.0,1.0,NOT_PRIMARY; use physical units and frozen spans
7,f7-d0ffa9b31525,FORMAL_10K,HELDOUT_TRIPLE_AUDIT,STRICT_LUMPED,f12d43eace12231077007dc497fee8dad00fbe58cb2f1fe2c6159c47636b97a0,selected_q_proxy,all_finite_diagnostic,emx_minus_frozen_proxy,Ls_nH,nH,5,0.0019691882925824576,0.002498386948565708,-8.027126159431131e-05,0.0012973410958884157,0.0038721644251776158,0.004143091901534523,PROVISIONAL_SMALL_REQUEST_N,5,0.0006895478163879032,0.0033221518360368177,0.0007809620983819464,0.0036852558057449635,-0.001927359716437671,0.0021294751883794926,0.0003082731995789345,0.004414019377891432,0.0010851749749116956,0.004414019377891432,0.0011912580354000557,0.004414019377891432,20,5,5,0,0,0,0,0,15,5,5,5,5,,1.0,0.25,1.0,NOT_ESTIMABLE,,,PROVISIONAL_SMALL_REQUEST_N,1.0,1.0,PROVISIONAL_SMALL_REQUEST_N,1.0,1.0,NOT_PRIMARY; use physical units and frozen spans
7,f7-d0ffa9b31525,FORMAL_10K,HELDOUT_TRIPLE_AUDIT,STRICT_LUMPED,f12d43eace12231077007dc497fee8dad00fbe58cb2f1fe2c6159c47636b97a0,selected_q_proxy,all_finite_diagnostic,emx_minus_frozen_proxy,Qmin,dimensionless,5,0.10348302603336065,0.10859295094662298,-0.07154424234329611,0.07984695922516138,0.14431686645500647,0.14574451596128987,PROVISIONAL_SMALL_REQUEST_N,5,0.07653584502634239,0.1308518252065241,0.07660635661846796,0.13335203471971055,-0.13043020704037894,0.0043536182689784654,0.0726232191434768,0.14717216546757328,0.07900372289287105,0.14717216546757328,0.07942534105901622,0.14717216546757328,20,5,5,0,0,0,0,0,15,5,5,5,5,,1.0,0.25,1.0,NOT_ESTIMABLE,,,PROVISIONAL_SMALL_REQUEST_N,1.0,1.0,PROVISIONAL_SMALL_REQUEST_N,1.0,1.0,NOT_PRIMARY; use physical units and frozen spans
7,f7-d0ffa9b31525,FORMAL_10K,HELDOUT_TRIPLE_AUDIT,STRICT_LUMPED,f12d43eace12231077007dc497fee8dad00fbe58cb2f1fe2c6159c47636b97a0,selected_q_proxy,all_finite_diagnostic,emx_minus_frozen_proxy,K_abs,dimensionless,5,0.0052458070485134674,0.007050326866959317,0.0010144424403127738,0.0023650524810543416,0.010987296476326536,0.01246067706351479,PROVISIONAL_SMALL_REQUEST_N,5,0.001818118654630141,0.010003106398311307,0.001838839239850769,0.01120991880046934,-0.004069990110795419,0.007418007838781915,0.001646204324685624,0.013934057650703047,0.002105657917177628,0.013934057650703047,0.0022353551991159846,0.013934057650703047,20,5,5,0,0,0,0,0,15,5,5,5,5,,1.0,0.25,1.0,NOT_ESTIMABLE,,,PROVISIONAL_SMALL_REQUEST_N,1.0,1.0,PROVISIONAL_SMALL_REQUEST_N,1.0,1.0,NOT_PRIMARY; use physical units and frozen spans
8,f8-dc2e68a2a478,FORMAL_10K,HELDOUT_TRIPLE_AUDIT,STRICT_LUMPED,f12d43eace12231077007dc497fee8dad00fbe58cb2f1fe2c6159c47636b97a0,all_candidates,strict_valid,emx_minus_target,Lp_nH,nH,40,0.019579667833078594,0.03436509432488582,0.008171458635619864,0.008384456205456692,0.045340308751312716,0.06769703860281208,PROVISIONAL_SMALL_REQUEST_N,5,0.01419934694681031,0.029798266341377513,0.02226912634496166,0.0511651692702678,-0.006612546034878163,0.02600329003982278,0.005397440391182062,0.011668484330792817,0.03464595555679526,0.08135925184260308,0.04270382630220737,0.14711549273087932,220,40,40,0,35,6,6,0,133,26,40,40,55,,0.4727272727272727,0.11818181818181818,0.65,NOT_ESTIMABLE,,,PROVISIONAL_SMALL_REQUEST_N,0.38181818181818183,0.5636363636363636,PROVISIONAL_SMALL_REQUEST_N,0.5333333333333333,0.8,NOT_PRIMARY; use physical units and frozen spans
8,f8-dc2e68a2a478,FORMAL_10K,HELDOUT_TRIPLE_AUDIT,STRICT_LUMPED,f12d43eace12231077007dc497fee8dad00fbe58cb2f1fe2c6159c47636b97a0,all_candidates,strict_valid,emx_minus_target,Ls_nH,nH,40,0.06773119063990143,0.12574848671922093,0.06199174402501834,0.005041605269985983,0.24291671917945112,0.29610481185753446,PROVISIONAL_SMALL_REQUEST_N,5,0.027878198175741418,0.10376682045738447,0.058275616020288294,0.1655522398448453,0.015739562234057963,0.10335721850122156,0.0033002111559288227,0.007710085038903358,0.0900715317570171,0.29291685174400195,0.1751969702660503,0.3771536180948297,220,40,40,0,35,6,6,0,133,26,40,40,55,,0.4727272727272727,0.11818181818181818,0.65,NOT_ESTIMABLE,,,PROVISIONAL_SMALL_REQUEST_N,0.38181818181818183,0.5636363636363636,PROVISIONAL_SMALL_REQUEST_N,0.5333333333333333,0.8,NOT_PRIMARY; use physical units and frozen spans
8,f8-dc2e68a2a478,FORMAL_10K,HELDOUT_TRIPLE_AUDIT,STRICT_LUMPED,f12d43eace12231077007dc497fee8dad00fbe58cb2f1fe2c6159c47636b97a0,all_candidates,strict_valid,emx_minus_target,Qmin,dimensionless,40,0.8409812475958502,1.5597786001695555,-0.8200253349507736,0.21235909131856623,2.744242808220021,3.3711325955719382,PROVISIONAL_SMALL_REQUEST_N,5,0.4578093361611217,1.1661674695108415,0.8093475530005941,1.9771048845702897,-1.1443689952008869,-0.44640514184556473,0.12110401092778389,0.2942362318327696,1.1214637738310693,3.1960979263004736,1.73623500637434,5.208362724860687,220,40,40,0,35,6,6,0,133,26,40,40,55,,0.4727272727272727,0.11818181818181818,0.65,NOT_ESTIMABLE,,,PROVISIONAL_SMALL_REQUEST_N,0.38181818181818183,0.5636363636363636,PROVISIONAL_SMALL_REQUEST_N,0.5333333333333333,0.8,NOT_PRIMARY; use physical units and frozen spans
8,f8-dc2e68a2a478,FORMAL_10K,HELDOUT_TRIPLE_AUDIT,STRICT_LUMPED,f12d43eace12231077007dc497fee8dad00fbe58cb2f1fe2c6159c47636b97a0,all_candidates,strict_valid,emx_minus_target,K_abs,dimensionless,40,0.03140338463767713,0.04854664392549264,-0.018872984272352965,0.011922241345075663,0.10072080165347959,0.11288456379761641,PROVISIONAL_SMALL_REQUEST_N,5,0.014825224652925649,0.04724364076078484,0.022623670817579072,0.0643242641450416,-0.03986577668937242,0.004749060406232038,0.008836025174208145,0.024431674013079552,0.036095187320030094,0.11274593204782951,0.05415458253746164,0.13260013428641018,220,40,40,0,35,6,6,0,133,26,40,40,55,,0.4727272727272727,0.11818181818181818,0.65,NOT_ESTIMABLE,,,PROVISIONAL_SMALL_REQUEST_N,0.38181818181818183,0.5636363636363636,PROVISIONAL_SMALL_REQUEST_N,0.5333333333333333,0.8,NOT_PRIMARY; use physical units and frozen spans
8,f8-dc2e68a2a478,FORMAL_10K,HELDOUT_TRIPLE_AUDIT,STRICT_LUMPED,f12d43eace12231077007dc497fee8dad00fbe58cb2f1fe2c6159c47636b97a0,all_candidates,strict_valid,emx_minus_frozen_proxy,Lp_nH,nH,40,0.007093931168084461,0.009269136559583932,0.0022859996294250897,0.005263121944710569,0.01459827184396825,0.018019645886026975,PROVISIONAL_SMALL_REQUEST_N,5,0.0057415929973544805,0.00831517215338947,0.006754722798964674,0.01106449952004926,-0.0008416254118388602,0.004519239397520403,0.00413853268309472,0.007495045386135213,0.010654235169365856,0.017940339367666258,0.011105443918054458,0.027578503076748653,220,40,40,0,35,6,6,0,133,26,40,40,55,,0.4727272727272727,0.11818181818181818,0.65,NOT_ESTIMABLE,,,PROVISIONAL_SMALL_REQUEST_N,0.38181818181818183,0.5636363636363636,PROVISIONAL_SMALL_REQUEST_N,0.5333333333333333,0.8,NOT_PRIMARY; use physical units and frozen spans
8,f8-dc2e68a2a478,FORMAL_10K,HELDOUT_TRIPLE_AUDIT,STRICT_LUMPED,f12d43eace12231077007dc497fee8dad00fbe58cb2f1fe2c6159c47636b97a0,all_candidates,strict_valid,emx_minus_frozen_proxy,Ls_nH,nH,40,0.00861980513245968,0.012062030436965068,0.007824491864075207,0.0049773343522432345,0.020528006615099414,0.026129092455053928,PROVISIONAL_SMALL_REQUEST_N,5,0.006917552671489764,0.010012557145980518,0.010205844189531387,0.013218763998220985,0.00604522047291813,0.009361431422438084,0.0028610092585721336,0.006435767198829989,0.016976348761645218,0.024887148054658928,0.020773109654243636,0.029816994547850362,220,40,40,0,35,6,6,0,133,26,40,40,55,,0.4727272727272727,0.11818181818181818,0.65,NOT_ESTIMABLE,,,PROVISIONAL_SMALL_REQUEST_N,0.38181818181818183,0.5636363636363636,PROVISIONAL_SMALL_REQUEST_N,0.5333333333333333,0.8,NOT_PRIMARY; use physical units and frozen spans
8,f8-dc2e68a2a478,FORMAL_10K,HELDOUT_TRIPLE_AUDIT,STRICT_LUMPED,f12d43eace12231077007dc497fee8dad00fbe58cb2f1fe2c6159c47636b97a0,all_candidates,strict_valid,emx_minus_frozen_proxy,Qmin,dimensionless,40,0.14240865969236202,0.18095649700935706,-0.11379819929250937,0.13111625603946564,0.33079963257983797,0.35082848408640765,PROVISIONAL_SMALL_REQUEST_N,5,0.09502652843384292,0.19834902641072877,0.12228192836071576,0.23276044735697599,-0.18161615272149953,-0.056038622426007566,0.08601531410368324,0.16114092252071188,0.1836409934688405,0.3535124833686666,0.20269935209215006,0.40496833571607826,220,40,40,0,35,6,6,0,133,26,40,40,55,,0.4727272727272727,0.11818181818181818,0.65,NOT_ESTIMABLE,,,PROVISIONAL_SMALL_REQUEST_N,0.38181818181818183,0.5636363636363636,PROVISIONAL_SMALL_REQUEST_N,0.5333333333333333,0.8,NOT_PRIMARY; use physical units and frozen spans
8,f8-dc2e68a2a478,FORMAL_10K,HELDOUT_TRIPLE_AUDIT,STRICT_LUMPED,f12d43eace12231077007dc497fee8dad00fbe58cb2f1fe2c6159c47636b97a0,all_candidates,strict_valid,emx_minus_frozen_proxy,K_abs,dimensionless,40,0.005923285118507604,0.0076322291113802235,0.0032335591424551683,0.0045797919628357,0.012444953233601843,0.013432884728934526,PROVISIONAL_SMALL_REQUEST_N,5,0.004179278577772392,0.007799385608708032,0.005816966626904587,0.009346388746048486,0.0017477871956483836,0.0047262101727389445,0.001819801355118722,0.00868248375941355,0.011094877099117384,0.014839712829002328,0.011121896441343336,0.019986911397712387,220,40,40,0,35,6,6,0,133,26,40,40,55,,0.4727272727272727,0.11818181818181818,0.65,NOT_ESTIMABLE,,,PROVISIONAL_SMALL_REQUEST_N,0.38181818181818183,0.5636363636363636,PROVISIONAL_SMALL_REQUEST_N,0.5333333333333333,0.8,NOT_PRIMARY; use physical units and frozen spans
8,f8-dc2e68a2a478,FORMAL_10K,HELDOUT_TRIPLE_AUDIT,STRICT_LUMPED,f12d43eace12231077007dc497fee8dad00fbe58cb2f1fe2c6159c47636b97a0,all_candidates,all_finite_diagnostic,emx_minus_target,Lp_nH,nH,40,0.019579667833078594,0.03436509432488582,0.008171458635619864,0.008384456205456692,0.045340308751312716,0.06769703860281208,PROVISIONAL_SMALL_REQUEST_N,5,0.01419934694681031,0.029798266341377513,0.02226912634496166,0.0511651692702678,-0.006612546034878163,0.02600329003982278,0.005397440391182062,0.011668484330792817,0.03464595555679526,0.08135925184260308,0.04270382630220737,0.14711549273087932,220,40,40,0,35,6,6,0,133,26,40,40,55,,0.4727272727272727,0.11818181818181818,0.65,NOT_ESTIMABLE,,,PROVISIONAL_SMALL_REQUEST_N,0.38181818181818183,0.5636363636363636,PROVISIONAL_SMALL_REQUEST_N,0.5333333333333333,0.8,NOT_PRIMARY; use physical units and frozen spans
8,f8-dc2e68a2a478,FORMAL_10K,HELDOUT_TRIPLE_AUDIT,STRICT_LUMPED,f12d43eace12231077007dc497fee8dad00fbe58cb2f1fe2c6159c47636b97a0,all_candidates,all_finite_diagnostic,emx_minus_target,Ls_nH,nH,40,0.06773119063990143,0.12574848671922093,0.06199174402501834,0.005041605269985983,0.24291671917945112,0.29610481185753446,PROVISIONAL_SMALL_REQUEST_N,5,0.027878198175741418,0.10376682045738447,0.058275616020288294,0.1655522398448453,0.015739562234057963,0.10335721850122156,0.0033002111559288227,0.007710085038903358,0.0900715317570171,0.29291685174400195,0.1751969702660503,0.3771536180948297,220,40,40,0,35,6,6,0,133,26,40,40,55,,0.4727272727272727,0.11818181818181818,0.65,NOT_ESTIMABLE,,,PROVISIONAL_SMALL_REQUEST_N,0.38181818181818183,0.5636363636363636,PROVISIONAL_SMALL_REQUEST_N,0.5333333333333333,0.8,NOT_PRIMARY; use physical units and frozen spans
8,f8-dc2e68a2a478,FORMAL_10K,HELDOUT_TRIPLE_AUDIT,STRICT_LUMPED,f12d43eace12231077007dc497fee8dad00fbe58cb2f1fe2c6159c47636b97a0,all_candidates,all_finite_diagnostic,emx_minus_target,Qmin,dimensionless,40,0.8409812475958502,1.5597786001695555,-0.8200253349507736,0.21235909131856623,2.744242808220021,3.3711325955719382,PROVISIONAL_SMALL_REQUEST_N,5,0.4578093361611217,1.1661674695108415,0.8093475530005941,1.9771048845702897,-1.1443689952008869,-0.44640514184556473,0.12110401092778389,0.2942362318327696,1.1214637738310693,3.1960979263004736,1.73623500637434,5.208362724860687,220,40,40,0,35,6,6,0,133,26,40,40,55,,0.4727272727272727,0.11818181818181818,0.65,NOT_ESTIMABLE,,,PROVISIONAL_SMALL_REQUEST_N,0.38181818181818183,0.5636363636363636,PROVISIONAL_SMALL_REQUEST_N,0.5333333333333333,0.8,NOT_PRIMARY; use physical units and frozen spans
8,f8-dc2e68a2a478,FORMAL_10K,HELDOUT_TRIPLE_AUDIT,STRICT_LUMPED,f12d43eace12231077007dc497fee8dad00fbe58cb2f1fe2c6159c47636b97a0,all_candidates,all_finite_diagnostic,emx_minus_target,K_abs,dimensionless,40,0.03140338463767713,0.04854664392549264,-0.018872984272352965,0.011922241345075663,0.10072080165347959,0.11288456379761641,PROVISIONAL_SMALL_REQUEST_N,5,0.014825224652925649,0.04724364076078484,0.022623670817579072,0.0643242641450416,-0.03986577668937242,0.004749060406232038,0.008836025174208145,0.024431674013079552,0.036095187320030094,0.11274593204782951,0.05415458253746164,0.13260013428641018,220,40,40,0,35,6,6,0,133,26,40,40,55,,0.4727272727272727,0.11818181818181818,0.65,NOT_ESTIMABLE,,,PROVISIONAL_SMALL_REQUEST_N,0.38181818181818183,0.5636363636363636,PROVISIONAL_SMALL_REQUEST_N,0.5333333333333333,0.8,NOT_PRIMARY; use physical units and frozen spans
8,f8-dc2e68a2a478,FORMAL_10K,HELDOUT_TRIPLE_AUDIT,STRICT_LUMPED,f12d43eace12231077007dc497fee8dad00fbe58cb2f1fe2c6159c47636b97a0,all_candidates,all_finite_diagnostic,emx_minus_frozen_proxy,Lp_nH,nH,40,0.007093931168084461,0.009269136559583932,0.0022859996294250897,0.005263121944710569,0.01459827184396825,0.018019645886026975,PROVISIONAL_SMALL_REQUEST_N,5,0.0057415929973544805,0.00831517215338947,0.006754722798964674,0.01106449952004926,-0.0008416254118388602,0.004519239397520403,0.00413853268309472,0.007495045386135213,0.010654235169365856,0.017940339367666258,0.011105443918054458,0.027578503076748653,220,40,40,0,35,6,6,0,133,26,40,40,55,,0.4727272727272727,0.11818181818181818,0.65,NOT_ESTIMABLE,,,PROVISIONAL_SMALL_REQUEST_N,0.38181818181818183,0.5636363636363636,PROVISIONAL_SMALL_REQUEST_N,0.5333333333333333,0.8,NOT_PRIMARY; use physical units and frozen spans
8,f8-dc2e68a2a478,FORMAL_10K,HELDOUT_TRIPLE_AUDIT,STRICT_LUMPED,f12d43eace12231077007dc497fee8dad00fbe58cb2f1fe2c6159c47636b97a0,all_candidates,all_finite_diagnostic,emx_minus_frozen_proxy,Ls_nH,nH,40,0.00861980513245968,0.012062030436965068,0.007824491864075207,0.0049773343522432345,0.020528006615099414,0.026129092455053928,PROVISIONAL_SMALL_REQUEST_N,5,0.006917552671489764,0.010012557145980518,0.010205844189531387,0.013218763998220985,0.00604522047291813,0.009361431422438084,0.0028610092585721336,0.006435767198829989,0.016976348761645218,0.024887148054658928,0.020773109654243636,0.029816994547850362,220,40,40,0,35,6,6,0,133,26,40,40,55,,0.4727272727272727,0.11818181818181818,0.65,NOT_ESTIMABLE,,,PROVISIONAL_SMALL_REQUEST_N,0.38181818181818183,0.5636363636363636,PROVISIONAL_SMALL_REQUEST_N,0.5333333333333333,0.8,NOT_PRIMARY; use physical units and frozen spans
8,f8-dc2e68a2a478,FORMAL_10K,HELDOUT_TRIPLE_AUDIT,STRICT_LUMPED,f12d43eace12231077007dc497fee8dad00fbe58cb2f1fe2c6159c47636b97a0,all_candidates,all_finite_diagnostic,emx_minus_frozen_proxy,Qmin,dimensionless,40,0.14240865969236202,0.18095649700935706,-0.11379819929250937,0.13111625603946564,0.33079963257983797,0.35082848408640765,PROVISIONAL_SMALL_REQUEST_N,5,0.09502652843384292,0.19834902641072877,0.12228192836071576,0.23276044735697599,-0.18161615272149953,-0.056038622426007566,0.08601531410368324,0.16114092252071188,0.1836409934688405,0.3535124833686666,0.20269935209215006,0.40496833571607826,220,40,40,0,35,6,6,0,133,26,40,40,55,,0.4727272727272727,0.11818181818181818,0.65,NOT_ESTIMABLE,,,PROVISIONAL_SMALL_REQUEST_N,0.38181818181818183,0.5636363636363636,PROVISIONAL_SMALL_REQUEST_N,0.5333333333333333,0.8,NOT_PRIMARY; use physical units and frozen spans
8,f8-dc2e68a2a478,FORMAL_10K,HELDOUT_TRIPLE_AUDIT,STRICT_LUMPED,f12d43eace12231077007dc497fee8dad00fbe58cb2f1fe2c6159c47636b97a0,all_candidates,all_finite_diagnostic,emx_minus_frozen_proxy,K_abs,dimensionless,40,0.005923285118507604,0.0076322291113802235,0.0032335591424551683,0.0045797919628357,0.012444953233601843,0.013432884728934526,PROVISIONAL_SMALL_REQUEST_N,5,0.004179278577772392,0.007799385608708032,0.005816966626904587,0.009346388746048486,0.0017477871956483836,0.0047262101727389445,0.001819801355118722,0.00868248375941355,0.011094877099117384,0.014839712829002328,0.011121896441343336,0.019986911397712387,220,40,40,0,35,6,6,0,133,26,40,40,55,,0.4727272727272727,0.11818181818181818,0.65,NOT_ESTIMABLE,,,PROVISIONAL_SMALL_REQUEST_N,0.38181818181818183,0.5636363636363636,PROVISIONAL_SMALL_REQUEST_N,0.5333333333333333,0.8,NOT_PRIMARY; use physical units and frozen spans
8,f8-dc2e68a2a478,FORMAL_10K,HELDOUT_TRIPLE_AUDIT,STRICT_LUMPED,f12d43eace12231077007dc497fee8dad00fbe58cb2f1fe2c6159c47636b97a0,selected_q_proxy,strict_valid,emx_minus_target,Lp_nH,nH,3,0.006195404721685597,0.006618778459415822,-0.0004196728707374457,0.006850435036915847,0.00830096522852095,0.00848228150247159,PROVISIONAL_SMALL_REQUEST_N,3,0.003072181351718717,0.008663597776422227,0.003072181351718717,0.008663597776422227,-0.006850435036915847,0.008663597776422227,0.003072181351718717,0.008663597776422227,0.003072181351718717,0.008663597776422227,0.003072181351718717,0.008663597776422227,20,3,3,0,2,2,0,0,13,3,3,3,5,,0.6,0.15,1.0,NOT_ESTIMABLE,,,PROVISIONAL_SMALL_REQUEST_N,0.2,1.0,PROVISIONAL_SMALL_REQUEST_N,1.0,1.0,NOT_PRIMARY; use physical units and frozen spans
8,f8-dc2e68a2a478,FORMAL_10K,HELDOUT_TRIPLE_AUDIT,STRICT_LUMPED,f12d43eace12231077007dc497fee8dad00fbe58cb2f1fe2c6159c47636b97a0,selected_q_proxy,strict_valid,emx_minus_target,Ls_nH,nH,3,0.0030093124066682777,0.0034665126139178212,0.0030093124066682777,0.0030379677712530917,0.004689382169408196,0.004895808969177583,PROVISIONAL_SMALL_REQUEST_N,3,0.0008877336798047697,0.005102235768946972,0.0008877336798047697,0.005102235768946972,0.0008877336798047697,0.005102235768946972,0.0008877336798047697,0.005102235768946972,0.0008877336798047697,0.005102235768946972,0.0008877336798047697,0.005102235768946972,20,3,3,0,2,2,0,0,13,3,3,3,5,,0.6,0.15,1.0,NOT_ESTIMABLE,,,PROVISIONAL_SMALL_REQUEST_N,0.2,1.0,PROVISIONAL_SMALL_REQUEST_N,1.0,1.0,NOT_PRIMARY; use physical units and frozen spans
8,f8-dc2e68a2a478,FORMAL_10K,HELDOUT_TRIPLE_AUDIT,STRICT_LUMPED,f12d43eace12231077007dc497fee8dad00fbe58cb2f1fe2c6159c47636b97a0,selected_q_proxy,strict_valid,emx_minus_target,Qmin,dimensionless,3,0.20710902268629225,0.24305597758186728,-0.17037921430804973,0.19979854107974937,0.33310675974536075,0.34977028707856217,PROVISIONAL_SMALL_REQUEST_N,3,0.05509471256736376,0.3664338144117636,0.05509471256736376,0.3664338144117636,-0.3664338144117636,0.05509471256736376,0.05509471256736376,0.3664338144117636,0.05509471256736376,0.3664338144117636,0.05509471256736376,0.3664338144117636,20,3,3,0,2,2,0,0,13,3,3,3,5,,0.6,0.15,1.0,NOT_ESTIMABLE,,,PROVISIONAL_SMALL_REQUEST_N,0.2,1.0,PROVISIONAL_SMALL_REQUEST_N,1.0,1.0,NOT_PRIMARY; use physical units and frozen spans
8,f8-dc2e68a2a478,FORMAL_10K,HELDOUT_TRIPLE_AUDIT,STRICT_LUMPED,f12d43eace12231077007dc497fee8dad00fbe58cb2f1fe2c6159c47636b97a0,selected_q_proxy,strict_valid,emx_minus_target,K_abs,dimensionless,3,0.005988581072889419,0.0072198260768772775,0.004330291607584256,0.0038403526571189617,0.010078435622297034,0.01085819599294429,PROVISIONAL_SMALL_REQUEST_N,3,0.002487434197957744,0.01163795636359155,0.002487434197957744,0.01163795636359155,-0.002487434197957744,0.01163795636359155,0.002487434197957744,0.01163795636359155,0.002487434197957744,0.01163795636359155,0.002487434197957744,0.01163795636359155,20,3,3,0,2,2,0,0,13,3,3,3,5,,0.6,0.15,1.0,NOT_ESTIMABLE,,,PROVISIONAL_SMALL_REQUEST_N,0.2,1.0,PROVISIONAL_SMALL_REQUEST_N,1.0,1.0,NOT_PRIMARY; use physical units and frozen spans
8,f8-dc2e68a2a478,FORMAL_10K,HELDOUT_TRIPLE_AUDIT,STRICT_LUMPED,f12d43eace12231077007dc497fee8dad00fbe58cb2f1fe2c6159c47636b97a0,selected_q_proxy,strict_valid,emx_minus_frozen_proxy,Lp_nH,nH,3,0.0033740808475554904,0.0037329282469267273,-0.0033740808475554904,0.00413853268309472,0.004693539925849688,0.004762915831194059,PROVISIONAL_SMALL_REQUEST_N,3,0.001151418123033321,0.00483229173653843,0.001151418123033321,0.00483229173653843,-0.00483229173653843,-0.001151418123033321,0.001151418123033321,0.00483229173653843,0.001151418123033321,0.00483229173653843,0.001151418123033321,0.00483229173653843,20,3,3,0,2,2,0,0,13,3,3,3,5,,0.6,0.15,1.0,NOT_ESTIMABLE,,,PROVISIONAL_SMALL_REQUEST_N,0.2,1.0,PROVISIONAL_SMALL_REQUEST_N,1.0,1.0,NOT_PRIMARY; use physical units and frozen spans
8,f8-dc2e68a2a478,FORMAL_10K,HELDOUT_TRIPLE_AUDIT,STRICT_LUMPED,f12d43eace12231077007dc497fee8dad00fbe58cb2f1fe2c6159c47636b97a0,selected_q_proxy,strict_valid,emx_minus_frozen_proxy,Ls_nH,nH,3,0.004533750826073398,0.004674325099322983,0.004533750826073398,0.004875441425483906,0.005554724715875281,0.005639635127174203,PROVISIONAL_SMALL_REQUEST_N,3,0.003001265514263163,0.005724545538473125,0.003001265514263163,0.005724545538473125,0.003001265514263163,0.005724545538473125,0.003001265514263163,0.005724545538473125,0.003001265514263163,0.005724545538473125,0.003001265514263163,0.005724545538473125,20,3,3,0,2,2,0,0,13,3,3,3,5,,0.6,0.15,1.0,NOT_ESTIMABLE,,,PROVISIONAL_SMALL_REQUEST_N,0.2,1.0,PROVISIONAL_SMALL_REQUEST_N,1.0,1.0,NOT_PRIMARY; use physical units and frozen spans
8,f8-dc2e68a2a478,FORMAL_10K,HELDOUT_TRIPLE_AUDIT,STRICT_LUMPED,f12d43eace12231077007dc497fee8dad00fbe58cb2f1fe2c6159c47636b97a0,selected_q_proxy,strict_valid,emx_minus_frozen_proxy,Qmin,dimensionless,3,0.1760205115372037,0.21618418627984268,-0.13522677900531535,0.11622138501285484,0.30376391764331,0.3272067342221168,PROVISIONAL_SMALL_REQUEST_N,3,0.06119059879783251,0.35064955080092375,0.06119059879783251,0.35064955080092375,-0.35064955080092375,0.06119059879783251,0.06119059879783251,0.35064955080092375,0.06119059879783251,0.35064955080092375,0.06119059879783251,0.35064955080092375,20,3,3,0,2,2,0,0,13,3,3,3,5,,0.6,0.15,1.0,NOT_ESTIMABLE,,,PROVISIONAL_SMALL_REQUEST_N,0.2,1.0,PROVISIONAL_SMALL_REQUEST_N,1.0,1.0,NOT_PRIMARY; use physical units and frozen spans
8,f8-dc2e68a2a478,FORMAL_10K,HELDOUT_TRIPLE_AUDIT,STRICT_LUMPED,f12d43eace12231077007dc497fee8dad00fbe58cb2f1fe2c6159c47636b97a0,selected_q_proxy,strict_valid,emx_minus_frozen_proxy,K_abs,dimensionless,3,0.005428217483692478,0.0073756743165419745,0.0028073391968664596,0.0031634066780414916,0.010515349352279026,0.011434342186558715,PROVISIONAL_SMALL_REQUEST_N,3,0.000767910752197537,0.012353335020838407,0.000767910752197537,0.012353335020838407,-0.0031634066780414916,0.012353335020838407,0.000767910752197537,0.012353335020838407,0.000767910752197537,0.012353335020838407,0.000767910752197537,0.012353335020838407,20,3,3,0,2,2,0,0,13,3,3,3,5,,0.6,0.15,1.0,NOT_ESTIMABLE,,,PROVISIONAL_SMALL_REQUEST_N,0.2,1.0,PROVISIONAL_SMALL_REQUEST_N,1.0,1.0,NOT_PRIMARY; use physical units and frozen spans
8,f8-dc2e68a2a478,FORMAL_10K,HELDOUT_TRIPLE_AUDIT,STRICT_LUMPED,f12d43eace12231077007dc497fee8dad00fbe58cb2f1fe2c6159c47636b97a0,selected_q_proxy,all_finite_diagnostic,emx_minus_target,Lp_nH,nH,3,0.006195404721685597,0.006618778459415822,-0.0004196728707374457,0.006850435036915847,0.00830096522852095,0.00848228150247159,PROVISIONAL_SMALL_REQUEST_N,3,0.003072181351718717,0.008663597776422227,0.003072181351718717,0.008663597776422227,-0.006850435036915847,0.008663597776422227,0.003072181351718717,0.008663597776422227,0.003072181351718717,0.008663597776422227,0.003072181351718717,0.008663597776422227,20,3,3,0,2,2,0,0,13,3,3,3,5,,0.6,0.15,1.0,NOT_ESTIMABLE,,,PROVISIONAL_SMALL_REQUEST_N,0.2,1.0,PROVISIONAL_SMALL_REQUEST_N,1.0,1.0,NOT_PRIMARY; use physical units and frozen spans
8,f8-dc2e68a2a478,FORMAL_10K,HELDOUT_TRIPLE_AUDIT,STRICT_LUMPED,f12d43eace12231077007dc497fee8dad00fbe58cb2f1fe2c6159c47636b97a0,selected_q_proxy,all_finite_diagnostic,emx_minus_target,Ls_nH,nH,3,0.0030093124066682777,0.0034665126139178212,0.0030093124066682777,0.0030379677712530917,0.004689382169408196,0.004895808969177583,PROVISIONAL_SMALL_REQUEST_N,3,0.0008877336798047697,0.005102235768946972,0.0008877336798047697,0.005102235768946972,0.0008877336798047697,0.005102235768946972,0.0008877336798047697,0.005102235768946972,0.0008877336798047697,0.005102235768946972,0.0008877336798047697,0.005102235768946972,20,3,3,0,2,2,0,0,13,3,3,3,5,,0.6,0.15,1.0,NOT_ESTIMABLE,,,PROVISIONAL_SMALL_REQUEST_N,0.2,1.0,PROVISIONAL_SMALL_REQUEST_N,1.0,1.0,NOT_PRIMARY; use physical units and frozen spans
8,f8-dc2e68a2a478,FORMAL_10K,HELDOUT_TRIPLE_AUDIT,STRICT_LUMPED,f12d43eace12231077007dc497fee8dad00fbe58cb2f1fe2c6159c47636b97a0,selected_q_proxy,all_finite_diagnostic,emx_minus_target,Qmin,dimensionless,3,0.20710902268629225,0.24305597758186728,-0.17037921430804973,0.19979854107974937,0.33310675974536075,0.34977028707856217,PROVISIONAL_SMALL_REQUEST_N,3,0.05509471256736376,0.3664338144117636,0.05509471256736376,0.3664338144117636,-0.3664338144117636,0.05509471256736376,0.05509471256736376,0.3664338144117636,0.05509471256736376,0.3664338144117636,0.05509471256736376,0.3664338144117636,20,3,3,0,2,2,0,0,13,3,3,3,5,,0.6,0.15,1.0,NOT_ESTIMABLE,,,PROVISIONAL_SMALL_REQUEST_N,0.2,1.0,PROVISIONAL_SMALL_REQUEST_N,1.0,1.0,NOT_PRIMARY; use physical units and frozen spans
8,f8-dc2e68a2a478,FORMAL_10K,HELDOUT_TRIPLE_AUDIT,STRICT_LUMPED,f12d43eace12231077007dc497fee8dad00fbe58cb2f1fe2c6159c47636b97a0,selected_q_proxy,all_finite_diagnostic,emx_minus_target,K_abs,dimensionless,3,0.005988581072889419,0.0072198260768772775,0.004330291607584256,0.0038403526571189617,0.010078435622297034,0.01085819599294429,PROVISIONAL_SMALL_REQUEST_N,3,0.002487434197957744,0.01163795636359155,0.002487434197957744,0.01163795636359155,-0.002487434197957744,0.01163795636359155,0.002487434197957744,0.01163795636359155,0.002487434197957744,0.01163795636359155,0.002487434197957744,0.01163795636359155,20,3,3,0,2,2,0,0,13,3,3,3,5,,0.6,0.15,1.0,NOT_ESTIMABLE,,,PROVISIONAL_SMALL_REQUEST_N,0.2,1.0,PROVISIONAL_SMALL_REQUEST_N,1.0,1.0,NOT_PRIMARY; use physical units and frozen spans
8,f8-dc2e68a2a478,FORMAL_10K,HELDOUT_TRIPLE_AUDIT,STRICT_LUMPED,f12d43eace12231077007dc497fee8dad00fbe58cb2f1fe2c6159c47636b97a0,selected_q_proxy,all_finite_diagnostic,emx_minus_frozen_proxy,Lp_nH,nH,3,0.0033740808475554904,0.0037329282469267273,-0.0033740808475554904,0.00413853268309472,0.004693539925849688,0.004762915831194059,PROVISIONAL_SMALL_REQUEST_N,3,0.001151418123033321,0.00483229173653843,0.001151418123033321,0.00483229173653843,-0.00483229173653843,-0.001151418123033321,0.001151418123033321,0.00483229173653843,0.001151418123033321,0.00483229173653843,0.001151418123033321,0.00483229173653843,20,3,3,0,2,2,0,0,13,3,3,3,5,,0.6,0.15,1.0,NOT_ESTIMABLE,,,PROVISIONAL_SMALL_REQUEST_N,0.2,1.0,PROVISIONAL_SMALL_REQUEST_N,1.0,1.0,NOT_PRIMARY; use physical units and frozen spans
8,f8-dc2e68a2a478,FORMAL_10K,HELDOUT_TRIPLE_AUDIT,STRICT_LUMPED,f12d43eace12231077007dc497fee8dad00fbe58cb2f1fe2c6159c47636b97a0,selected_q_proxy,all_finite_diagnostic,emx_minus_frozen_proxy,Ls_nH,nH,3,0.004533750826073398,0.004674325099322983,0.004533750826073398,0.004875441425483906,0.005554724715875281,0.005639635127174203,PROVISIONAL_SMALL_REQUEST_N,3,0.003001265514263163,0.005724545538473125,0.003001265514263163,0.005724545538473125,0.003001265514263163,0.005724545538473125,0.003001265514263163,0.005724545538473125,0.003001265514263163,0.005724545538473125,0.003001265514263163,0.005724545538473125,20,3,3,0,2,2,0,0,13,3,3,3,5,,0.6,0.15,1.0,NOT_ESTIMABLE,,,PROVISIONAL_SMALL_REQUEST_N,0.2,1.0,PROVISIONAL_SMALL_REQUEST_N,1.0,1.0,NOT_PRIMARY; use physical units and frozen spans
8,f8-dc2e68a2a478,FORMAL_10K,HELDOUT_TRIPLE_AUDIT,STRICT_LUMPED,f12d43eace12231077007dc497fee8dad00fbe58cb2f1fe2c6159c47636b97a0,selected_q_proxy,all_finite_diagnostic,emx_minus_frozen_proxy,Qmin,dimensionless,3,0.1760205115372037,0.21618418627984268,-0.13522677900531535,0.11622138501285484,0.30376391764331,0.3272067342221168,PROVISIONAL_SMALL_REQUEST_N,3,0.06119059879783251,0.35064955080092375,0.06119059879783251,0.35064955080092375,-0.35064955080092375,0.06119059879783251,0.06119059879783251,0.35064955080092375,0.06119059879783251,0.35064955080092375,0.06119059879783251,0.35064955080092375,20,3,3,0,2,2,0,0,13,3,3,3,5,,0.6,0.15,1.0,NOT_ESTIMABLE,,,PROVISIONAL_SMALL_REQUEST_N,0.2,1.0,PROVISIONAL_SMALL_REQUEST_N,1.0,1.0,NOT_PRIMARY; use physical units and frozen spans
8,f8-dc2e68a2a478,FORMAL_10K,HELDOUT_TRIPLE_AUDIT,STRICT_LUMPED,f12d43eace12231077007dc497fee8dad00fbe58cb2f1fe2c6159c47636b97a0,selected_q_proxy,all_finite_diagnostic,emx_minus_frozen_proxy,K_abs,dimensionless,3,0.005428217483692478,0.0073756743165419745,0.0028073391968664596,0.0031634066780414916,0.010515349352279026,0.011434342186558715,PROVISIONAL_SMALL_REQUEST_N,3,0.000767910752197537,0.012353335020838407,0.000767910752197537,0.012353335020838407,-0.0031634066780414916,0.012353335020838407,0.000767910752197537,0.012353335020838407,0.000767910752197537,0.012353335020838407,0.000767910752197537,0.012353335020838407,20,3,3,0,2,2,0,0,13,3,3,3,5,,0.6,0.15,1.0,NOT_ESTIMABLE,,,PROVISIONAL_SMALL_REQUEST_N,0.2,1.0,PROVISIONAL_SMALL_REQUEST_N,1.0,1.0,NOT_PRIMARY; use physical units and frozen spans
9,f9-0cd8cd2dd857,FORMAL_10K,HELDOUT_TRIPLE_AUDIT,STRICT_LUMPED,f12d43eace12231077007dc497fee8dad00fbe58cb2f1fe2c6159c47636b97a0,all_candidates,strict_valid,emx_minus_target,Lp_nH,nH,49,0.02921354432629129,0.059065316060783135,0.021845900175404342,0.007096322900132401,0.062423862231422475,0.1390075310581806,PROVISIONAL_SMALL_REQUEST_N,5,0.014582581115166028,0.05089971102232716,0.024671831575073938,0.09238477617362424,0.0034352497790480553,0.04435649497682537,0.005579945585553969,0.012887658306523164,0.046080121168331,0.21967803261028485,0.053559692233325316,0.23277539717670903,220,49,49,0,0,3,3,0,165,34,49,49,55,,0.6181818181818182,0.15454545454545454,0.6938775510204082,NOT_ESTIMABLE,,,PROVISIONAL_SMALL_REQUEST_N,0.5454545454545454,0.709545454545452,PROVISIONAL_SMALL_REQUEST_N,0.6326530612244898,0.7659574468085106,NOT_PRIMARY; use physical units and frozen spans
9,f9-0cd8cd2dd857,FORMAL_10K,HELDOUT_TRIPLE_AUDIT,STRICT_LUMPED,f12d43eace12231077007dc497fee8dad00fbe58cb2f1fe2c6159c47636b97a0,all_candidates,strict_valid,emx_minus_target,Ls_nH,nH,49,0.09204895480459517,0.16936815311672868,0.08172120590063334,0.012129521352920891,0.35075244256914984,0.4183688501978924,PROVISIONAL_SMALL_REQUEST_N,5,0.06503822565574427,0.11571049807557843,0.1271475909776239,0.1993149968013412,0.05027639014994384,0.10803459272563316,0.008985363541438696,0.015840988337679218,0.20744080171149037,0.4070676029994856,0.317008597506913,0.4607795590242541,220,49,49,0,0,3,3,0,165,34,49,49,55,,0.6181818181818182,0.15454545454545454,0.6938775510204082,NOT_ESTIMABLE,,,PROVISIONAL_SMALL_REQUEST_N,0.5454545454545454,0.709545454545452,PROVISIONAL_SMALL_REQUEST_N,0.6326530612244898,0.7659574468085106,NOT_PRIMARY; use physical units and frozen spans
9,f9-0cd8cd2dd857,FORMAL_10K,HELDOUT_TRIPLE_AUDIT,STRICT_LUMPED,f12d43eace12231077007dc497fee8dad00fbe58cb2f1fe2c6159c47636b97a0,all_candidates,strict_valid,emx_minus_target,Qmin,dimensionless,49,0.9649027397965074,1.7892102814295112,-0.8794737432083188,0.18627714025720543,3.5955954922856965,4.303553269664244,PROVISIONAL_SMALL_REQUEST_N,5,0.6927129245407032,1.2262049624420794,1.3381438194797681,2.1646218474199412,-1.146498807284755,-0.6013226347953645,0.14559528804299937,0.22148473199300867,2.4217619354310957,4.398200996353236,3.3382470663054855,5.368619454525117,220,49,49,0,0,3,3,0,165,34,49,49,55,,0.6181818181818182,0.15454545454545454,0.6938775510204082,NOT_ESTIMABLE,,,PROVISIONAL_SMALL_REQUEST_N,0.5454545454545454,0.709545454545452,PROVISIONAL_SMALL_REQUEST_N,0.6326530612244898,0.7659574468085106,NOT_PRIMARY; use physical units and frozen spans
9,f9-0cd8cd2dd857,FORMAL_10K,HELDOUT_TRIPLE_AUDIT,STRICT_LUMPED,f12d43eace12231077007dc497fee8dad00fbe58cb2f1fe2c6159c47636b97a0,all_candidates,strict_valid,emx_minus_target,K_abs,dimensionless,49,0.035906288375724994,0.05995073134099266,-0.03335847621947182,0.012501872213531828,0.11479097781184704,0.1423186267521663,PROVISIONAL_SMALL_REQUEST_N,5,0.023083561185415997,0.04739306370437031,0.04146056568162146,0.07320371448354186,-0.04412565754971076,-0.020878432036329032,0.007836893209369145,0.014760329764313407,0.06040536752227258,0.1438213159317337,0.10446420174972774,0.17631980186467452,220,49,49,0,0,3,3,0,165,34,49,49,55,,0.6181818181818182,0.15454545454545454,0.6938775510204082,NOT_ESTIMABLE,,,PROVISIONAL_SMALL_REQUEST_N,0.5454545454545454,0.709545454545452,PROVISIONAL_SMALL_REQUEST_N,0.6326530612244898,0.7659574468085106,NOT_PRIMARY; use physical units and frozen spans
9,f9-0cd8cd2dd857,FORMAL_10K,HELDOUT_TRIPLE_AUDIT,STRICT_LUMPED,f12d43eace12231077007dc497fee8dad00fbe58cb2f1fe2c6159c47636b97a0,all_candidates,strict_valid,emx_minus_frozen_proxy,Lp_nH,nH,49,0.005920131281091397,0.007721296533266455,0.0027957455645849618,0.004705572273994818,0.0123940537775316,0.014032586621901263,PROVISIONAL_SMALL_REQUEST_N,5,0.0045812809189678385,0.007276355961150474,0.005817980471912977,0.009184615539171008,0.0010949133897565153,0.004304842083825605,0.0029180079833407424,0.005659013378409572,0.01031881383517825,0.019003641026724916,0.011920480802542802,0.020520613200586655,220,49,49,0,0,3,3,0,165,34,49,49,55,,0.6181818181818182,0.15454545454545454,0.6938775510204082,NOT_ESTIMABLE,,,PROVISIONAL_SMALL_REQUEST_N,0.5454545454545454,0.709545454545452,PROVISIONAL_SMALL_REQUEST_N,0.6326530612244898,0.7659574468085106,NOT_PRIMARY; use physical units and frozen spans
9,f9-0cd8cd2dd857,FORMAL_10K,HELDOUT_TRIPLE_AUDIT,STRICT_LUMPED,f12d43eace12231077007dc497fee8dad00fbe58cb2f1fe2c6159c47636b97a0,all_candidates,strict_valid,emx_minus_frozen_proxy,Ls_nH,nH,49,0.007445544320324239,0.009141122621299605,-0.004798953540379738,0.007171641890502345,0.013775882320209189,0.016962283928387334,PROVISIONAL_SMALL_REQUEST_N,5,0.0047065069800904,0.009665904473461445,0.006287369368922243,0.01097987120417551,-0.007617140097048177,-0.002093593257695834,0.0024955602590391868,0.010204556190938963,0.011538440530150473,0.019797758754270367,0.013394903551135748,0.020915874669168888,220,49,49,0,0,3,3,0,165,34,49,49,55,,0.6181818181818182,0.15454545454545454,0.6938775510204082,NOT_ESTIMABLE,,,PROVISIONAL_SMALL_REQUEST_N,0.5454545454545454,0.709545454545452,PROVISIONAL_SMALL_REQUEST_N,0.6326530612244898,0.7659574468085106,NOT_PRIMARY; use physical units and frozen spans
9,f9-0cd8cd2dd857,FORMAL_10K,HELDOUT_TRIPLE_AUDIT,STRICT_LUMPED,f12d43eace12231077007dc497fee8dad00fbe58cb2f1fe2c6159c47636b97a0,all_candidates,strict_valid,emx_minus_frozen_proxy,Qmin,dimensionless,49,0.11795304723029232,0.14514181873958093,0.0687951471725405,0.08850796575498343,0.24246149346625287,0.25236977261244675,PROVISIONAL_SMALL_REQUEST_N,5,0.09201433583189168,0.15166895179616458,0.11208675485981959,0.17659697709461125,0.03397763981021925,0.10264520431650932,0.06843175802550583,0.14353534372001064,0.1951374317305561,0.252745141803576,0.200284821160567,0.3509749295253728,220,49,49,0,0,3,3,0,165,34,49,49,55,,0.6181818181818182,0.15454545454545454,0.6938775510204082,NOT_ESTIMABLE,,,PROVISIONAL_SMALL_REQUEST_N,0.5454545454545454,0.709545454545452,PROVISIONAL_SMALL_REQUEST_N,0.6326530612244898,0.7659574468085106,NOT_PRIMARY; use physical units and frozen spans
9,f9-0cd8cd2dd857,FORMAL_10K,HELDOUT_TRIPLE_AUDIT,STRICT_LUMPED,f12d43eace12231077007dc497fee8dad00fbe58cb2f1fe2c6159c47636b97a0,all_candidates,strict_valid,emx_minus_frozen_proxy,K_abs,dimensionless,49,0.006662936663303066,0.008437624449890341,-0.0037272820762361374,0.0055625989524216435,0.012923936776922811,0.01593049769695724,PROVISIONAL_SMALL_REQUEST_N,5,0.004195995652268965,0.01003420565253218,0.005176306342919345,0.012053467561054996,-0.007303583649182285,-0.0008380801306047062,0.0022599770203041436,0.009627081152430106,0.008576187935961488,0.017415393896948073,0.009237166050934303,0.023299090552217766,220,49,49,0,0,3,3,0,165,34,49,49,55,,0.6181818181818182,0.15454545454545454,0.6938775510204082,NOT_ESTIMABLE,,,PROVISIONAL_SMALL_REQUEST_N,0.5454545454545454,0.709545454545452,PROVISIONAL_SMALL_REQUEST_N,0.6326530612244898,0.7659574468085106,NOT_PRIMARY; use physical units and frozen spans
9,f9-0cd8cd2dd857,FORMAL_10K,HELDOUT_TRIPLE_AUDIT,STRICT_LUMPED,f12d43eace12231077007dc497fee8dad00fbe58cb2f1fe2c6159c47636b97a0,all_candidates,all_finite_diagnostic,emx_minus_target,Lp_nH,nH,49,0.02921354432629129,0.059065316060783135,0.021845900175404342,0.007096322900132401,0.062423862231422475,0.1390075310581806,PROVISIONAL_SMALL_REQUEST_N,5,0.014582581115166028,0.05089971102232716,0.024671831575073938,0.09238477617362424,0.0034352497790480553,0.04435649497682537,0.005579945585553969,0.012887658306523164,0.046080121168331,0.21967803261028485,0.053559692233325316,0.23277539717670903,220,49,49,0,0,3,3,0,165,34,49,49,55,,0.6181818181818182,0.15454545454545454,0.6938775510204082,NOT_ESTIMABLE,,,PROVISIONAL_SMALL_REQUEST_N,0.5454545454545454,0.709545454545452,PROVISIONAL_SMALL_REQUEST_N,0.6326530612244898,0.7659574468085106,NOT_PRIMARY; use physical units and frozen spans
9,f9-0cd8cd2dd857,FORMAL_10K,HELDOUT_TRIPLE_AUDIT,STRICT_LUMPED,f12d43eace12231077007dc497fee8dad00fbe58cb2f1fe2c6159c47636b97a0,all_candidates,all_finite_diagnostic,emx_minus_target,Ls_nH,nH,49,0.09204895480459517,0.16936815311672868,0.08172120590063334,0.012129521352920891,0.35075244256914984,0.4183688501978924,PROVISIONAL_SMALL_REQUEST_N,5,0.06503822565574427,0.11571049807557843,0.1271475909776239,0.1993149968013412,0.05027639014994384,0.10803459272563316,0.008985363541438696,0.015840988337679218,0.20744080171149037,0.4070676029994856,0.317008597506913,0.4607795590242541,220,49,49,0,0,3,3,0,165,34,49,49,55,,0.6181818181818182,0.15454545454545454,0.6938775510204082,NOT_ESTIMABLE,,,PROVISIONAL_SMALL_REQUEST_N,0.5454545454545454,0.709545454545452,PROVISIONAL_SMALL_REQUEST_N,0.6326530612244898,0.7659574468085106,NOT_PRIMARY; use physical units and frozen spans
9,f9-0cd8cd2dd857,FORMAL_10K,HELDOUT_TRIPLE_AUDIT,STRICT_LUMPED,f12d43eace12231077007dc497fee8dad00fbe58cb2f1fe2c6159c47636b97a0,all_candidates,all_finite_diagnostic,emx_minus_target,Qmin,dimensionless,49,0.9649027397965074,1.7892102814295112,-0.8794737432083188,0.18627714025720543,3.5955954922856965,4.303553269664244,PROVISIONAL_SMALL_REQUEST_N,5,0.6927129245407032,1.2262049624420794,1.3381438194797681,2.1646218474199412,-1.146498807284755,-0.6013226347953645,0.14559528804299937,0.22148473199300867,2.4217619354310957,4.398200996353236,3.3382470663054855,5.368619454525117,220,49,49,0,0,3,3,0,165,34,49,49,55,,0.6181818181818182,0.15454545454545454,0.6938775510204082,NOT_ESTIMABLE,,,PROVISIONAL_SMALL_REQUEST_N,0.5454545454545454,0.709545454545452,PROVISIONAL_SMALL_REQUEST_N,0.6326530612244898,0.7659574468085106,NOT_PRIMARY; use physical units and frozen spans
9,f9-0cd8cd2dd857,FORMAL_10K,HELDOUT_TRIPLE_AUDIT,STRICT_LUMPED,f12d43eace12231077007dc497fee8dad00fbe58cb2f1fe2c6159c47636b97a0,all_candidates,all_finite_diagnostic,emx_minus_target,K_abs,dimensionless,49,0.035906288375724994,0.05995073134099266,-0.03335847621947182,0.012501872213531828,0.11479097781184704,0.1423186267521663,PROVISIONAL_SMALL_REQUEST_N,5,0.023083561185415997,0.04739306370437031,0.04146056568162146,0.07320371448354186,-0.04412565754971076,-0.020878432036329032,0.007836893209369145,0.014760329764313407,0.06040536752227258,0.1438213159317337,0.10446420174972774,0.17631980186467452,220,49,49,0,0,3,3,0,165,34,49,49,55,,0.6181818181818182,0.15454545454545454,0.6938775510204082,NOT_ESTIMABLE,,,PROVISIONAL_SMALL_REQUEST_N,0.5454545454545454,0.709545454545452,PROVISIONAL_SMALL_REQUEST_N,0.6326530612244898,0.7659574468085106,NOT_PRIMARY; use physical units and frozen spans
9,f9-0cd8cd2dd857,FORMAL_10K,HELDOUT_TRIPLE_AUDIT,STRICT_LUMPED,f12d43eace12231077007dc497fee8dad00fbe58cb2f1fe2c6159c47636b97a0,all_candidates,all_finite_diagnostic,emx_minus_frozen_proxy,Lp_nH,nH,49,0.005920131281091397,0.007721296533266455,0.0027957455645849618,0.004705572273994818,0.0123940537775316,0.014032586621901263,PROVISIONAL_SMALL_REQUEST_N,5,0.0045812809189678385,0.007276355961150474,0.005817980471912977,0.009184615539171008,0.0010949133897565153,0.004304842083825605,0.0029180079833407424,0.005659013378409572,0.01031881383517825,0.019003641026724916,0.011920480802542802,0.020520613200586655,220,49,49,0,0,3,3,0,165,34,49,49,55,,0.6181818181818182,0.15454545454545454,0.6938775510204082,NOT_ESTIMABLE,,,PROVISIONAL_SMALL_REQUEST_N,0.5454545454545454,0.709545454545452,PROVISIONAL_SMALL_REQUEST_N,0.6326530612244898,0.7659574468085106,NOT_PRIMARY; use physical units and frozen spans
9,f9-0cd8cd2dd857,FORMAL_10K,HELDOUT_TRIPLE_AUDIT,STRICT_LUMPED,f12d43eace12231077007dc497fee8dad00fbe58cb2f1fe2c6159c47636b97a0,all_candidates,all_finite_diagnostic,emx_minus_frozen_proxy,Ls_nH,nH,49,0.007445544320324239,0.009141122621299605,-0.004798953540379738,0.007171641890502345,0.013775882320209189,0.016962283928387334,PROVISIONAL_SMALL_REQUEST_N,5,0.0047065069800904,0.009665904473461445,0.006287369368922243,0.01097987120417551,-0.007617140097048177,-0.002093593257695834,0.0024955602590391868,0.010204556190938963,0.011538440530150473,0.019797758754270367,0.013394903551135748,0.020915874669168888,220,49,49,0,0,3,3,0,165,34,49,49,55,,0.6181818181818182,0.15454545454545454,0.6938775510204082,NOT_ESTIMABLE,,,PROVISIONAL_SMALL_REQUEST_N,0.5454545454545454,0.709545454545452,PROVISIONAL_SMALL_REQUEST_N,0.6326530612244898,0.7659574468085106,NOT_PRIMARY; use physical units and frozen spans
9,f9-0cd8cd2dd857,FORMAL_10K,HELDOUT_TRIPLE_AUDIT,STRICT_LUMPED,f12d43eace12231077007dc497fee8dad00fbe58cb2f1fe2c6159c47636b97a0,all_candidates,all_finite_diagnostic,emx_minus_frozen_proxy,Qmin,dimensionless,49,0.11795304723029232,0.14514181873958093,0.0687951471725405,0.08850796575498343,0.24246149346625287,0.25236977261244675,PROVISIONAL_SMALL_REQUEST_N,5,0.09201433583189168,0.15166895179616458,0.11208675485981959,0.17659697709461125,0.03397763981021925,0.10264520431650932,0.06843175802550583,0.14353534372001064,0.1951374317305561,0.252745141803576,0.200284821160567,0.3509749295253728,220,49,49,0,0,3,3,0,165,34,49,49,55,,0.6181818181818182,0.15454545454545454,0.6938775510204082,NOT_ESTIMABLE,,,PROVISIONAL_SMALL_REQUEST_N,0.5454545454545454,0.709545454545452,PROVISIONAL_SMALL_REQUEST_N,0.6326530612244898,0.7659574468085106,NOT_PRIMARY; use physical units and frozen spans
9,f9-0cd8cd2dd857,FORMAL_10K,HELDOUT_TRIPLE_AUDIT,STRICT_LUMPED,f12d43eace12231077007dc497fee8dad00fbe58cb2f1fe2c6159c47636b97a0,all_candidates,all_finite_diagnostic,emx_minus_frozen_proxy,K_abs,dimensionless,49,0.006662936663303066,0.008437624449890341,-0.0037272820762361374,0.0055625989524216435,0.012923936776922811,0.01593049769695724,PROVISIONAL_SMALL_REQUEST_N,5,0.004195995652268965,0.01003420565253218,0.005176306342919345,0.012053467561054996,-0.007303583649182285,-0.0008380801306047062,0.0022599770203041436,0.009627081152430106,0.008576187935961488,0.017415393896948073,0.009237166050934303,0.023299090552217766,220,49,49,0,0,3,3,0,165,34,49,49,55,,0.6181818181818182,0.15454545454545454,0.6938775510204082,NOT_ESTIMABLE,,,PROVISIONAL_SMALL_REQUEST_N,0.5454545454545454,0.709545454545452,PROVISIONAL_SMALL_REQUEST_N,0.6326530612244898,0.7659574468085106,NOT_PRIMARY; use physical units and frozen spans
9,f9-0cd8cd2dd857,FORMAL_10K,HELDOUT_TRIPLE_AUDIT,STRICT_LUMPED,f12d43eace12231077007dc497fee8dad00fbe58cb2f1fe2c6159c47636b97a0,selected_q_proxy,strict_valid,emx_minus_target,Lp_nH,nH,5,0.00315569622388403,0.0035376260829711966,-0.0016618308367013057,0.0025888581363623375,0.005016486030092571,0.005594498575176709,PROVISIONAL_SMALL_REQUEST_N,5,0.002011637014455192,0.004755182946723146,0.00203455521379523,0.005078945937643767,-0.004299755433312869,0.000976093759910257,0.001758730489963778,0.0061725111202608485,0.002343688073014616,0.0061725111202608485,0.0024662731046884764,0.0061725111202608485,20,5,5,0,0,0,0,0,15,5,5,5,5,,1.0,0.25,1.0,NOT_ESTIMABLE,,,PROVISIONAL_SMALL_REQUEST_N,1.0,1.0,PROVISIONAL_SMALL_REQUEST_N,1.0,1.0,NOT_PRIMARY; use physical units and frozen spans
9,f9-0cd8cd2dd857,FORMAL_10K,HELDOUT_TRIPLE_AUDIT,STRICT_LUMPED,f12d43eace12231077007dc497fee8dad00fbe58cb2f1fe2c6159c47636b97a0,selected_q_proxy,strict_valid,emx_minus_target,Ls_nH,nH,5,0.008309009424699499,0.00970701832114056,-0.008309009424699499,0.0059624708204910615,0.014351441213733463,0.015619782313166252,PROVISIONAL_SMALL_REQUEST_N,5,0.004484461582144261,0.012712023889599822,0.004811772978983621,0.013945410898048929,-0.012712023889599822,-0.004484461582144261,0.0023493312947668876,0.016888123412599043,0.0058969639643768005,0.016888123412599043,0.005929717392433931,0.016888123412599043,20,5,5,0,0,0,0,0,15,5,5,5,5,,1.0,0.25,1.0,NOT_ESTIMABLE,,,PROVISIONAL_SMALL_REQUEST_N,1.0,1.0,PROVISIONAL_SMALL_REQUEST_N,1.0,1.0,NOT_PRIMARY; use physical units and frozen spans
9,f9-0cd8cd2dd857,FORMAL_10K,HELDOUT_TRIPLE_AUDIT,STRICT_LUMPED,f12d43eace12231077007dc497fee8dad00fbe58cb2f1fe2c6159c47636b97a0,selected_q_proxy,strict_valid,emx_minus_target,Qmin,dimensionless,5,0.06939102689876578,0.07396804865291991,-0.034757862192131485,0.07422867356397234,0.09680297663067564,0.10426538072875607,PROVISIONAL_SMALL_REQUEST_N,5,0.049478899419428755,0.0917845692827111,0.05126053189061824,0.09530006382115157,-0.0892657362236104,0.01978742999383982,0.03707209339751216,0.11172778482683654,0.06434153148601282,0.11172778482683654,0.06928510252499258,0.11172778482683654,20,5,5,0,0,0,0,0,15,5,5,5,5,,1.0,0.25,1.0,NOT_ESTIMABLE,,,PROVISIONAL_SMALL_REQUEST_N,1.0,1.0,PROVISIONAL_SMALL_REQUEST_N,1.0,1.0,NOT_PRIMARY; use physical units and frozen spans
9,f9-0cd8cd2dd857,FORMAL_10K,HELDOUT_TRIPLE_AUDIT,STRICT_LUMPED,f12d43eace12231077007dc497fee8dad00fbe58cb2f1fe2c6159c47636b97a0,selected_q_proxy,strict_valid,emx_minus_target,K_abs,dimensionless,5,0.007000608711567724,0.008308252917761322,-0.00021232372864362636,0.004064244660034688,0.01261274509364919,0.013072200425855695,PROVISIONAL_SMALL_REQUEST_N,5,0.003281954549091759,0.010912610742936058,0.0033201993403205263,0.011687613547680126,-0.006865665050375136,0.007476096322773707,0.002733707343464009,0.0135316557580622,0.0038141694757200307,0.0135316557580622,0.003939207067877359,0.0135316557580622,20,5,5,0,0,0,0,0,15,5,5,5,5,,1.0,0.25,1.0,NOT_ESTIMABLE,,,PROVISIONAL_SMALL_REQUEST_N,1.0,1.0,PROVISIONAL_SMALL_REQUEST_N,1.0,1.0,NOT_PRIMARY; use physical units and frozen spans
9,f9-0cd8cd2dd857,FORMAL_10K,HELDOUT_TRIPLE_AUDIT,STRICT_LUMPED,f12d43eace12231077007dc497fee8dad00fbe58cb2f1fe2c6159c47636b97a0,selected_q_proxy,strict_valid,emx_minus_frozen_proxy,Lp_nH,nH,5,0.0025714083799535103,0.002800769363435106,-0.0009850867547575247,0.0031409734705920567,0.003425667335161009,0.0034584787103202784,PROVISIONAL_SMALL_REQUEST_N,5,0.0014675726349026252,0.0033556040121835106,0.0019357518947895715,0.003358121168991263,-0.003071888903410569,0.0015614821526714006,0.0004745139775104157,0.003491290085479548,0.0028537965449561666,0.003491290085479548,0.002997385007774111,0.003491290085479548,20,5,5,0,0,0,0,0,15,5,5,5,5,,1.0,0.25,1.0,NOT_ESTIMABLE,,,PROVISIONAL_SMALL_REQUEST_N,1.0,1.0,PROVISIONAL_SMALL_REQUEST_N,1.0,1.0,NOT_PRIMARY; use physical units and frozen spans
9,f9-0cd8cd2dd857,FORMAL_10K,HELDOUT_TRIPLE_AUDIT,STRICT_LUMPED,f12d43eace12231077007dc497fee8dad00fbe58cb2f1fe2c6159c47636b97a0,selected_q_proxy,strict_valid,emx_minus_frozen_proxy,Ls_nH,nH,5,0.007915080233909966,0.009113186829053942,-0.007915080233909966,0.007171641890502345,0.013003216206674795,0.01444453504531058,PROVISIONAL_SMALL_REQUEST_N,5,0.004569786659833941,0.012078531611779497,0.004973720732069017,0.012957357249298002,-0.012078531611779497,-0.004569786659833941,0.0022751911877776365,0.015885853883946366,0.006528366940923825,0.015885853883946366,0.006850004415713084,0.015885853883946366,20,5,5,0,0,0,0,0,15,5,5,5,5,,1.0,0.25,1.0,NOT_ESTIMABLE,,,PROVISIONAL_SMALL_REQUEST_N,1.0,1.0,PROVISIONAL_SMALL_REQUEST_N,1.0,1.0,NOT_PRIMARY; use physical units and frozen spans
9,f9-0cd8cd2dd857,FORMAL_10K,HELDOUT_TRIPLE_AUDIT,STRICT_LUMPED,f12d43eace12231077007dc497fee8dad00fbe58cb2f1fe2c6159c47636b97a0,selected_q_proxy,strict_valid,emx_minus_frozen_proxy,Qmin,dimensionless,5,0.05646530668392202,0.06007716622465986,-0.025471744638420547,0.05424650621875848,0.07915383001895648,0.08686536796977151,PROVISIONAL_SMALL_REQUEST_N,5,0.04184203916362417,0.07595742444892224,0.04237441100865187,0.07940418682957473,-0.0707332080890403,0.020144260801749782,0.0356740068496606,0.09457690592058654,0.04927186303689233,0.09457690592058654,0.0517591846278254,0.09457690592058654,20,5,5,0,0,0,0,0,15,5,5,5,5,,1.0,0.25,1.0,NOT_ESTIMABLE,,,PROVISIONAL_SMALL_REQUEST_N,1.0,1.0,PROVISIONAL_SMALL_REQUEST_N,1.0,1.0,NOT_PRIMARY; use physical units and frozen spans
9,f9-0cd8cd2dd857,FORMAL_10K,HELDOUT_TRIPLE_AUDIT,STRICT_LUMPED,f12d43eace12231077007dc497fee8dad00fbe58cb2f1fe2c6159c47636b97a0,selected_q_proxy,strict_valid,emx_minus_frozen_proxy,K_abs,dimensionless,5,0.006926267537699998,0.008367130841723759,0.00030356180459364945,0.00394287878597227,0.012814229888391628,0.01360872824377528,PROVISIONAL_SMALL_REQUEST_N,5,0.0031303747496457036,0.011164713068854082,0.003226024218977051,0.012131984053881528,-0.006312747299223815,0.007964098693608684,0.0021831507245529402,0.014403226599158936,0.0038342659742134355,0.014403226599158936,0.003888572380092853,0.014403226599158936,20,5,5,0,0,0,0,0,15,5,5,5,5,,1.0,0.25,1.0,NOT_ESTIMABLE,,,PROVISIONAL_SMALL_REQUEST_N,1.0,1.0,PROVISIONAL_SMALL_REQUEST_N,1.0,1.0,NOT_PRIMARY; use physical units and frozen spans
9,f9-0cd8cd2dd857,FORMAL_10K,HELDOUT_TRIPLE_AUDIT,STRICT_LUMPED,f12d43eace12231077007dc497fee8dad00fbe58cb2f1fe2c6159c47636b97a0,selected_q_proxy,all_finite_diagnostic,emx_minus_target,Lp_nH,nH,5,0.00315569622388403,0.0035376260829711966,-0.0016618308367013057,0.0025888581363623375,0.005016486030092571,0.005594498575176709,PROVISIONAL_SMALL_REQUEST_N,5,0.002011637014455192,0.004755182946723146,0.00203455521379523,0.005078945937643767,-0.004299755433312869,0.000976093759910257,0.001758730489963778,0.0061725111202608485,0.002343688073014616,0.0061725111202608485,0.0024662731046884764,0.0061725111202608485,20,5,5,0,0,0,0,0,15,5,5,5,5,,1.0,0.25,1.0,NOT_ESTIMABLE,,,PROVISIONAL_SMALL_REQUEST_N,1.0,1.0,PROVISIONAL_SMALL_REQUEST_N,1.0,1.0,NOT_PRIMARY; use physical units and frozen spans
9,f9-0cd8cd2dd857,FORMAL_10K,HELDOUT_TRIPLE_AUDIT,STRICT_LUMPED,f12d43eace12231077007dc497fee8dad00fbe58cb2f1fe2c6159c47636b97a0,selected_q_proxy,all_finite_diagnostic,emx_minus_target,Ls_nH,nH,5,0.008309009424699499,0.00970701832114056,-0.008309009424699499,0.0059624708204910615,0.014351441213733463,0.015619782313166252,PROVISIONAL_SMALL_REQUEST_N,5,0.004484461582144261,0.012712023889599822,0.004811772978983621,0.013945410898048929,-0.012712023889599822,-0.004484461582144261,0.0023493312947668876,0.016888123412599043,0.0058969639643768005,0.016888123412599043,0.005929717392433931,0.016888123412599043,20,5,5,0,0,0,0,0,15,5,5,5,5,,1.0,0.25,1.0,NOT_ESTIMABLE,,,PROVISIONAL_SMALL_REQUEST_N,1.0,1.0,PROVISIONAL_SMALL_REQUEST_N,1.0,1.0,NOT_PRIMARY; use physical units and frozen spans
9,f9-0cd8cd2dd857,FORMAL_10K,HELDOUT_TRIPLE_AUDIT,STRICT_LUMPED,f12d43eace12231077007dc497fee8dad00fbe58cb2f1fe2c6159c47636b97a0,selected_q_proxy,all_finite_diagnostic,emx_minus_target,Qmin,dimensionless,5,0.06939102689876578,0.07396804865291991,-0.034757862192131485,0.07422867356397234,0.09680297663067564,0.10426538072875607,PROVISIONAL_SMALL_REQUEST_N,5,0.049478899419428755,0.0917845692827111,0.05126053189061824,0.09530006382115157,-0.0892657362236104,0.01978742999383982,0.03707209339751216,0.11172778482683654,0.06434153148601282,0.11172778482683654,0.06928510252499258,0.11172778482683654,20,5,5,0,0,0,0,0,15,5,5,5,5,,1.0,0.25,1.0,NOT_ESTIMABLE,,,PROVISIONAL_SMALL_REQUEST_N,1.0,1.0,PROVISIONAL_SMALL_REQUEST_N,1.0,1.0,NOT_PRIMARY; use physical units and frozen spans
9,f9-0cd8cd2dd857,FORMAL_10K,HELDOUT_TRIPLE_AUDIT,STRICT_LUMPED,f12d43eace12231077007dc497fee8dad00fbe58cb2f1fe2c6159c47636b97a0,selected_q_proxy,all_finite_diagnostic,emx_minus_target,K_abs,dimensionless,5,0.007000608711567724,0.008308252917761322,-0.00021232372864362636,0.004064244660034688,0.01261274509364919,0.013072200425855695,PROVISIONAL_SMALL_REQUEST_N,5,0.003281954549091759,0.010912610742936058,0.0033201993403205263,0.011687613547680126,-0.006865665050375136,0.007476096322773707,0.002733707343464009,0.0135316557580622,0.0038141694757200307,0.0135316557580622,0.003939207067877359,0.0135316557580622,20,5,5,0,0,0,0,0,15,5,5,5,5,,1.0,0.25,1.0,NOT_ESTIMABLE,,,PROVISIONAL_SMALL_REQUEST_N,1.0,1.0,PROVISIONAL_SMALL_REQUEST_N,1.0,1.0,NOT_PRIMARY; use physical units and frozen spans
9,f9-0cd8cd2dd857,FORMAL_10K,HELDOUT_TRIPLE_AUDIT,STRICT_LUMPED,f12d43eace12231077007dc497fee8dad00fbe58cb2f1fe2c6159c47636b97a0,selected_q_proxy,all_finite_diagnostic,emx_minus_frozen_proxy,Lp_nH,nH,5,0.0025714083799535103,0.002800769363435106,-0.0009850867547575247,0.0031409734705920567,0.003425667335161009,0.0034584787103202784,PROVISIONAL_SMALL_REQUEST_N,5,0.0014675726349026252,0.0033556040121835106,0.0019357518947895715,0.003358121168991263,-0.003071888903410569,0.0015614821526714006,0.0004745139775104157,0.003491290085479548,0.0028537965449561666,0.003491290085479548,0.002997385007774111,0.003491290085479548,20,5,5,0,0,0,0,0,15,5,5,5,5,,1.0,0.25,1.0,NOT_ESTIMABLE,,,PROVISIONAL_SMALL_REQUEST_N,1.0,1.0,PROVISIONAL_SMALL_REQUEST_N,1.0,1.0,NOT_PRIMARY; use physical units and frozen spans
9,f9-0cd8cd2dd857,FORMAL_10K,HELDOUT_TRIPLE_AUDIT,STRICT_LUMPED,f12d43eace12231077007dc497fee8dad00fbe58cb2f1fe2c6159c47636b97a0,selected_q_proxy,all_finite_diagnostic,emx_minus_frozen_proxy,Ls_nH,nH,5,0.007915080233909966,0.009113186829053942,-0.007915080233909966,0.007171641890502345,0.013003216206674795,0.01444453504531058,PROVISIONAL_SMALL_REQUEST_N,5,0.004569786659833941,0.012078531611779497,0.004973720732069017,0.012957357249298002,-0.012078531611779497,-0.004569786659833941,0.0022751911877776365,0.015885853883946366,0.006528366940923825,0.015885853883946366,0.006850004415713084,0.015885853883946366,20,5,5,0,0,0,0,0,15,5,5,5,5,,1.0,0.25,1.0,NOT_ESTIMABLE,,,PROVISIONAL_SMALL_REQUEST_N,1.0,1.0,PROVISIONAL_SMALL_REQUEST_N,1.0,1.0,NOT_PRIMARY; use physical units and frozen spans
9,f9-0cd8cd2dd857,FORMAL_10K,HELDOUT_TRIPLE_AUDIT,STRICT_LUMPED,f12d43eace12231077007dc497fee8dad00fbe58cb2f1fe2c6159c47636b97a0,selected_q_proxy,all_finite_diagnostic,emx_minus_frozen_proxy,Qmin,dimensionless,5,0.05646530668392202,0.06007716622465986,-0.025471744638420547,0.05424650621875848,0.07915383001895648,0.08686536796977151,PROVISIONAL_SMALL_REQUEST_N,5,0.04184203916362417,0.07595742444892224,0.04237441100865187,0.07940418682957473,-0.0707332080890403,0.020144260801749782,0.0356740068496606,0.09457690592058654,0.04927186303689233,0.09457690592058654,0.0517591846278254,0.09457690592058654,20,5,5,0,0,0,0,0,15,5,5,5,5,,1.0,0.25,1.0,NOT_ESTIMABLE,,,PROVISIONAL_SMALL_REQUEST_N,1.0,1.0,PROVISIONAL_SMALL_REQUEST_N,1.0,1.0,NOT_PRIMARY; use physical units and frozen spans
9,f9-0cd8cd2dd857,FORMAL_10K,HELDOUT_TRIPLE_AUDIT,STRICT_LUMPED,f12d43eace12231077007dc497fee8dad00fbe58cb2f1fe2c6159c47636b97a0,selected_q_proxy,all_finite_diagnostic,emx_minus_frozen_proxy,K_abs,dimensionless,5,0.006926267537699998,0.008367130841723759,0.00030356180459364945,0.00394287878597227,0.012814229888391628,0.01360872824377528,PROVISIONAL_SMALL_REQUEST_N,5,0.0031303747496457036,0.011164713068854082,0.003226024218977051,0.012131984053881528,-0.006312747299223815,0.007964098693608684,0.0021831507245529402,0.014403226599158936,0.0038342659742134355,0.014403226599158936,0.003888572380092853,0.014403226599158936,20,5,5,0,0,0,0,0,15,5,5,5,5,,1.0,0.25,1.0,NOT_ESTIMABLE,,,PROVISIONAL_SMALL_REQUEST_N,1.0,1.0,PROVISIONAL_SMALL_REQUEST_N,1.0,1.0,NOT_PRIMARY; use physical units and frozen spans
11,f11-07165966aa39,FORMAL_10K,HELDOUT_TRIPLE_AUDIT,STRICT_LUMPED,f12d43eace12231077007dc497fee8dad00fbe58cb2f1fe2c6159c47636b97a0,all_candidates,strict_valid,emx_minus_target,Lp_nH,nH,48,0.1057394817940256,0.16641202944756828,-0.09976280826995478,0.024248971971738698,0.32417094897412496,0.3537803534571619,PROVISIONAL_SMALL_REQUEST_N,5,0.07310810992081428,0.13565938538561464,0.12376976039713375,0.19767916608602235,-0.13003695397320916,-0.06793702625263756,0.013358405555302877,0.048830498344065276,0.22938062588566197,0.3826346445401769,0.24328463354062713,0.4089799754022293,220,50,48,2,0,5,0,0,165,27,50,50,55,,0.4909090909090909,0.12272727272727273,0.5625,NOT_ESTIMABLE,,,PROVISIONAL_SMALL_REQUEST_N,0.38181818181818183,0.5818181818181818,PROVISIONAL_SMALL_REQUEST_N,0.46511627906976744,0.6530612244897959,NOT_PRIMARY; use physical units and frozen spans
11,f11-07165966aa39,FORMAL_10K,HELDOUT_TRIPLE_AUDIT,STRICT_LUMPED,f12d43eace12231077007dc497fee8dad00fbe58cb2f1fe2c6159c47636b97a0,all_candidates,strict_valid,emx_minus_target,Ls_nH,nH,48,0.054633327916092704,0.08382971675110418,0.048666203739851276,0.020374316110105095,0.16783480785834556,0.19495584430664448,PROVISIONAL_SMALL_REQUEST_N,5,0.04036104670747487,0.07881383713036295,0.058747069607775794,0.11292734908068876,0.03605651017955108,0.06803308685614802,0.009329497915530505,0.03956262276739797,0.08277891901579326,0.21550997762912094,0.10351257800841424,0.22061972156812626,220,50,48,2,0,5,0,0,165,27,50,50,55,,0.4909090909090909,0.12272727272727273,0.5625,NOT_ESTIMABLE,,,PROVISIONAL_SMALL_REQUEST_N,0.38181818181818183,0.5818181818181818,PROVISIONAL_SMALL_REQUEST_N,0.46511627906976744,0.6530612244897959,NOT_PRIMARY; use physical units and frozen spans
11,f11-07165966aa39,FORMAL_10K,HELDOUT_TRIPLE_AUDIT,STRICT_LUMPED,f12d43eace12231077007dc497fee8dad00fbe58cb2f1fe2c6159c47636b97a0,all_candidates,strict_valid,emx_minus_target,Qmin,dimensionless,48,1.5851862607201512,2.5763310410225024,-1.4814998430326323,0.36236055799870126,4.7721119099110485,5.893400505015488,PROVISIONAL_SMALL_REQUEST_N,5,0.9957473634911462,2.1997076642142206,1.6988165603868883,3.2478645330447597,-2.1222475051381395,-0.8669051467273499,0.2899822834601604,0.40369071017248537,3.1921203925606285,5.877107662824724,3.4937657295883096,6.6330732812860544,220,50,48,2,0,5,0,0,165,27,50,50,55,,0.4909090909090909,0.12272727272727273,0.5625,NOT_ESTIMABLE,,,PROVISIONAL_SMALL_REQUEST_N,0.38181818181818183,0.5818181818181818,PROVISIONAL_SMALL_REQUEST_N,0.46511627906976744,0.6530612244897959,NOT_PRIMARY; use physical units and frozen spans
11,f11-07165966aa39,FORMAL_10K,HELDOUT_TRIPLE_AUDIT,STRICT_LUMPED,f12d43eace12231077007dc497fee8dad00fbe58cb2f1fe2c6159c47636b97a0,all_candidates,strict_valid,emx_minus_target,K_abs,dimensionless,48,0.020020192187721518,0.03234752110912111,-0.00927973647314597,0.0074237941133412505,0.05796274576749421,0.07955201656412766,PROVISIONAL_SMALL_REQUEST_N,5,0.01322009733852806,0.027719130491288997,0.0243525609216166,0.039951992899083015,-0.01764564240412808,-0.0005383396141612786,0.0063139436538990675,0.02384589397967496,0.03800199833272311,0.07705108046292233,0.05129342963776207,0.09293184246517971,220,50,48,2,0,5,0,0,165,27,50,50,55,,0.4909090909090909,0.12272727272727273,0.5625,NOT_ESTIMABLE,,,PROVISIONAL_SMALL_REQUEST_N,0.38181818181818183,0.5818181818181818,PROVISIONAL_SMALL_REQUEST_N,0.46511627906976744,0.6530612244897959,NOT_PRIMARY; use physical units and frozen spans
11,f11-07165966aa39,FORMAL_10K,HELDOUT_TRIPLE_AUDIT,STRICT_LUMPED,f12d43eace12231077007dc497fee8dad00fbe58cb2f1fe2c6159c47636b97a0,all_candidates,strict_valid,emx_minus_frozen_proxy,Lp_nH,nH,48,0.007555176344414304,0.009466399244110866,-0.0021086110685629295,0.007723813091013554,0.01240031334523415,0.01731139791611599,PROVISIONAL_SMALL_REQUEST_N,5,0.005629727862997536,0.010372709224382791,0.007065961644059722,0.01270625374046876,-0.0038624669263877813,-4.739338527441461e-05,0.0047121149514932625,0.010369578059799434,0.01083281564717265,0.020799005508001178,0.012347725983209757,0.028270442291590148,220,50,48,2,0,5,0,0,165,27,50,50,55,,0.4909090909090909,0.12272727272727273,0.5625,NOT_ESTIMABLE,,,PROVISIONAL_SMALL_REQUEST_N,0.38181818181818183,0.5818181818181818,PROVISIONAL_SMALL_REQUEST_N,0.46511627906976744,0.6530612244897959,NOT_PRIMARY; use physical units and frozen spans
11,f11-07165966aa39,FORMAL_10K,HELDOUT_TRIPLE_AUDIT,STRICT_LUMPED,f12d43eace12231077007dc497fee8dad00fbe58cb2f1fe2c6159c47636b97a0,all_candidates,strict_valid,emx_minus_frozen_proxy,Ls_nH,nH,48,0.008428248381584761,0.011795989555976745,0.002997676334578122,0.005333285578588864,0.01722544278453495,0.01916959584901836,PROVISIONAL_SMALL_REQUEST_N,5,0.00491414326783104,0.013641220234880192,0.006279886941426442,0.017844906700772104,-0.0004140670456564356,0.008220236887077608,0.0034621435630433073,0.01297706808323107,0.011117527450350329,0.03355679099137787,0.011813227401989534,0.04045909156575959,220,50,48,2,0,5,0,0,165,27,50,50,55,,0.4909090909090909,0.12272727272727273,0.5625,NOT_ESTIMABLE,,,PROVISIONAL_SMALL_REQUEST_N,0.38181818181818183,0.5818181818181818,PROVISIONAL_SMALL_REQUEST_N,0.46511627906976744,0.6530612244897959,NOT_PRIMARY; use physical units and frozen spans
11,f11-07165966aa39,FORMAL_10K,HELDOUT_TRIPLE_AUDIT,STRICT_LUMPED,f12d43eace12231077007dc497fee8dad00fbe58cb2f1fe2c6159c47636b97a0,all_candidates,strict_valid,emx_minus_frozen_proxy,Qmin,dimensionless,48,0.19553463892981218,0.2443450654039911,0.06459211088073842,0.1388152557086446,0.3545293915126545,0.4933006786216677,PROVISIONAL_SMALL_REQUEST_N,5,0.14579856710058736,0.24380610421934157,0.17239244348698188,0.3058623578446915,-0.046477437486617486,0.15150856274714924,0.11611656830669759,0.2410583934046322,0.28700425429936277,0.5827519970735402,0.3119417702634123,0.6166148891848656,220,50,48,2,0,5,0,0,165,27,50,50,55,,0.4909090909090909,0.12272727272727273,0.5625,NOT_ESTIMABLE,,,PROVISIONAL_SMALL_REQUEST_N,0.38181818181818183,0.5818181818181818,PROVISIONAL_SMALL_REQUEST_N,0.46511627906976744,0.6530612244897959,NOT_PRIMARY; use physical units and frozen spans
11,f11-07165966aa39,FORMAL_10K,HELDOUT_TRIPLE_AUDIT,STRICT_LUMPED,f12d43eace12231077007dc497fee8dad00fbe58cb2f1fe2c6159c47636b97a0,all_candidates,strict_valid,emx_minus_frozen_proxy,K_abs,dimensionless,48,0.006669684397967006,0.011062124752655854,0.0034711271130071085,0.003936524880173542,0.011871876468503122,0.020420334086968115,PROVISIONAL_SMALL_REQUEST_N,5,0.004186552980333068,0.011831907417253873,0.005605399628797594,0.017955445775573526,-0.0005640069551563242,0.010303139098338422,0.002518018373112052,0.006115381913651824,0.009484379357882988,0.039259111418601,0.010610820007228166,0.044529610850909125,220,50,48,2,0,5,0,0,165,27,50,50,55,,0.4909090909090909,0.12272727272727273,0.5625,NOT_ESTIMABLE,,,PROVISIONAL_SMALL_REQUEST_N,0.38181818181818183,0.5818181818181818,PROVISIONAL_SMALL_REQUEST_N,0.46511627906976744,0.6530612244897959,NOT_PRIMARY; use physical units and frozen spans
11,f11-07165966aa39,FORMAL_10K,HELDOUT_TRIPLE_AUDIT,STRICT_LUMPED,f12d43eace12231077007dc497fee8dad00fbe58cb2f1fe2c6159c47636b97a0,all_candidates,all_finite_diagnostic,emx_minus_target,Lp_nH,nH,50,0.1028383619687831,0.16329810737499573,-0.09698731456725292,0.024248971971738698,0.322016130904496,0.3509226969087206,PROVISIONAL_SMALL_REQUEST_N,5,0.07310810992081428,0.12762425603481842,0.12279676736429426,0.19220233156336644,-0.12222036665785226,-0.06793702625263756,0.013186712925583266,0.048830498344065276,0.22938062588566197,0.3788641459074829,0.2431935220570342,0.4001981984482119,220,50,48,2,0,5,0,0,165,27,50,50,55,,0.4909090909090909,0.12272727272727273,0.5625,NOT_ESTIMABLE,,,PROVISIONAL_SMALL_REQUEST_N,0.38181818181818183,0.5818181818181818,PROVISIONAL_SMALL_REQUEST_N,0.46511627906976744,0.6530612244897959,NOT_PRIMARY; use physical units and frozen spans
11,f11-07165966aa39,FORMAL_10K,HELDOUT_TRIPLE_AUDIT,STRICT_LUMPED,f12d43eace12231077007dc497fee8dad00fbe58cb2f1fe2c6159c47636b97a0,all_candidates,all_finite_diagnostic,emx_minus_target,Ls_nH,nH,50,0.05629960131497747,0.08459196465480023,0.0505711621057857,0.025940827390871002,0.16652843349465188,0.1941023729018702,PROVISIONAL_SMALL_REQUEST_N,5,0.04036104670747487,0.08130511090124518,0.05906374997122187,0.11345531512565263,0.036254555979189876,0.07139100267377509,0.0100349801418394,0.056978495467851165,0.08277891901579326,0.2119965809479677,0.10307894355112954,0.21891647358845784,220,50,48,2,0,5,0,0,165,27,50,50,55,,0.4909090909090909,0.12272727272727273,0.5625,NOT_ESTIMABLE,,,PROVISIONAL_SMALL_REQUEST_N,0.38181818181818183,0.5818181818181818,PROVISIONAL_SMALL_REQUEST_N,0.46511627906976744,0.6530612244897959,NOT_PRIMARY; use physical units and frozen spans
11,f11-07165966aa39,FORMAL_10K,HELDOUT_TRIPLE_AUDIT,STRICT_LUMPED,f12d43eace12231077007dc497fee8dad00fbe58cb2f1fe2c6159c47636b97a0,all_candidates,all_finite_diagnostic,emx_minus_target,Qmin,dimensionless,50,1.5933361621942967,2.549997024399716,-1.4937972012142784,0.3821826222698439,4.7712283272901255,5.888745407246698,PROVISIONAL_SMALL_REQUEST_N,5,0.9957473634911462,2.167490106046343,1.6988165603868883,3.1586655623027613,-2.0961052535644646,-0.8669051467273499,0.2899822834601604,1.53937961785088,3.1921203925606285,5.8631423695183535,3.4937657295883096,6.631567185189407,220,50,48,2,0,5,0,0,165,27,50,50,55,,0.4909090909090909,0.12272727272727273,0.5625,NOT_ESTIMABLE,,,PROVISIONAL_SMALL_REQUEST_N,0.38181818181818183,0.5818181818181818,PROVISIONAL_SMALL_REQUEST_N,0.46511627906976744,0.6530612244897959,NOT_PRIMARY; use physical units and frozen spans
11,f11-07165966aa39,FORMAL_10K,HELDOUT_TRIPLE_AUDIT,STRICT_LUMPED,f12d43eace12231077007dc497fee8dad00fbe58cb2f1fe2c6159c47636b97a0,all_candidates,all_finite_diagnostic,emx_minus_target,K_abs,dimensionless,50,0.022168002681737232,0.035610348121124236,-0.0059599288326955555,0.007618506596428945,0.06458450929207396,0.08772687658151197,PROVISIONAL_SMALL_REQUEST_N,5,0.01322009733852806,0.030765009776193106,0.024376476340713812,0.043852712460783254,-0.012566791609897638,0.0015746557068435291,0.00631661413661308,0.02384589397967496,0.03884334843335943,0.08964088403888892,0.05291341846668807,0.09868932581457905,220,50,48,2,0,5,0,0,165,27,50,50,55,,0.4909090909090909,0.12272727272727273,0.5625,NOT_ESTIMABLE,,,PROVISIONAL_SMALL_REQUEST_N,0.38181818181818183,0.5818181818181818,PROVISIONAL_SMALL_REQUEST_N,0.46511627906976744,0.6530612244897959,NOT_PRIMARY; use physical units and frozen spans
11,f11-07165966aa39,FORMAL_10K,HELDOUT_TRIPLE_AUDIT,STRICT_LUMPED,f12d43eace12231077007dc497fee8dad00fbe58cb2f1fe2c6159c47636b97a0,all_candidates,all_finite_diagnostic,emx_minus_frozen_proxy,Lp_nH,nH,50,0.008060260464716475,0.010338522230358615,-0.0012169754517416687,0.00800552893467854,0.012587626716933987,0.020155481374167724,PROVISIONAL_SMALL_REQUEST_N,5,0.006051005633324011,0.010572799087076416,0.007480720597860828,0.012826480748000725,-0.0027412486248557183,0.0003695129529280566,0.005069433295547987,0.009893162042439396,0.012329036819416217,0.020799005508001178,0.012418961459239895,0.029601680579398236,220,50,48,2,0,5,0,0,165,27,50,50,55,,0.4909090909090909,0.12272727272727273,0.5625,NOT_ESTIMABLE,,,PROVISIONAL_SMALL_REQUEST_N,0.38181818181818183,0.5818181818181818,PROVISIONAL_SMALL_REQUEST_N,0.46511627906976744,0.6530612244897959,NOT_PRIMARY; use physical units and frozen spans
11,f11-07165966aa39,FORMAL_10K,HELDOUT_TRIPLE_AUDIT,STRICT_LUMPED,f12d43eace12231077007dc497fee8dad00fbe58cb2f1fe2c6159c47636b97a0,all_candidates,all_finite_diagnostic,emx_minus_frozen_proxy,Ls_nH,nH,50,0.009070818354376049,0.01257432590093542,0.003857469189249676,0.0055529325286767794,0.018534520848422532,0.024859519259437038,PROVISIONAL_SMALL_REQUEST_N,5,0.00491414326783104,0.014698419006283296,0.006279886941426442,0.018704367040610122,0.00012983550779609913,0.009729985042747127,0.0038035975470377403,0.013860365847617517,0.011117527450350329,0.03355679099137787,0.011813227401989534,0.03924103852322159,220,50,48,2,0,5,0,0,165,27,50,50,55,,0.4909090909090909,0.12272727272727273,0.5625,NOT_ESTIMABLE,,,PROVISIONAL_SMALL_REQUEST_N,0.38181818181818183,0.5818181818181818,PROVISIONAL_SMALL_REQUEST_N,0.46511627906976744,0.6530612244897959,NOT_PRIMARY; use physical units and frozen spans
11,f11-07165966aa39,FORMAL_10K,HELDOUT_TRIPLE_AUDIT,STRICT_LUMPED,f12d43eace12231077007dc497fee8dad00fbe58cb2f1fe2c6159c47636b97a0,all_candidates,all_finite_diagnostic,emx_minus_frozen_proxy,Qmin,dimensionless,50,0.20091256541961408,0.24981970009979707,0.04880911439851452,0.16681004973696556,0.3657902311774026,0.5071497696299891,PROVISIONAL_SMALL_REQUEST_N,5,0.1602443893809224,0.24495034714988279,0.1933276942655983,0.30824001270846574,-0.060897986402762457,0.14097941275786544,0.12130134995357267,0.2410583934046322,0.2996515329473911,0.5827519970735402,0.327133126034882,0.6114052134754309,220,50,48,2,0,5,0,0,165,27,50,50,55,,0.4909090909090909,0.12272727272727273,0.5625,NOT_ESTIMABLE,,,PROVISIONAL_SMALL_REQUEST_N,0.38181818181818183,0.5818181818181818,PROVISIONAL_SMALL_REQUEST_N,0.46511627906976744,0.6530612244897959,NOT_PRIMARY; use physical units and frozen spans
11,f11-07165966aa39,FORMAL_10K,HELDOUT_TRIPLE_AUDIT,STRICT_LUMPED,f12d43eace12231077007dc497fee8dad00fbe58cb2f1fe2c6159c47636b97a0,all_candidates,all_finite_diagnostic,emx_minus_frozen_proxy,K_abs,dimensionless,50,0.00770980425633378,0.012682913298970467,0.004639189262772279,0.004192879712073397,0.01380925433297223,0.03308509657335059,PROVISIONAL_SMALL_REQUEST_N,5,0.004302359805113607,0.0137347651196354,0.005695968064005211,0.01992801563919941,-0.0003982677098046774,0.01206938569306778,0.0026042855011448873,0.007854296272806802,0.009484379357882988,0.039259111418601,0.01063852194217682,0.04359952271579589,220,50,48,2,0,5,0,0,165,27,50,50,55,,0.4909090909090909,0.12272727272727273,0.5625,NOT_ESTIMABLE,,,PROVISIONAL_SMALL_REQUEST_N,0.38181818181818183,0.5818181818181818,PROVISIONAL_SMALL_REQUEST_N,0.46511627906976744,0.6530612244897959,NOT_PRIMARY; use physical units and frozen spans
11,f11-07165966aa39,FORMAL_10K,HELDOUT_TRIPLE_AUDIT,STRICT_LUMPED,f12d43eace12231077007dc497fee8dad00fbe58cb2f1fe2c6159c47636b97a0,selected_q_proxy,strict_valid,emx_minus_target,Lp_nH,nH,5,0.008546922814284309,0.009117740046147892,0.0051093256618544025,0.008593992881074763,0.012027976409885356,0.013012716942502365,PROVISIONAL_SMALL_REQUEST_N,5,0.006146562137492184,0.011533776038698517,0.006339581019877313,0.011947517066667293,-0.0020210941750179678,0.010612356265710244,0.004466655947092946,0.01399745747511938,0.007797496911084912,0.01399745747511938,0.008195744896079837,0.01399745747511938,20,5,5,0,0,0,0,0,15,4,5,5,5,,0.8,0.2,0.8,NOT_ESTIMABLE,,,PROVISIONAL_SMALL_REQUEST_N,0.4,1.0,PROVISIONAL_SMALL_REQUEST_N,0.4,1.0,NOT_PRIMARY; use physical units and frozen spans
11,f11-07165966aa39,FORMAL_10K,HELDOUT_TRIPLE_AUDIT,STRICT_LUMPED,f12d43eace12231077007dc497fee8dad00fbe58cb2f1fe2c6159c47636b97a0,selected_q_proxy,strict_valid,emx_minus_target,Ls_nH,nH,5,0.013580139655083312,0.01747475447066706,0.001300931407915873,0.012588244758939382,0.026242688705715222,0.029561728176601406,PROVISIONAL_SMALL_REQUEST_N,5,0.004976095182161045,0.023849956649105962,0.006363602286028034,0.02656062254228586,-0.011914367133982928,0.0173357285318833,0.0018242055659225542,0.032880767647487597,0.009281710859367777,0.032880767647487597,0.010934977809153578,0.032880767647487597,20,5,5,0,0,0,0,0,15,4,5,5,5,,0.8,0.2,0.8,NOT_ESTIMABLE,,,PROVISIONAL_SMALL_REQUEST_N,0.4,1.0,PROVISIONAL_SMALL_REQUEST_N,0.4,1.0,NOT_PRIMARY; use physical units and frozen spans
11,f11-07165966aa39,FORMAL_10K,HELDOUT_TRIPLE_AUDIT,STRICT_LUMPED,f12d43eace12231077007dc497fee8dad00fbe58cb2f1fe2c6159c47636b97a0,selected_q_proxy,strict_valid,emx_minus_target,Qmin,dimensionless,5,0.10229750499185145,0.10536641878628174,0.05335010038639894,0.10005405398563916,0.13047744630627278,0.13318042457048662,PROVISIONAL_SMALL_REQUEST_N,5,0.08128343344724236,0.12331157653646052,0.0833411063405865,0.12400606216710501,-0.040657100094198026,0.11225809803634021,0.06376598008426448,0.13588340283470046,0.09579866300779223,0.13588340283470046,0.09792635849671569,0.13588340283470046,20,5,5,0,0,0,0,0,15,4,5,5,5,,0.8,0.2,0.8,NOT_ESTIMABLE,,,PROVISIONAL_SMALL_REQUEST_N,0.4,1.0,PROVISIONAL_SMALL_REQUEST_N,0.4,1.0,NOT_PRIMARY; use physical units and frozen spans
11,f11-07165966aa39,FORMAL_10K,HELDOUT_TRIPLE_AUDIT,STRICT_LUMPED,f12d43eace12231077007dc497fee8dad00fbe58cb2f1fe2c6159c47636b97a0,selected_q_proxy,strict_valid,emx_minus_target,K_abs,dimensionless,5,0.014275839311774669,0.02154185142521115,0.0072082261132581146,0.007273890481376444,0.030891242946845737,0.03866375801402562,PROVISIONAL_SMALL_REQUEST_N,5,0.005300841899096159,0.030618462363395032,0.005577860762103093,0.03623507919781779,-0.006290505113930001,0.027801802395937388,0.003885540422932765,0.046436273081205515,0.006848252220046891,0.046436273081205515,0.0070610713507116675,0.046436273081205515,20,5,5,0,0,0,0,0,15,4,5,5,5,,0.8,0.2,0.8,NOT_ESTIMABLE,,,PROVISIONAL_SMALL_REQUEST_N,0.4,1.0,PROVISIONAL_SMALL_REQUEST_N,0.4,1.0,NOT_PRIMARY; use physical units and frozen spans
11,f11-07165966aa39,FORMAL_10K,HELDOUT_TRIPLE_AUDIT,STRICT_LUMPED,f12d43eace12231077007dc497fee8dad00fbe58cb2f1fe2c6159c47636b97a0,selected_q_proxy,strict_valid,emx_minus_frozen_proxy,Lp_nH,nH,5,0.010097786331978442,0.01148150526473212,0.00707028209044851,0.007878865578202277,0.016005622636905192,0.018402314072453185,PROVISIONAL_SMALL_REQUEST_N,5,0.006594933765454325,0.015756265091617917,0.006754839971995549,0.01692805907247947,-0.0012023735806022007,0.015140526748361704,0.0054267516396027116,0.020799005508001178,0.007754823588451298,0.020799005508001178,0.007816844583326788,0.020799005508001178,20,5,5,0,0,0,0,0,15,4,5,5,5,,0.8,0.2,0.8,NOT_ESTIMABLE,,,PROVISIONAL_SMALL_REQUEST_N,0.4,1.0,PROVISIONAL_SMALL_REQUEST_N,0.4,1.0,NOT_PRIMARY; use physical units and frozen spans
11,f11-07165966aa39,FORMAL_10K,HELDOUT_TRIPLE_AUDIT,STRICT_LUMPED,f12d43eace12231077007dc497fee8dad00fbe58cb2f1fe2c6159c47636b97a0,selected_q_proxy,strict_valid,emx_minus_frozen_proxy,Ls_nH,nH,5,0.013365883224063669,0.017682442140252046,0.0011522119073496873,0.011117527450350329,0.02708574510850528,0.03032126804994157,PROVISIONAL_SMALL_REQUEST_N,5,0.004133874047827568,0.024157599219097103,0.0054203358551280474,0.02715772274810301,-0.011806176405266332,0.017503074193309008,0.002037474557238239,0.03355679099137787,0.0077658952050724045,0.03355679099137787,0.009441711327711363,0.03355679099137787,20,5,5,0,0,0,0,0,15,4,5,5,5,,0.8,0.2,0.8,NOT_ESTIMABLE,,,PROVISIONAL_SMALL_REQUEST_N,0.4,1.0,PROVISIONAL_SMALL_REQUEST_N,0.4,1.0,NOT_PRIMARY; use physical units and frozen spans
11,f11-07165966aa39,FORMAL_10K,HELDOUT_TRIPLE_AUDIT,STRICT_LUMPED,f12d43eace12231077007dc497fee8dad00fbe58cb2f1fe2c6159c47636b97a0,selected_q_proxy,strict_valid,emx_minus_frozen_proxy,Qmin,dimensionless,5,0.1079884611075741,0.11004363383552201,0.05946792112614503,0.11887004824833447,0.12809135316662434,0.1303546875709749,PROVISIONAL_SMALL_REQUEST_N,5,0.08996344215324222,0.12485549808017851,0.09204652149895624,0.12501941748942655,-0.034002169979451935,0.11902117481856678,0.07502315171512386,0.13261802197532546,0.10817392240720629,0.13261802197532546,0.11352198532777037,0.13261802197532546,20,5,5,0,0,0,0,0,15,4,5,5,5,,0.8,0.2,0.8,NOT_ESTIMABLE,,,PROVISIONAL_SMALL_REQUEST_N,0.4,1.0,PROVISIONAL_SMALL_REQUEST_N,0.4,1.0,NOT_PRIMARY; use physical units and frozen spans
11,f11-07165966aa39,FORMAL_10K,HELDOUT_TRIPLE_AUDIT,STRICT_LUMPED,f12d43eace12231077007dc497fee8dad00fbe58cb2f1fe2c6159c47636b97a0,selected_q_proxy,strict_valid,emx_minus_frozen_proxy,K_abs,dimensionless,5,0.014046765675674333,0.021164390775908364,0.00688200700623085,0.00766616065387693,0.030410328924988864,0.03793501395550558,PROVISIONAL_SMALL_REQUEST_N,5,0.004546164209238979,0.030215520702049255,0.005245831313437661,0.03551971317783426,-0.006682866232184864,0.02708101116867378,0.002409462186293093,0.04545969898602231,0.0073445894798224165,0.04545969898602231,0.007505375066849673,0.04545969898602231,20,5,5,0,0,0,0,0,15,4,5,5,5,,0.8,0.2,0.8,NOT_ESTIMABLE,,,PROVISIONAL_SMALL_REQUEST_N,0.4,1.0,PROVISIONAL_SMALL_REQUEST_N,0.4,1.0,NOT_PRIMARY; use physical units and frozen spans
11,f11-07165966aa39,FORMAL_10K,HELDOUT_TRIPLE_AUDIT,STRICT_LUMPED,f12d43eace12231077007dc497fee8dad00fbe58cb2f1fe2c6159c47636b97a0,selected_q_proxy,all_finite_diagnostic,emx_minus_target,Lp_nH,nH,5,0.008546922814284309,0.009117740046147892,0.0051093256618544025,0.008593992881074763,0.012027976409885356,0.013012716942502365,PROVISIONAL_SMALL_REQUEST_N,5,0.006146562137492184,0.011533776038698517,0.006339581019877313,0.011947517066667293,-0.0020210941750179678,0.010612356265710244,0.004466655947092946,0.01399745747511938,0.007797496911084912,0.01399745747511938,0.008195744896079837,0.01399745747511938,20,5,5,0,0,0,0,0,15,4,5,5,5,,0.8,0.2,0.8,NOT_ESTIMABLE,,,PROVISIONAL_SMALL_REQUEST_N,0.4,1.0,PROVISIONAL_SMALL_REQUEST_N,0.4,1.0,NOT_PRIMARY; use physical units and frozen spans
11,f11-07165966aa39,FORMAL_10K,HELDOUT_TRIPLE_AUDIT,STRICT_LUMPED,f12d43eace12231077007dc497fee8dad00fbe58cb2f1fe2c6159c47636b97a0,selected_q_proxy,all_finite_diagnostic,emx_minus_target,Ls_nH,nH,5,0.013580139655083312,0.01747475447066706,0.001300931407915873,0.012588244758939382,0.026242688705715222,0.029561728176601406,PROVISIONAL_SMALL_REQUEST_N,5,0.004976095182161045,0.023849956649105962,0.006363602286028034,0.02656062254228586,-0.011914367133982928,0.0173357285318833,0.0018242055659225542,0.032880767647487597,0.009281710859367777,0.032880767647487597,0.010934977809153578,0.032880767647487597,20,5,5,0,0,0,0,0,15,4,5,5,5,,0.8,0.2,0.8,NOT_ESTIMABLE,,,PROVISIONAL_SMALL_REQUEST_N,0.4,1.0,PROVISIONAL_SMALL_REQUEST_N,0.4,1.0,NOT_PRIMARY; use physical units and frozen spans
11,f11-07165966aa39,FORMAL_10K,HELDOUT_TRIPLE_AUDIT,STRICT_LUMPED,f12d43eace12231077007dc497fee8dad00fbe58cb2f1fe2c6159c47636b97a0,selected_q_proxy,all_finite_diagnostic,emx_minus_target,Qmin,dimensionless,5,0.10229750499185145,0.10536641878628174,0.05335010038639894,0.10005405398563916,0.13047744630627278,0.13318042457048662,PROVISIONAL_SMALL_REQUEST_N,5,0.08128343344724236,0.12331157653646052,0.0833411063405865,0.12400606216710501,-0.040657100094198026,0.11225809803634021,0.06376598008426448,0.13588340283470046,0.09579866300779223,0.13588340283470046,0.09792635849671569,0.13588340283470046,20,5,5,0,0,0,0,0,15,4,5,5,5,,0.8,0.2,0.8,NOT_ESTIMABLE,,,PROVISIONAL_SMALL_REQUEST_N,0.4,1.0,PROVISIONAL_SMALL_REQUEST_N,0.4,1.0,NOT_PRIMARY; use physical units and frozen spans
11,f11-07165966aa39,FORMAL_10K,HELDOUT_TRIPLE_AUDIT,STRICT_LUMPED,f12d43eace12231077007dc497fee8dad00fbe58cb2f1fe2c6159c47636b97a0,selected_q_proxy,all_finite_diagnostic,emx_minus_target,K_abs,dimensionless,5,0.014275839311774669,0.02154185142521115,0.0072082261132581146,0.007273890481376444,0.030891242946845737,0.03866375801402562,PROVISIONAL_SMALL_REQUEST_N,5,0.005300841899096159,0.030618462363395032,0.005577860762103093,0.03623507919781779,-0.006290505113930001,0.027801802395937388,0.003885540422932765,0.046436273081205515,0.006848252220046891,0.046436273081205515,0.0070610713507116675,0.046436273081205515,20,5,5,0,0,0,0,0,15,4,5,5,5,,0.8,0.2,0.8,NOT_ESTIMABLE,,,PROVISIONAL_SMALL_REQUEST_N,0.4,1.0,PROVISIONAL_SMALL_REQUEST_N,0.4,1.0,NOT_PRIMARY; use physical units and frozen spans
11,f11-07165966aa39,FORMAL_10K,HELDOUT_TRIPLE_AUDIT,STRICT_LUMPED,f12d43eace12231077007dc497fee8dad00fbe58cb2f1fe2c6159c47636b97a0,selected_q_proxy,all_finite_diagnostic,emx_minus_frozen_proxy,Lp_nH,nH,5,0.010097786331978442,0.01148150526473212,0.00707028209044851,0.007878865578202277,0.016005622636905192,0.018402314072453185,PROVISIONAL_SMALL_REQUEST_N,5,0.006594933765454325,0.015756265091617917,0.006754839971995549,0.01692805907247947,-0.0012023735806022007,0.015140526748361704,0.0054267516396027116,0.020799005508001178,0.007754823588451298,0.020799005508001178,0.007816844583326788,0.020799005508001178,20,5,5,0,0,0,0,0,15,4,5,5,5,,0.8,0.2,0.8,NOT_ESTIMABLE,,,PROVISIONAL_SMALL_REQUEST_N,0.4,1.0,PROVISIONAL_SMALL_REQUEST_N,0.4,1.0,NOT_PRIMARY; use physical units and frozen spans
11,f11-07165966aa39,FORMAL_10K,HELDOUT_TRIPLE_AUDIT,STRICT_LUMPED,f12d43eace12231077007dc497fee8dad00fbe58cb2f1fe2c6159c47636b97a0,selected_q_proxy,all_finite_diagnostic,emx_minus_frozen_proxy,Ls_nH,nH,5,0.013365883224063669,0.017682442140252046,0.0011522119073496873,0.011117527450350329,0.02708574510850528,0.03032126804994157,PROVISIONAL_SMALL_REQUEST_N,5,0.004133874047827568,0.024157599219097103,0.0054203358551280474,0.02715772274810301,-0.011806176405266332,0.017503074193309008,0.002037474557238239,0.03355679099137787,0.0077658952050724045,0.03355679099137787,0.009441711327711363,0.03355679099137787,20,5,5,0,0,0,0,0,15,4,5,5,5,,0.8,0.2,0.8,NOT_ESTIMABLE,,,PROVISIONAL_SMALL_REQUEST_N,0.4,1.0,PROVISIONAL_SMALL_REQUEST_N,0.4,1.0,NOT_PRIMARY; use physical units and frozen spans
11,f11-07165966aa39,FORMAL_10K,HELDOUT_TRIPLE_AUDIT,STRICT_LUMPED,f12d43eace12231077007dc497fee8dad00fbe58cb2f1fe2c6159c47636b97a0,selected_q_proxy,all_finite_diagnostic,emx_minus_frozen_proxy,Qmin,dimensionless,5,0.1079884611075741,0.11004363383552201,0.05946792112614503,0.11887004824833447,0.12809135316662434,0.1303546875709749,PROVISIONAL_SMALL_REQUEST_N,5,0.08996344215324222,0.12485549808017851,0.09204652149895624,0.12501941748942655,-0.034002169979451935,0.11902117481856678,0.07502315171512386,0.13261802197532546,0.10817392240720629,0.13261802197532546,0.11352198532777037,0.13261802197532546,20,5,5,0,0,0,0,0,15,4,5,5,5,,0.8,0.2,0.8,NOT_ESTIMABLE,,,PROVISIONAL_SMALL_REQUEST_N,0.4,1.0,PROVISIONAL_SMALL_REQUEST_N,0.4,1.0,NOT_PRIMARY; use physical units and frozen spans
11,f11-07165966aa39,FORMAL_10K,HELDOUT_TRIPLE_AUDIT,STRICT_LUMPED,f12d43eace12231077007dc497fee8dad00fbe58cb2f1fe2c6159c47636b97a0,selected_q_proxy,all_finite_diagnostic,emx_minus_frozen_proxy,K_abs,dimensionless,5,0.014046765675674333,0.021164390775908364,0.00688200700623085,0.00766616065387693,0.030410328924988864,0.03793501395550558,PROVISIONAL_SMALL_REQUEST_N,5,0.004546164209238979,0.030215520702049255,0.005245831313437661,0.03551971317783426,-0.006682866232184864,0.02708101116867378,0.002409462186293093,0.04545969898602231,0.0073445894798224165,0.04545969898602231,0.007505375066849673,0.04545969898602231,20,5,5,0,0,0,0,0,15,4,5,5,5,,0.8,0.2,0.8,NOT_ESTIMABLE,,,PROVISIONAL_SMALL_REQUEST_N,0.4,1.0,PROVISIONAL_SMALL_REQUEST_N,0.4,1.0,NOT_PRIMARY; use physical units and frozen spans
12,f12-bbbcad303b3e,FORMAL_10K,HELDOUT_TRIPLE_AUDIT,STRICT_LUMPED,f12d43eace12231077007dc497fee8dad00fbe58cb2f1fe2c6159c47636b97a0,all_candidates,strict_valid,emx_minus_target,Lp_nH,nH,47,0.049867298139507604,0.08683893450506708,0.008279482339800026,0.010912999808399881,0.1850240830104065,0.20387345758498218,PROVISIONAL_SMALL_REQUEST_N,5,0.01791667158697852,0.08112326830553346,0.033744423523210214,0.12092547850005055,-0.043706061941791455,0.06107842204602033,0.004973467529594711,0.025790982495996095,0.05098730769408655,0.22054351781055925,0.06357096004411789,0.24321313492553867,220,47,47,0,3,7,0,0,163,31,47,47,55,,0.5636363636363636,0.1409090909090909,0.6595744680851063,NOT_ESTIMABLE,,,PROVISIONAL_SMALL_REQUEST_N,0.4909090909090909,0.6545454545454545,PROVISIONAL_SMALL_REQUEST_N,0.6041666666666666,0.7291666666666666,NOT_PRIMARY; use physical units and frozen spans
12,f12-bbbcad303b3e,FORMAL_10K,HELDOUT_TRIPLE_AUDIT,STRICT_LUMPED,f12d43eace12231077007dc497fee8dad00fbe58cb2f1fe2c6159c47636b97a0,all_candidates,strict_valid,emx_minus_target,Ls_nH,nH,47,0.07873417150520329,0.12179541250189274,-0.0017154929856105711,0.016914538962747416,0.21795664077535443,0.2831397247737153,PROVISIONAL_SMALL_REQUEST_N,5,0.05172455567879866,0.10971998955925827,0.07840891784017827,0.1573331313797999,-0.0693761938973537,0.05738963924043916,0.010776483931123071,0.1060348618192406,0.1180990018092256,0.32425541207522945,0.14180707961573236,0.324415741293494,220,47,47,0,3,7,0,0,163,31,47,47,55,,0.5636363636363636,0.1409090909090909,0.6595744680851063,NOT_ESTIMABLE,,,PROVISIONAL_SMALL_REQUEST_N,0.4909090909090909,0.6545454545454545,PROVISIONAL_SMALL_REQUEST_N,0.6041666666666666,0.7291666666666666,NOT_PRIMARY; use physical units and frozen spans
12,f12-bbbcad303b3e,FORMAL_10K,HELDOUT_TRIPLE_AUDIT,STRICT_LUMPED,f12d43eace12231077007dc497fee8dad00fbe58cb2f1fe2c6159c47636b97a0,all_candidates,strict_valid,emx_minus_target,Qmin,dimensionless,47,0.8511855324543125,1.3185498934842972,-0.6606823876023351,0.29603299038026876,2.341602913696456,2.9800796094180066,PROVISIONAL_SMALL_REQUEST_N,5,0.5904875832761819,1.1009931328164069,0.8848609827036377,1.6430368708604408,-0.9835842110311246,-0.3408308629945066,0.23288933978492576,0.6764145698304489,1.494464175180413,3.034830607629324,1.8341896686903363,3.782187698495871,220,47,47,0,3,7,0,0,163,31,47,47,55,,0.5636363636363636,0.1409090909090909,0.6595744680851063,NOT_ESTIMABLE,,,PROVISIONAL_SMALL_REQUEST_N,0.4909090909090909,0.6545454545454545,PROVISIONAL_SMALL_REQUEST_N,0.6041666666666666,0.7291666666666666,NOT_PRIMARY; use physical units and frozen spans
12,f12-bbbcad303b3e,FORMAL_10K,HELDOUT_TRIPLE_AUDIT,STRICT_LUMPED,f12d43eace12231077007dc497fee8dad00fbe58cb2f1fe2c6159c47636b97a0,all_candidates,strict_valid,emx_minus_target,K_abs,dimensionless,47,0.023096277812296794,0.0431057151374095,0.0012375265691370744,0.007041862750174238,0.06656370353102879,0.12239499337282657,PROVISIONAL_SMALL_REQUEST_N,5,0.011846042652323769,0.03387775317393761,0.02049832154246024,0.05688682425201675,-0.018692469698423517,0.021317359908093737,0.006266752516595697,0.009071352754165068,0.026038205967895765,0.12514248365327216,0.05573331036769558,0.13270006691554379,220,47,47,0,3,7,0,0,163,31,47,47,55,,0.5636363636363636,0.1409090909090909,0.6595744680851063,NOT_ESTIMABLE,,,PROVISIONAL_SMALL_REQUEST_N,0.4909090909090909,0.6545454545454545,PROVISIONAL_SMALL_REQUEST_N,0.6041666666666666,0.7291666666666666,NOT_PRIMARY; use physical units and frozen spans
12,f12-bbbcad303b3e,FORMAL_10K,HELDOUT_TRIPLE_AUDIT,STRICT_LUMPED,f12d43eace12231077007dc497fee8dad00fbe58cb2f1fe2c6159c47636b97a0,all_candidates,strict_valid,emx_minus_frozen_proxy,Lp_nH,nH,47,0.008489833019694883,0.010444864832162554,0.004141554219932103,0.006094324206620705,0.01775722324374724,0.020165654125292854,PROVISIONAL_SMALL_REQUEST_N,5,0.006000957238779542,0.011326980804941274,0.007173228995562759,0.013295005456704197,0.002421597377070445,0.005789846194341193,0.004763665450276011,0.011727301071968066,0.012674570433258703,0.020232452410322566,0.013863180382468754,0.02088897681439059,220,47,47,0,3,7,0,0,163,31,47,47,55,,0.5636363636363636,0.1409090909090909,0.6595744680851063,NOT_ESTIMABLE,,,PROVISIONAL_SMALL_REQUEST_N,0.4909090909090909,0.6545454545454545,PROVISIONAL_SMALL_REQUEST_N,0.6041666666666666,0.7291666666666666,NOT_PRIMARY; use physical units and frozen spans
12,f12-bbbcad303b3e,FORMAL_10K,HELDOUT_TRIPLE_AUDIT,STRICT_LUMPED,f12d43eace12231077007dc497fee8dad00fbe58cb2f1fe2c6159c47636b97a0,all_candidates,strict_valid,emx_minus_frozen_proxy,Ls_nH,nH,47,0.010866943666753953,0.01341639316544782,0.009312641461218229,0.008855545880620541,0.022894678975010095,0.02572986785681441,PROVISIONAL_SMALL_REQUEST_N,5,0.00787067131178301,0.013738371340267773,0.0097815013367961,0.016284208673156584,0.005743380585193998,0.012771030844634927,0.0057011118102142655,0.014331674034406272,0.017347431724401563,0.025979596895564727,0.019302792279959652,0.026010788250018336,220,47,47,0,3,7,0,0,163,31,47,47,55,,0.5636363636363636,0.1409090909090909,0.6595744680851063,NOT_ESTIMABLE,,,PROVISIONAL_SMALL_REQUEST_N,0.4909090909090909,0.6545454545454545,PROVISIONAL_SMALL_REQUEST_N,0.6041666666666666,0.7291666666666666,NOT_PRIMARY; use physical units and frozen spans
12,f12-bbbcad303b3e,FORMAL_10K,HELDOUT_TRIPLE_AUDIT,STRICT_LUMPED,f12d43eace12231077007dc497fee8dad00fbe58cb2f1fe2c6159c47636b97a0,all_candidates,strict_valid,emx_minus_frozen_proxy,Qmin,dimensionless,47,0.17627040589215717,0.21442586133544378,-0.02795695603832866,0.15874376783642852,0.3323478807809927,0.4285699732954681,PROVISIONAL_SMALL_REQUEST_N,5,0.16366965001040998,0.1902773216431896,0.1915531855357299,0.23594068903846496,-0.11569509063582738,0.044662259030793135,0.13090776580255792,0.19396273427222965,0.2683450957737593,0.4081460780391746,0.3154943746225686,0.5004068276398962,220,47,47,0,3,7,0,0,163,31,47,47,55,,0.5636363636363636,0.1409090909090909,0.6595744680851063,NOT_ESTIMABLE,,,PROVISIONAL_SMALL_REQUEST_N,0.4909090909090909,0.6545454545454545,PROVISIONAL_SMALL_REQUEST_N,0.6041666666666666,0.7291666666666666,NOT_PRIMARY; use physical units and frozen spans
12,f12-bbbcad303b3e,FORMAL_10K,HELDOUT_TRIPLE_AUDIT,STRICT_LUMPED,f12d43eace12231077007dc497fee8dad00fbe58cb2f1fe2c6159c47636b97a0,all_candidates,strict_valid,emx_minus_frozen_proxy,K_abs,dimensionless,47,0.004869580989094496,0.006090899552352558,-0.0005065966812426667,0.004242220630424648,0.009570578745567465,0.010173684526878602,PROVISIONAL_SMALL_REQUEST_N,5,0.0038251452866824636,0.0060760570606536,0.004434943531891822,0.007503436978937209,-0.0019911260843078937,0.00085674664810295,0.003527409516896951,0.005435792884613266,0.007265447119886748,0.01026712654558884,0.0075314568847674596,0.01587035576138019,220,47,47,0,3,7,0,0,163,31,47,47,55,,0.5636363636363636,0.1409090909090909,0.6595744680851063,NOT_ESTIMABLE,,,PROVISIONAL_SMALL_REQUEST_N,0.4909090909090909,0.6545454545454545,PROVISIONAL_SMALL_REQUEST_N,0.6041666666666666,0.7291666666666666,NOT_PRIMARY; use physical units and frozen spans
12,f12-bbbcad303b3e,FORMAL_10K,HELDOUT_TRIPLE_AUDIT,STRICT_LUMPED,f12d43eace12231077007dc497fee8dad00fbe58cb2f1fe2c6159c47636b97a0,all_candidates,all_finite_diagnostic,emx_minus_target,Lp_nH,nH,47,0.049867298139507604,0.08683893450506708,0.008279482339800026,0.010912999808399881,0.1850240830104065,0.20387345758498218,PROVISIONAL_SMALL_REQUEST_N,5,0.01791667158697852,0.08112326830553346,0.033744423523210214,0.12092547850005055,-0.043706061941791455,0.06107842204602033,0.004973467529594711,0.025790982495996095,0.05098730769408655,0.22054351781055925,0.06357096004411789,0.24321313492553867,220,47,47,0,3,7,0,0,163,31,47,47,55,,0.5636363636363636,0.1409090909090909,0.6595744680851063,NOT_ESTIMABLE,,,PROVISIONAL_SMALL_REQUEST_N,0.4909090909090909,0.6545454545454545,PROVISIONAL_SMALL_REQUEST_N,0.6041666666666666,0.7291666666666666,NOT_PRIMARY; use physical units and frozen spans
12,f12-bbbcad303b3e,FORMAL_10K,HELDOUT_TRIPLE_AUDIT,STRICT_LUMPED,f12d43eace12231077007dc497fee8dad00fbe58cb2f1fe2c6159c47636b97a0,all_candidates,all_finite_diagnostic,emx_minus_target,Ls_nH,nH,47,0.07873417150520329,0.12179541250189274,-0.0017154929856105711,0.016914538962747416,0.21795664077535443,0.2831397247737153,PROVISIONAL_SMALL_REQUEST_N,5,0.05172455567879866,0.10971998955925827,0.07840891784017827,0.1573331313797999,-0.0693761938973537,0.05738963924043916,0.010776483931123071,0.1060348618192406,0.1180990018092256,0.32425541207522945,0.14180707961573236,0.324415741293494,220,47,47,0,3,7,0,0,163,31,47,47,55,,0.5636363636363636,0.1409090909090909,0.6595744680851063,NOT_ESTIMABLE,,,PROVISIONAL_SMALL_REQUEST_N,0.4909090909090909,0.6545454545454545,PROVISIONAL_SMALL_REQUEST_N,0.6041666666666666,0.7291666666666666,NOT_PRIMARY; use physical units and frozen spans
12,f12-bbbcad303b3e,FORMAL_10K,HELDOUT_TRIPLE_AUDIT,STRICT_LUMPED,f12d43eace12231077007dc497fee8dad00fbe58cb2f1fe2c6159c47636b97a0,all_candidates,all_finite_diagnostic,emx_minus_target,Qmin,dimensionless,47,0.8511855324543125,1.3185498934842972,-0.6606823876023351,0.29603299038026876,2.341602913696456,2.9800796094180066,PROVISIONAL_SMALL_REQUEST_N,5,0.5904875832761819,1.1009931328164069,0.8848609827036377,1.6430368708604408,-0.9835842110311246,-0.3408308629945066,0.23288933978492576,0.6764145698304489,1.494464175180413,3.034830607629324,1.8341896686903363,3.782187698495871,220,47,47,0,3,7,0,0,163,31,47,47,55,,0.5636363636363636,0.1409090909090909,0.6595744680851063,NOT_ESTIMABLE,,,PROVISIONAL_SMALL_REQUEST_N,0.4909090909090909,0.6545454545454545,PROVISIONAL_SMALL_REQUEST_N,0.6041666666666666,0.7291666666666666,NOT_PRIMARY; use physical units and frozen spans
12,f12-bbbcad303b3e,FORMAL_10K,HELDOUT_TRIPLE_AUDIT,STRICT_LUMPED,f12d43eace12231077007dc497fee8dad00fbe58cb2f1fe2c6159c47636b97a0,all_candidates,all_finite_diagnostic,emx_minus_target,K_abs,dimensionless,47,0.023096277812296794,0.0431057151374095,0.0012375265691370744,0.007041862750174238,0.06656370353102879,0.12239499337282657,PROVISIONAL_SMALL_REQUEST_N,5,0.011846042652323769,0.03387775317393761,0.02049832154246024,0.05688682425201675,-0.018692469698423517,0.021317359908093737,0.006266752516595697,0.009071352754165068,0.026038205967895765,0.12514248365327216,0.05573331036769558,0.13270006691554379,220,47,47,0,3,7,0,0,163,31,47,47,55,,0.5636363636363636,0.1409090909090909,0.6595744680851063,NOT_ESTIMABLE,,,PROVISIONAL_SMALL_REQUEST_N,0.4909090909090909,0.6545454545454545,PROVISIONAL_SMALL_REQUEST_N,0.6041666666666666,0.7291666666666666,NOT_PRIMARY; use physical units and frozen spans
12,f12-bbbcad303b3e,FORMAL_10K,HELDOUT_TRIPLE_AUDIT,STRICT_LUMPED,f12d43eace12231077007dc497fee8dad00fbe58cb2f1fe2c6159c47636b97a0,all_candidates,all_finite_diagnostic,emx_minus_frozen_proxy,Lp_nH,nH,47,0.008489833019694883,0.010444864832162554,0.004141554219932103,0.006094324206620705,0.01775722324374724,0.020165654125292854,PROVISIONAL_SMALL_REQUEST_N,5,0.006000957238779542,0.011326980804941274,0.007173228995562759,0.013295005456704197,0.002421597377070445,0.005789846194341193,0.004763665450276011,0.011727301071968066,0.012674570433258703,0.020232452410322566,0.013863180382468754,0.02088897681439059,220,47,47,0,3,7,0,0,163,31,47,47,55,,0.5636363636363636,0.1409090909090909,0.6595744680851063,NOT_ESTIMABLE,,,PROVISIONAL_SMALL_REQUEST_N,0.4909090909090909,0.6545454545454545,PROVISIONAL_SMALL_REQUEST_N,0.6041666666666666,0.7291666666666666,NOT_PRIMARY; use physical units and frozen spans
12,f12-bbbcad303b3e,FORMAL_10K,HELDOUT_TRIPLE_AUDIT,STRICT_LUMPED,f12d43eace12231077007dc497fee8dad00fbe58cb2f1fe2c6159c47636b97a0,all_candidates,all_finite_diagnostic,emx_minus_frozen_proxy,Ls_nH,nH,47,0.010866943666753953,0.01341639316544782,0.009312641461218229,0.008855545880620541,0.022894678975010095,0.02572986785681441,PROVISIONAL_SMALL_REQUEST_N,5,0.00787067131178301,0.013738371340267773,0.0097815013367961,0.016284208673156584,0.005743380585193998,0.012771030844634927,0.0057011118102142655,0.014331674034406272,0.017347431724401563,0.025979596895564727,0.019302792279959652,0.026010788250018336,220,47,47,0,3,7,0,0,163,31,47,47,55,,0.5636363636363636,0.1409090909090909,0.6595744680851063,NOT_ESTIMABLE,,,PROVISIONAL_SMALL_REQUEST_N,0.4909090909090909,0.6545454545454545,PROVISIONAL_SMALL_REQUEST_N,0.6041666666666666,0.7291666666666666,NOT_PRIMARY; use physical units and frozen spans
12,f12-bbbcad303b3e,FORMAL_10K,HELDOUT_TRIPLE_AUDIT,STRICT_LUMPED,f12d43eace12231077007dc497fee8dad00fbe58cb2f1fe2c6159c47636b97a0,all_candidates,all_finite_diagnostic,emx_minus_frozen_proxy,Qmin,dimensionless,47,0.17627040589215717,0.21442586133544378,-0.02795695603832866,0.15874376783642852,0.3323478807809927,0.4285699732954681,PROVISIONAL_SMALL_REQUEST_N,5,0.16366965001040998,0.1902773216431896,0.1915531855357299,0.23594068903846496,-0.11569509063582738,0.044662259030793135,0.13090776580255792,0.19396273427222965,0.2683450957737593,0.4081460780391746,0.3154943746225686,0.5004068276398962,220,47,47,0,3,7,0,0,163,31,47,47,55,,0.5636363636363636,0.1409090909090909,0.6595744680851063,NOT_ESTIMABLE,,,PROVISIONAL_SMALL_REQUEST_N,0.4909090909090909,0.6545454545454545,PROVISIONAL_SMALL_REQUEST_N,0.6041666666666666,0.7291666666666666,NOT_PRIMARY; use physical units and frozen spans
12,f12-bbbcad303b3e,FORMAL_10K,HELDOUT_TRIPLE_AUDIT,STRICT_LUMPED,f12d43eace12231077007dc497fee8dad00fbe58cb2f1fe2c6159c47636b97a0,all_candidates,all_finite_diagnostic,emx_minus_frozen_proxy,K_abs,dimensionless,47,0.004869580989094496,0.006090899552352558,-0.0005065966812426667,0.004242220630424648,0.009570578745567465,0.010173684526878602,PROVISIONAL_SMALL_REQUEST_N,5,0.0038251452866824636,0.0060760570606536,0.004434943531891822,0.007503436978937209,-0.0019911260843078937,0.00085674664810295,0.003527409516896951,0.005435792884613266,0.007265447119886748,0.01026712654558884,0.0075314568847674596,0.01587035576138019,220,47,47,0,3,7,0,0,163,31,47,47,55,,0.5636363636363636,0.1409090909090909,0.6595744680851063,NOT_ESTIMABLE,,,PROVISIONAL_SMALL_REQUEST_N,0.4909090909090909,0.6545454545454545,PROVISIONAL_SMALL_REQUEST_N,0.6041666666666666,0.7291666666666666,NOT_PRIMARY; use physical units and frozen spans
12,f12-bbbcad303b3e,FORMAL_10K,HELDOUT_TRIPLE_AUDIT,STRICT_LUMPED,f12d43eace12231077007dc497fee8dad00fbe58cb2f1fe2c6159c47636b97a0,selected_q_proxy,strict_valid,emx_minus_target,Lp_nH,nH,5,0.00558607594539553,0.006854960368843406,-0.005127240632728958,0.004396992105407893,0.010110991489566202,0.011509496342953795,PROVISIONAL_SMALL_REQUEST_N,5,0.0025965280411616833,0.009336763381718117,0.00307741945906008,0.010355270768864451,-0.009336763381718117,-0.0013742408379624038,0.0011470882816664307,0.01290800119634139,0.004063323748908143,0.01290800119634139,0.004230157927158018,0.01290800119634139,20,5,5,0,0,0,0,0,15,5,5,5,5,,1.0,0.25,1.0,NOT_ESTIMABLE,,,PROVISIONAL_SMALL_REQUEST_N,1.0,1.0,PROVISIONAL_SMALL_REQUEST_N,1.0,1.0,NOT_PRIMARY; use physical units and frozen spans
12,f12-bbbcad303b3e,FORMAL_10K,HELDOUT_TRIPLE_AUDIT,STRICT_LUMPED,f12d43eace12231077007dc497fee8dad00fbe58cb2f1fe2c6159c47636b97a0,selected_q_proxy,strict_valid,emx_minus_target,Ls_nH,nH,5,0.0056171391076651036,0.005959738709962127,0.001419782344855669,0.006755850072157066,0.007480731100767235,0.007538037765161954,PROVISIONAL_SMALL_REQUEST_N,5,0.0039061191983091213,0.007312832229287314,0.004267528995035597,0.007319254932263521,-0.0037856461387959727,0.006331392962208415,0.002898047477466914,0.007595344429556672,0.005464567023918954,0.007595344429556672,0.00611020854803801,0.007595344429556672,20,5,5,0,0,0,0,0,15,5,5,5,5,,1.0,0.25,1.0,NOT_ESTIMABLE,,,PROVISIONAL_SMALL_REQUEST_N,1.0,1.0,PROVISIONAL_SMALL_REQUEST_N,1.0,1.0,NOT_PRIMARY; use physical units and frozen spans
12,f12-bbbcad303b3e,FORMAL_10K,HELDOUT_TRIPLE_AUDIT,STRICT_LUMPED,f12d43eace12231077007dc497fee8dad00fbe58cb2f1fe2c6159c47636b97a0,selected_q_proxy,strict_valid,emx_minus_target,Qmin,dimensionless,5,0.17296305203378495,0.1938933783928406,-0.07277382321687256,0.16708270162713745,0.26678481622849615,0.2722220642905679,PROVISIONAL_SMALL_REQUEST_N,5,0.09631428878837198,0.24466949408339572,0.11693321645622587,0.24802400540750072,-0.20566702064601294,0.08860216097956944,0.03074909887635613,0.27765931235263963,0.15579005108448668,0.27765931235263963,0.16143637635581207,0.27765931235263963,20,5,5,0,0,0,0,0,15,5,5,5,5,,1.0,0.25,1.0,NOT_ESTIMABLE,,,PROVISIONAL_SMALL_REQUEST_N,1.0,1.0,PROVISIONAL_SMALL_REQUEST_N,1.0,1.0,NOT_PRIMARY; use physical units and frozen spans
12,f12-bbbcad303b3e,FORMAL_10K,HELDOUT_TRIPLE_AUDIT,STRICT_LUMPED,f12d43eace12231077007dc497fee8dad00fbe58cb2f1fe2c6159c47636b97a0,selected_q_proxy,strict_valid,emx_minus_target,K_abs,dimensionless,5,0.001850639170659113,0.002202905499842253,-0.00033141993860939524,0.0016629302082176167,0.0031594225605864226,0.003478735320355358,PROVISIONAL_SMALL_REQUEST_N,5,0.0007992156389232619,0.002909175483486642,0.00119115378419421,0.0031066824367561316,-0.0018087009416924537,0.001648482212662511,0.00010193031483132775,0.0037980480801242944,0.0015932793124676548,0.0037980480801242944,0.0016281047603426357,0.0037980480801242944,20,5,5,0,0,0,0,0,15,5,5,5,5,,1.0,0.25,1.0,NOT_ESTIMABLE,,,PROVISIONAL_SMALL_REQUEST_N,1.0,1.0,PROVISIONAL_SMALL_REQUEST_N,1.0,1.0,NOT_PRIMARY; use physical units and frozen spans
12,f12-bbbcad303b3e,FORMAL_10K,HELDOUT_TRIPLE_AUDIT,STRICT_LUMPED,f12d43eace12231077007dc497fee8dad00fbe58cb2f1fe2c6159c47636b97a0,selected_q_proxy,strict_valid,emx_minus_frozen_proxy,Lp_nH,nH,5,0.006898512324330075,0.008452293439639725,-0.005706839425912347,0.00486548110197671,0.01222051293323543,0.014356740626893004,PROVISIONAL_SMALL_REQUEST_N,5,0.0038184953382423446,0.011737497232888906,0.003978668044343507,0.013105013583776652,-0.011737497232888906,-0.0003479528432212886,0.0029791822460443207,0.016492968320550583,0.004656528701512452,0.016492968320550583,0.004761004901744581,0.016492968320550583,20,5,5,0,0,0,0,0,15,5,5,5,5,,1.0,0.25,1.0,NOT_ESTIMABLE,,,PROVISIONAL_SMALL_REQUEST_N,1.0,1.0,PROVISIONAL_SMALL_REQUEST_N,1.0,1.0,NOT_PRIMARY; use physical units and frozen spans
12,f12-bbbcad303b3e,FORMAL_10K,HELDOUT_TRIPLE_AUDIT,STRICT_LUMPED,f12d43eace12231077007dc497fee8dad00fbe58cb2f1fe2c6159c47636b97a0,selected_q_proxy,strict_valid,emx_minus_frozen_proxy,Ls_nH,nH,5,0.0033060815698230384,0.0037178652045337566,0.000992579273725247,0.003961467556223841,0.005045363717031881,0.005261336116733117,PROVISIONAL_SMALL_REQUEST_N,5,0.0018699676146562982,0.0047421955249897785,0.002233333097827892,0.004782679460793916,-0.0021391228811961536,0.004124281428646648,0.0008718970745081878,0.005477308516434354,0.0031057958073425597,0.005477308516434354,0.0035336316817832,0.005477308516434354,20,5,5,0,0,0,0,0,15,5,5,5,5,,1.0,0.25,1.0,NOT_ESTIMABLE,,,PROVISIONAL_SMALL_REQUEST_N,1.0,1.0,PROVISIONAL_SMALL_REQUEST_N,1.0,1.0,NOT_PRIMARY; use physical units and frozen spans
12,f12-bbbcad303b3e,FORMAL_10K,HELDOUT_TRIPLE_AUDIT,STRICT_LUMPED,f12d43eace12231077007dc497fee8dad00fbe58cb2f1fe2c6159c47636b97a0,selected_q_proxy,strict_valid,emx_minus_frozen_proxy,Qmin,dimensionless,5,0.17785120510995683,0.196114172253927,-0.08095062680573975,0.16784659475457886,0.26516643091355474,0.2728047592978921,PROVISIONAL_SMALL_REQUEST_N,5,0.10418172042899698,0.24264713232802465,0.12788043588766038,0.24610593498505454,-0.21106462654200903,0.08006367566508783,0.03997112951600457,0.2804430876822295,0.16420546398731872,0.2804430876822295,0.1660260293709488,0.2804430876822295,20,5,5,0,0,0,0,0,15,5,5,5,5,,1.0,0.25,1.0,NOT_ESTIMABLE,,,PROVISIONAL_SMALL_REQUEST_N,1.0,1.0,PROVISIONAL_SMALL_REQUEST_N,1.0,1.0,NOT_PRIMARY; use physical units and frozen spans
12,f12-bbbcad303b3e,FORMAL_10K,HELDOUT_TRIPLE_AUDIT,STRICT_LUMPED,f12d43eace12231077007dc497fee8dad00fbe58cb2f1fe2c6159c47636b97a0,selected_q_proxy,strict_valid,emx_minus_frozen_proxy,K_abs,dimensionless,5,0.0015918165871461887,0.0018555268978125363,-0.00028317377224578165,0.0019893064629282753,0.0025688510679265143,0.002665800150421077,PROVISIONAL_SMALL_REQUEST_N,5,0.0007694706603633361,0.0024141625139290413,0.000982679095305665,0.00243316705810778,-0.001720631495487185,0.0013038203365278943,0.0004201656151088251,0.00276274923291564,0.0013971269994911164,0.00276274923291564,0.0016932167312096954,0.00276274923291564,20,5,5,0,0,0,0,0,15,5,5,5,5,,1.0,0.25,1.0,NOT_ESTIMABLE,,,PROVISIONAL_SMALL_REQUEST_N,1.0,1.0,PROVISIONAL_SMALL_REQUEST_N,1.0,1.0,NOT_PRIMARY; use physical units and frozen spans
12,f12-bbbcad303b3e,FORMAL_10K,HELDOUT_TRIPLE_AUDIT,STRICT_LUMPED,f12d43eace12231077007dc497fee8dad00fbe58cb2f1fe2c6159c47636b97a0,selected_q_proxy,all_finite_diagnostic,emx_minus_target,Lp_nH,nH,5,0.00558607594539553,0.006854960368843406,-0.005127240632728958,0.004396992105407893,0.010110991489566202,0.011509496342953795,PROVISIONAL_SMALL_REQUEST_N,5,0.0025965280411616833,0.009336763381718117,0.00307741945906008,0.010355270768864451,-0.009336763381718117,-0.0013742408379624038,0.0011470882816664307,0.01290800119634139,0.004063323748908143,0.01290800119634139,0.004230157927158018,0.01290800119634139,20,5,5,0,0,0,0,0,15,5,5,5,5,,1.0,0.25,1.0,NOT_ESTIMABLE,,,PROVISIONAL_SMALL_REQUEST_N,1.0,1.0,PROVISIONAL_SMALL_REQUEST_N,1.0,1.0,NOT_PRIMARY; use physical units and frozen spans
12,f12-bbbcad303b3e,FORMAL_10K,HELDOUT_TRIPLE_AUDIT,STRICT_LUMPED,f12d43eace12231077007dc497fee8dad00fbe58cb2f1fe2c6159c47636b97a0,selected_q_proxy,all_finite_diagnostic,emx_minus_target,Ls_nH,nH,5,0.0056171391076651036,0.005959738709962127,0.001419782344855669,0.006755850072157066,0.007480731100767235,0.007538037765161954,PROVISIONAL_SMALL_REQUEST_N,5,0.0039061191983091213,0.007312832229287314,0.004267528995035597,0.007319254932263521,-0.0037856461387959727,0.006331392962208415,0.002898047477466914,0.007595344429556672,0.005464567023918954,0.007595344429556672,0.00611020854803801,0.007595344429556672,20,5,5,0,0,0,0,0,15,5,5,5,5,,1.0,0.25,1.0,NOT_ESTIMABLE,,,PROVISIONAL_SMALL_REQUEST_N,1.0,1.0,PROVISIONAL_SMALL_REQUEST_N,1.0,1.0,NOT_PRIMARY; use physical units and frozen spans
12,f12-bbbcad303b3e,FORMAL_10K,HELDOUT_TRIPLE_AUDIT,STRICT_LUMPED,f12d43eace12231077007dc497fee8dad00fbe58cb2f1fe2c6159c47636b97a0,selected_q_proxy,all_finite_diagnostic,emx_minus_target,Qmin,dimensionless,5,0.17296305203378495,0.1938933783928406,-0.07277382321687256,0.16708270162713745,0.26678481622849615,0.2722220642905679,PROVISIONAL_SMALL_REQUEST_N,5,0.09631428878837198,0.24466949408339572,0.11693321645622587,0.24802400540750072,-0.20566702064601294,0.08860216097956944,0.03074909887635613,0.27765931235263963,0.15579005108448668,0.27765931235263963,0.16143637635581207,0.27765931235263963,20,5,5,0,0,0,0,0,15,5,5,5,5,,1.0,0.25,1.0,NOT_ESTIMABLE,,,PROVISIONAL_SMALL_REQUEST_N,1.0,1.0,PROVISIONAL_SMALL_REQUEST_N,1.0,1.0,NOT_PRIMARY; use physical units and frozen spans
12,f12-bbbcad303b3e,FORMAL_10K,HELDOUT_TRIPLE_AUDIT,STRICT_LUMPED,f12d43eace12231077007dc497fee8dad00fbe58cb2f1fe2c6159c47636b97a0,selected_q_proxy,all_finite_diagnostic,emx_minus_target,K_abs,dimensionless,5,0.001850639170659113,0.002202905499842253,-0.00033141993860939524,0.0016629302082176167,0.0031594225605864226,0.003478735320355358,PROVISIONAL_SMALL_REQUEST_N,5,0.0007992156389232619,0.002909175483486642,0.00119115378419421,0.0031066824367561316,-0.0018087009416924537,0.001648482212662511,0.00010193031483132775,0.0037980480801242944,0.0015932793124676548,0.0037980480801242944,0.0016281047603426357,0.0037980480801242944,20,5,5,0,0,0,0,0,15,5,5,5,5,,1.0,0.25,1.0,NOT_ESTIMABLE,,,PROVISIONAL_SMALL_REQUEST_N,1.0,1.0,PROVISIONAL_SMALL_REQUEST_N,1.0,1.0,NOT_PRIMARY; use physical units and frozen spans
12,f12-bbbcad303b3e,FORMAL_10K,HELDOUT_TRIPLE_AUDIT,STRICT_LUMPED,f12d43eace12231077007dc497fee8dad00fbe58cb2f1fe2c6159c47636b97a0,selected_q_proxy,all_finite_diagnostic,emx_minus_frozen_proxy,Lp_nH,nH,5,0.006898512324330075,0.008452293439639725,-0.005706839425912347,0.00486548110197671,0.01222051293323543,0.014356740626893004,PROVISIONAL_SMALL_REQUEST_N,5,0.0038184953382423446,0.011737497232888906,0.003978668044343507,0.013105013583776652,-0.011737497232888906,-0.0003479528432212886,0.0029791822460443207,0.016492968320550583,0.004656528701512452,0.016492968320550583,0.004761004901744581,0.016492968320550583,20,5,5,0,0,0,0,0,15,5,5,5,5,,1.0,0.25,1.0,NOT_ESTIMABLE,,,PROVISIONAL_SMALL_REQUEST_N,1.0,1.0,PROVISIONAL_SMALL_REQUEST_N,1.0,1.0,NOT_PRIMARY; use physical units and frozen spans
12,f12-bbbcad303b3e,FORMAL_10K,HELDOUT_TRIPLE_AUDIT,STRICT_LUMPED,f12d43eace12231077007dc497fee8dad00fbe58cb2f1fe2c6159c47636b97a0,selected_q_proxy,all_finite_diagnostic,emx_minus_frozen_proxy,Ls_nH,nH,5,0.0033060815698230384,0.0037178652045337566,0.000992579273725247,0.003961467556223841,0.005045363717031881,0.005261336116733117,PROVISIONAL_SMALL_REQUEST_N,5,0.0018699676146562982,0.0047421955249897785,0.002233333097827892,0.004782679460793916,-0.0021391228811961536,0.004124281428646648,0.0008718970745081878,0.005477308516434354,0.0031057958073425597,0.005477308516434354,0.0035336316817832,0.005477308516434354,20,5,5,0,0,0,0,0,15,5,5,5,5,,1.0,0.25,1.0,NOT_ESTIMABLE,,,PROVISIONAL_SMALL_REQUEST_N,1.0,1.0,PROVISIONAL_SMALL_REQUEST_N,1.0,1.0,NOT_PRIMARY; use physical units and frozen spans
12,f12-bbbcad303b3e,FORMAL_10K,HELDOUT_TRIPLE_AUDIT,STRICT_LUMPED,f12d43eace12231077007dc497fee8dad00fbe58cb2f1fe2c6159c47636b97a0,selected_q_proxy,all_finite_diagnostic,emx_minus_frozen_proxy,Qmin,dimensionless,5,0.17785120510995683,0.196114172253927,-0.08095062680573975,0.16784659475457886,0.26516643091355474,0.2728047592978921,PROVISIONAL_SMALL_REQUEST_N,5,0.10418172042899698,0.24264713232802465,0.12788043588766038,0.24610593498505454,-0.21106462654200903,0.08006367566508783,0.03997112951600457,0.2804430876822295,0.16420546398731872,0.2804430876822295,0.1660260293709488,0.2804430876822295,20,5,5,0,0,0,0,0,15,5,5,5,5,,1.0,0.25,1.0,NOT_ESTIMABLE,,,PROVISIONAL_SMALL_REQUEST_N,1.0,1.0,PROVISIONAL_SMALL_REQUEST_N,1.0,1.0,NOT_PRIMARY; use physical units and frozen spans
12,f12-bbbcad303b3e,FORMAL_10K,HELDOUT_TRIPLE_AUDIT,STRICT_LUMPED,f12d43eace12231077007dc497fee8dad00fbe58cb2f1fe2c6159c47636b97a0,selected_q_proxy,all_finite_diagnostic,emx_minus_frozen_proxy,K_abs,dimensionless,5,0.0015918165871461887,0.0018555268978125363,-0.00028317377224578165,0.0019893064629282753,0.0025688510679265143,0.002665800150421077,PROVISIONAL_SMALL_REQUEST_N,5,0.0007694706603633361,0.0024141625139290413,0.000982679095305665,0.00243316705810778,-0.001720631495487185,0.0013038203365278943,0.0004201656151088251,0.00276274923291564,0.0013971269994911164,0.00276274923291564,0.0016932167312096954,0.00276274923291564,20,5,5,0,0,0,0,0,15,5,5,5,5,,1.0,0.25,1.0,NOT_ESTIMABLE,,,PROVISIONAL_SMALL_REQUEST_N,1.0,1.0,PROVISIONAL_SMALL_REQUEST_N,1.0,1.0,NOT_PRIMARY; use physical units and frozen spans
13,f13-940260e5c34c,FORMAL_10K,HELDOUT_TRIPLE_AUDIT,STRICT_LUMPED,f12d43eace12231077007dc497fee8dad00fbe58cb2f1fe2c6159c47636b97a0,all_candidates,strict_valid,emx_minus_target,Lp_nH,nH,44,0.055201858906504246,0.11562435938774913,-0.028537518434749824,0.013525748361026046,0.17343686740384506,0.3231716581598866,PROVISIONAL_SMALL_REQUEST_N,5,0.01581854924961822,0.11241798194089465,0.02429444011632253,0.18625753582697316,-0.09805668797805597,0.01990594867017317,0.0111238091266872,0.016995672421604713,0.0231922756148486,0.37334270429816674,0.04185121307483308,0.39881705518052685,220,44,44,0,8,9,0,0,159,25,44,44,55,,0.45454545454545453,0.11363636363636363,0.5681818181818182,NOT_ESTIMABLE,,,PROVISIONAL_SMALL_REQUEST_N,0.36363636363636365,0.5636363636363636,PROVISIONAL_SMALL_REQUEST_N,0.4444444444444444,0.6976744186046512,NOT_PRIMARY; use physical units and frozen spans
13,f13-940260e5c34c,FORMAL_10K,HELDOUT_TRIPLE_AUDIT,STRICT_LUMPED,f12d43eace12231077007dc497fee8dad00fbe58cb2f1fe2c6159c47636b97a0,all_candidates,strict_valid,emx_minus_target,Ls_nH,nH,44,0.07885925989323078,0.1415924865068358,-0.059719128886454156,0.017461243941086946,0.2780383858721151,0.32657362980046206,PROVISIONAL_SMALL_REQUEST_N,5,0.023497513207002888,0.1324043893108,0.04280206622468842,0.20171250173088498,-0.1187157981421127,0.003111331624586647,0.006661280356228483,0.03614774583758096,0.06217694565988641,0.38855615578755653,0.12421681626287451,0.4194371452863968,220,44,44,0,8,9,0,0,159,25,44,44,55,,0.45454545454545453,0.11363636363636363,0.5681818181818182,NOT_ESTIMABLE,,,PROVISIONAL_SMALL_REQUEST_N,0.36363636363636365,0.5636363636363636,PROVISIONAL_SMALL_REQUEST_N,0.4444444444444444,0.6976744186046512,NOT_PRIMARY; use physical units and frozen spans
13,f13-940260e5c34c,FORMAL_10K,HELDOUT_TRIPLE_AUDIT,STRICT_LUMPED,f12d43eace12231077007dc497fee8dad00fbe58cb2f1fe2c6159c47636b97a0,all_candidates,strict_valid,emx_minus_target,Qmin,dimensionless,44,0.848365361126431,1.2492056618968777,-0.3889619022870006,0.5637923414707169,2.1054780266004443,2.9333273473678068,PROVISIONAL_SMALL_REQUEST_N,5,0.5428730779163056,1.1763535676862078,0.8081732649314387,1.6280817893887591,-0.7789635961573032,-0.004103644068540737,0.25888168772897124,0.8500442713030338,1.565190642707602,3.040906831385824,1.5928720741883389,3.5877688173506153,220,44,44,0,8,9,0,0,159,25,44,44,55,,0.45454545454545453,0.11363636363636363,0.5681818181818182,NOT_ESTIMABLE,,,PROVISIONAL_SMALL_REQUEST_N,0.36363636363636365,0.5636363636363636,PROVISIONAL_SMALL_REQUEST_N,0.4444444444444444,0.6976744186046512,NOT_PRIMARY; use physical units and frozen spans
13,f13-940260e5c34c,FORMAL_10K,HELDOUT_TRIPLE_AUDIT,STRICT_LUMPED,f12d43eace12231077007dc497fee8dad00fbe58cb2f1fe2c6159c47636b97a0,all_candidates,strict_valid,emx_minus_target,K_abs,dimensionless,44,0.028667702201813396,0.04936888689519962,-0.0171446123683107,0.009966024978364671,0.08952931347390605,0.10986769372765762,PROVISIONAL_SMALL_REQUEST_N,5,0.01749038232200652,0.04148072742988469,0.028970082877605007,0.06683883328229753,-0.03613744930736819,-0.0005763929108350197,0.008642096932434826,0.012680585572259762,0.030880349025054446,0.1151407012203025,0.07634351484306212,0.17780198167530087,220,44,44,0,8,9,0,0,159,25,44,44,55,,0.45454545454545453,0.11363636363636363,0.5681818181818182,NOT_ESTIMABLE,,,PROVISIONAL_SMALL_REQUEST_N,0.36363636363636365,0.5636363636363636,PROVISIONAL_SMALL_REQUEST_N,0.4444444444444444,0.6976744186046512,NOT_PRIMARY; use physical units and frozen spans
13,f13-940260e5c34c,FORMAL_10K,HELDOUT_TRIPLE_AUDIT,STRICT_LUMPED,f12d43eace12231077007dc497fee8dad00fbe58cb2f1fe2c6159c47636b97a0,all_candidates,strict_valid,emx_minus_frozen_proxy,Lp_nH,nH,44,0.0069876903783123315,0.008294119045412118,-0.003685869610982712,0.006098666850681278,0.014232147025872078,0.016321711512214787,PROVISIONAL_SMALL_REQUEST_N,5,0.005461444570011234,0.008943961746716132,0.00632635857205919,0.010248685814669999,-0.005750949945607358,-0.0013339013707085866,0.005242195494830348,0.009762172628615007,0.009118050747936032,0.016422663362677392,0.011293816434383184,0.016868294945416862,220,44,44,0,8,9,0,0,159,25,44,44,55,,0.45454545454545453,0.11363636363636363,0.5681818181818182,NOT_ESTIMABLE,,,PROVISIONAL_SMALL_REQUEST_N,0.36363636363636365,0.5636363636363636,PROVISIONAL_SMALL_REQUEST_N,0.4444444444444444,0.6976744186046512,NOT_PRIMARY; use physical units and frozen spans
13,f13-940260e5c34c,FORMAL_10K,HELDOUT_TRIPLE_AUDIT,STRICT_LUMPED,f12d43eace12231077007dc497fee8dad00fbe58cb2f1fe2c6159c47636b97a0,all_candidates,strict_valid,emx_minus_frozen_proxy,Ls_nH,nH,44,0.004724378226135801,0.006641291597544748,0.0028844999423836056,0.0035934157347611295,0.01236612681162064,0.01568743309499097,PROVISIONAL_SMALL_REQUEST_N,5,0.002915419105002126,0.006760750703377498,0.004196208076078329,0.008764210259257691,0.0011690593512008877,0.004992827386252429,0.0020008178165986656,0.00522512921836682,0.0058057557555357695,0.01605882620048915,0.0066648714498668705,0.016512740099187573,220,44,44,0,8,9,0,0,159,25,44,44,55,,0.45454545454545453,0.11363636363636363,0.5681818181818182,NOT_ESTIMABLE,,,PROVISIONAL_SMALL_REQUEST_N,0.36363636363636365,0.5636363636363636,PROVISIONAL_SMALL_REQUEST_N,0.4444444444444444,0.6976744186046512,NOT_PRIMARY; use physical units and frozen spans
13,f13-940260e5c34c,FORMAL_10K,HELDOUT_TRIPLE_AUDIT,STRICT_LUMPED,f12d43eace12231077007dc497fee8dad00fbe58cb2f1fe2c6159c47636b97a0,all_candidates,strict_valid,emx_minus_frozen_proxy,Qmin,dimensionless,44,0.15936580121908328,0.2421155796692332,0.03381588049997559,0.09836652303581506,0.3788097798321998,0.533068839210458,PROVISIONAL_SMALL_REQUEST_N,5,0.09244878214908384,0.2233087305526383,0.12105732636669196,0.322106058900462,-0.027935197192631416,0.10730379263075868,0.05619972093251757,0.17125165995787128,0.1950309967854752,0.5412561438733086,0.2291060682221353,0.8506703900466357,220,44,44,0,8,9,0,0,159,25,44,44,55,,0.45454545454545453,0.11363636363636363,0.5681818181818182,NOT_ESTIMABLE,,,PROVISIONAL_SMALL_REQUEST_N,0.36363636363636365,0.5636363636363636,PROVISIONAL_SMALL_REQUEST_N,0.4444444444444444,0.6976744186046512,NOT_PRIMARY; use physical units and frozen spans
13,f13-940260e5c34c,FORMAL_10K,HELDOUT_TRIPLE_AUDIT,STRICT_LUMPED,f12d43eace12231077007dc497fee8dad00fbe58cb2f1fe2c6159c47636b97a0,all_candidates,strict_valid,emx_minus_frozen_proxy,K_abs,dimensionless,44,0.004545356757185891,0.005726597258707358,0.0002836129963001652,0.003662181662316355,0.009714606632415992,0.012742179135053185,PROVISIONAL_SMALL_REQUEST_N,5,0.0038745001307290985,0.005303878700009742,0.005136804199883966,0.006339262888781288,-0.0008354930125032754,0.001206398090237117,0.0029056109741252,0.004663744356780783,0.008783723825879997,0.012558364654337312,0.010294191984395046,0.013372555303579494,220,44,44,0,8,9,0,0,159,25,44,44,55,,0.45454545454545453,0.11363636363636363,0.5681818181818182,NOT_ESTIMABLE,,,PROVISIONAL_SMALL_REQUEST_N,0.36363636363636365,0.5636363636363636,PROVISIONAL_SMALL_REQUEST_N,0.4444444444444444,0.6976744186046512,NOT_PRIMARY; use physical units and frozen spans
13,f13-940260e5c34c,FORMAL_10K,HELDOUT_TRIPLE_AUDIT,STRICT_LUMPED,f12d43eace12231077007dc497fee8dad00fbe58cb2f1fe2c6159c47636b97a0,all_candidates,all_finite_diagnostic,emx_minus_target,Lp_nH,nH,44,0.055201858906504246,0.11562435938774913,-0.028537518434749824,0.013525748361026046,0.17343686740384506,0.3231716581598866,PROVISIONAL_SMALL_REQUEST_N,5,0.01581854924961822,0.11241798194089465,0.02429444011632253,0.18625753582697316,-0.09805668797805597,0.01990594867017317,0.0111238091266872,0.016995672421604713,0.0231922756148486,0.37334270429816674,0.04185121307483308,0.39881705518052685,220,44,44,0,8,9,0,0,159,25,44,44,55,,0.45454545454545453,0.11363636363636363,0.5681818181818182,NOT_ESTIMABLE,,,PROVISIONAL_SMALL_REQUEST_N,0.36363636363636365,0.5636363636363636,PROVISIONAL_SMALL_REQUEST_N,0.4444444444444444,0.6976744186046512,NOT_PRIMARY; use physical units and frozen spans
13,f13-940260e5c34c,FORMAL_10K,HELDOUT_TRIPLE_AUDIT,STRICT_LUMPED,f12d43eace12231077007dc497fee8dad00fbe58cb2f1fe2c6159c47636b97a0,all_candidates,all_finite_diagnostic,emx_minus_target,Ls_nH,nH,44,0.07885925989323078,0.1415924865068358,-0.059719128886454156,0.017461243941086946,0.2780383858721151,0.32657362980046206,PROVISIONAL_SMALL_REQUEST_N,5,0.023497513207002888,0.1324043893108,0.04280206622468842,0.20171250173088498,-0.1187157981421127,0.003111331624586647,0.006661280356228483,0.03614774583758096,0.06217694565988641,0.38855615578755653,0.12421681626287451,0.4194371452863968,220,44,44,0,8,9,0,0,159,25,44,44,55,,0.45454545454545453,0.11363636363636363,0.5681818181818182,NOT_ESTIMABLE,,,PROVISIONAL_SMALL_REQUEST_N,0.36363636363636365,0.5636363636363636,PROVISIONAL_SMALL_REQUEST_N,0.4444444444444444,0.6976744186046512,NOT_PRIMARY; use physical units and frozen spans
13,f13-940260e5c34c,FORMAL_10K,HELDOUT_TRIPLE_AUDIT,STRICT_LUMPED,f12d43eace12231077007dc497fee8dad00fbe58cb2f1fe2c6159c47636b97a0,all_candidates,all_finite_diagnostic,emx_minus_target,Qmin,dimensionless,44,0.848365361126431,1.2492056618968777,-0.3889619022870006,0.5637923414707169,2.1054780266004443,2.9333273473678068,PROVISIONAL_SMALL_REQUEST_N,5,0.5428730779163056,1.1763535676862078,0.8081732649314387,1.6280817893887591,-0.7789635961573032,-0.004103644068540737,0.25888168772897124,0.8500442713030338,1.565190642707602,3.040906831385824,1.5928720741883389,3.5877688173506153,220,44,44,0,8,9,0,0,159,25,44,44,55,,0.45454545454545453,0.11363636363636363,0.5681818181818182,NOT_ESTIMABLE,,,PROVISIONAL_SMALL_REQUEST_N,0.36363636363636365,0.5636363636363636,PROVISIONAL_SMALL_REQUEST_N,0.4444444444444444,0.6976744186046512,NOT_PRIMARY; use physical units and frozen spans
13,f13-940260e5c34c,FORMAL_10K,HELDOUT_TRIPLE_AUDIT,STRICT_LUMPED,f12d43eace12231077007dc497fee8dad00fbe58cb2f1fe2c6159c47636b97a0,all_candidates,all_finite_diagnostic,emx_minus_target,K_abs,dimensionless,44,0.028667702201813396,0.04936888689519962,-0.0171446123683107,0.009966024978364671,0.08952931347390605,0.10986769372765762,PROVISIONAL_SMALL_REQUEST_N,5,0.01749038232200652,0.04148072742988469,0.028970082877605007,0.06683883328229753,-0.03613744930736819,-0.0005763929108350197,0.008642096932434826,0.012680585572259762,0.030880349025054446,0.1151407012203025,0.07634351484306212,0.17780198167530087,220,44,44,0,8,9,0,0,159,25,44,44,55,,0.45454545454545453,0.11363636363636363,0.5681818181818182,NOT_ESTIMABLE,,,PROVISIONAL_SMALL_REQUEST_N,0.36363636363636365,0.5636363636363636,PROVISIONAL_SMALL_REQUEST_N,0.4444444444444444,0.6976744186046512,NOT_PRIMARY; use physical units and frozen spans
13,f13-940260e5c34c,FORMAL_10K,HELDOUT_TRIPLE_AUDIT,STRICT_LUMPED,f12d43eace12231077007dc497fee8dad00fbe58cb2f1fe2c6159c47636b97a0,all_candidates,all_finite_diagnostic,emx_minus_frozen_proxy,Lp_nH,nH,44,0.0069876903783123315,0.008294119045412118,-0.003685869610982712,0.006098666850681278,0.014232147025872078,0.016321711512214787,PROVISIONAL_SMALL_REQUEST_N,5,0.005461444570011234,0.008943961746716132,0.00632635857205919,0.010248685814669999,-0.005750949945607358,-0.0013339013707085866,0.005242195494830348,0.009762172628615007,0.009118050747936032,0.016422663362677392,0.011293816434383184,0.016868294945416862,220,44,44,0,8,9,0,0,159,25,44,44,55,,0.45454545454545453,0.11363636363636363,0.5681818181818182,NOT_ESTIMABLE,,,PROVISIONAL_SMALL_REQUEST_N,0.36363636363636365,0.5636363636363636,PROVISIONAL_SMALL_REQUEST_N,0.4444444444444444,0.6976744186046512,NOT_PRIMARY; use physical units and frozen spans
13,f13-940260e5c34c,FORMAL_10K,HELDOUT_TRIPLE_AUDIT,STRICT_LUMPED,f12d43eace12231077007dc497fee8dad00fbe58cb2f1fe2c6159c47636b97a0,all_candidates,all_finite_diagnostic,emx_minus_frozen_proxy,Ls_nH,nH,44,0.004724378226135801,0.006641291597544748,0.0028844999423836056,0.0035934157347611295,0.01236612681162064,0.01568743309499097,PROVISIONAL_SMALL_REQUEST_N,5,0.002915419105002126,0.006760750703377498,0.004196208076078329,0.008764210259257691,0.0011690593512008877,0.004992827386252429,0.0020008178165986656,0.00522512921836682,0.0058057557555357695,0.01605882620048915,0.0066648714498668705,0.016512740099187573,220,44,44,0,8,9,0,0,159,25,44,44,55,,0.45454545454545453,0.11363636363636363,0.5681818181818182,NOT_ESTIMABLE,,,PROVISIONAL_SMALL_REQUEST_N,0.36363636363636365,0.5636363636363636,PROVISIONAL_SMALL_REQUEST_N,0.4444444444444444,0.6976744186046512,NOT_PRIMARY; use physical units and frozen spans
13,f13-940260e5c34c,FORMAL_10K,HELDOUT_TRIPLE_AUDIT,STRICT_LUMPED,f12d43eace12231077007dc497fee8dad00fbe58cb2f1fe2c6159c47636b97a0,all_candidates,all_finite_diagnostic,emx_minus_frozen_proxy,Qmin,dimensionless,44,0.15936580121908328,0.2421155796692332,0.03381588049997559,0.09836652303581506,0.3788097798321998,0.533068839210458,PROVISIONAL_SMALL_REQUEST_N,5,0.09244878214908384,0.2233087305526383,0.12105732636669196,0.322106058900462,-0.027935197192631416,0.10730379263075868,0.05619972093251757,0.17125165995787128,0.1950309967854752,0.5412561438733086,0.2291060682221353,0.8506703900466357,220,44,44,0,8,9,0,0,159,25,44,44,55,,0.45454545454545453,0.11363636363636363,0.5681818181818182,NOT_ESTIMABLE,,,PROVISIONAL_SMALL_REQUEST_N,0.36363636363636365,0.5636363636363636,PROVISIONAL_SMALL_REQUEST_N,0.4444444444444444,0.6976744186046512,NOT_PRIMARY; use physical units and frozen spans
13,f13-940260e5c34c,FORMAL_10K,HELDOUT_TRIPLE_AUDIT,STRICT_LUMPED,f12d43eace12231077007dc497fee8dad00fbe58cb2f1fe2c6159c47636b97a0,all_candidates,all_finite_diagnostic,emx_minus_frozen_proxy,K_abs,dimensionless,44,0.004545356757185891,0.005726597258707358,0.0002836129963001652,0.003662181662316355,0.009714606632415992,0.012742179135053185,PROVISIONAL_SMALL_REQUEST_N,5,0.0038745001307290985,0.005303878700009742,0.005136804199883966,0.006339262888781288,-0.0008354930125032754,0.001206398090237117,0.0029056109741252,0.004663744356780783,0.008783723825879997,0.012558364654337312,0.010294191984395046,0.013372555303579494,220,44,44,0,8,9,0,0,159,25,44,44,55,,0.45454545454545453,0.11363636363636363,0.5681818181818182,NOT_ESTIMABLE,,,PROVISIONAL_SMALL_REQUEST_N,0.36363636363636365,0.5636363636363636,PROVISIONAL_SMALL_REQUEST_N,0.4444444444444444,0.6976744186046512,NOT_PRIMARY; use physical units and frozen spans
13,f13-940260e5c34c,FORMAL_10K,HELDOUT_TRIPLE_AUDIT,STRICT_LUMPED,f12d43eace12231077007dc497fee8dad00fbe58cb2f1fe2c6159c47636b97a0,selected_q_proxy,strict_valid,emx_minus_target,Lp_nH,nH,4,0.005457559222342145,0.0059793449908941984,-0.003758579930443595,0.005540484245036947,0.007962461821359224,0.008022344374591173,PROVISIONAL_SMALL_REQUEST_N,4,0.003032500027634333,0.007882618417049958,0.003054442072437257,0.00788514531675785,-0.007882618417049958,0.0006277164612786268,0.002667041471471565,0.008082226927823122,0.0033979585837971005,0.008082226927823122,0.0033979585837971005,0.008082226927823122,20,4,4,0,0,1,0,0,15,4,4,4,5,,0.8,0.2,1.0,NOT_ESTIMABLE,,,PROVISIONAL_SMALL_REQUEST_N,0.4,1.0,PROVISIONAL_SMALL_REQUEST_N,1.0,1.0,NOT_PRIMARY; use physical units and frozen spans
13,f13-940260e5c34c,FORMAL_10K,HELDOUT_TRIPLE_AUDIT,STRICT_LUMPED,f12d43eace12231077007dc497fee8dad00fbe58cb2f1fe2c6159c47636b97a0,selected_q_proxy,strict_valid,emx_minus_target,Ls_nH,nH,4,0.0038606827852220027,0.004049735580107316,0.001993008674063046,0.004042741944313311,0.005057699333274601,0.005209320119053007,PROVISIONAL_SMALL_REQUEST_N,4,0.0025847636771496596,0.004954542734203038,0.0027784616883114815,0.0050042953674133165,-0.0017139772501612582,0.00485553828557006,0.001996306347429977,0.005360940904831413,0.003643986870645089,0.005360940904831413,0.0037353482223179135,0.005360940904831413,20,4,4,0,0,1,0,0,15,4,4,4,5,,0.8,0.2,1.0,NOT_ESTIMABLE,,,PROVISIONAL_SMALL_REQUEST_N,0.4,1.0,PROVISIONAL_SMALL_REQUEST_N,1.0,1.0,NOT_PRIMARY; use physical units and frozen spans
13,f13-940260e5c34c,FORMAL_10K,HELDOUT_TRIPLE_AUDIT,STRICT_LUMPED,f12d43eace12231077007dc497fee8dad00fbe58cb2f1fe2c6159c47636b97a0,selected_q_proxy,strict_valid,emx_minus_target,Qmin,dimensionless,4,0.07159849657306205,0.0913816306357555,0.05552360983133875,0.0642521988722482,0.13380053708828382,0.13880936010119604,PROVISIONAL_SMALL_REQUEST_N,4,0.016074886741723304,0.1271221064044008,0.016199256807367952,0.12821384057186744,-0.016074886741723304,0.1271221064044008,0.014071405433643491,0.14381818311410832,0.018078368049803117,0.14381818311410832,0.018078368049803117,0.14381818311410832,20,4,4,0,0,1,0,0,15,4,4,4,5,,0.8,0.2,1.0,NOT_ESTIMABLE,,,PROVISIONAL_SMALL_REQUEST_N,0.4,1.0,PROVISIONAL_SMALL_REQUEST_N,1.0,1.0,NOT_PRIMARY; use physical units and frozen spans
13,f13-940260e5c34c,FORMAL_10K,HELDOUT_TRIPLE_AUDIT,STRICT_LUMPED,f12d43eace12231077007dc497fee8dad00fbe58cb2f1fe2c6159c47636b97a0,selected_q_proxy,strict_valid,emx_minus_target,K_abs,dimensionless,4,0.003412726389409506,0.0037174071095621313,-0.0002749079252124635,0.0036876343146219695,0.004856481562933579,0.004969718038015002,PROVISIONAL_SMALL_REQUEST_N,4,0.00197652298127831,0.004705499596158347,0.0023138782536423702,0.004720614225264239,-0.0036876343146219695,0.0031378184641970425,0.0011926824152976578,0.005082954513096427,0.0030472239500236725,0.005082954513096427,0.0030472239500236725,0.005082954513096427,20,4,4,0,0,1,0,0,15,4,4,4,5,,0.8,0.2,1.0,NOT_ESTIMABLE,,,PROVISIONAL_SMALL_REQUEST_N,0.4,1.0,PROVISIONAL_SMALL_REQUEST_N,1.0,1.0,NOT_PRIMARY; use physical units and frozen spans
13,f13-940260e5c34c,FORMAL_10K,HELDOUT_TRIPLE_AUDIT,STRICT_LUMPED,f12d43eace12231077007dc497fee8dad00fbe58cb2f1fe2c6159c47636b97a0,selected_q_proxy,strict_valid,emx_minus_frozen_proxy,Lp_nH,nH,4,0.00608629475655606,0.006092747597970389,-0.0032141884110621077,0.006064044867263474,0.006396168208626663,0.006434522404668025,PROVISIONAL_SMALL_REQUEST_N,4,0.005827560232540607,0.0063450292805715125,0.005828156233027013,0.006346317161045159,-0.0063450292805715125,0.002753864028132519,0.005744212690987904,0.006472876600709387,0.00591090777409331,0.006472876600709387,0.00591090777409331,0.006472876600709387,20,4,4,0,0,1,0,0,15,4,4,4,5,,0.8,0.2,1.0,NOT_ESTIMABLE,,,PROVISIONAL_SMALL_REQUEST_N,0.4,1.0,PROVISIONAL_SMALL_REQUEST_N,1.0,1.0,NOT_PRIMARY; use physical units and frozen spans
13,f13-940260e5c34c,FORMAL_10K,HELDOUT_TRIPLE_AUDIT,STRICT_LUMPED,f12d43eace12231077007dc497fee8dad00fbe58cb2f1fe2c6159c47636b97a0,selected_q_proxy,strict_valid,emx_minus_frozen_proxy,Ls_nH,nH,4,0.003542897620299801,0.0040645569682029505,0.00011366420163327895,0.0036565618219330798,0.005617903299864046,0.00572468793730676,PROVISIONAL_SMALL_REQUEST_N,4,0.0016102714573258403,0.005475523783273761,0.0017126547965613792,0.005487081213482231,-0.003825217268045078,0.0036565618219330798,0.0010269942625835693,0.0058314725747494744,0.0021935486520681113,0.0058314725747494744,0.0021935486520681113,0.0058314725747494744,20,4,4,0,0,1,0,0,15,4,4,4,5,,0.8,0.2,1.0,NOT_ESTIMABLE,,,PROVISIONAL_SMALL_REQUEST_N,0.4,1.0,PROVISIONAL_SMALL_REQUEST_N,1.0,1.0,NOT_PRIMARY; use physical units and frozen spans
13,f13-940260e5c34c,FORMAL_10K,HELDOUT_TRIPLE_AUDIT,STRICT_LUMPED,f12d43eace12231077007dc497fee8dad00fbe58cb2f1fe2c6159c47636b97a0,selected_q_proxy,strict_valid,emx_minus_frozen_proxy,Qmin,dimensionless,4,0.05418417425394617,0.06393958173706418,0.05418417425394617,0.05619972093251757,0.08728699465972678,0.0936809216620733,PROVISIONAL_SMALL_REQUEST_N,4,0.017558972026941344,0.0887938298023796,0.02896055013583568,0.09091825103174322,0.017558972026941344,0.0887938298023796,0.004262406486329695,0.10007484866441985,0.04149279000004232,0.10007484866441985,0.04947072932440928,0.10007484866441985,20,4,4,0,0,1,0,0,15,4,4,4,5,,0.8,0.2,1.0,NOT_ESTIMABLE,,,PROVISIONAL_SMALL_REQUEST_N,0.4,1.0,PROVISIONAL_SMALL_REQUEST_N,1.0,1.0,NOT_PRIMARY; use physical units and frozen spans
13,f13-940260e5c34c,FORMAL_10K,HELDOUT_TRIPLE_AUDIT,STRICT_LUMPED,f12d43eace12231077007dc497fee8dad00fbe58cb2f1fe2c6159c47636b97a0,selected_q_proxy,strict_valid,emx_minus_frozen_proxy,K_abs,dimensionless,4,0.002898842294066742,0.0034677844831703347,0.0009275206282175347,0.002854172776668537,0.004949028887490967,0.005240685931175688,PROVISIONAL_SMALL_REQUEST_N,4,0.0011630011569593451,0.004679352948572343,0.0015201680624632803,0.004907047989591445,-0.002160876295294663,0.004060587069127937,0.0003546806480694831,0.00553234297486041,0.002120382869708143,0.00553234297486041,0.002120382869708143,0.00553234297486041,20,4,4,0,0,1,0,0,15,4,4,4,5,,0.8,0.2,1.0,NOT_ESTIMABLE,,,PROVISIONAL_SMALL_REQUEST_N,0.4,1.0,PROVISIONAL_SMALL_REQUEST_N,1.0,1.0,NOT_PRIMARY; use physical units and frozen spans
13,f13-940260e5c34c,FORMAL_10K,HELDOUT_TRIPLE_AUDIT,STRICT_LUMPED,f12d43eace12231077007dc497fee8dad00fbe58cb2f1fe2c6159c47636b97a0,selected_q_proxy,all_finite_diagnostic,emx_minus_target,Lp_nH,nH,4,0.005457559222342145,0.0059793449908941984,-0.003758579930443595,0.005540484245036947,0.007962461821359224,0.008022344374591173,PROVISIONAL_SMALL_REQUEST_N,4,0.003032500027634333,0.007882618417049958,0.003054442072437257,0.00788514531675785,-0.007882618417049958,0.0006277164612786268,0.002667041471471565,0.008082226927823122,0.0033979585837971005,0.008082226927823122,0.0033979585837971005,0.008082226927823122,20,4,4,0,0,1,0,0,15,4,4,4,5,,0.8,0.2,1.0,NOT_ESTIMABLE,,,PROVISIONAL_SMALL_REQUEST_N,0.4,1.0,PROVISIONAL_SMALL_REQUEST_N,1.0,1.0,NOT_PRIMARY; use physical units and frozen spans
13,f13-940260e5c34c,FORMAL_10K,HELDOUT_TRIPLE_AUDIT,STRICT_LUMPED,f12d43eace12231077007dc497fee8dad00fbe58cb2f1fe2c6159c47636b97a0,selected_q_proxy,all_finite_diagnostic,emx_minus_target,Ls_nH,nH,4,0.0038606827852220027,0.004049735580107316,0.001993008674063046,0.004042741944313311,0.005057699333274601,0.005209320119053007,PROVISIONAL_SMALL_REQUEST_N,4,0.0025847636771496596,0.004954542734203038,0.0027784616883114815,0.0050042953674133165,-0.0017139772501612582,0.00485553828557006,0.001996306347429977,0.005360940904831413,0.003643986870645089,0.005360940904831413,0.0037353482223179135,0.005360940904831413,20,4,4,0,0,1,0,0,15,4,4,4,5,,0.8,0.2,1.0,NOT_ESTIMABLE,,,PROVISIONAL_SMALL_REQUEST_N,0.4,1.0,PROVISIONAL_SMALL_REQUEST_N,1.0,1.0,NOT_PRIMARY; use physical units and frozen spans
13,f13-940260e5c34c,FORMAL_10K,HELDOUT_TRIPLE_AUDIT,STRICT_LUMPED,f12d43eace12231077007dc497fee8dad00fbe58cb2f1fe2c6159c47636b97a0,selected_q_proxy,all_finite_diagnostic,emx_minus_target,Qmin,dimensionless,4,0.07159849657306205,0.0913816306357555,0.05552360983133875,0.0642521988722482,0.13380053708828382,0.13880936010119604,PROVISIONAL_SMALL_REQUEST_N,4,0.016074886741723304,0.1271221064044008,0.016199256807367952,0.12821384057186744,-0.016074886741723304,0.1271221064044008,0.014071405433643491,0.14381818311410832,0.018078368049803117,0.14381818311410832,0.018078368049803117,0.14381818311410832,20,4,4,0,0,1,0,0,15,4,4,4,5,,0.8,0.2,1.0,NOT_ESTIMABLE,,,PROVISIONAL_SMALL_REQUEST_N,0.4,1.0,PROVISIONAL_SMALL_REQUEST_N,1.0,1.0,NOT_PRIMARY; use physical units and frozen spans
13,f13-940260e5c34c,FORMAL_10K,HELDOUT_TRIPLE_AUDIT,STRICT_LUMPED,f12d43eace12231077007dc497fee8dad00fbe58cb2f1fe2c6159c47636b97a0,selected_q_proxy,all_finite_diagnostic,emx_minus_target,K_abs,dimensionless,4,0.003412726389409506,0.0037174071095621313,-0.0002749079252124635,0.0036876343146219695,0.004856481562933579,0.004969718038015002,PROVISIONAL_SMALL_REQUEST_N,4,0.00197652298127831,0.004705499596158347,0.0023138782536423702,0.004720614225264239,-0.0036876343146219695,0.0031378184641970425,0.0011926824152976578,0.005082954513096427,0.0030472239500236725,0.005082954513096427,0.0030472239500236725,0.005082954513096427,20,4,4,0,0,1,0,0,15,4,4,4,5,,0.8,0.2,1.0,NOT_ESTIMABLE,,,PROVISIONAL_SMALL_REQUEST_N,0.4,1.0,PROVISIONAL_SMALL_REQUEST_N,1.0,1.0,NOT_PRIMARY; use physical units and frozen spans
13,f13-940260e5c34c,FORMAL_10K,HELDOUT_TRIPLE_AUDIT,STRICT_LUMPED,f12d43eace12231077007dc497fee8dad00fbe58cb2f1fe2c6159c47636b97a0,selected_q_proxy,all_finite_diagnostic,emx_minus_frozen_proxy,Lp_nH,nH,4,0.00608629475655606,0.006092747597970389,-0.0032141884110621077,0.006064044867263474,0.006396168208626663,0.006434522404668025,PROVISIONAL_SMALL_REQUEST_N,4,0.005827560232540607,0.0063450292805715125,0.005828156233027013,0.006346317161045159,-0.0063450292805715125,0.002753864028132519,0.005744212690987904,0.006472876600709387,0.00591090777409331,0.006472876600709387,0.00591090777409331,0.006472876600709387,20,4,4,0,0,1,0,0,15,4,4,4,5,,0.8,0.2,1.0,NOT_ESTIMABLE,,,PROVISIONAL_SMALL_REQUEST_N,0.4,1.0,PROVISIONAL_SMALL_REQUEST_N,1.0,1.0,NOT_PRIMARY; use physical units and frozen spans
13,f13-940260e5c34c,FORMAL_10K,HELDOUT_TRIPLE_AUDIT,STRICT_LUMPED,f12d43eace12231077007dc497fee8dad00fbe58cb2f1fe2c6159c47636b97a0,selected_q_proxy,all_finite_diagnostic,emx_minus_frozen_proxy,Ls_nH,nH,4,0.003542897620299801,0.0040645569682029505,0.00011366420163327895,0.0036565618219330798,0.005617903299864046,0.00572468793730676,PROVISIONAL_SMALL_REQUEST_N,4,0.0016102714573258403,0.005475523783273761,0.0017126547965613792,0.005487081213482231,-0.003825217268045078,0.0036565618219330798,0.0010269942625835693,0.0058314725747494744,0.0021935486520681113,0.0058314725747494744,0.0021935486520681113,0.0058314725747494744,20,4,4,0,0,1,0,0,15,4,4,4,5,,0.8,0.2,1.0,NOT_ESTIMABLE,,,PROVISIONAL_SMALL_REQUEST_N,0.4,1.0,PROVISIONAL_SMALL_REQUEST_N,1.0,1.0,NOT_PRIMARY; use physical units and frozen spans
13,f13-940260e5c34c,FORMAL_10K,HELDOUT_TRIPLE_AUDIT,STRICT_LUMPED,f12d43eace12231077007dc497fee8dad00fbe58cb2f1fe2c6159c47636b97a0,selected_q_proxy,all_finite_diagnostic,emx_minus_frozen_proxy,Qmin,dimensionless,4,0.05418417425394617,0.06393958173706418,0.05418417425394617,0.05619972093251757,0.08728699465972678,0.0936809216620733,PROVISIONAL_SMALL_REQUEST_N,4,0.017558972026941344,0.0887938298023796,0.02896055013583568,0.09091825103174322,0.017558972026941344,0.0887938298023796,0.004262406486329695,0.10007484866441985,0.04149279000004232,0.10007484866441985,0.04947072932440928,0.10007484866441985,20,4,4,0,0,1,0,0,15,4,4,4,5,,0.8,0.2,1.0,NOT_ESTIMABLE,,,PROVISIONAL_SMALL_REQUEST_N,0.4,1.0,PROVISIONAL_SMALL_REQUEST_N,1.0,1.0,NOT_PRIMARY; use physical units and frozen spans
13,f13-940260e5c34c,FORMAL_10K,HELDOUT_TRIPLE_AUDIT,STRICT_LUMPED,f12d43eace12231077007dc497fee8dad00fbe58cb2f1fe2c6159c47636b97a0,selected_q_proxy,all_finite_diagnostic,emx_minus_frozen_proxy,K_abs,dimensionless,4,0.002898842294066742,0.0034677844831703347,0.0009275206282175347,0.002854172776668537,0.004949028887490967,0.005240685931175688,PROVISIONAL_SMALL_REQUEST_N,4,0.0011630011569593451,0.004679352948572343,0.0015201680624632803,0.004907047989591445,-0.002160876295294663,0.004060587069127937,0.0003546806480694831,0.00553234297486041,0.002120382869708143,0.00553234297486041,0.002120382869708143,0.00553234297486041,20,4,4,0,0,1,0,0,15,4,4,4,5,,0.8,0.2,1.0,NOT_ESTIMABLE,,,PROVISIONAL_SMALL_REQUEST_N,0.4,1.0,PROVISIONAL_SMALL_REQUEST_N,1.0,1.0,NOT_PRIMARY; use physical units and frozen spans
14,f14-734ef171b954,FORMAL_10K,HELDOUT_TRIPLE_AUDIT,STRICT_LUMPED,f12d43eace12231077007dc497fee8dad00fbe58cb2f1fe2c6159c47636b97a0,all_candidates,strict_valid,emx_minus_target,Lp_nH,nH,52,0.04519933434743161,0.09157477336352748,0.006696223708611856,0.018490198096645982,0.1205446509546258,0.17254431657772218,PROVISIONAL_SMALL_REQUEST_N,5,0.01724110697119707,0.08131472705979323,0.024234035248350227,0.14715359424861812,-0.02403827780765631,0.04454452154979456,0.007724805755177755,0.03629156535088607,0.038302370464515165,0.3642043196835181,0.05200303167849132,0.3870118333716518,220,52,52,0,3,2,0,0,163,30,52,52,55,,0.5454545454545454,0.13636363636363635,0.5769230769230769,NOT_ESTIMABLE,,,PROVISIONAL_SMALL_REQUEST_N,0.45454545454545453,0.6909090909090909,PROVISIONAL_SMALL_REQUEST_N,0.4807692307692308,0.74,NOT_PRIMARY; use physical units and frozen spans
14,f14-734ef171b954,FORMAL_10K,HELDOUT_TRIPLE_AUDIT,STRICT_LUMPED,f12d43eace12231077007dc497fee8dad00fbe58cb2f1fe2c6159c47636b97a0,all_candidates,strict_valid,emx_minus_target,Ls_nH,nH,52,0.11303384182941098,0.2182077885670983,-0.10406240216209386,0.04002729441959163,0.27967711384848193,0.5964921885042491,PROVISIONAL_SMALL_REQUEST_N,5,0.04357756410563441,0.1852138951501984,0.07910531692276798,0.30214065683990676,-0.1768854608747147,-0.03398738340089267,0.00908771843891798,0.05819506779347794,0.09621487395915373,0.659351927362616,0.18565725429407218,0.7391755720376081,220,52,52,0,3,2,0,0,163,30,52,52,55,,0.5454545454545454,0.13636363636363635,0.5769230769230769,NOT_ESTIMABLE,,,PROVISIONAL_SMALL_REQUEST_N,0.45454545454545453,0.6909090909090909,PROVISIONAL_SMALL_REQUEST_N,0.4807692307692308,0.74,NOT_PRIMARY; use physical units and frozen spans
14,f14-734ef171b954,FORMAL_10K,HELDOUT_TRIPLE_AUDIT,STRICT_LUMPED,f12d43eace12231077007dc497fee8dad00fbe58cb2f1fe2c6159c47636b97a0,all_candidates,strict_valid,emx_minus_target,Qmin,dimensionless,52,1.105326787191163,1.7156670673445185,-0.7510153457444269,0.40075999658756345,3.327084999437221,3.8667121978110433,PROVISIONAL_SMALL_REQUEST_N,5,0.661305323091911,1.5325927243432733,1.0780072941070369,2.1971904178350052,-1.2402292019933194,-0.31196042296802884,0.29826274369490235,1.181494125470687,1.6881118331215497,3.9438291516787487,2.1508253903408416,4.6333114053973965,220,52,52,0,3,2,0,0,163,30,52,52,55,,0.5454545454545454,0.13636363636363635,0.5769230769230769,NOT_ESTIMABLE,,,PROVISIONAL_SMALL_REQUEST_N,0.45454545454545453,0.6909090909090909,PROVISIONAL_SMALL_REQUEST_N,0.4807692307692308,0.74,NOT_PRIMARY; use physical units and frozen spans
14,f14-734ef171b954,FORMAL_10K,HELDOUT_TRIPLE_AUDIT,STRICT_LUMPED,f12d43eace12231077007dc497fee8dad00fbe58cb2f1fe2c6159c47636b97a0,all_candidates,strict_valid,emx_minus_target,K_abs,dimensionless,52,0.022985071989932892,0.04037267103797858,-0.0031182627582270177,0.006524105344016248,0.06158798562164277,0.09590384583570918,PROVISIONAL_SMALL_REQUEST_N,5,0.015000973360773573,0.030935382284102378,0.02466247840902226,0.05413617754433588,-0.017717607530603828,0.015989942708737513,0.004688720585990555,0.014721534610706188,0.03332807115276652,0.120266732079964,0.042350564317902475,0.13926760651908207,220,52,52,0,3,2,0,0,163,30,52,52,55,,0.5454545454545454,0.13636363636363635,0.5769230769230769,NOT_ESTIMABLE,,,PROVISIONAL_SMALL_REQUEST_N,0.45454545454545453,0.6909090909090909,PROVISIONAL_SMALL_REQUEST_N,0.4807692307692308,0.74,NOT_PRIMARY; use physical units and frozen spans
14,f14-734ef171b954,FORMAL_10K,HELDOUT_TRIPLE_AUDIT,STRICT_LUMPED,f12d43eace12231077007dc497fee8dad00fbe58cb2f1fe2c6159c47636b97a0,all_candidates,strict_valid,emx_minus_frozen_proxy,Lp_nH,nH,52,0.011906975035798071,0.016682052402150562,-0.006832557393884397,0.005991567772337114,0.03275988460588406,0.03381548275744638,PROVISIONAL_SMALL_REQUEST_N,5,0.007820760085949938,0.014714908414806502,0.012242090801490373,0.019127460294235475,-0.009931195291666894,-0.0032546393617885407,0.004047543237353013,0.007610672974420751,0.02434743443392562,0.033666062907286465,0.028177187208103582,0.0353720928100425,220,52,52,0,3,2,0,0,163,30,52,52,55,,0.5454545454545454,0.13636363636363635,0.5769230769230769,NOT_ESTIMABLE,,,PROVISIONAL_SMALL_REQUEST_N,0.45454545454545453,0.6909090909090909,PROVISIONAL_SMALL_REQUEST_N,0.4807692307692308,0.74,NOT_PRIMARY; use physical units and frozen spans
14,f14-734ef171b954,FORMAL_10K,HELDOUT_TRIPLE_AUDIT,STRICT_LUMPED,f12d43eace12231077007dc497fee8dad00fbe58cb2f1fe2c6159c47636b97a0,all_candidates,strict_valid,emx_minus_frozen_proxy,Ls_nH,nH,52,0.006965409020094968,0.008996751270079128,0.003808948930074842,0.005434431836355391,0.015386440814145473,0.017322523304823517,PROVISIONAL_SMALL_REQUEST_N,5,0.004057855324392155,0.010756462786295487,0.005187684642210069,0.012636313203660439,0.001620533733815375,0.006679304710783391,0.002928900056438144,0.00973166657610891,0.009743861478147904,0.021468035360885818,0.010448674252954624,0.023356219126441924,220,52,52,0,3,2,0,0,163,30,52,52,55,,0.5454545454545454,0.13636363636363635,0.5769230769230769,NOT_ESTIMABLE,,,PROVISIONAL_SMALL_REQUEST_N,0.45454545454545453,0.6909090909090909,PROVISIONAL_SMALL_REQUEST_N,0.4807692307692308,0.74,NOT_PRIMARY; use physical units and frozen spans
14,f14-734ef171b954,FORMAL_10K,HELDOUT_TRIPLE_AUDIT,STRICT_LUMPED,f12d43eace12231077007dc497fee8dad00fbe58cb2f1fe2c6159c47636b97a0,all_candidates,strict_valid,emx_minus_frozen_proxy,Qmin,dimensionless,52,0.19758384417845132,0.2728300328206347,0.099204270778729,0.1429229633944118,0.4682308812207028,0.5494970049192247,PROVISIONAL_SMALL_REQUEST_N,5,0.15470820794747198,0.23748129208539728,0.2048735492344091,0.33911145269726445,0.06623214279887009,0.13923655884949782,0.09977885015072907,0.1989849884249674,0.3335194077231769,0.6896636363478704,0.3520663274256446,0.7841588251292263,220,52,52,0,3,2,0,0,163,30,52,52,55,,0.5454545454545454,0.13636363636363635,0.5769230769230769,NOT_ESTIMABLE,,,PROVISIONAL_SMALL_REQUEST_N,0.45454545454545453,0.6909090909090909,PROVISIONAL_SMALL_REQUEST_N,0.4807692307692308,0.74,NOT_PRIMARY; use physical units and frozen spans
14,f14-734ef171b954,FORMAL_10K,HELDOUT_TRIPLE_AUDIT,STRICT_LUMPED,f12d43eace12231077007dc497fee8dad00fbe58cb2f1fe2c6159c47636b97a0,all_candidates,strict_valid,emx_minus_frozen_proxy,K_abs,dimensionless,52,0.005823191998153478,0.007971118182483406,-0.0006630753189360108,0.0051541100366807036,0.011299235285137122,0.011931636369267097,PROVISIONAL_SMALL_REQUEST_N,5,0.004973400404657023,0.007235604063792324,0.0059960261650874565,0.010722555394843227,-0.0032993924048402077,0.001784417197919833,0.004604142995787347,0.005951765497902661,0.009407337990728262,0.012038068347781816,0.011153626572688122,0.02447311534052604,220,52,52,0,3,2,0,0,163,30,52,52,55,,0.5454545454545454,0.13636363636363635,0.5769230769230769,NOT_ESTIMABLE,,,PROVISIONAL_SMALL_REQUEST_N,0.45454545454545453,0.6909090909090909,PROVISIONAL_SMALL_REQUEST_N,0.4807692307692308,0.74,NOT_PRIMARY; use physical units and frozen spans
14,f14-734ef171b954,FORMAL_10K,HELDOUT_TRIPLE_AUDIT,STRICT_LUMPED,f12d43eace12231077007dc497fee8dad00fbe58cb2f1fe2c6159c47636b97a0,all_candidates,all_finite_diagnostic,emx_minus_target,Lp_nH,nH,52,0.04519933434743161,0.09157477336352748,0.006696223708611856,0.018490198096645982,0.1205446509546258,0.17254431657772218,PROVISIONAL_SMALL_REQUEST_N,5,0.01724110697119707,0.08131472705979323,0.024234035248350227,0.14715359424861812,-0.02403827780765631,0.04454452154979456,0.007724805755177755,0.03629156535088607,0.038302370464515165,0.3642043196835181,0.05200303167849132,0.3870118333716518,220,52,52,0,3,2,0,0,163,30,52,52,55,,0.5454545454545454,0.13636363636363635,0.5769230769230769,NOT_ESTIMABLE,,,PROVISIONAL_SMALL_REQUEST_N,0.45454545454545453,0.6909090909090909,PROVISIONAL_SMALL_REQUEST_N,0.4807692307692308,0.74,NOT_PRIMARY; use physical units and frozen spans
14,f14-734ef171b954,FORMAL_10K,HELDOUT_TRIPLE_AUDIT,STRICT_LUMPED,f12d43eace12231077007dc497fee8dad00fbe58cb2f1fe2c6159c47636b97a0,all_candidates,all_finite_diagnostic,emx_minus_target,Ls_nH,nH,52,0.11303384182941098,0.2182077885670983,-0.10406240216209386,0.04002729441959163,0.27967711384848193,0.5964921885042491,PROVISIONAL_SMALL_REQUEST_N,5,0.04357756410563441,0.1852138951501984,0.07910531692276798,0.30214065683990676,-0.1768854608747147,-0.03398738340089267,0.00908771843891798,0.05819506779347794,0.09621487395915373,0.659351927362616,0.18565725429407218,0.7391755720376081,220,52,52,0,3,2,0,0,163,30,52,52,55,,0.5454545454545454,0.13636363636363635,0.5769230769230769,NOT_ESTIMABLE,,,PROVISIONAL_SMALL_REQUEST_N,0.45454545454545453,0.6909090909090909,PROVISIONAL_SMALL_REQUEST_N,0.4807692307692308,0.74,NOT_PRIMARY; use physical units and frozen spans
14,f14-734ef171b954,FORMAL_10K,HELDOUT_TRIPLE_AUDIT,STRICT_LUMPED,f12d43eace12231077007dc497fee8dad00fbe58cb2f1fe2c6159c47636b97a0,all_candidates,all_finite_diagnostic,emx_minus_target,Qmin,dimensionless,52,1.105326787191163,1.7156670673445185,-0.7510153457444269,0.40075999658756345,3.327084999437221,3.8667121978110433,PROVISIONAL_SMALL_REQUEST_N,5,0.661305323091911,1.5325927243432733,1.0780072941070369,2.1971904178350052,-1.2402292019933194,-0.31196042296802884,0.29826274369490235,1.181494125470687,1.6881118331215497,3.9438291516787487,2.1508253903408416,4.6333114053973965,220,52,52,0,3,2,0,0,163,30,52,52,55,,0.5454545454545454,0.13636363636363635,0.5769230769230769,NOT_ESTIMABLE,,,PROVISIONAL_SMALL_REQUEST_N,0.45454545454545453,0.6909090909090909,PROVISIONAL_SMALL_REQUEST_N,0.4807692307692308,0.74,NOT_PRIMARY; use physical units and frozen spans
14,f14-734ef171b954,FORMAL_10K,HELDOUT_TRIPLE_AUDIT,STRICT_LUMPED,f12d43eace12231077007dc497fee8dad00fbe58cb2f1fe2c6159c47636b97a0,all_candidates,all_finite_diagnostic,emx_minus_target,K_abs,dimensionless,52,0.022985071989932892,0.04037267103797858,-0.0031182627582270177,0.006524105344016248,0.06158798562164277,0.09590384583570918,PROVISIONAL_SMALL_REQUEST_N,5,0.015000973360773573,0.030935382284102378,0.02466247840902226,0.05413617754433588,-0.017717607530603828,0.015989942708737513,0.004688720585990555,0.014721534610706188,0.03332807115276652,0.120266732079964,0.042350564317902475,0.13926760651908207,220,52,52,0,3,2,0,0,163,30,52,52,55,,0.5454545454545454,0.13636363636363635,0.5769230769230769,NOT_ESTIMABLE,,,PROVISIONAL_SMALL_REQUEST_N,0.45454545454545453,0.6909090909090909,PROVISIONAL_SMALL_REQUEST_N,0.4807692307692308,0.74,NOT_PRIMARY; use physical units and frozen spans
14,f14-734ef171b954,FORMAL_10K,HELDOUT_TRIPLE_AUDIT,STRICT_LUMPED,f12d43eace12231077007dc497fee8dad00fbe58cb2f1fe2c6159c47636b97a0,all_candidates,all_finite_diagnostic,emx_minus_frozen_proxy,Lp_nH,nH,52,0.011906975035798071,0.016682052402150562,-0.006832557393884397,0.005991567772337114,0.03275988460588406,0.03381548275744638,PROVISIONAL_SMALL_REQUEST_N,5,0.007820760085949938,0.014714908414806502,0.012242090801490373,0.019127460294235475,-0.009931195291666894,-0.0032546393617885407,0.004047543237353013,0.007610672974420751,0.02434743443392562,0.033666062907286465,0.028177187208103582,0.0353720928100425,220,52,52,0,3,2,0,0,163,30,52,52,55,,0.5454545454545454,0.13636363636363635,0.5769230769230769,NOT_ESTIMABLE,,,PROVISIONAL_SMALL_REQUEST_N,0.45454545454545453,0.6909090909090909,PROVISIONAL_SMALL_REQUEST_N,0.4807692307692308,0.74,NOT_PRIMARY; use physical units and frozen spans
14,f14-734ef171b954,FORMAL_10K,HELDOUT_TRIPLE_AUDIT,STRICT_LUMPED,f12d43eace12231077007dc497fee8dad00fbe58cb2f1fe2c6159c47636b97a0,all_candidates,all_finite_diagnostic,emx_minus_frozen_proxy,Ls_nH,nH,52,0.006965409020094968,0.008996751270079128,0.003808948930074842,0.005434431836355391,0.015386440814145473,0.017322523304823517,PROVISIONAL_SMALL_REQUEST_N,5,0.004057855324392155,0.010756462786295487,0.005187684642210069,0.012636313203660439,0.001620533733815375,0.006679304710783391,0.002928900056438144,0.00973166657610891,0.009743861478147904,0.021468035360885818,0.010448674252954624,0.023356219126441924,220,52,52,0,3,2,0,0,163,30,52,52,55,,0.5454545454545454,0.13636363636363635,0.5769230769230769,NOT_ESTIMABLE,,,PROVISIONAL_SMALL_REQUEST_N,0.45454545454545453,0.6909090909090909,PROVISIONAL_SMALL_REQUEST_N,0.4807692307692308,0.74,NOT_PRIMARY; use physical units and frozen spans
14,f14-734ef171b954,FORMAL_10K,HELDOUT_TRIPLE_AUDIT,STRICT_LUMPED,f12d43eace12231077007dc497fee8dad00fbe58cb2f1fe2c6159c47636b97a0,all_candidates,all_finite_diagnostic,emx_minus_frozen_proxy,Qmin,dimensionless,52,0.19758384417845132,0.2728300328206347,0.099204270778729,0.1429229633944118,0.4682308812207028,0.5494970049192247,PROVISIONAL_SMALL_REQUEST_N,5,0.15470820794747198,0.23748129208539728,0.2048735492344091,0.33911145269726445,0.06623214279887009,0.13923655884949782,0.09977885015072907,0.1989849884249674,0.3335194077231769,0.6896636363478704,0.3520663274256446,0.7841588251292263,220,52,52,0,3,2,0,0,163,30,52,52,55,,0.5454545454545454,0.13636363636363635,0.5769230769230769,NOT_ESTIMABLE,,,PROVISIONAL_SMALL_REQUEST_N,0.45454545454545453,0.6909090909090909,PROVISIONAL_SMALL_REQUEST_N,0.4807692307692308,0.74,NOT_PRIMARY; use physical units and frozen spans
14,f14-734ef171b954,FORMAL_10K,HELDOUT_TRIPLE_AUDIT,STRICT_LUMPED,f12d43eace12231077007dc497fee8dad00fbe58cb2f1fe2c6159c47636b97a0,all_candidates,all_finite_diagnostic,emx_minus_frozen_proxy,K_abs,dimensionless,52,0.005823191998153478,0.007971118182483406,-0.0006630753189360108,0.0051541100366807036,0.011299235285137122,0.011931636369267097,PROVISIONAL_SMALL_REQUEST_N,5,0.004973400404657023,0.007235604063792324,0.0059960261650874565,0.010722555394843227,-0.0032993924048402077,0.001784417197919833,0.004604142995787347,0.005951765497902661,0.009407337990728262,0.012038068347781816,0.011153626572688122,0.02447311534052604,220,52,52,0,3,2,0,0,163,30,52,52,55,,0.5454545454545454,0.13636363636363635,0.5769230769230769,NOT_ESTIMABLE,,,PROVISIONAL_SMALL_REQUEST_N,0.45454545454545453,0.6909090909090909,PROVISIONAL_SMALL_REQUEST_N,0.4807692307692308,0.74,NOT_PRIMARY; use physical units and frozen spans
14,f14-734ef171b954,FORMAL_10K,HELDOUT_TRIPLE_AUDIT,STRICT_LUMPED,f12d43eace12231077007dc497fee8dad00fbe58cb2f1fe2c6159c47636b97a0,selected_q_proxy,strict_valid,emx_minus_target,Lp_nH,nH,5,0.005096431130157675,0.005755436835896813,0.0021186773978001615,0.006376056496619875,0.007715294009866103,0.007805597236190209,PROVISIONAL_SMALL_REQUEST_N,5,0.002781537043628135,0.007321021990363108,0.003318681392116731,0.007338336524856201,-0.002863084797143656,0.006133611153737117,0.001641672510343195,0.007895900462514316,0.004675290638138808,0.007895900462514316,0.00552567356737934,0.007895900462514316,20,5,5,0,0,0,0,0,15,5,5,5,5,,1.0,0.25,1.0,NOT_ESTIMABLE,,,PROVISIONAL_SMALL_REQUEST_N,1.0,1.0,PROVISIONAL_SMALL_REQUEST_N,1.0,1.0,NOT_PRIMARY; use physical units and frozen spans
14,f14-734ef171b954,FORMAL_10K,HELDOUT_TRIPLE_AUDIT,STRICT_LUMPED,f12d43eace12231077007dc497fee8dad00fbe58cb2f1fe2c6159c47636b97a0,selected_q_proxy,strict_valid,emx_minus_target,Ls_nH,nH,5,0.00905834984986693,0.010446942876079732,0.006646666762175735,0.011150082626692592,0.014443597986991463,0.015218335057560317,PROVISIONAL_SMALL_REQUEST_N,5,0.004641699613029715,0.013475000086704148,0.005687636207945675,0.01363554272033979,-0.00018166656235267807,0.013285985777728621,0.0024973177042795225,0.01599307212812917,0.008102805581994943,0.01599307212812917,0.009626444104343766,0.01599307212812917,20,5,5,0,0,0,0,0,15,5,5,5,5,,1.0,0.25,1.0,NOT_ESTIMABLE,,,PROVISIONAL_SMALL_REQUEST_N,1.0,1.0,PROVISIONAL_SMALL_REQUEST_N,1.0,1.0,NOT_PRIMARY; use physical units and frozen spans
14,f14-734ef171b954,FORMAL_10K,HELDOUT_TRIPLE_AUDIT,STRICT_LUMPED,f12d43eace12231077007dc497fee8dad00fbe58cb2f1fe2c6159c47636b97a0,selected_q_proxy,strict_valid,emx_minus_target,Qmin,dimensionless,5,0.0590539480347708,0.08760052671970561,0.034307913760456187,0.051355719598355165,0.12958723120617535,0.15555409175282192,PROVISIONAL_SMALL_REQUEST_N,5,0.01455371140358892,0.1213517745104145,0.023909751759715724,0.142570350978077,-0.02470662374984194,0.10899139242862646,0.0001970526223633584,0.18152095229946852,0.03501717819398564,0.18152095229946852,0.0431864488961704,0.18152095229946852,20,5,5,0,0,0,0,0,15,5,5,5,5,,1.0,0.25,1.0,NOT_ESTIMABLE,,,PROVISIONAL_SMALL_REQUEST_N,1.0,1.0,PROVISIONAL_SMALL_REQUEST_N,1.0,1.0,NOT_PRIMARY; use physical units and frozen spans
14,f14-734ef171b954,FORMAL_10K,HELDOUT_TRIPLE_AUDIT,STRICT_LUMPED,f12d43eace12231077007dc497fee8dad00fbe58cb2f1fe2c6159c47636b97a0,selected_q_proxy,strict_valid,emx_minus_target,K_abs,dimensionless,5,0.0040151596080309606,0.004586179868517143,0.0003239405740367074,0.005220377556544614,0.006032308545029064,0.0062856225962371615,PROVISIONAL_SMALL_REQUEST_N,5,0.0020586134213289977,0.005768596726848934,0.0029154368902640313,0.005802816928387611,-0.003620217732550296,0.004268098880623711,0.000355006507219785,0.006538936647445259,0.004207870908942918,0.006538936647445259,0.004714124232743765,0.006538936647445259,20,5,5,0,0,0,0,0,15,5,5,5,5,,1.0,0.25,1.0,NOT_ESTIMABLE,,,PROVISIONAL_SMALL_REQUEST_N,1.0,1.0,PROVISIONAL_SMALL_REQUEST_N,1.0,1.0,NOT_PRIMARY; use physical units and frozen spans
14,f14-734ef171b954,FORMAL_10K,HELDOUT_TRIPLE_AUDIT,STRICT_LUMPED,f12d43eace12231077007dc497fee8dad00fbe58cb2f1fe2c6159c47636b97a0,selected_q_proxy,strict_valid,emx_minus_frozen_proxy,Lp_nH,nH,5,0.0033010727163738096,0.0038228670575222745,0.0008234838352583651,0.003671804890765351,0.005335400616614372,0.005764686409701491,PROVISIONAL_SMALL_REQUEST_N,5,0.0017711782785378993,0.004957268854597752,0.002152448764766379,0.005217866070293402,-0.002894990578781664,0.0034439684673837957,0.0004351588236921611,0.006193972202788611,0.0030658367053671754,0.006193972202788611,0.003368820798066263,0.006193972202788611,20,5,5,0,0,0,0,0,15,5,5,5,5,,1.0,0.25,1.0,NOT_ESTIMABLE,,,PROVISIONAL_SMALL_REQUEST_N,1.0,1.0,PROVISIONAL_SMALL_REQUEST_N,1.0,1.0,NOT_PRIMARY; use physical units and frozen spans
14,f14-734ef171b954,FORMAL_10K,HELDOUT_TRIPLE_AUDIT,STRICT_LUMPED,f12d43eace12231077007dc497fee8dad00fbe58cb2f1fe2c6159c47636b97a0,selected_q_proxy,strict_valid,emx_minus_frozen_proxy,Ls_nH,nH,5,0.0069618730257894335,0.009138731169055885,0.004946941704323127,0.003512206851364441,0.014383891558313256,0.015593971573051223,PROVISIONAL_SMALL_REQUEST_N,5,0.0023199556119265718,0.01253818554595365,0.0024236919741050292,0.013503150463430633,-0.0015262950304134857,0.011540655312215759,0.0015251214523013257,0.016804051587789193,0.0029930576001758083,0.016804051587789193,0.003252632225770124,0.016804051587789193,20,5,5,0,0,0,0,0,15,5,5,5,5,,1.0,0.25,1.0,NOT_ESTIMABLE,,,PROVISIONAL_SMALL_REQUEST_N,1.0,1.0,PROVISIONAL_SMALL_REQUEST_N,1.0,1.0,NOT_PRIMARY; use physical units and frozen spans
14,f14-734ef171b954,FORMAL_10K,HELDOUT_TRIPLE_AUDIT,STRICT_LUMPED,f12d43eace12231077007dc497fee8dad00fbe58cb2f1fe2c6159c47636b97a0,selected_q_proxy,strict_valid,emx_minus_frozen_proxy,Qmin,dimensionless,5,0.08642383111237635,0.0991873172386918,0.029580359439167127,0.07107961181026923,0.13769994788098006,0.15856140834217738,PROVISIONAL_SMALL_REQUEST_N,5,0.051329451245812764,0.13607545711862948,0.05488076849896583,0.1460651479141009,-0.049749063457590025,0.10890978233592427,0.035472041078095984,0.17942286880337477,0.07105939403526307,0.17942286880337477,0.07106950292276615,0.17942286880337477,20,5,5,0,0,0,0,0,15,5,5,5,5,,1.0,0.25,1.0,NOT_ESTIMABLE,,,PROVISIONAL_SMALL_REQUEST_N,1.0,1.0,PROVISIONAL_SMALL_REQUEST_N,1.0,1.0,NOT_PRIMARY; use physical units and frozen spans
14,f14-734ef171b954,FORMAL_10K,HELDOUT_TRIPLE_AUDIT,STRICT_LUMPED,f12d43eace12231077007dc497fee8dad00fbe58cb2f1fe2c6159c47636b97a0,selected_q_proxy,strict_valid,emx_minus_frozen_proxy,K_abs,dimensionless,5,0.004296384327077474,0.004827844320337159,0.0002512857921941114,0.0052248539313617115,0.005976602123660357,0.006026013492232085,PROVISIONAL_SMALL_REQUEST_N,5,0.0021308299527394658,0.005806487937771937,0.0033250842096845742,0.00581481591433167,-0.004031319233680675,0.004533890818068898,6.889650601343833e-05,0.006075424860803813,0.0048486636865223195,0.006075424860803813,0.0050367588089420155,0.006075424860803813,20,5,5,0,0,0,0,0,15,5,5,5,5,,1.0,0.25,1.0,NOT_ESTIMABLE,,,PROVISIONAL_SMALL_REQUEST_N,1.0,1.0,PROVISIONAL_SMALL_REQUEST_N,1.0,1.0,NOT_PRIMARY; use physical units and frozen spans
14,f14-734ef171b954,FORMAL_10K,HELDOUT_TRIPLE_AUDIT,STRICT_LUMPED,f12d43eace12231077007dc497fee8dad00fbe58cb2f1fe2c6159c47636b97a0,selected_q_proxy,all_finite_diagnostic,emx_minus_target,Lp_nH,nH,5,0.005096431130157675,0.005755436835896813,0.0021186773978001615,0.006376056496619875,0.007715294009866103,0.007805597236190209,PROVISIONAL_SMALL_REQUEST_N,5,0.002781537043628135,0.007321021990363108,0.003318681392116731,0.007338336524856201,-0.002863084797143656,0.006133611153737117,0.001641672510343195,0.007895900462514316,0.004675290638138808,0.007895900462514316,0.00552567356737934,0.007895900462514316,20,5,5,0,0,0,0,0,15,5,5,5,5,,1.0,0.25,1.0,NOT_ESTIMABLE,,,PROVISIONAL_SMALL_REQUEST_N,1.0,1.0,PROVISIONAL_SMALL_REQUEST_N,1.0,1.0,NOT_PRIMARY; use physical units and frozen spans
14,f14-734ef171b954,FORMAL_10K,HELDOUT_TRIPLE_AUDIT,STRICT_LUMPED,f12d43eace12231077007dc497fee8dad00fbe58cb2f1fe2c6159c47636b97a0,selected_q_proxy,all_finite_diagnostic,emx_minus_target,Ls_nH,nH,5,0.00905834984986693,0.010446942876079732,0.006646666762175735,0.011150082626692592,0.014443597986991463,0.015218335057560317,PROVISIONAL_SMALL_REQUEST_N,5,0.004641699613029715,0.013475000086704148,0.005687636207945675,0.01363554272033979,-0.00018166656235267807,0.013285985777728621,0.0024973177042795225,0.01599307212812917,0.008102805581994943,0.01599307212812917,0.009626444104343766,0.01599307212812917,20,5,5,0,0,0,0,0,15,5,5,5,5,,1.0,0.25,1.0,NOT_ESTIMABLE,,,PROVISIONAL_SMALL_REQUEST_N,1.0,1.0,PROVISIONAL_SMALL_REQUEST_N,1.0,1.0,NOT_PRIMARY; use physical units and frozen spans
14,f14-734ef171b954,FORMAL_10K,HELDOUT_TRIPLE_AUDIT,STRICT_LUMPED,f12d43eace12231077007dc497fee8dad00fbe58cb2f1fe2c6159c47636b97a0,selected_q_proxy,all_finite_diagnostic,emx_minus_target,Qmin,dimensionless,5,0.0590539480347708,0.08760052671970561,0.034307913760456187,0.051355719598355165,0.12958723120617535,0.15555409175282192,PROVISIONAL_SMALL_REQUEST_N,5,0.01455371140358892,0.1213517745104145,0.023909751759715724,0.142570350978077,-0.02470662374984194,0.10899139242862646,0.0001970526223633584,0.18152095229946852,0.03501717819398564,0.18152095229946852,0.0431864488961704,0.18152095229946852,20,5,5,0,0,0,0,0,15,5,5,5,5,,1.0,0.25,1.0,NOT_ESTIMABLE,,,PROVISIONAL_SMALL_REQUEST_N,1.0,1.0,PROVISIONAL_SMALL_REQUEST_N,1.0,1.0,NOT_PRIMARY; use physical units and frozen spans
14,f14-734ef171b954,FORMAL_10K,HELDOUT_TRIPLE_AUDIT,STRICT_LUMPED,f12d43eace12231077007dc497fee8dad00fbe58cb2f1fe2c6159c47636b97a0,selected_q_proxy,all_finite_diagnostic,emx_minus_target,K_abs,dimensionless,5,0.0040151596080309606,0.004586179868517143,0.0003239405740367074,0.005220377556544614,0.006032308545029064,0.0062856225962371615,PROVISIONAL_SMALL_REQUEST_N,5,0.0020586134213289977,0.005768596726848934,0.0029154368902640313,0.005802816928387611,-0.003620217732550296,0.004268098880623711,0.000355006507219785,0.006538936647445259,0.004207870908942918,0.006538936647445259,0.004714124232743765,0.006538936647445259,20,5,5,0,0,0,0,0,15,5,5,5,5,,1.0,0.25,1.0,NOT_ESTIMABLE,,,PROVISIONAL_SMALL_REQUEST_N,1.0,1.0,PROVISIONAL_SMALL_REQUEST_N,1.0,1.0,NOT_PRIMARY; use physical units and frozen spans
14,f14-734ef171b954,FORMAL_10K,HELDOUT_TRIPLE_AUDIT,STRICT_LUMPED,f12d43eace12231077007dc497fee8dad00fbe58cb2f1fe2c6159c47636b97a0,selected_q_proxy,all_finite_diagnostic,emx_minus_frozen_proxy,Lp_nH,nH,5,0.0033010727163738096,0.0038228670575222745,0.0008234838352583651,0.003671804890765351,0.005335400616614372,0.005764686409701491,PROVISIONAL_SMALL_REQUEST_N,5,0.0017711782785378993,0.004957268854597752,0.002152448764766379,0.005217866070293402,-0.002894990578781664,0.0034439684673837957,0.0004351588236921611,0.006193972202788611,0.0030658367053671754,0.006193972202788611,0.003368820798066263,0.006193972202788611,20,5,5,0,0,0,0,0,15,5,5,5,5,,1.0,0.25,1.0,NOT_ESTIMABLE,,,PROVISIONAL_SMALL_REQUEST_N,1.0,1.0,PROVISIONAL_SMALL_REQUEST_N,1.0,1.0,NOT_PRIMARY; use physical units and frozen spans
14,f14-734ef171b954,FORMAL_10K,HELDOUT_TRIPLE_AUDIT,STRICT_LUMPED,f12d43eace12231077007dc497fee8dad00fbe58cb2f1fe2c6159c47636b97a0,selected_q_proxy,all_finite_diagnostic,emx_minus_frozen_proxy,Ls_nH,nH,5,0.0069618730257894335,0.009138731169055885,0.004946941704323127,0.003512206851364441,0.014383891558313256,0.015593971573051223,PROVISIONAL_SMALL_REQUEST_N,5,0.0023199556119265718,0.01253818554595365,0.0024236919741050292,0.013503150463430633,-0.0015262950304134857,0.011540655312215759,0.0015251214523013257,0.016804051587789193,0.0029930576001758083,0.016804051587789193,0.003252632225770124,0.016804051587789193,20,5,5,0,0,0,0,0,15,5,5,5,5,,1.0,0.25,1.0,NOT_ESTIMABLE,,,PROVISIONAL_SMALL_REQUEST_N,1.0,1.0,PROVISIONAL_SMALL_REQUEST_N,1.0,1.0,NOT_PRIMARY; use physical units and frozen spans
14,f14-734ef171b954,FORMAL_10K,HELDOUT_TRIPLE_AUDIT,STRICT_LUMPED,f12d43eace12231077007dc497fee8dad00fbe58cb2f1fe2c6159c47636b97a0,selected_q_proxy,all_finite_diagnostic,emx_minus_frozen_proxy,Qmin,dimensionless,5,0.08642383111237635,0.0991873172386918,0.029580359439167127,0.07107961181026923,0.13769994788098006,0.15856140834217738,PROVISIONAL_SMALL_REQUEST_N,5,0.051329451245812764,0.13607545711862948,0.05488076849896583,0.1460651479141009,-0.049749063457590025,0.10890978233592427,0.035472041078095984,0.17942286880337477,0.07105939403526307,0.17942286880337477,0.07106950292276615,0.17942286880337477,20,5,5,0,0,0,0,0,15,5,5,5,5,,1.0,0.25,1.0,NOT_ESTIMABLE,,,PROVISIONAL_SMALL_REQUEST_N,1.0,1.0,PROVISIONAL_SMALL_REQUEST_N,1.0,1.0,NOT_PRIMARY; use physical units and frozen spans
14,f14-734ef171b954,FORMAL_10K,HELDOUT_TRIPLE_AUDIT,STRICT_LUMPED,f12d43eace12231077007dc497fee8dad00fbe58cb2f1fe2c6159c47636b97a0,selected_q_proxy,all_finite_diagnostic,emx_minus_frozen_proxy,K_abs,dimensionless,5,0.004296384327077474,0.004827844320337159,0.0002512857921941114,0.0052248539313617115,0.005976602123660357,0.006026013492232085,PROVISIONAL_SMALL_REQUEST_N,5,0.0021308299527394658,0.005806487937771937,0.0033250842096845742,0.00581481591433167,-0.004031319233680675,0.004533890818068898,6.889650601343833e-05,0.006075424860803813,0.0048486636865223195,0.006075424860803813,0.0050367588089420155,0.006075424860803813,20,5,5,0,0,0,0,0,15,5,5,5,5,,1.0,0.25,1.0,NOT_ESTIMABLE,,,PROVISIONAL_SMALL_REQUEST_N,1.0,1.0,PROVISIONAL_SMALL_REQUEST_N,1.0,1.0,NOT_PRIMARY; use physical units and frozen spans
16,f16-d1f0e127f1c7,FORMAL_10K,HELDOUT_TRIPLE_AUDIT,STRICT_LUMPED,f12d43eace12231077007dc497fee8dad00fbe58cb2f1fe2c6159c47636b97a0,all_candidates,strict_valid,emx_minus_target,Lp_nH,nH,36,0.1143231298202334,0.2202752839899931,-0.10006192719452166,0.02256832429381772,0.43955893094087095,0.5607090059680586,PROVISIONAL_SMALL_REQUEST_N,5,0.038275552995704225,0.2270833299393629,0.07817929523478295,0.33377208609904163,-0.222254831659534,-0.01765275906695519,0.012887971676218246,0.06414392176315786,0.06953439625216273,0.5927717840092992,0.07525747202249178,0.6760038137796571,220,40,36,4,38,3,0,0,139,22,40,40,55,,0.4,0.1,0.6111111111111112,NOT_ESTIMABLE,,,PROVISIONAL_SMALL_REQUEST_N,0.2545454545454545,0.5818181818181818,PROVISIONAL_SMALL_REQUEST_N,0.4827586206896552,0.7317073170731707,NOT_PRIMARY; use physical units and frozen spans
16,f16-d1f0e127f1c7,FORMAL_10K,HELDOUT_TRIPLE_AUDIT,STRICT_LUMPED,f12d43eace12231077007dc497fee8dad00fbe58cb2f1fe2c6159c47636b97a0,all_candidates,strict_valid,emx_minus_target,Ls_nH,nH,36,0.06009582977464757,0.10501378000046475,-0.023019654177710396,0.020746989164284302,0.14729027093279906,0.2629408111181033,PROVISIONAL_SMALL_REQUEST_N,5,0.025791116951484783,0.11467248203109626,0.040177031024554465,0.16644591167593092,-0.09620698590814333,0.033538833868647366,0.007101452998434121,0.09746985139226849,0.059766009587677305,0.31564716188474207,0.08564979149557717,0.3464059172961169,220,40,36,4,38,3,0,0,139,22,40,40,55,,0.4,0.1,0.6111111111111112,NOT_ESTIMABLE,,,PROVISIONAL_SMALL_REQUEST_N,0.2545454545454545,0.5818181818181818,PROVISIONAL_SMALL_REQUEST_N,0.4827586206896552,0.7317073170731707,NOT_PRIMARY; use physical units and frozen spans
16,f16-d1f0e127f1c7,FORMAL_10K,HELDOUT_TRIPLE_AUDIT,STRICT_LUMPED,f12d43eace12231077007dc497fee8dad00fbe58cb2f1fe2c6159c47636b97a0,all_candidates,strict_valid,emx_minus_target,Qmin,dimensionless,36,0.497989633915082,0.7623917129420869,-0.052616367931731696,0.2656151912939615,1.1831261269024855,1.443002454699664,PROVISIONAL_SMALL_REQUEST_N,5,0.37094828160361526,0.6310773939153623,0.5584592436444955,0.9712898282964725,-0.3202628838146968,0.1909002444558276,0.1420476358579883,0.42620077252510163,1.0387919017317717,1.4500632978351646,1.0688560049724476,2.820646050784821,220,40,36,4,38,3,0,0,139,22,40,40,55,,0.4,0.1,0.6111111111111112,NOT_ESTIMABLE,,,PROVISIONAL_SMALL_REQUEST_N,0.2545454545454545,0.5818181818181818,PROVISIONAL_SMALL_REQUEST_N,0.4827586206896552,0.7317073170731707,NOT_PRIMARY; use physical units and frozen spans
16,f16-d1f0e127f1c7,FORMAL_10K,HELDOUT_TRIPLE_AUDIT,STRICT_LUMPED,f12d43eace12231077007dc497fee8dad00fbe58cb2f1fe2c6159c47636b97a0,all_candidates,strict_valid,emx_minus_target,K_abs,dimensionless,36,0.020716755375924375,0.030658047226329314,0.002732175066269053,0.011900909207610375,0.05085007749263179,0.06865047447298456,PROVISIONAL_SMALL_REQUEST_N,5,0.013973644085518587,0.027189556401330382,0.017452414442036993,0.037854699550563864,-0.01006012521428481,0.014832999655982166,0.010301150257222308,0.017287337692773658,0.022700220875989906,0.06300616764141245,0.030647140185047668,0.09244800659357125,220,40,36,4,38,3,0,0,139,22,40,40,55,,0.4,0.1,0.6111111111111112,NOT_ESTIMABLE,,,PROVISIONAL_SMALL_REQUEST_N,0.2545454545454545,0.5818181818181818,PROVISIONAL_SMALL_REQUEST_N,0.4827586206896552,0.7317073170731707,NOT_PRIMARY; use physical units and frozen spans
16,f16-d1f0e127f1c7,FORMAL_10K,HELDOUT_TRIPLE_AUDIT,STRICT_LUMPED,f12d43eace12231077007dc497fee8dad00fbe58cb2f1fe2c6159c47636b97a0,all_candidates,strict_valid,emx_minus_frozen_proxy,Lp_nH,nH,36,0.00783155170942103,0.009657652348326313,-0.0006394220992861818,0.006446075901897719,0.01440778287530109,0.01580006429089309,PROVISIONAL_SMALL_REQUEST_N,5,0.00617525192496295,0.010004852248299735,0.007464993747457649,0.011931042014337792,-0.0028787486265009297,0.0029215009161522682,0.004690060519804362,0.011226646263547302,0.013500394599250676,0.01570337910241964,0.014003554301085908,0.024662017047420104,220,40,36,4,38,3,0,0,139,22,40,40,55,,0.4,0.1,0.6111111111111112,NOT_ESTIMABLE,,,PROVISIONAL_SMALL_REQUEST_N,0.2545454545454545,0.5818181818181818,PROVISIONAL_SMALL_REQUEST_N,0.4827586206896552,0.7317073170731707,NOT_PRIMARY; use physical units and frozen spans
16,f16-d1f0e127f1c7,FORMAL_10K,HELDOUT_TRIPLE_AUDIT,STRICT_LUMPED,f12d43eace12231077007dc497fee8dad00fbe58cb2f1fe2c6159c47636b97a0,all_candidates,strict_valid,emx_minus_frozen_proxy,Ls_nH,nH,36,0.009700877732108417,0.014337478458468184,0.002388873702596559,0.005901005678354054,0.023446023432637464,0.03607399606884881,PROVISIONAL_SMALL_REQUEST_N,5,0.006229483546111369,0.014713566636717215,0.008748091817475361,0.02080761685298227,-0.0019615434219275017,0.009290022633363603,0.00458105110363205,0.008442728571365743,0.008640799358601736,0.03976760708727905,0.019263215813743472,0.041679437318652424,220,40,36,4,38,3,0,0,139,22,40,40,55,,0.4,0.1,0.6111111111111112,NOT_ESTIMABLE,,,PROVISIONAL_SMALL_REQUEST_N,0.2545454545454545,0.5818181818181818,PROVISIONAL_SMALL_REQUEST_N,0.4827586206896552,0.7317073170731707,NOT_PRIMARY; use physical units and frozen spans
16,f16-d1f0e127f1c7,FORMAL_10K,HELDOUT_TRIPLE_AUDIT,STRICT_LUMPED,f12d43eace12231077007dc497fee8dad00fbe58cb2f1fe2c6159c47636b97a0,all_candidates,strict_valid,emx_minus_frozen_proxy,Qmin,dimensionless,36,0.27575006759832177,0.3693518254854573,-0.12175357030057393,0.19707642267810943,0.6226612100250719,0.704970475953449,PROVISIONAL_SMALL_REQUEST_N,5,0.16104190841747998,0.4298822458512972,0.22060668268811884,0.5011454974486909,-0.22349320432946115,-0.043933990511688295,0.0922638917658567,0.5007929316935869,0.27124850067102213,0.7989918858743401,0.3585515926909072,0.9328882233752314,220,40,36,4,38,3,0,0,139,22,40,40,55,,0.4,0.1,0.6111111111111112,NOT_ESTIMABLE,,,PROVISIONAL_SMALL_REQUEST_N,0.2545454545454545,0.5818181818181818,PROVISIONAL_SMALL_REQUEST_N,0.4827586206896552,0.7317073170731707,NOT_PRIMARY; use physical units and frozen spans
16,f16-d1f0e127f1c7,FORMAL_10K,HELDOUT_TRIPLE_AUDIT,STRICT_LUMPED,f12d43eace12231077007dc497fee8dad00fbe58cb2f1fe2c6159c47636b97a0,all_candidates,strict_valid,emx_minus_frozen_proxy,K_abs,dimensionless,36,0.006673435392071662,0.008419087698655797,0.0025406749169110425,0.005053312330382087,0.012942281107251208,0.016507545783319352,PROVISIONAL_SMALL_REQUEST_N,5,0.005523811564922356,0.007888752009343785,0.006675903629570058,0.010013250036364866,0.0010328385602563538,0.004377340943675725,0.004434363188261348,0.006075863059937528,0.010956881665842855,0.01982588266268162,0.012101016610796322,0.02235740285875359,220,40,36,4,38,3,0,0,139,22,40,40,55,,0.4,0.1,0.6111111111111112,NOT_ESTIMABLE,,,PROVISIONAL_SMALL_REQUEST_N,0.2545454545454545,0.5818181818181818,PROVISIONAL_SMALL_REQUEST_N,0.4827586206896552,0.7317073170731707,NOT_PRIMARY; use physical units and frozen spans
16,f16-d1f0e127f1c7,FORMAL_10K,HELDOUT_TRIPLE_AUDIT,STRICT_LUMPED,f12d43eace12231077007dc497fee8dad00fbe58cb2f1fe2c6159c47636b97a0,all_candidates,all_finite_diagnostic,emx_minus_target,Lp_nH,nH,40,0.1197624766616078,0.22043633927586911,-0.10530357351272075,0.034675407800600744,0.4031675118359314,0.5521589318237277,PROVISIONAL_SMALL_REQUEST_N,5,0.03881190941733399,0.22384177740424555,0.07715569329134903,0.3215804422153896,-0.21612943131925255,-0.019105684107640464,0.01705752041792108,0.11678623543669286,0.06953439625216273,0.5756716357206376,0.07525747202249178,0.6760038137796571,220,40,36,4,38,3,0,0,139,22,40,40,55,,0.4,0.1,0.6111111111111112,NOT_ESTIMABLE,,,PROVISIONAL_SMALL_REQUEST_N,0.2545454545454545,0.5818181818181818,PROVISIONAL_SMALL_REQUEST_N,0.4827586206896552,0.7317073170731707,NOT_PRIMARY; use physical units and frozen spans
16,f16-d1f0e127f1c7,FORMAL_10K,HELDOUT_TRIPLE_AUDIT,STRICT_LUMPED,f12d43eace12231077007dc497fee8dad00fbe58cb2f1fe2c6159c47636b97a0,all_candidates,all_finite_diagnostic,emx_minus_target,Ls_nH,nH,40,0.06312693949067077,0.10482129787399369,-0.011953802857140589,0.02383883826939004,0.14158229854805127,0.24888578424699942,PROVISIONAL_SMALL_REQUEST_N,5,0.025887421843209815,0.11218370714943303,0.041609491687712066,0.16109755356791777,-0.08489851216701495,0.044453451451609526,0.009620275610827678,0.11592885182032586,0.059766009587677305,0.31564716188474207,0.08564979149557717,0.3464059172961169,220,40,36,4,38,3,0,0,139,22,40,40,55,,0.4,0.1,0.6111111111111112,NOT_ESTIMABLE,,,PROVISIONAL_SMALL_REQUEST_N,0.2545454545454545,0.5818181818181818,PROVISIONAL_SMALL_REQUEST_N,0.4827586206896552,0.7317073170731707,NOT_PRIMARY; use physical units and frozen spans
16,f16-d1f0e127f1c7,FORMAL_10K,HELDOUT_TRIPLE_AUDIT,STRICT_LUMPED,f12d43eace12231077007dc497fee8dad00fbe58cb2f1fe2c6159c47636b97a0,all_candidates,all_finite_diagnostic,emx_minus_target,Qmin,dimensionless,40,0.5034254694742183,0.7541001967487899,-0.04364999958282949,0.2656151912939615,1.0917100293584554,1.4147590821576634,PROVISIONAL_SMALL_REQUEST_N,5,0.3729938788997386,0.6578040294979428,0.5469937416302191,0.9646529484175842,-0.24547230259283676,0.1909002444558276,0.1420476358579883,0.5531246934132277,1.0387919017317717,1.421819925293164,1.0688560049724476,2.4488176792683305,220,40,36,4,38,3,0,0,139,22,40,40,55,,0.4,0.1,0.6111111111111112,NOT_ESTIMABLE,,,PROVISIONAL_SMALL_REQUEST_N,0.2545454545454545,0.5818181818181818,PROVISIONAL_SMALL_REQUEST_N,0.4827586206896552,0.7317073170731707,NOT_PRIMARY; use physical units and frozen spans
16,f16-d1f0e127f1c7,FORMAL_10K,HELDOUT_TRIPLE_AUDIT,STRICT_LUMPED,f12d43eace12231077007dc497fee8dad00fbe58cb2f1fe2c6159c47636b97a0,all_candidates,all_finite_diagnostic,emx_minus_target,K_abs,dimensionless,40,0.022428413780373874,0.03299892160920558,0.003098321575191362,0.013766205120158699,0.05247073117482352,0.08572692317690694,PROVISIONAL_SMALL_REQUEST_N,5,0.014572457407612836,0.028056853082527623,0.018238778068604366,0.040752750590741384,-0.007830337761430672,0.014832999655982166,0.011222989077657938,0.019495669642151964,0.0227833892734515,0.08558339496770084,0.037212259420659345,0.09244800659357125,220,40,36,4,38,3,0,0,139,22,40,40,55,,0.4,0.1,0.6111111111111112,NOT_ESTIMABLE,,,PROVISIONAL_SMALL_REQUEST_N,0.2545454545454545,0.5818181818181818,PROVISIONAL_SMALL_REQUEST_N,0.4827586206896552,0.7317073170731707,NOT_PRIMARY; use physical units and frozen spans
16,f16-d1f0e127f1c7,FORMAL_10K,HELDOUT_TRIPLE_AUDIT,STRICT_LUMPED,f12d43eace12231077007dc497fee8dad00fbe58cb2f1fe2c6159c47636b97a0,all_candidates,all_finite_diagnostic,emx_minus_frozen_proxy,Lp_nH,nH,40,0.009616162370295908,0.014619566844289273,0.001992285942459418,0.007230077300664606,0.015407320352695078,0.02426776962637368,PROVISIONAL_SMALL_REQUEST_N,5,0.006508485428934543,0.013962814195783078,0.008066315644944325,0.02184960357675777,-0.0020041669300647214,0.008098472932764215,0.005520964645597148,0.011226646263547302,0.013923675051289974,0.024496018133295296,0.014859772271196326,0.06723598391490682,220,40,36,4,38,3,0,0,139,22,40,40,55,,0.4,0.1,0.6111111111111112,NOT_ESTIMABLE,,,PROVISIONAL_SMALL_REQUEST_N,0.2545454545454545,0.5818181818181818,PROVISIONAL_SMALL_REQUEST_N,0.4827586206896552,0.7317073170731707,NOT_PRIMARY; use physical units and frozen spans
16,f16-d1f0e127f1c7,FORMAL_10K,HELDOUT_TRIPLE_AUDIT,STRICT_LUMPED,f12d43eace12231077007dc497fee8dad00fbe58cb2f1fe2c6159c47636b97a0,all_candidates,all_finite_diagnostic,emx_minus_frozen_proxy,Ls_nH,nH,40,0.010179486483058794,0.01471884843699598,0.002868422606672158,0.006291250179137398,0.025208417531690994,0.03542891406062267,PROVISIONAL_SMALL_REQUEST_N,5,0.006810802201110538,0.014703524856371247,0.009041523114333328,0.020347264509354354,-0.00249337093297289,0.010094580858363629,0.004865224727337469,0.010005421541433135,0.013927662420448739,0.03849305359969679,0.019039991488247643,0.041679437318652424,220,40,36,4,38,3,0,0,139,22,40,40,55,,0.4,0.1,0.6111111111111112,NOT_ESTIMABLE,,,PROVISIONAL_SMALL_REQUEST_N,0.2545454545454545,0.5818181818181818,PROVISIONAL_SMALL_REQUEST_N,0.4827586206896552,0.7317073170731707,NOT_PRIMARY; use physical units and frozen spans
16,f16-d1f0e127f1c7,FORMAL_10K,HELDOUT_TRIPLE_AUDIT,STRICT_LUMPED,f12d43eace12231077007dc497fee8dad00fbe58cb2f1fe2c6159c47636b97a0,all_candidates,all_finite_diagnostic,emx_minus_frozen_proxy,Qmin,dimensionless,40,0.29741158711836013,0.3949266697147183,-0.1581637067437792,0.22303579534164975,0.6445527421117841,0.7999283410762921,PROVISIONAL_SMALL_REQUEST_N,5,0.167193471653692,0.46443715706926264,0.23969558768646246,0.5316265362644966,-0.33065660283565124,-0.044846546364580644,0.0922638917658567,0.5007929316935869,0.2937298520704268,0.8102293482977636,0.5044743246959446,0.9328882233752314,220,40,36,4,38,3,0,0,139,22,40,40,55,,0.4,0.1,0.6111111111111112,NOT_ESTIMABLE,,,PROVISIONAL_SMALL_REQUEST_N,0.2545454545454545,0.5818181818181818,PROVISIONAL_SMALL_REQUEST_N,0.4827586206896552,0.7317073170731707,NOT_PRIMARY; use physical units and frozen spans
16,f16-d1f0e127f1c7,FORMAL_10K,HELDOUT_TRIPLE_AUDIT,STRICT_LUMPED,f12d43eace12231077007dc497fee8dad00fbe58cb2f1fe2c6159c47636b97a0,all_candidates,all_finite_diagnostic,emx_minus_frozen_proxy,K_abs,dimensionless,40,0.007195641786404126,0.00953652755713215,0.002820905011711124,0.0051401687142382385,0.013945334392355346,0.019959120567738034,PROVISIONAL_SMALL_REQUEST_N,5,0.005523811564922356,0.009092548704862863,0.006675903629570058,0.01203788712761188,0.0010328385602563538,0.004775520124534706,0.004838171177408729,0.006079235248599148,0.010956881665842855,0.02249064076381002,0.012197069733601023,0.028742007143978704,220,40,36,4,38,3,0,0,139,22,40,40,55,,0.4,0.1,0.6111111111111112,NOT_ESTIMABLE,,,PROVISIONAL_SMALL_REQUEST_N,0.2545454545454545,0.5818181818181818,PROVISIONAL_SMALL_REQUEST_N,0.4827586206896552,0.7317073170731707,NOT_PRIMARY; use physical units and frozen spans
16,f16-d1f0e127f1c7,FORMAL_10K,HELDOUT_TRIPLE_AUDIT,STRICT_LUMPED,f12d43eace12231077007dc497fee8dad00fbe58cb2f1fe2c6159c47636b97a0,selected_q_proxy,strict_valid,emx_minus_target,Lp_nH,nH,4,0.011003952415738039,0.013822978601393152,-0.007881760550410788,0.009566177703436374,0.020395788893428038,0.022004606868544413,PROVISIONAL_SMALL_REQUEST_N,4,0.0037572065715365532,0.019271164565409227,0.0045058463624535056,0.020686794258157268,-0.018250698259939524,0.002487177159117948,0.0012700294124186051,0.023613424843660802,0.006244383730654501,0.023613424843660802,0.006244383730654501,0.023613424843660802,20,4,4,0,0,1,0,0,15,4,4,4,5,,0.8,0.2,1.0,NOT_ESTIMABLE,,,PROVISIONAL_SMALL_REQUEST_N,0.4,1.0,PROVISIONAL_SMALL_REQUEST_N,1.0,1.0,NOT_PRIMARY; use physical units and frozen spans
16,f16-d1f0e127f1c7,FORMAL_10K,HELDOUT_TRIPLE_AUDIT,STRICT_LUMPED,f12d43eace12231077007dc497fee8dad00fbe58cb2f1fe2c6159c47636b97a0,selected_q_proxy,strict_valid,emx_minus_target,Ls_nH,nH,4,0.0038158947485771866,0.004116458544944515,-0.0011529826954719824,0.003740853075546613,0.005408611649381823,0.005738412303381312,PROVISIONAL_SMALL_REQUEST_N,4,0.002252630397055422,0.005454200773129525,0.0024384034411135884,0.005556918117161147,-0.004968877444049169,0.002662912053105204,0.0017136598858347174,0.006068212957380803,0.00322277731725269,0.006068212957380803,0.0035461596239851115,0.006068212957380803,20,4,4,0,0,1,0,0,15,4,4,4,5,,0.8,0.2,1.0,NOT_ESTIMABLE,,,PROVISIONAL_SMALL_REQUEST_N,0.4,1.0,PROVISIONAL_SMALL_REQUEST_N,1.0,1.0,NOT_PRIMARY; use physical units and frozen spans
16,f16-d1f0e127f1c7,FORMAL_10K,HELDOUT_TRIPLE_AUDIT,STRICT_LUMPED,f12d43eace12231077007dc497fee8dad00fbe58cb2f1fe2c6159c47636b97a0,selected_q_proxy,strict_valid,emx_minus_target,Qmin,dimensionless,4,0.14981362076419025,0.18182703534267072,-0.14981362076419025,0.14299097102512537,0.2631903462810737,0.2755633055315666,PROVISIONAL_SMALL_REQUEST_N,4,0.052934174247964094,0.2466930672804164,0.059696488829997965,0.2525902276386952,-0.2466930672804164,-0.052934174247964094,0.02533627622445067,0.2879362647820596,0.08053207227147752,0.2879362647820596,0.08053207227147752,0.2879362647820596,20,4,4,0,0,1,0,0,15,4,4,4,5,,0.8,0.2,1.0,NOT_ESTIMABLE,,,PROVISIONAL_SMALL_REQUEST_N,0.4,1.0,PROVISIONAL_SMALL_REQUEST_N,1.0,1.0,NOT_PRIMARY; use physical units and frozen spans
16,f16-d1f0e127f1c7,FORMAL_10K,HELDOUT_TRIPLE_AUDIT,STRICT_LUMPED,f12d43eace12231077007dc497fee8dad00fbe58cb2f1fe2c6159c47636b97a0,selected_q_proxy,strict_valid,emx_minus_target,K_abs,dimensionless,4,0.005265833291623969,0.006890134427511517,0.004621772872892765,0.0036381220399609795,0.010340035668683363,0.011419501958897432,PROVISIONAL_SMALL_REQUEST_N,4,0.0016309193015166742,0.009867655628226366,0.0016665558961575816,0.010869316718347838,0.00034279846405426556,0.009867655628226366,0.0012881208374624087,0.012498968249111508,0.00197371776557094,0.012498968249111508,0.00197371776557094,0.012498968249111508,20,4,4,0,0,1,0,0,15,4,4,4,5,,0.8,0.2,1.0,NOT_ESTIMABLE,,,PROVISIONAL_SMALL_REQUEST_N,0.4,1.0,PROVISIONAL_SMALL_REQUEST_N,1.0,1.0,NOT_PRIMARY; use physical units and frozen spans
16,f16-d1f0e127f1c7,FORMAL_10K,HELDOUT_TRIPLE_AUDIT,STRICT_LUMPED,f12d43eace12231077007dc497fee8dad00fbe58cb2f1fe2c6159c47636b97a0,selected_q_proxy,strict_valid,emx_minus_frozen_proxy,Lp_nH,nH,4,0.008825881539215125,0.010322563138401998,1.31547622554129e-05,0.008839036301470538,0.01449824736733516,0.014821869213949112,PROVISIONAL_SMALL_REQUEST_N,4,0.00358501150658036,0.01406675157184989,0.003751458492898585,0.014108053681094728,-0.010186603165471209,0.009121018439013445,0.002479962493356358,0.015145491060563065,0.004690060519804362,0.015145491060563065,0.004690060519804362,0.015145491060563065,20,4,4,0,0,1,0,0,15,4,4,4,5,,0.8,0.2,1.0,NOT_ESTIMABLE,,,PROVISIONAL_SMALL_REQUEST_N,0.4,1.0,PROVISIONAL_SMALL_REQUEST_N,1.0,1.0,NOT_PRIMARY; use physical units and frozen spans
16,f16-d1f0e127f1c7,FORMAL_10K,HELDOUT_TRIPLE_AUDIT,STRICT_LUMPED,f12d43eace12231077007dc497fee8dad00fbe58cb2f1fe2c6159c47636b97a0,selected_q_proxy,strict_valid,emx_minus_frozen_proxy,Ls_nH,nH,4,0.0020738003385758763,0.0029731603839812833,-0.0019930547134694165,0.0015723172027994892,0.00449204835915995,0.0048109433394959425,PROVISIONAL_SMALL_REQUEST_N,4,8.074562510645977e-05,0.004066855052045293,0.00010060763296474688,0.004443127774395393,-0.004066855052045293,8.074562510645977e-05,2.0728628872590527e-05,0.005129838319831936,0.00014076262134032902,0.005129838319831936,0.00014076262134032902,0.005129838319831936,20,4,4,0,0,1,0,0,15,4,4,4,5,,0.8,0.2,1.0,NOT_ESTIMABLE,,,PROVISIONAL_SMALL_REQUEST_N,0.4,1.0,PROVISIONAL_SMALL_REQUEST_N,1.0,1.0,NOT_PRIMARY; use physical units and frozen spans
16,f16-d1f0e127f1c7,FORMAL_10K,HELDOUT_TRIPLE_AUDIT,STRICT_LUMPED,f12d43eace12231077007dc497fee8dad00fbe58cb2f1fe2c6159c47636b97a0,selected_q_proxy,strict_valid,emx_minus_frozen_proxy,Qmin,dimensionless,4,0.14984676094668536,0.17784535739744298,-0.14984676094668536,0.15210189860691248,0.25201738409235297,0.2610699831591301,PROVISIONAL_SMALL_REQUEST_N,4,0.05974626989005394,0.2399472520033168,0.06908478846796057,0.2418372061904156,-0.2399472520033168,-0.05974626989005394,0.025060664347009265,0.27012258222590724,0.09443187543309861,0.27012258222590724,0.09443187543309861,0.27012258222590724,20,4,4,0,0,1,0,0,15,4,4,4,5,,0.8,0.2,1.0,NOT_ESTIMABLE,,,PROVISIONAL_SMALL_REQUEST_N,0.4,1.0,PROVISIONAL_SMALL_REQUEST_N,1.0,1.0,NOT_PRIMARY; use physical units and frozen spans
16,f16-d1f0e127f1c7,FORMAL_10K,HELDOUT_TRIPLE_AUDIT,STRICT_LUMPED,f12d43eace12231077007dc497fee8dad00fbe58cb2f1fe2c6159c47636b97a0,selected_q_proxy,strict_valid,emx_minus_frozen_proxy,K_abs,dimensionless,4,0.005523642721216623,0.006755638877054323,0.0044881301251929046,0.003961264541011367,0.00980102058403583,0.010951018597416073,PROVISIONAL_SMALL_REQUEST_N,4,0.002661859691100915,0.009947803931537588,0.00285179824512941,0.010623924773203001,-0.0004446780969702413,0.009947803931537588,0.0020710251920474376,0.012101016610796322,0.0034881658937613857,0.012101016610796322,0.0034881658937613857,0.012101016610796322,20,4,4,0,0,1,0,0,15,4,4,4,5,,0.8,0.2,1.0,NOT_ESTIMABLE,,,PROVISIONAL_SMALL_REQUEST_N,0.4,1.0,PROVISIONAL_SMALL_REQUEST_N,1.0,1.0,NOT_PRIMARY; use physical units and frozen spans
16,f16-d1f0e127f1c7,FORMAL_10K,HELDOUT_TRIPLE_AUDIT,STRICT_LUMPED,f12d43eace12231077007dc497fee8dad00fbe58cb2f1fe2c6159c47636b97a0,selected_q_proxy,all_finite_diagnostic,emx_minus_target,Lp_nH,nH,4,0.011003952415738039,0.013822978601393152,-0.007881760550410788,0.009566177703436374,0.020395788893428038,0.022004606868544413,PROVISIONAL_SMALL_REQUEST_N,4,0.0037572065715365532,0.019271164565409227,0.0045058463624535056,0.020686794258157268,-0.018250698259939524,0.002487177159117948,0.0012700294124186051,0.023613424843660802,0.006244383730654501,0.023613424843660802,0.006244383730654501,0.023613424843660802,20,4,4,0,0,1,0,0,15,4,4,4,5,,0.8,0.2,1.0,NOT_ESTIMABLE,,,PROVISIONAL_SMALL_REQUEST_N,0.4,1.0,PROVISIONAL_SMALL_REQUEST_N,1.0,1.0,NOT_PRIMARY; use physical units and frozen spans
16,f16-d1f0e127f1c7,FORMAL_10K,HELDOUT_TRIPLE_AUDIT,STRICT_LUMPED,f12d43eace12231077007dc497fee8dad00fbe58cb2f1fe2c6159c47636b97a0,selected_q_proxy,all_finite_diagnostic,emx_minus_target,Ls_nH,nH,4,0.0038158947485771866,0.004116458544944515,-0.0011529826954719824,0.003740853075546613,0.005408611649381823,0.005738412303381312,PROVISIONAL_SMALL_REQUEST_N,4,0.002252630397055422,0.005454200773129525,0.0024384034411135884,0.005556918117161147,-0.004968877444049169,0.002662912053105204,0.0017136598858347174,0.006068212957380803,0.00322277731725269,0.006068212957380803,0.0035461596239851115,0.006068212957380803,20,4,4,0,0,1,0,0,15,4,4,4,5,,0.8,0.2,1.0,NOT_ESTIMABLE,,,PROVISIONAL_SMALL_REQUEST_N,0.4,1.0,PROVISIONAL_SMALL_REQUEST_N,1.0,1.0,NOT_PRIMARY; use physical units and frozen spans
16,f16-d1f0e127f1c7,FORMAL_10K,HELDOUT_TRIPLE_AUDIT,STRICT_LUMPED,f12d43eace12231077007dc497fee8dad00fbe58cb2f1fe2c6159c47636b97a0,selected_q_proxy,all_finite_diagnostic,emx_minus_target,Qmin,dimensionless,4,0.14981362076419025,0.18182703534267072,-0.14981362076419025,0.14299097102512537,0.2631903462810737,0.2755633055315666,PROVISIONAL_SMALL_REQUEST_N,4,0.052934174247964094,0.2466930672804164,0.059696488829997965,0.2525902276386952,-0.2466930672804164,-0.052934174247964094,0.02533627622445067,0.2879362647820596,0.08053207227147752,0.2879362647820596,0.08053207227147752,0.2879362647820596,20,4,4,0,0,1,0,0,15,4,4,4,5,,0.8,0.2,1.0,NOT_ESTIMABLE,,,PROVISIONAL_SMALL_REQUEST_N,0.4,1.0,PROVISIONAL_SMALL_REQUEST_N,1.0,1.0,NOT_PRIMARY; use physical units and frozen spans
16,f16-d1f0e127f1c7,FORMAL_10K,HELDOUT_TRIPLE_AUDIT,STRICT_LUMPED,f12d43eace12231077007dc497fee8dad00fbe58cb2f1fe2c6159c47636b97a0,selected_q_proxy,all_finite_diagnostic,emx_minus_target,K_abs,dimensionless,4,0.005265833291623969,0.006890134427511517,0.004621772872892765,0.0036381220399609795,0.010340035668683363,0.011419501958897432,PROVISIONAL_SMALL_REQUEST_N,4,0.0016309193015166742,0.009867655628226366,0.0016665558961575816,0.010869316718347838,0.00034279846405426556,0.009867655628226366,0.0012881208374624087,0.012498968249111508,0.00197371776557094,0.012498968249111508,0.00197371776557094,0.012498968249111508,20,4,4,0,0,1,0,0,15,4,4,4,5,,0.8,0.2,1.0,NOT_ESTIMABLE,,,PROVISIONAL_SMALL_REQUEST_N,0.4,1.0,PROVISIONAL_SMALL_REQUEST_N,1.0,1.0,NOT_PRIMARY; use physical units and frozen spans
16,f16-d1f0e127f1c7,FORMAL_10K,HELDOUT_TRIPLE_AUDIT,STRICT_LUMPED,f12d43eace12231077007dc497fee8dad00fbe58cb2f1fe2c6159c47636b97a0,selected_q_proxy,all_finite_diagnostic,emx_minus_frozen_proxy,Lp_nH,nH,4,0.008825881539215125,0.010322563138401998,1.31547622554129e-05,0.008839036301470538,0.01449824736733516,0.014821869213949112,PROVISIONAL_SMALL_REQUEST_N,4,0.00358501150658036,0.01406675157184989,0.003751458492898585,0.014108053681094728,-0.010186603165471209,0.009121018439013445,0.002479962493356358,0.015145491060563065,0.004690060519804362,0.015145491060563065,0.004690060519804362,0.015145491060563065,20,4,4,0,0,1,0,0,15,4,4,4,5,,0.8,0.2,1.0,NOT_ESTIMABLE,,,PROVISIONAL_SMALL_REQUEST_N,0.4,1.0,PROVISIONAL_SMALL_REQUEST_N,1.0,1.0,NOT_PRIMARY; use physical units and frozen spans
16,f16-d1f0e127f1c7,FORMAL_10K,HELDOUT_TRIPLE_AUDIT,STRICT_LUMPED,f12d43eace12231077007dc497fee8dad00fbe58cb2f1fe2c6159c47636b97a0,selected_q_proxy,all_finite_diagnostic,emx_minus_frozen_proxy,Ls_nH,nH,4,0.0020738003385758763,0.0029731603839812833,-0.0019930547134694165,0.0015723172027994892,0.00449204835915995,0.0048109433394959425,PROVISIONAL_SMALL_REQUEST_N,4,8.074562510645977e-05,0.004066855052045293,0.00010060763296474688,0.004443127774395393,-0.004066855052045293,8.074562510645977e-05,2.0728628872590527e-05,0.005129838319831936,0.00014076262134032902,0.005129838319831936,0.00014076262134032902,0.005129838319831936,20,4,4,0,0,1,0,0,15,4,4,4,5,,0.8,0.2,1.0,NOT_ESTIMABLE,,,PROVISIONAL_SMALL_REQUEST_N,0.4,1.0,PROVISIONAL_SMALL_REQUEST_N,1.0,1.0,NOT_PRIMARY; use physical units and frozen spans
16,f16-d1f0e127f1c7,FORMAL_10K,HELDOUT_TRIPLE_AUDIT,STRICT_LUMPED,f12d43eace12231077007dc497fee8dad00fbe58cb2f1fe2c6159c47636b97a0,selected_q_proxy,all_finite_diagnostic,emx_minus_frozen_proxy,Qmin,dimensionless,4,0.14984676094668536,0.17784535739744298,-0.14984676094668536,0.15210189860691248,0.25201738409235297,0.2610699831591301,PROVISIONAL_SMALL_REQUEST_N,4,0.05974626989005394,0.2399472520033168,0.06908478846796057,0.2418372061904156,-0.2399472520033168,-0.05974626989005394,0.025060664347009265,0.27012258222590724,0.09443187543309861,0.27012258222590724,0.09443187543309861,0.27012258222590724,20,4,4,0,0,1,0,0,15,4,4,4,5,,0.8,0.2,1.0,NOT_ESTIMABLE,,,PROVISIONAL_SMALL_REQUEST_N,0.4,1.0,PROVISIONAL_SMALL_REQUEST_N,1.0,1.0,NOT_PRIMARY; use physical units and frozen spans
16,f16-d1f0e127f1c7,FORMAL_10K,HELDOUT_TRIPLE_AUDIT,STRICT_LUMPED,f12d43eace12231077007dc497fee8dad00fbe58cb2f1fe2c6159c47636b97a0,selected_q_proxy,all_finite_diagnostic,emx_minus_frozen_proxy,K_abs,dimensionless,4,0.005523642721216623,0.006755638877054323,0.0044881301251929046,0.003961264541011367,0.00980102058403583,0.010951018597416073,PROVISIONAL_SMALL_REQUEST_N,4,0.002661859691100915,0.009947803931537588,0.00285179824512941,0.010623924773203001,-0.0004446780969702413,0.009947803931537588,0.0020710251920474376,0.012101016610796322,0.0034881658937613857,0.012101016610796322,0.0034881658937613857,0.012101016610796322,20,4,4,0,0,1,0,0,15,4,4,4,5,,0.8,0.2,1.0,NOT_ESTIMABLE,,,PROVISIONAL_SMALL_REQUEST_N,0.4,1.0,PROVISIONAL_SMALL_REQUEST_N,1.0,1.0,NOT_PRIMARY; use physical units and frozen spans
17,f17-7b878ff5d5dc,FORMAL_10K,HELDOUT_TRIPLE_AUDIT,STRICT_LUMPED,f12d43eace12231077007dc497fee8dad00fbe58cb2f1fe2c6159c47636b97a0,all_candidates,strict_valid,emx_minus_target,Lp_nH,nH,34,0.032888131774885455,0.06586458981196537,0.0023990813650449703,0.010596330083551653,0.06775148481653394,0.11016730189832757,PROVISIONAL_SMALL_REQUEST_N,5,0.02059982253744998,0.059670628952761005,0.030800380124202976,0.11605217012027347,-0.032862456310887994,0.01497586875902378,0.005539417933801971,0.02068263198418152,0.04199460292014345,0.26231997939838153,0.05384493178534644,0.31443874130164007,220,37,34,3,47,4,0,0,132,24,37,37,55,,0.43636363636363634,0.10909090909090909,0.7058823529411765,NOT_ESTIMABLE,,,PROVISIONAL_SMALL_REQUEST_N,0.2909090909090909,0.5636363636363636,PROVISIONAL_SMALL_REQUEST_N,0.6785714285714286,0.7297297297297297,NOT_PRIMARY; use physical units and frozen spans
17,f17-7b878ff5d5dc,FORMAL_10K,HELDOUT_TRIPLE_AUDIT,STRICT_LUMPED,f12d43eace12231077007dc497fee8dad00fbe58cb2f1fe2c6159c47636b97a0,all_candidates,strict_valid,emx_minus_target,Ls_nH,nH,34,0.029137556614448862,0.045351040521258316,-0.01500273751079835,0.011503754739994099,0.09075647445312465,0.10270527724613894,PROVISIONAL_SMALL_REQUEST_N,5,0.01847834385241373,0.03823413722588078,0.027609234357017027,0.0569572798486975,-0.026374515675545496,-0.005163307645072395,0.00910506257601873,0.02296827064858631,0.03549254796001966,0.10838335463162574,0.05346676329756028,0.12665394663087715,220,37,34,3,47,4,0,0,132,24,37,37,55,,0.43636363636363634,0.10909090909090909,0.7058823529411765,NOT_ESTIMABLE,,,PROVISIONAL_SMALL_REQUEST_N,0.2909090909090909,0.5636363636363636,PROVISIONAL_SMALL_REQUEST_N,0.6785714285714286,0.7297297297297297,NOT_PRIMARY; use physical units and frozen spans
17,f17-7b878ff5d5dc,FORMAL_10K,HELDOUT_TRIPLE_AUDIT,STRICT_LUMPED,f12d43eace12231077007dc497fee8dad00fbe58cb2f1fe2c6159c47636b97a0,all_candidates,strict_valid,emx_minus_target,Qmin,dimensionless,34,0.6506284351658532,0.9626971727646464,0.06769309114631247,0.35406408349883467,1.9349912553113207,2.190651878070689,PROVISIONAL_SMALL_REQUEST_N,5,0.44376599581845294,0.8275746411226856,0.6277353545576577,1.1822186095537337,-0.12020955680663406,0.37695588619155646,0.171116813525245,0.45488184887085836,1.111338412394881,2.294929494615106,1.1747766991810984,2.472963122292505,220,37,34,3,47,4,0,0,132,24,37,37,55,,0.43636363636363634,0.10909090909090909,0.7058823529411765,NOT_ESTIMABLE,,,PROVISIONAL_SMALL_REQUEST_N,0.2909090909090909,0.5636363636363636,PROVISIONAL_SMALL_REQUEST_N,0.6785714285714286,0.7297297297297297,NOT_PRIMARY; use physical units and frozen spans
17,f17-7b878ff5d5dc,FORMAL_10K,HELDOUT_TRIPLE_AUDIT,STRICT_LUMPED,f12d43eace12231077007dc497fee8dad00fbe58cb2f1fe2c6159c47636b97a0,all_candidates,strict_valid,emx_minus_target,K_abs,dimensionless,34,0.015951858285492317,0.022404397528891562,0.003801866215450631,0.01141779318062934,0.03444969343783095,0.04869334801316338,PROVISIONAL_SMALL_REQUEST_N,5,0.008707191478936342,0.020909128998629168,0.012680221455822826,0.027021592654765725,-0.004217942795106037,0.00994155513902658,0.003972367377575656,0.015174658550038023,0.017985981917637978,0.042140346894814246,0.01873430761883349,0.06128085268263633,220,37,34,3,47,4,0,0,132,24,37,37,55,,0.43636363636363634,0.10909090909090909,0.7058823529411765,NOT_ESTIMABLE,,,PROVISIONAL_SMALL_REQUEST_N,0.2909090909090909,0.5636363636363636,PROVISIONAL_SMALL_REQUEST_N,0.6785714285714286,0.7297297297297297,NOT_PRIMARY; use physical units and frozen spans
17,f17-7b878ff5d5dc,FORMAL_10K,HELDOUT_TRIPLE_AUDIT,STRICT_LUMPED,f12d43eace12231077007dc497fee8dad00fbe58cb2f1fe2c6159c47636b97a0,all_candidates,strict_valid,emx_minus_frozen_proxy,Lp_nH,nH,34,0.010712369482874814,0.01316927211806423,0.008232320067484736,0.00864497092937877,0.022578784888930212,0.025955686190721222,PROVISIONAL_SMALL_REQUEST_N,5,0.008262111108329185,0.01334214391379768,0.010151853465825826,0.015241749482303855,0.004467570905360941,0.011237532320310386,0.006451275600386608,0.011475269760595763,0.014355413879991952,0.02537100362489475,0.018455100492620037,0.03108168286513391,220,37,34,3,47,4,0,0,132,24,37,37,55,,0.43636363636363634,0.10909090909090909,0.7058823529411765,NOT_ESTIMABLE,,,PROVISIONAL_SMALL_REQUEST_N,0.2909090909090909,0.5636363636363636,PROVISIONAL_SMALL_REQUEST_N,0.6785714285714286,0.7297297297297297,NOT_PRIMARY; use physical units and frozen spans
17,f17-7b878ff5d5dc,FORMAL_10K,HELDOUT_TRIPLE_AUDIT,STRICT_LUMPED,f12d43eace12231077007dc497fee8dad00fbe58cb2f1fe2c6159c47636b97a0,all_candidates,strict_valid,emx_minus_frozen_proxy,Ls_nH,nH,34,0.007967767895501672,0.011009727059296967,0.003439710496122301,0.006699978824383446,0.015955831493162664,0.02408297759935919,PROVISIONAL_SMALL_REQUEST_N,5,0.0063245677333904175,0.010080701337557542,0.007827560573670407,0.013286081212233514,-0.003045041496686878,0.007371458089665721,0.004818816238031376,0.007768518719146522,0.01065320668073344,0.023282723537352338,0.013758474986921287,0.03220564140608739,220,37,34,3,47,4,0,0,132,24,37,37,55,,0.43636363636363634,0.10909090909090909,0.7058823529411765,NOT_ESTIMABLE,,,PROVISIONAL_SMALL_REQUEST_N,0.2909090909090909,0.5636363636363636,PROVISIONAL_SMALL_REQUEST_N,0.6785714285714286,0.7297297297297297,NOT_PRIMARY; use physical units and frozen spans
17,f17-7b878ff5d5dc,FORMAL_10K,HELDOUT_TRIPLE_AUDIT,STRICT_LUMPED,f12d43eace12231077007dc497fee8dad00fbe58cb2f1fe2c6159c47636b97a0,all_candidates,strict_valid,emx_minus_frozen_proxy,Qmin,dimensionless,34,0.2959505621566443,0.41970644004472235,0.02948115643956845,0.18047127416799658,0.6884675587087621,0.8225918137548935,PROVISIONAL_SMALL_REQUEST_N,5,0.20957159418549778,0.4327883950777585,0.28847218347738096,0.5955664417216764,-0.08741256852015056,0.15379555210420034,0.15881380629824804,0.2162999952879403,0.4379668208995664,1.0043151849924197,0.6480943115195411,1.3439930592858271,220,37,34,3,47,4,0,0,132,24,37,37,55,,0.43636363636363634,0.10909090909090909,0.7058823529411765,NOT_ESTIMABLE,,,PROVISIONAL_SMALL_REQUEST_N,0.2909090909090909,0.5636363636363636,PROVISIONAL_SMALL_REQUEST_N,0.6785714285714286,0.7297297297297297,NOT_PRIMARY; use physical units and frozen spans
17,f17-7b878ff5d5dc,FORMAL_10K,HELDOUT_TRIPLE_AUDIT,STRICT_LUMPED,f12d43eace12231077007dc497fee8dad00fbe58cb2f1fe2c6159c47636b97a0,all_candidates,strict_valid,emx_minus_frozen_proxy,K_abs,dimensionless,34,0.013808246587286275,0.017532042009265916,0.007741833374776929,0.011643887914772194,0.02674266598426429,0.032058753234946044,PROVISIONAL_SMALL_REQUEST_N,5,0.006899957198593118,0.018292820445340176,0.009687783450477537,0.021239178394190525,0.0003649397323532669,0.013928328300596022,0.003695299374182004,0.017249984938356167,0.01858070216204563,0.031790157638529284,0.01897506197494689,0.04464513198124659,220,37,34,3,47,4,0,0,132,24,37,37,55,,0.43636363636363634,0.10909090909090909,0.7058823529411765,NOT_ESTIMABLE,,,PROVISIONAL_SMALL_REQUEST_N,0.2909090909090909,0.5636363636363636,PROVISIONAL_SMALL_REQUEST_N,0.6785714285714286,0.7297297297297297,NOT_PRIMARY; use physical units and frozen spans
17,f17-7b878ff5d5dc,FORMAL_10K,HELDOUT_TRIPLE_AUDIT,STRICT_LUMPED,f12d43eace12231077007dc497fee8dad00fbe58cb2f1fe2c6159c47636b97a0,all_candidates,all_finite_diagnostic,emx_minus_target,Lp_nH,nH,37,0.03583132195335397,0.0684911302890734,0.00501839989840686,0.010965057444497273,0.08561148127354404,0.11969246855334759,PROVISIONAL_SMALL_REQUEST_N,5,0.023252046690224543,0.05313115582554959,0.0395044680378953,0.10696303865544171,-0.026786209008973202,0.02048917087635227,0.006157947216759996,0.02068263198418152,0.05384493178534644,0.15681061715019656,0.08162796403242618,0.31443874130164007,220,37,34,3,47,4,0,0,132,24,37,37,55,,0.43636363636363634,0.10909090909090909,0.7058823529411765,NOT_ESTIMABLE,,,PROVISIONAL_SMALL_REQUEST_N,0.2909090909090909,0.5636363636363636,PROVISIONAL_SMALL_REQUEST_N,0.6785714285714286,0.7297297297297297,NOT_PRIMARY; use physical units and frozen spans
17,f17-7b878ff5d5dc,FORMAL_10K,HELDOUT_TRIPLE_AUDIT,STRICT_LUMPED,f12d43eace12231077007dc497fee8dad00fbe58cb2f1fe2c6159c47636b97a0,all_candidates,all_finite_diagnostic,emx_minus_target,Ls_nH,nH,37,0.0322424631067058,0.04850176043045162,-0.016189141470547168,0.016095394278916597,0.09867370185495895,0.10938735559080748,PROVISIONAL_SMALL_REQUEST_N,5,0.02108822027455578,0.04225268103299429,0.030599037366300333,0.06019383189460181,-0.03212401327596425,-0.002396332193288617,0.00910506257601873,0.02995280977207626,0.04807449869629808,0.1118973579887619,0.06117477765281776,0.12482688743095198,220,37,34,3,47,4,0,0,132,24,37,37,55,,0.43636363636363634,0.10909090909090909,0.7058823529411765,NOT_ESTIMABLE,,,PROVISIONAL_SMALL_REQUEST_N,0.2909090909090909,0.5636363636363636,PROVISIONAL_SMALL_REQUEST_N,0.6785714285714286,0.7297297297297297,NOT_PRIMARY; use physical units and frozen spans
17,f17-7b878ff5d5dc,FORMAL_10K,HELDOUT_TRIPLE_AUDIT,STRICT_LUMPED,f12d43eace12231077007dc497fee8dad00fbe58cb2f1fe2c6159c47636b97a0,all_candidates,all_finite_diagnostic,emx_minus_target,Qmin,dimensionless,37,0.6917006661175519,0.9942596371319472,0.13814207775118928,0.4155388266282962,1.8365620755433572,2.128085308144039,PROVISIONAL_SMALL_REQUEST_N,5,0.5426904096713768,0.8372132493195228,0.7600616627452651,1.1838118136178193,-0.044776629340388036,0.42941913991795366,0.19726032830927842,0.45654537427844133,1.4597800651820663,2.294929494615106,1.669791514887789,2.4718441781718714,220,37,34,3,47,4,0,0,132,24,37,37,55,,0.43636363636363634,0.10909090909090909,0.7058823529411765,NOT_ESTIMABLE,,,PROVISIONAL_SMALL_REQUEST_N,0.2909090909090909,0.5636363636363636,PROVISIONAL_SMALL_REQUEST_N,0.6785714285714286,0.7297297297297297,NOT_PRIMARY; use physical units and frozen spans
17,f17-7b878ff5d5dc,FORMAL_10K,HELDOUT_TRIPLE_AUDIT,STRICT_LUMPED,f12d43eace12231077007dc497fee8dad00fbe58cb2f1fe2c6159c47636b97a0,all_candidates,all_finite_diagnostic,emx_minus_target,K_abs,dimensionless,37,0.01722000379492945,0.024943123247765174,0.006055146217053304,0.011588425135747649,0.037986119433560915,0.060946736322891056,PROVISIONAL_SMALL_REQUEST_N,5,0.008837818621824915,0.02410015754474308,0.012505770057873065,0.03217769052690077,-0.0033229633718812285,0.014068929670607324,0.003972367377575656,0.015403141551559085,0.01738732135668157,0.06086320723295474,0.01873430761883349,0.0754684821758938,220,37,34,3,47,4,0,0,132,24,37,37,55,,0.43636363636363634,0.10909090909090909,0.7058823529411765,NOT_ESTIMABLE,,,PROVISIONAL_SMALL_REQUEST_N,0.2909090909090909,0.5636363636363636,PROVISIONAL_SMALL_REQUEST_N,0.6785714285714286,0.7297297297297297,NOT_PRIMARY; use physical units and frozen spans
17,f17-7b878ff5d5dc,FORMAL_10K,HELDOUT_TRIPLE_AUDIT,STRICT_LUMPED,f12d43eace12231077007dc497fee8dad00fbe58cb2f1fe2c6159c47636b97a0,all_candidates,all_finite_diagnostic,emx_minus_frozen_proxy,Lp_nH,nH,37,0.012221918278570427,0.015481506291332587,0.00994295395091468,0.009422360467400415,0.023836825194713016,0.028371387029091574,PROVISIONAL_SMALL_REQUEST_N,5,0.008846767574737062,0.015518428586929815,0.011104806104219165,0.0192423763900853,0.006600714713292259,0.013804380180339632,0.006579170064834994,0.014015459738892844,0.014757653183156322,0.027693813070081008,0.018455979939179912,0.04546217045403367,220,37,34,3,47,4,0,0,132,24,37,37,55,,0.43636363636363634,0.10909090909090909,0.7058823529411765,NOT_ESTIMABLE,,,PROVISIONAL_SMALL_REQUEST_N,0.2909090909090909,0.5636363636363636,PROVISIONAL_SMALL_REQUEST_N,0.6785714285714286,0.7297297297297297,NOT_PRIMARY; use physical units and frozen spans
17,f17-7b878ff5d5dc,FORMAL_10K,HELDOUT_TRIPLE_AUDIT,STRICT_LUMPED,f12d43eace12231077007dc497fee8dad00fbe58cb2f1fe2c6159c47636b97a0,all_candidates,all_finite_diagnostic,emx_minus_frozen_proxy,Ls_nH,nH,37,0.009015767634993737,0.013114341222060564,0.0038986055861308893,0.007348466312438351,0.018473490542713602,0.028481724442328663,PROVISIONAL_SMALL_REQUEST_N,5,0.006428460091093567,0.01251530446199373,0.00812077919478287,0.0176287185568587,-0.003845071780903404,0.009378638894174516,0.004818816238031376,0.007768518719146522,0.013758474986921287,0.027550745201389004,0.014401070934892735,0.04498877193319806,220,37,34,3,47,4,0,0,132,24,37,37,55,,0.43636363636363634,0.10909090909090909,0.7058823529411765,NOT_ESTIMABLE,,,PROVISIONAL_SMALL_REQUEST_N,0.2909090909090909,0.5636363636363636,PROVISIONAL_SMALL_REQUEST_N,0.6785714285714286,0.7297297297297297,NOT_PRIMARY; use physical units and frozen spans
17,f17-7b878ff5d5dc,FORMAL_10K,HELDOUT_TRIPLE_AUDIT,STRICT_LUMPED,f12d43eace12231077007dc497fee8dad00fbe58cb2f1fe2c6159c47636b97a0,all_candidates,all_finite_diagnostic,emx_minus_frozen_proxy,Qmin,dimensionless,37,0.32383951165073865,0.4464263871697843,0.051915382458484476,0.19127188815946639,0.7119428659561301,0.9702466304541995,PROVISIONAL_SMALL_REQUEST_N,5,0.24727681451359562,0.45220644609395066,0.33049369641766313,0.6117647964322066,-0.03236148750279958,0.1644576886259157,0.16418462679771295,0.2162999952879403,0.6012237573298984,1.0043151849924197,0.6713849586470775,1.3439930592858271,220,37,34,3,47,4,0,0,132,24,37,37,55,,0.43636363636363634,0.10909090909090909,0.7058823529411765,NOT_ESTIMABLE,,,PROVISIONAL_SMALL_REQUEST_N,0.2909090909090909,0.5636363636363636,PROVISIONAL_SMALL_REQUEST_N,0.6785714285714286,0.7297297297297297,NOT_PRIMARY; use physical units and frozen spans
17,f17-7b878ff5d5dc,FORMAL_10K,HELDOUT_TRIPLE_AUDIT,STRICT_LUMPED,f12d43eace12231077007dc497fee8dad00fbe58cb2f1fe2c6159c47636b97a0,all_candidates,all_finite_diagnostic,emx_minus_frozen_proxy,K_abs,dimensionless,37,0.014591719529731663,0.01956337100630899,0.008940520785994681,0.010448048528200804,0.028851835677207675,0.03550716038511757,PROVISIONAL_SMALL_REQUEST_N,5,0.006656458941282295,0.02017709278149458,0.009303413558861617,0.02491555028041938,0.000709957185457176,0.017087701241110906,0.003695299374182004,0.017249984938356167,0.018265214311724627,0.03322266748608538,0.01897506197494689,0.060265798094814305,220,37,34,3,47,4,0,0,132,24,37,37,55,,0.43636363636363634,0.10909090909090909,0.7058823529411765,NOT_ESTIMABLE,,,PROVISIONAL_SMALL_REQUEST_N,0.2909090909090909,0.5636363636363636,PROVISIONAL_SMALL_REQUEST_N,0.6785714285714286,0.7297297297297297,NOT_PRIMARY; use physical units and frozen spans
17,f17-7b878ff5d5dc,FORMAL_10K,HELDOUT_TRIPLE_AUDIT,STRICT_LUMPED,f12d43eace12231077007dc497fee8dad00fbe58cb2f1fe2c6159c47636b97a0,selected_q_proxy,strict_valid,emx_minus_target,Lp_nH,nH,4,0.01054132363006699,0.012268792532388785,0.01054132363006699,0.008820578903059872,0.017546123205708877,0.019114377594945192,PROVISIONAL_SMALL_REQUEST_N,4,0.0054380292281265286,0.01736536275901457,0.005904149285318271,0.01829121781317169,0.0054380292281265286,0.01736536275901457,0.003841504729966694,0.02068263198418152,0.007413555083513712,0.02068263198418152,0.007413555083513712,0.02068263198418152,20,4,4,0,0,1,0,0,15,4,4,4,5,,0.8,0.2,1.0,NOT_ESTIMABLE,,,PROVISIONAL_SMALL_REQUEST_N,0.4,1.0,PROVISIONAL_SMALL_REQUEST_N,1.0,1.0,NOT_PRIMARY; use physical units and frozen spans
17,f17-7b878ff5d5dc,FORMAL_10K,HELDOUT_TRIPLE_AUDIT,STRICT_LUMPED,f12d43eace12231077007dc497fee8dad00fbe58cb2f1fe2c6159c47636b97a0,selected_q_proxy,strict_valid,emx_minus_target,Ls_nH,nH,4,0.008895140124946244,0.011837488970600525,0.002224530975982464,0.005494413005998844,0.017231366387083807,0.019735354294470604,PROVISIONAL_SMALL_REQUEST_N,4,0.0031508165859337467,0.01804019078290614,0.0034409430751910475,0.019451146531798406,-0.005494413005998844,0.015318822519879982,0.002352392285929872,0.022239342201857415,0.0045879803259407225,0.022239342201857415,0.005067034905943045,0.022239342201857415,20,4,4,0,0,1,0,0,15,4,4,4,5,,0.8,0.2,1.0,NOT_ESTIMABLE,,,PROVISIONAL_SMALL_REQUEST_N,0.4,1.0,PROVISIONAL_SMALL_REQUEST_N,1.0,1.0,NOT_PRIMARY; use physical units and frozen spans
17,f17-7b878ff5d5dc,FORMAL_10K,HELDOUT_TRIPLE_AUDIT,STRICT_LUMPED,f12d43eace12231077007dc497fee8dad00fbe58cb2f1fe2c6159c47636b97a0,selected_q_proxy,strict_valid,emx_minus_target,Qmin,dimensionless,4,0.15881577283275217,0.1871857458837697,-0.003900700149896963,0.16271647298264913,0.26126112512266086,0.27692523274601694,PROVISIONAL_SMALL_REQUEST_N,4,0.05997109280066937,0.253759752714938,0.09525840886362552,0.26252089960646346,-0.16271647298264913,0.18512425783912168,0.01724080499633729,0.2925893403693731,0.13688561084846712,0.2925893403693731,0.13727098975163265,0.2925893403693731,20,4,4,0,0,1,0,0,15,4,4,4,5,,0.8,0.2,1.0,NOT_ESTIMABLE,,,PROVISIONAL_SMALL_REQUEST_N,0.4,1.0,PROVISIONAL_SMALL_REQUEST_N,1.0,1.0,NOT_PRIMARY; use physical units and frozen spans
17,f17-7b878ff5d5dc,FORMAL_10K,HELDOUT_TRIPLE_AUDIT,STRICT_LUMPED,f12d43eace12231077007dc497fee8dad00fbe58cb2f1fe2c6159c47636b97a0,selected_q_proxy,strict_valid,emx_minus_target,K_abs,dimensionless,4,0.011130141939583959,0.014042549095365241,-0.0035428126645649476,0.00957351296380684,0.020788376391357444,0.02199131592878303,PROVISIONAL_SMALL_REQUEST_N,4,0.0030758268710445943,0.019184457008123323,0.0032038251856945864,0.020184772493625443,-0.01794051319078485,0.010387902068134603,0.002179286364513533,0.023194255466208624,0.003972367377575656,0.023194255466208624,0.003972367377575656,0.023194255466208624,20,4,4,0,0,1,0,0,15,4,4,4,5,,0.8,0.2,1.0,NOT_ESTIMABLE,,,PROVISIONAL_SMALL_REQUEST_N,0.4,1.0,PROVISIONAL_SMALL_REQUEST_N,1.0,1.0,NOT_PRIMARY; use physical units and frozen spans
17,f17-7b878ff5d5dc,FORMAL_10K,HELDOUT_TRIPLE_AUDIT,STRICT_LUMPED,f12d43eace12231077007dc497fee8dad00fbe58cb2f1fe2c6159c47636b97a0,selected_q_proxy,strict_valid,emx_minus_frozen_proxy,Lp_nH,nH,4,0.009546976855243416,0.009730899203192802,0.009546976855243416,0.009315299690992984,0.011640397578144368,0.011860408296101731,PROVISIONAL_SMALL_REQUEST_N,4,0.007746903756285617,0.011347049954201216,0.007751607947019895,0.01137072437626973,0.007746903756285617,0.011347049954201216,0.007476889024928601,0.012080419014059096,0.008016918487642632,0.012080419014059096,0.008016918487642632,0.012080419014059096,20,4,4,0,0,1,0,0,15,4,4,4,5,,0.8,0.2,1.0,NOT_ESTIMABLE,,,PROVISIONAL_SMALL_REQUEST_N,0.4,1.0,PROVISIONAL_SMALL_REQUEST_N,1.0,1.0,NOT_PRIMARY; use physical units and frozen spans
17,f17-7b878ff5d5dc,FORMAL_10K,HELDOUT_TRIPLE_AUDIT,STRICT_LUMPED,f12d43eace12231077007dc497fee8dad00fbe58cb2f1fe2c6159c47636b97a0,selected_q_proxy,strict_valid,emx_minus_frozen_proxy,Ls_nH,nH,4,0.006869988753517409,0.008793323651208308,0.0016340950608045857,0.005235893692712823,0.012827666971895548,0.01436510179143153,PROVISIONAL_SMALL_REQUEST_N,4,0.002242466050105918,0.013131606517733485,0.0029842646763908608,0.013981174860552689,-0.005235893692712823,0.010722198398717797,0.0011056310176764672,0.01590253661096752,0.00428876910847893,0.01590253661096752,0.004818816238031376,0.01590253661096752,20,4,4,0,0,1,0,0,15,4,4,4,5,,0.8,0.2,1.0,NOT_ESTIMABLE,,,PROVISIONAL_SMALL_REQUEST_N,0.4,1.0,PROVISIONAL_SMALL_REQUEST_N,1.0,1.0,NOT_PRIMARY; use physical units and frozen spans
17,f17-7b878ff5d5dc,FORMAL_10K,HELDOUT_TRIPLE_AUDIT,STRICT_LUMPED,f12d43eace12231077007dc497fee8dad00fbe58cb2f1fe2c6159c47636b97a0,selected_q_proxy,strict_valid,emx_minus_frozen_proxy,Qmin,dimensionless,4,0.16534868031871408,0.205109410250047,0.029089517058965342,0.13625916325974874,0.30359224847471167,0.32766089711369273,PROVISIONAL_SMALL_REQUEST_N,4,0.05919664368135802,0.2841087689045132,0.06316989843674996,0.3073035973643724,-0.13625916325974874,0.24348554972449765,0.037146849002684945,0.3517295457526739,0.08124643836003109,0.3517295457526739,0.08124643836003109,0.3517295457526739,20,4,4,0,0,1,0,0,15,4,4,4,5,,0.8,0.2,1.0,NOT_ESTIMABLE,,,PROVISIONAL_SMALL_REQUEST_N,0.4,1.0,PROVISIONAL_SMALL_REQUEST_N,1.0,1.0,NOT_PRIMARY; use physical units and frozen spans
17,f17-7b878ff5d5dc,FORMAL_10K,HELDOUT_TRIPLE_AUDIT,STRICT_LUMPED,f12d43eace12231077007dc497fee8dad00fbe58cb2f1fe2c6159c47636b97a0,selected_q_proxy,strict_valid,emx_minus_frozen_proxy,K_abs,dimensionless,4,0.01087771569830728,0.013595251405630573,-0.003072418633162429,0.009525271053080465,0.019970228885033678,0.02090443633247881,PROVISIONAL_SMALL_REQUEST_N,4,0.003030812441507734,0.018724618955106825,0.003058302787671125,0.018990868387964342,-0.017034402061729022,0.010847958603749468,0.002621676907144238,0.02183864377992395,0.00343994797587123,0.02183864377992395,0.00343994797587123,0.02183864377992395,20,4,4,0,0,1,0,0,15,4,4,4,5,,0.8,0.2,1.0,NOT_ESTIMABLE,,,PROVISIONAL_SMALL_REQUEST_N,0.4,1.0,PROVISIONAL_SMALL_REQUEST_N,1.0,1.0,NOT_PRIMARY; use physical units and frozen spans
17,f17-7b878ff5d5dc,FORMAL_10K,HELDOUT_TRIPLE_AUDIT,STRICT_LUMPED,f12d43eace12231077007dc497fee8dad00fbe58cb2f1fe2c6159c47636b97a0,selected_q_proxy,all_finite_diagnostic,emx_minus_target,Lp_nH,nH,4,0.01054132363006699,0.012268792532388785,0.01054132363006699,0.008820578903059872,0.017546123205708877,0.019114377594945192,PROVISIONAL_SMALL_REQUEST_N,4,0.0054380292281265286,0.01736536275901457,0.005904149285318271,0.01829121781317169,0.0054380292281265286,0.01736536275901457,0.003841504729966694,0.02068263198418152,0.007413555083513712,0.02068263198418152,0.007413555083513712,0.02068263198418152,20,4,4,0,0,1,0,0,15,4,4,4,5,,0.8,0.2,1.0,NOT_ESTIMABLE,,,PROVISIONAL_SMALL_REQUEST_N,0.4,1.0,PROVISIONAL_SMALL_REQUEST_N,1.0,1.0,NOT_PRIMARY; use physical units and frozen spans
17,f17-7b878ff5d5dc,FORMAL_10K,HELDOUT_TRIPLE_AUDIT,STRICT_LUMPED,f12d43eace12231077007dc497fee8dad00fbe58cb2f1fe2c6159c47636b97a0,selected_q_proxy,all_finite_diagnostic,emx_minus_target,Ls_nH,nH,4,0.008895140124946244,0.011837488970600525,0.002224530975982464,0.005494413005998844,0.017231366387083807,0.019735354294470604,PROVISIONAL_SMALL_REQUEST_N,4,0.0031508165859337467,0.01804019078290614,0.0034409430751910475,0.019451146531798406,-0.005494413005998844,0.015318822519879982,0.002352392285929872,0.022239342201857415,0.0045879803259407225,0.022239342201857415,0.005067034905943045,0.022239342201857415,20,4,4,0,0,1,0,0,15,4,4,4,5,,0.8,0.2,1.0,NOT_ESTIMABLE,,,PROVISIONAL_SMALL_REQUEST_N,0.4,1.0,PROVISIONAL_SMALL_REQUEST_N,1.0,1.0,NOT_PRIMARY; use physical units and frozen spans
17,f17-7b878ff5d5dc,FORMAL_10K,HELDOUT_TRIPLE_AUDIT,STRICT_LUMPED,f12d43eace12231077007dc497fee8dad00fbe58cb2f1fe2c6159c47636b97a0,selected_q_proxy,all_finite_diagnostic,emx_minus_target,Qmin,dimensionless,4,0.15881577283275217,0.1871857458837697,-0.003900700149896963,0.16271647298264913,0.26126112512266086,0.27692523274601694,PROVISIONAL_SMALL_REQUEST_N,4,0.05997109280066937,0.253759752714938,0.09525840886362552,0.26252089960646346,-0.16271647298264913,0.18512425783912168,0.01724080499633729,0.2925893403693731,0.13688561084846712,0.2925893403693731,0.13727098975163265,0.2925893403693731,20,4,4,0,0,1,0,0,15,4,4,4,5,,0.8,0.2,1.0,NOT_ESTIMABLE,,,PROVISIONAL_SMALL_REQUEST_N,0.4,1.0,PROVISIONAL_SMALL_REQUEST_N,1.0,1.0,NOT_PRIMARY; use physical units and frozen spans
17,f17-7b878ff5d5dc,FORMAL_10K,HELDOUT_TRIPLE_AUDIT,STRICT_LUMPED,f12d43eace12231077007dc497fee8dad00fbe58cb2f1fe2c6159c47636b97a0,selected_q_proxy,all_finite_diagnostic,emx_minus_target,K_abs,dimensionless,4,0.011130141939583959,0.014042549095365241,-0.0035428126645649476,0.00957351296380684,0.020788376391357444,0.02199131592878303,PROVISIONAL_SMALL_REQUEST_N,4,0.0030758268710445943,0.019184457008123323,0.0032038251856945864,0.020184772493625443,-0.01794051319078485,0.010387902068134603,0.002179286364513533,0.023194255466208624,0.003972367377575656,0.023194255466208624,0.003972367377575656,0.023194255466208624,20,4,4,0,0,1,0,0,15,4,4,4,5,,0.8,0.2,1.0,NOT_ESTIMABLE,,,PROVISIONAL_SMALL_REQUEST_N,0.4,1.0,PROVISIONAL_SMALL_REQUEST_N,1.0,1.0,NOT_PRIMARY; use physical units and frozen spans
17,f17-7b878ff5d5dc,FORMAL_10K,HELDOUT_TRIPLE_AUDIT,STRICT_LUMPED,f12d43eace12231077007dc497fee8dad00fbe58cb2f1fe2c6159c47636b97a0,selected_q_proxy,all_finite_diagnostic,emx_minus_frozen_proxy,Lp_nH,nH,4,0.009546976855243416,0.009730899203192802,0.009546976855243416,0.009315299690992984,0.011640397578144368,0.011860408296101731,PROVISIONAL_SMALL_REQUEST_N,4,0.007746903756285617,0.011347049954201216,0.007751607947019895,0.01137072437626973,0.007746903756285617,0.011347049954201216,0.007476889024928601,0.012080419014059096,0.008016918487642632,0.012080419014059096,0.008016918487642632,0.012080419014059096,20,4,4,0,0,1,0,0,15,4,4,4,5,,0.8,0.2,1.0,NOT_ESTIMABLE,,,PROVISIONAL_SMALL_REQUEST_N,0.4,1.0,PROVISIONAL_SMALL_REQUEST_N,1.0,1.0,NOT_PRIMARY; use physical units and frozen spans
17,f17-7b878ff5d5dc,FORMAL_10K,HELDOUT_TRIPLE_AUDIT,STRICT_LUMPED,f12d43eace12231077007dc497fee8dad00fbe58cb2f1fe2c6159c47636b97a0,selected_q_proxy,all_finite_diagnostic,emx_minus_frozen_proxy,Ls_nH,nH,4,0.006869988753517409,0.008793323651208308,0.0016340950608045857,0.005235893692712823,0.012827666971895548,0.01436510179143153,PROVISIONAL_SMALL_REQUEST_N,4,0.002242466050105918,0.013131606517733485,0.0029842646763908608,0.013981174860552689,-0.005235893692712823,0.010722198398717797,0.0011056310176764672,0.01590253661096752,0.00428876910847893,0.01590253661096752,0.004818816238031376,0.01590253661096752,20,4,4,0,0,1,0,0,15,4,4,4,5,,0.8,0.2,1.0,NOT_ESTIMABLE,,,PROVISIONAL_SMALL_REQUEST_N,0.4,1.0,PROVISIONAL_SMALL_REQUEST_N,1.0,1.0,NOT_PRIMARY; use physical units and frozen spans
17,f17-7b878ff5d5dc,FORMAL_10K,HELDOUT_TRIPLE_AUDIT,STRICT_LUMPED,f12d43eace12231077007dc497fee8dad00fbe58cb2f1fe2c6159c47636b97a0,selected_q_proxy,all_finite_diagnostic,emx_minus_frozen_proxy,Qmin,dimensionless,4,0.16534868031871408,0.205109410250047,0.029089517058965342,0.13625916325974874,0.30359224847471167,0.32766089711369273,PROVISIONAL_SMALL_REQUEST_N,4,0.05919664368135802,0.2841087689045132,0.06316989843674996,0.3073035973643724,-0.13625916325974874,0.24348554972449765,0.037146849002684945,0.3517295457526739,0.08124643836003109,0.3517295457526739,0.08124643836003109,0.3517295457526739,20,4,4,0,0,1,0,0,15,4,4,4,5,,0.8,0.2,1.0,NOT_ESTIMABLE,,,PROVISIONAL_SMALL_REQUEST_N,0.4,1.0,PROVISIONAL_SMALL_REQUEST_N,1.0,1.0,NOT_PRIMARY; use physical units and frozen spans
17,f17-7b878ff5d5dc,FORMAL_10K,HELDOUT_TRIPLE_AUDIT,STRICT_LUMPED,f12d43eace12231077007dc497fee8dad00fbe58cb2f1fe2c6159c47636b97a0,selected_q_proxy,all_finite_diagnostic,emx_minus_frozen_proxy,K_abs,dimensionless,4,0.01087771569830728,0.013595251405630573,-0.003072418633162429,0.009525271053080465,0.019970228885033678,0.02090443633247881,PROVISIONAL_SMALL_REQUEST_N,4,0.003030812441507734,0.018724618955106825,0.003058302787671125,0.018990868387964342,-0.017034402061729022,0.010847958603749468,0.002621676907144238,0.02183864377992395,0.00343994797587123,0.02183864377992395,0.00343994797587123,0.02183864377992395,20,4,4,0,0,1,0,0,15,4,4,4,5,,0.8,0.2,1.0,NOT_ESTIMABLE,,,PROVISIONAL_SMALL_REQUEST_N,0.4,1.0,PROVISIONAL_SMALL_REQUEST_N,1.0,1.0,NOT_PRIMARY; use physical units and frozen spans
18,f18-1a136fda6a2a,FORMAL_10K,HELDOUT_TRIPLE_AUDIT,STRICT_LUMPED,f12d43eace12231077007dc497fee8dad00fbe58cb2f1fe2c6159c47636b97a0,all_candidates,strict_valid,emx_minus_target,Lp_nH,nH,39,0.03203686177851016,0.05562094579984135,0.008480338994386716,0.016819628174266077,0.09074293278539439,0.11641420887184216,PROVISIONAL_SMALL_REQUEST_N,5,0.021064755213595212,0.047749247059589474,0.02894993230330288,0.0797673665006891,-0.0020281790715495542,0.020080868682018544,0.012733506348920842,0.02099683491971538,0.04733587596738243,0.1487403966944124,0.05653353303665531,0.2150988807258455,220,44,39,5,45,3,0,0,128,26,44,44,55,,0.4727272727272727,0.11818181818181818,0.6666666666666666,NOT_ESTIMABLE,,,PROVISIONAL_SMALL_REQUEST_N,0.41818181818181815,0.5272727272727272,PROVISIONAL_SMALL_REQUEST_N,0.5909090909090909,0.7647058823529411,NOT_PRIMARY; use physical units and frozen spans
18,f18-1a136fda6a2a,FORMAL_10K,HELDOUT_TRIPLE_AUDIT,STRICT_LUMPED,f12d43eace12231077007dc497fee8dad00fbe58cb2f1fe2c6159c47636b97a0,all_candidates,strict_valid,emx_minus_target,Ls_nH,nH,39,0.06291113670797711,0.11202011361088106,-0.033800598188072795,0.019700215469066418,0.20045226988813844,0.27789959431195166,PROVISIONAL_SMALL_REQUEST_N,5,0.03191519157757799,0.08902832046500395,0.0663703586460794,0.14430063604213914,-0.06838385986282702,0.010997834591974415,0.009953103946900188,0.04322075715906071,0.06591799191122366,0.3263133029450259,0.1445704659349396,0.3569440577653497,220,44,39,5,45,3,0,0,128,26,44,44,55,,0.4727272727272727,0.11818181818181818,0.6666666666666666,NOT_ESTIMABLE,,,PROVISIONAL_SMALL_REQUEST_N,0.41818181818181815,0.5272727272727272,PROVISIONAL_SMALL_REQUEST_N,0.5909090909090909,0.7647058823529411,NOT_PRIMARY; use physical units and frozen spans
18,f18-1a136fda6a2a,FORMAL_10K,HELDOUT_TRIPLE_AUDIT,STRICT_LUMPED,f12d43eace12231077007dc497fee8dad00fbe58cb2f1fe2c6159c47636b97a0,all_candidates,strict_valid,emx_minus_target,Qmin,dimensionless,39,1.0532288516021833,1.9107027326248625,0.3573155636800694,0.4085668382447665,3.4239067881500684,5.042924715826722,PROVISIONAL_SMALL_REQUEST_N,5,0.4709858015418508,1.600724126108558,0.8045256288858961,2.588290289453797,-0.4127443588123937,1.07489156385014,0.3637833340616625,0.5437637861053659,0.9736029224004202,5.617856961766012,1.183695857509681,5.992107912282852,220,44,39,5,45,3,0,0,128,26,44,44,55,,0.4727272727272727,0.11818181818181818,0.6666666666666666,NOT_ESTIMABLE,,,PROVISIONAL_SMALL_REQUEST_N,0.41818181818181815,0.5272727272727272,PROVISIONAL_SMALL_REQUEST_N,0.5909090909090909,0.7647058823529411,NOT_PRIMARY; use physical units and frozen spans
18,f18-1a136fda6a2a,FORMAL_10K,HELDOUT_TRIPLE_AUDIT,STRICT_LUMPED,f12d43eace12231077007dc497fee8dad00fbe58cb2f1fe2c6159c47636b97a0,all_candidates,strict_valid,emx_minus_target,K_abs,dimensionless,39,0.03233148645007854,0.0508716058947369,0.029327566126198537,0.013222573839934415,0.0939819057399699,0.12576225699532018,PROVISIONAL_SMALL_REQUEST_N,5,0.020923843446486935,0.04167745458944841,0.031561907119702706,0.06256821280223604,0.014218460681401791,0.041376370244222416,0.008799734281446647,0.018146905766112054,0.04193869731873644,0.12827724488251882,0.04953116398995756,0.14960784439144814,220,44,39,5,45,3,0,0,128,26,44,44,55,,0.4727272727272727,0.11818181818181818,0.6666666666666666,NOT_ESTIMABLE,,,PROVISIONAL_SMALL_REQUEST_N,0.41818181818181815,0.5272727272727272,PROVISIONAL_SMALL_REQUEST_N,0.5909090909090909,0.7647058823529411,NOT_PRIMARY; use physical units and frozen spans
18,f18-1a136fda6a2a,FORMAL_10K,HELDOUT_TRIPLE_AUDIT,STRICT_LUMPED,f12d43eace12231077007dc497fee8dad00fbe58cb2f1fe2c6159c47636b97a0,all_candidates,strict_valid,emx_minus_frozen_proxy,Lp_nH,nH,39,0.01357537504185602,0.01805129945706615,-0.001730843837919751,0.011218757461704754,0.033900821702890084,0.03635254919536448,PROVISIONAL_SMALL_REQUEST_N,5,0.007695417730427312,0.018700287176420607,0.012605646503422349,0.022551052870994334,-0.010376954761400346,0.0060372550666989225,0.0024182425311699007,0.018317568946104146,0.01495537429054028,0.036986070687468044,0.023781961451692202,0.044679907560200016,220,44,39,5,45,3,0,0,128,26,44,44,55,,0.4727272727272727,0.11818181818181818,0.6666666666666666,NOT_ESTIMABLE,,,PROVISIONAL_SMALL_REQUEST_N,0.41818181818181815,0.5272727272727272,PROVISIONAL_SMALL_REQUEST_N,0.5909090909090909,0.7647058823529411,NOT_PRIMARY; use physical units and frozen spans
18,f18-1a136fda6a2a,FORMAL_10K,HELDOUT_TRIPLE_AUDIT,STRICT_LUMPED,f12d43eace12231077007dc497fee8dad00fbe58cb2f1fe2c6159c47636b97a0,all_candidates,strict_valid,emx_minus_frozen_proxy,Ls_nH,nH,39,0.009300006753156459,0.011535335042761543,0.0007834115504408698,0.007953703697795023,0.02075162212273436,0.022114392711407794,PROVISIONAL_SMALL_REQUEST_N,5,0.006755187546904035,0.012593302196541948,0.008446353868433959,0.014592493168112423,-0.004129472581238525,0.0040105703784763845,0.005674682683027732,0.012633331431820993,0.012800677503817748,0.02310900203762559,0.012999581028608875,0.02462691476861023,220,44,39,5,45,3,0,0,128,26,44,44,55,,0.4727272727272727,0.11818181818181818,0.6666666666666666,NOT_ESTIMABLE,,,PROVISIONAL_SMALL_REQUEST_N,0.41818181818181815,0.5272727272727272,PROVISIONAL_SMALL_REQUEST_N,0.5909090909090909,0.7647058823529411,NOT_PRIMARY; use physical units and frozen spans
18,f18-1a136fda6a2a,FORMAL_10K,HELDOUT_TRIPLE_AUDIT,STRICT_LUMPED,f12d43eace12231077007dc497fee8dad00fbe58cb2f1fe2c6159c47636b97a0,all_candidates,strict_valid,emx_minus_frozen_proxy,Qmin,dimensionless,39,0.3424981645662363,0.5795800041026613,-0.16396954229417693,0.19426738822351908,0.7385379027507081,1.598551764200134,PROVISIONAL_SMALL_REQUEST_N,5,0.1746696032615057,0.5250145514171948,0.20598099053824698,0.8421288563809642,-0.3054842430617095,-0.0029612589100240783,0.1322080429158934,0.26610346066770063,0.2969411668580477,1.775144594630472,0.3416350978471329,2.0082506692601134,220,44,39,5,45,3,0,0,128,26,44,44,55,,0.4727272727272727,0.11818181818181818,0.6666666666666666,NOT_ESTIMABLE,,,PROVISIONAL_SMALL_REQUEST_N,0.41818181818181815,0.5272727272727272,PROVISIONAL_SMALL_REQUEST_N,0.5909090909090909,0.7647058823529411,NOT_PRIMARY; use physical units and frozen spans
18,f18-1a136fda6a2a,FORMAL_10K,HELDOUT_TRIPLE_AUDIT,STRICT_LUMPED,f12d43eace12231077007dc497fee8dad00fbe58cb2f1fe2c6159c47636b97a0,all_candidates,strict_valid,emx_minus_frozen_proxy,K_abs,dimensionless,39,0.019686724058825565,0.028426751575154556,0.015406517184012154,0.012940264883836594,0.04216901344124816,0.049338064222533465,PROVISIONAL_SMALL_REQUEST_N,5,0.011639305372155195,0.027977489608068472,0.016750065209787175,0.03841994458613738,0.006672226524418246,0.02568217005339333,0.006734674981373277,0.018115294317784705,0.031790594171385494,0.08962806244509769,0.033816750959491444,0.08983228283715779,220,44,39,5,45,3,0,0,128,26,44,44,55,,0.4727272727272727,0.11818181818181818,0.6666666666666666,NOT_ESTIMABLE,,,PROVISIONAL_SMALL_REQUEST_N,0.41818181818181815,0.5272727272727272,PROVISIONAL_SMALL_REQUEST_N,0.5909090909090909,0.7647058823529411,NOT_PRIMARY; use physical units and frozen spans
18,f18-1a136fda6a2a,FORMAL_10K,HELDOUT_TRIPLE_AUDIT,STRICT_LUMPED,f12d43eace12231077007dc497fee8dad00fbe58cb2f1fe2c6159c47636b97a0,all_candidates,all_finite_diagnostic,emx_minus_target,Lp_nH,nH,44,0.038085900271583824,0.06099562106087765,-0.0021729268592434155,0.01846122784230031,0.10874688210642533,0.13650445158954116,PROVISIONAL_SMALL_REQUEST_N,5,0.02129565512169587,0.0586125673721383,0.029030170076349164,0.08452609953346386,-0.020190749462186217,0.008299566045982035,0.01424729764418764,0.02521366695796612,0.04662091033786252,0.1410005587697989,0.059770085457585886,0.2150988807258455,220,44,39,5,45,3,0,0,128,26,44,44,55,,0.4727272727272727,0.11818181818181818,0.6666666666666666,NOT_ESTIMABLE,,,PROVISIONAL_SMALL_REQUEST_N,0.41818181818181815,0.5272727272727272,PROVISIONAL_SMALL_REQUEST_N,0.5909090909090909,0.7647058823529411,NOT_PRIMARY; use physical units and frozen spans
18,f18-1a136fda6a2a,FORMAL_10K,HELDOUT_TRIPLE_AUDIT,STRICT_LUMPED,f12d43eace12231077007dc497fee8dad00fbe58cb2f1fe2c6159c47636b97a0,all_candidates,all_finite_diagnostic,emx_minus_target,Ls_nH,nH,44,0.06536662085742052,0.1162794153152182,-0.024634785117767382,0.02010495606161211,0.22844112582427006,0.3110326146919111,PROVISIONAL_SMALL_REQUEST_N,5,0.036043969036772074,0.08945675291670296,0.07807095174442914,0.14312018562473977,-0.06270688638862228,0.030664046758781083,0.009953103946900188,0.05118100640867562,0.05911845751479783,0.3263133029450259,0.1892567275136856,0.35256823564816053,220,44,39,5,45,3,0,0,128,26,44,44,55,,0.4727272727272727,0.11818181818181818,0.6666666666666666,NOT_ESTIMABLE,,,PROVISIONAL_SMALL_REQUEST_N,0.41818181818181815,0.5272727272727272,PROVISIONAL_SMALL_REQUEST_N,0.5909090909090909,0.7647058823529411,NOT_PRIMARY; use physical units and frozen spans
18,f18-1a136fda6a2a,FORMAL_10K,HELDOUT_TRIPLE_AUDIT,STRICT_LUMPED,f12d43eace12231077007dc497fee8dad00fbe58cb2f1fe2c6159c47636b97a0,all_candidates,all_finite_diagnostic,emx_minus_target,Qmin,dimensionless,44,1.0484838382104595,1.847670643710517,0.3333954952363079,0.4109840950648378,2.952533692219815,4.900455250188208,PROVISIONAL_SMALL_REQUEST_N,5,0.5805369398170258,1.5679556133693984,0.9792257987751787,2.5404451149027203,-0.285668197923069,1.0074639389584679,0.3637833340616625,0.5437637861053659,1.193889896768502,5.617856961766012,2.1616344309501176,5.938643490780445,220,44,39,5,45,3,0,0,128,26,44,44,55,,0.4727272727272727,0.11818181818181818,0.6666666666666666,NOT_ESTIMABLE,,,PROVISIONAL_SMALL_REQUEST_N,0.41818181818181815,0.5272727272727272,PROVISIONAL_SMALL_REQUEST_N,0.5909090909090909,0.7647058823529411,NOT_PRIMARY; use physical units and frozen spans
18,f18-1a136fda6a2a,FORMAL_10K,HELDOUT_TRIPLE_AUDIT,STRICT_LUMPED,f12d43eace12231077007dc497fee8dad00fbe58cb2f1fe2c6159c47636b97a0,all_candidates,all_finite_diagnostic,emx_minus_target,K_abs,dimensionless,44,0.034946231288832036,0.05237235548765135,0.03228366554721111,0.017056460586224134,0.09361967063868147,0.122383745366379,PROVISIONAL_SMALL_REQUEST_N,5,0.02213045969769407,0.044686217698096886,0.03274112327763874,0.06334614663391847,0.016130906697354733,0.04455976227310197,0.009677280874319905,0.032357428667479704,0.04044088782304023,0.12827724488251882,0.057907273738619196,0.14656061589017244,220,44,39,5,45,3,0,0,128,26,44,44,55,,0.4727272727272727,0.11818181818181818,0.6666666666666666,NOT_ESTIMABLE,,,PROVISIONAL_SMALL_REQUEST_N,0.41818181818181815,0.5272727272727272,PROVISIONAL_SMALL_REQUEST_N,0.5909090909090909,0.7647058823529411,NOT_PRIMARY; use physical units and frozen spans
18,f18-1a136fda6a2a,FORMAL_10K,HELDOUT_TRIPLE_AUDIT,STRICT_LUMPED,f12d43eace12231077007dc497fee8dad00fbe58cb2f1fe2c6159c47636b97a0,all_candidates,all_finite_diagnostic,emx_minus_frozen_proxy,Lp_nH,nH,44,0.013185710393986742,0.017570913233378435,-0.0014532083605641052,0.011232048556518215,0.03185159990574083,0.03602367899117031,PROVISIONAL_SMALL_REQUEST_N,5,0.007290917942207835,0.0187915926527358,0.011961484797605006,0.02206276000399678,-0.01027066801125224,0.005597514755173899,0.0022159398828831556,0.018317568946104146,0.013808165039072229,0.03635254919536448,0.023766050740265,0.044679907560200016,220,44,39,5,45,3,0,0,128,26,44,44,55,,0.4727272727272727,0.11818181818181818,0.6666666666666666,NOT_ESTIMABLE,,,PROVISIONAL_SMALL_REQUEST_N,0.41818181818181815,0.5272727272727272,PROVISIONAL_SMALL_REQUEST_N,0.5909090909090909,0.7647058823529411,NOT_PRIMARY; use physical units and frozen spans
18,f18-1a136fda6a2a,FORMAL_10K,HELDOUT_TRIPLE_AUDIT,STRICT_LUMPED,f12d43eace12231077007dc497fee8dad00fbe58cb2f1fe2c6159c47636b97a0,all_candidates,all_finite_diagnostic,emx_minus_frozen_proxy,Ls_nH,nH,44,0.00997588806840719,0.012531005980616476,0.0020928315202147444,0.008448409998963902,0.021450600473178885,0.023357654369180046,PROVISIONAL_SMALL_REQUEST_N,5,0.006890005944161524,0.01339726245171314,0.008470856493074237,0.015743906427144988,-0.0012939230054940594,0.005047234404343701,0.005674682683027732,0.013769224350551168,0.012860348561255086,0.02462691476861023,0.012999581028608875,0.029761887228361816,220,44,39,5,45,3,0,0,128,26,44,44,55,,0.4727272727272727,0.11818181818181818,0.6666666666666666,NOT_ESTIMABLE,,,PROVISIONAL_SMALL_REQUEST_N,0.41818181818181815,0.5272727272727272,PROVISIONAL_SMALL_REQUEST_N,0.5909090909090909,0.7647058823529411,NOT_PRIMARY; use physical units and frozen spans
18,f18-1a136fda6a2a,FORMAL_10K,HELDOUT_TRIPLE_AUDIT,STRICT_LUMPED,f12d43eace12231077007dc497fee8dad00fbe58cb2f1fe2c6159c47636b97a0,all_candidates,all_finite_diagnostic,emx_minus_frozen_proxy,Qmin,dimensionless,44,0.34953138383021204,0.5658139865788668,-0.18509525273566033,0.23959442759778593,0.6582454637717644,1.4941423159967493,PROVISIONAL_SMALL_REQUEST_N,5,0.19015506576156116,0.5247692591447491,0.2201642562719078,0.8201072752024052,-0.3184090092762759,-0.022651184007245778,0.16339965883462604,0.26610346066770063,0.33815164161166494,1.775144594630472,0.37943009179290144,1.9749498014558784,220,44,39,5,45,3,0,0,128,26,44,44,55,,0.4727272727272727,0.11818181818181818,0.6666666666666666,NOT_ESTIMABLE,,,PROVISIONAL_SMALL_REQUEST_N,0.41818181818181815,0.5272727272727272,PROVISIONAL_SMALL_REQUEST_N,0.5909090909090909,0.7647058823529411,NOT_PRIMARY; use physical units and frozen spans
18,f18-1a136fda6a2a,FORMAL_10K,HELDOUT_TRIPLE_AUDIT,STRICT_LUMPED,f12d43eace12231077007dc497fee8dad00fbe58cb2f1fe2c6159c47636b97a0,all_candidates,all_finite_diagnostic,emx_minus_frozen_proxy,K_abs,dimensionless,44,0.02087232726456342,0.028925635934124724,0.017078507534615168,0.015054235444044065,0.042272882547739234,0.04810897086602035,PROVISIONAL_SMALL_REQUEST_N,5,0.015425318864722837,0.027954286369916564,0.0210900560034157,0.038214850649542505,0.008915692073707092,0.025694512274419077,0.009595430379525816,0.018303000340583353,0.036064246646260484,0.08962806244509769,0.039401932796269266,0.08980310849543491,220,44,39,5,45,3,0,0,128,26,44,44,55,,0.4727272727272727,0.11818181818181818,0.6666666666666666,NOT_ESTIMABLE,,,PROVISIONAL_SMALL_REQUEST_N,0.41818181818181815,0.5272727272727272,PROVISIONAL_SMALL_REQUEST_N,0.5909090909090909,0.7647058823529411,NOT_PRIMARY; use physical units and frozen spans
18,f18-1a136fda6a2a,FORMAL_10K,HELDOUT_TRIPLE_AUDIT,STRICT_LUMPED,f12d43eace12231077007dc497fee8dad00fbe58cb2f1fe2c6159c47636b97a0,selected_q_proxy,strict_valid,emx_minus_target,Lp_nH,nH,5,0.011624373919142594,0.012781965930216585,-0.002014469232262317,0.01093954360887861,0.01760880519826984,0.018729307716297237,PROVISIONAL_SMALL_REQUEST_N,5,0.007041996349966673,0.01660838071532129,0.008001399915515668,0.017149365318875877,-0.012910310623543331,0.00884189611110484,0.003840042878877181,0.01984981023432464,0.010261796257105127,0.01984981023432464,0.010600669932991868,0.01984981023432464,20,5,5,0,0,0,0,0,15,5,5,5,5,,1.0,0.25,1.0,NOT_ESTIMABLE,,,PROVISIONAL_SMALL_REQUEST_N,1.0,1.0,PROVISIONAL_SMALL_REQUEST_N,1.0,1.0,NOT_PRIMARY; use physical units and frozen spans
18,f18-1a136fda6a2a,FORMAL_10K,HELDOUT_TRIPLE_AUDIT,STRICT_LUMPED,f12d43eace12231077007dc497fee8dad00fbe58cb2f1fe2c6159c47636b97a0,selected_q_proxy,strict_valid,emx_minus_target,Ls_nH,nH,5,0.009120889503089646,0.010933922603068823,-0.0034564701875901883,0.006481638681189672,0.016517402784493117,0.018108809126779767,PROVISIONAL_SMALL_REQUEST_N,5,0.0043680915792615235,0.014865410822368719,0.00450540311890362,0.0158007515553528,-0.012883865561831758,0.004967774526097224,0.0034832239470111714,0.019700215469066418,0.005567457472932924,0.019700215469066418,0.006024548077061298,0.019700215469066418,20,5,5,0,0,0,0,0,15,5,5,5,5,,1.0,0.25,1.0,NOT_ESTIMABLE,,,PROVISIONAL_SMALL_REQUEST_N,1.0,1.0,PROVISIONAL_SMALL_REQUEST_N,1.0,1.0,NOT_PRIMARY; use physical units and frozen spans
18,f18-1a136fda6a2a,FORMAL_10K,HELDOUT_TRIPLE_AUDIT,STRICT_LUMPED,f12d43eace12231077007dc497fee8dad00fbe58cb2f1fe2c6159c47636b97a0,selected_q_proxy,strict_valid,emx_minus_target,Qmin,dimensionless,5,0.18580501147424117,0.2096897103103984,0.03897336224959034,0.15447248616318277,0.29957109782755575,0.33332511044459134,PROVISIONAL_SMALL_REQUEST_N,5,0.11807877824503876,0.2729380413227133,0.1194726887863868,0.29664110089684687,-0.16755690635123913,0.16290868870895317,0.10018403690444444,0.36707912306162704,0.13627563220411076,0.36707912306162704,0.14537405918364676,0.36707912306162704,20,5,5,0,0,0,0,0,15,5,5,5,5,,1.0,0.25,1.0,NOT_ESTIMABLE,,,PROVISIONAL_SMALL_REQUEST_N,1.0,1.0,PROVISIONAL_SMALL_REQUEST_N,1.0,1.0,NOT_PRIMARY; use physical units and frozen spans
18,f18-1a136fda6a2a,FORMAL_10K,HELDOUT_TRIPLE_AUDIT,STRICT_LUMPED,f12d43eace12231077007dc497fee8dad00fbe58cb2f1fe2c6159c47636b97a0,selected_q_proxy,strict_valid,emx_minus_target,K_abs,dimensionless,5,0.008663373862008356,0.011994147810052905,0.005576128501179967,0.0045567277771980386,0.017667360873949434,0.021386523534965892,PROVISIONAL_SMALL_REQUEST_N,5,0.0037691785338241413,0.0168888918432755,0.00380747160212265,0.019660542902045754,-0.002290605996610709,0.015454040740329817,0.003161385624872934,0.025105686195982357,0.004327315394754183,0.025105686195982357,0.0044420215859761105,0.025105686195982357,20,5,5,0,0,0,0,0,15,5,5,5,5,,1.0,0.25,1.0,NOT_ESTIMABLE,,,PROVISIONAL_SMALL_REQUEST_N,1.0,1.0,PROVISIONAL_SMALL_REQUEST_N,1.0,1.0,NOT_PRIMARY; use physical units and frozen spans
18,f18-1a136fda6a2a,FORMAL_10K,HELDOUT_TRIPLE_AUDIT,STRICT_LUMPED,f12d43eace12231077007dc497fee8dad00fbe58cb2f1fe2c6159c47636b97a0,selected_q_proxy,strict_valid,emx_minus_frozen_proxy,Lp_nH,nH,5,0.009462173600910196,0.010686547034646485,-0.005385257906530794,0.009515799439408834,0.014479125737406284,0.015834597883025214,PROVISIONAL_SMALL_REQUEST_N,5,0.00475987078425022,0.013941111839670254,0.006420751555613793,0.01450151783861918,-0.012944271619559222,0.003397131009134746,0.0015892516808111434,0.017190070028644144,0.009150694685700244,0.017190070028644144,0.009333247062554539,0.017190070028644144,20,5,5,0,0,0,0,0,15,5,5,5,5,,1.0,0.25,1.0,NOT_ESTIMABLE,,,PROVISIONAL_SMALL_REQUEST_N,1.0,1.0,PROVISIONAL_SMALL_REQUEST_N,1.0,1.0,NOT_PRIMARY; use physical units and frozen spans
18,f18-1a136fda6a2a,FORMAL_10K,HELDOUT_TRIPLE_AUDIT,STRICT_LUMPED,f12d43eace12231077007dc497fee8dad00fbe58cb2f1fe2c6159c47636b97a0,selected_q_proxy,strict_valid,emx_minus_frozen_proxy,Ls_nH,nH,5,0.011207170037176684,0.013081677813436852,-0.004694605145260966,0.012352687362169879,0.018676864434443365,0.020312744462407425,PROVISIONAL_SMALL_REQUEST_N,5,0.005656663065550327,0.01675767700880304,0.006573381878574457,0.018167293520826203,-0.015094457359403356,0.0054924249916616045,0.003928724867619415,0.021948624490371493,0.009026248063370513,0.021948624490371493,0.010689467712770195,0.021948624490371493,20,5,5,0,0,0,0,0,15,5,5,5,5,,1.0,0.25,1.0,NOT_ESTIMABLE,,,PROVISIONAL_SMALL_REQUEST_N,1.0,1.0,PROVISIONAL_SMALL_REQUEST_N,1.0,1.0,NOT_PRIMARY; use physical units and frozen spans
18,f18-1a136fda6a2a,FORMAL_10K,HELDOUT_TRIPLE_AUDIT,STRICT_LUMPED,f12d43eace12231077007dc497fee8dad00fbe58cb2f1fe2c6159c47636b97a0,selected_q_proxy,strict_valid,emx_minus_frozen_proxy,Qmin,dimensionless,5,0.19533946581994427,0.21324087724192684,0.06286557416365283,0.19426738822351908,0.29293391398096025,0.3120593215608444,PROVISIONAL_SMALL_REQUEST_N,5,0.12512848584237019,0.26555044579751835,0.1316323650961051,0.2798235956911889,-0.13341575125655467,0.19837164036910943,0.08347947757827257,0.3311847291407286,0.1694436501004688,0.3311847291407286,0.18185551916199394,0.3311847291407286,20,5,5,0,0,0,0,0,15,5,5,5,5,,1.0,0.25,1.0,NOT_ESTIMABLE,,,PROVISIONAL_SMALL_REQUEST_N,1.0,1.0,PROVISIONAL_SMALL_REQUEST_N,1.0,1.0,NOT_PRIMARY; use physical units and frozen spans
18,f18-1a136fda6a2a,FORMAL_10K,HELDOUT_TRIPLE_AUDIT,STRICT_LUMPED,f12d43eace12231077007dc497fee8dad00fbe58cb2f1fe2c6159c47636b97a0,selected_q_proxy,strict_valid,emx_minus_frozen_proxy,K_abs,dimensionless,5,0.007604729411284558,0.010805499455982593,0.004526803920740632,0.00655549005760292,0.015993251816110488,0.0190952163352675,PROVISIONAL_SMALL_REQUEST_N,5,0.0023099246963818295,0.014883644898133977,0.003154125498778502,0.017459457795439545,-0.0027890666471441228,0.013379302622303132,0.0011393236687568947,0.022197180854424514,0.004511011721361358,0.022197180854424514,0.005533250889482138,0.022197180854424514,20,5,5,0,0,0,0,0,15,5,5,5,5,,1.0,0.25,1.0,NOT_ESTIMABLE,,,PROVISIONAL_SMALL_REQUEST_N,1.0,1.0,PROVISIONAL_SMALL_REQUEST_N,1.0,1.0,NOT_PRIMARY; use physical units and frozen spans
18,f18-1a136fda6a2a,FORMAL_10K,HELDOUT_TRIPLE_AUDIT,STRICT_LUMPED,f12d43eace12231077007dc497fee8dad00fbe58cb2f1fe2c6159c47636b97a0,selected_q_proxy,all_finite_diagnostic,emx_minus_target,Lp_nH,nH,5,0.011624373919142594,0.012781965930216585,-0.002014469232262317,0.01093954360887861,0.01760880519826984,0.018729307716297237,PROVISIONAL_SMALL_REQUEST_N,5,0.007041996349966673,0.01660838071532129,0.008001399915515668,0.017149365318875877,-0.012910310623543331,0.00884189611110484,0.003840042878877181,0.01984981023432464,0.010261796257105127,0.01984981023432464,0.010600669932991868,0.01984981023432464,20,5,5,0,0,0,0,0,15,5,5,5,5,,1.0,0.25,1.0,NOT_ESTIMABLE,,,PROVISIONAL_SMALL_REQUEST_N,1.0,1.0,PROVISIONAL_SMALL_REQUEST_N,1.0,1.0,NOT_PRIMARY; use physical units and frozen spans
18,f18-1a136fda6a2a,FORMAL_10K,HELDOUT_TRIPLE_AUDIT,STRICT_LUMPED,f12d43eace12231077007dc497fee8dad00fbe58cb2f1fe2c6159c47636b97a0,selected_q_proxy,all_finite_diagnostic,emx_minus_target,Ls_nH,nH,5,0.009120889503089646,0.010933922603068823,-0.0034564701875901883,0.006481638681189672,0.016517402784493117,0.018108809126779767,PROVISIONAL_SMALL_REQUEST_N,5,0.0043680915792615235,0.014865410822368719,0.00450540311890362,0.0158007515553528,-0.012883865561831758,0.004967774526097224,0.0034832239470111714,0.019700215469066418,0.005567457472932924,0.019700215469066418,0.006024548077061298,0.019700215469066418,20,5,5,0,0,0,0,0,15,5,5,5,5,,1.0,0.25,1.0,NOT_ESTIMABLE,,,PROVISIONAL_SMALL_REQUEST_N,1.0,1.0,PROVISIONAL_SMALL_REQUEST_N,1.0,1.0,NOT_PRIMARY; use physical units and frozen spans
18,f18-1a136fda6a2a,FORMAL_10K,HELDOUT_TRIPLE_AUDIT,STRICT_LUMPED,f12d43eace12231077007dc497fee8dad00fbe58cb2f1fe2c6159c47636b97a0,selected_q_proxy,all_finite_diagnostic,emx_minus_target,Qmin,dimensionless,5,0.18580501147424117,0.2096897103103984,0.03897336224959034,0.15447248616318277,0.29957109782755575,0.33332511044459134,PROVISIONAL_SMALL_REQUEST_N,5,0.11807877824503876,0.2729380413227133,0.1194726887863868,0.29664110089684687,-0.16755690635123913,0.16290868870895317,0.10018403690444444,0.36707912306162704,0.13627563220411076,0.36707912306162704,0.14537405918364676,0.36707912306162704,20,5,5,0,0,0,0,0,15,5,5,5,5,,1.0,0.25,1.0,NOT_ESTIMABLE,,,PROVISIONAL_SMALL_REQUEST_N,1.0,1.0,PROVISIONAL_SMALL_REQUEST_N,1.0,1.0,NOT_PRIMARY; use physical units and frozen spans
18,f18-1a136fda6a2a,FORMAL_10K,HELDOUT_TRIPLE_AUDIT,STRICT_LUMPED,f12d43eace12231077007dc497fee8dad00fbe58cb2f1fe2c6159c47636b97a0,selected_q_proxy,all_finite_diagnostic,emx_minus_target,K_abs,dimensionless,5,0.008663373862008356,0.011994147810052905,0.005576128501179967,0.0045567277771980386,0.017667360873949434,0.021386523534965892,PROVISIONAL_SMALL_REQUEST_N,5,0.0037691785338241413,0.0168888918432755,0.00380747160212265,0.019660542902045754,-0.002290605996610709,0.015454040740329817,0.003161385624872934,0.025105686195982357,0.004327315394754183,0.025105686195982357,0.0044420215859761105,0.025105686195982357,20,5,5,0,0,0,0,0,15,5,5,5,5,,1.0,0.25,1.0,NOT_ESTIMABLE,,,PROVISIONAL_SMALL_REQUEST_N,1.0,1.0,PROVISIONAL_SMALL_REQUEST_N,1.0,1.0,NOT_PRIMARY; use physical units and frozen spans
18,f18-1a136fda6a2a,FORMAL_10K,HELDOUT_TRIPLE_AUDIT,STRICT_LUMPED,f12d43eace12231077007dc497fee8dad00fbe58cb2f1fe2c6159c47636b97a0,selected_q_proxy,all_finite_diagnostic,emx_minus_frozen_proxy,Lp_nH,nH,5,0.009462173600910196,0.010686547034646485,-0.005385257906530794,0.009515799439408834,0.014479125737406284,0.015834597883025214,PROVISIONAL_SMALL_REQUEST_N,5,0.00475987078425022,0.013941111839670254,0.006420751555613793,0.01450151783861918,-0.012944271619559222,0.003397131009134746,0.0015892516808111434,0.017190070028644144,0.009150694685700244,0.017190070028644144,0.009333247062554539,0.017190070028644144,20,5,5,0,0,0,0,0,15,5,5,5,5,,1.0,0.25,1.0,NOT_ESTIMABLE,,,PROVISIONAL_SMALL_REQUEST_N,1.0,1.0,PROVISIONAL_SMALL_REQUEST_N,1.0,1.0,NOT_PRIMARY; use physical units and frozen spans
18,f18-1a136fda6a2a,FORMAL_10K,HELDOUT_TRIPLE_AUDIT,STRICT_LUMPED,f12d43eace12231077007dc497fee8dad00fbe58cb2f1fe2c6159c47636b97a0,selected_q_proxy,all_finite_diagnostic,emx_minus_frozen_proxy,Ls_nH,nH,5,0.011207170037176684,0.013081677813436852,-0.004694605145260966,0.012352687362169879,0.018676864434443365,0.020312744462407425,PROVISIONAL_SMALL_REQUEST_N,5,0.005656663065550327,0.01675767700880304,0.006573381878574457,0.018167293520826203,-0.015094457359403356,0.0054924249916616045,0.003928724867619415,0.021948624490371493,0.009026248063370513,0.021948624490371493,0.010689467712770195,0.021948624490371493,20,5,5,0,0,0,0,0,15,5,5,5,5,,1.0,0.25,1.0,NOT_ESTIMABLE,,,PROVISIONAL_SMALL_REQUEST_N,1.0,1.0,PROVISIONAL_SMALL_REQUEST_N,1.0,1.0,NOT_PRIMARY; use physical units and frozen spans
18,f18-1a136fda6a2a,FORMAL_10K,HELDOUT_TRIPLE_AUDIT,STRICT_LUMPED,f12d43eace12231077007dc497fee8dad00fbe58cb2f1fe2c6159c47636b97a0,selected_q_proxy,all_finite_diagnostic,emx_minus_frozen_proxy,Qmin,dimensionless,5,0.19533946581994427,0.21324087724192684,0.06286557416365283,0.19426738822351908,0.29293391398096025,0.3120593215608444,PROVISIONAL_SMALL_REQUEST_N,5,0.12512848584237019,0.26555044579751835,0.1316323650961051,0.2798235956911889,-0.13341575125655467,0.19837164036910943,0.08347947757827257,0.3311847291407286,0.1694436501004688,0.3311847291407286,0.18185551916199394,0.3311847291407286,20,5,5,0,0,0,0,0,15,5,5,5,5,,1.0,0.25,1.0,NOT_ESTIMABLE,,,PROVISIONAL_SMALL_REQUEST_N,1.0,1.0,PROVISIONAL_SMALL_REQUEST_N,1.0,1.0,NOT_PRIMARY; use physical units and frozen spans
18,f18-1a136fda6a2a,FORMAL_10K,HELDOUT_TRIPLE_AUDIT,STRICT_LUMPED,f12d43eace12231077007dc497fee8dad00fbe58cb2f1fe2c6159c47636b97a0,selected_q_proxy,all_finite_diagnostic,emx_minus_frozen_proxy,K_abs,dimensionless,5,0.007604729411284558,0.010805499455982593,0.004526803920740632,0.00655549005760292,0.015993251816110488,0.0190952163352675,PROVISIONAL_SMALL_REQUEST_N,5,0.0023099246963818295,0.014883644898133977,0.003154125498778502,0.017459457795439545,-0.0027890666471441228,0.013379302622303132,0.0011393236687568947,0.022197180854424514,0.004511011721361358,0.022197180854424514,0.005533250889482138,0.022197180854424514,20,5,5,0,0,0,0,0,15,5,5,5,5,,1.0,0.25,1.0,NOT_ESTIMABLE,,,PROVISIONAL_SMALL_REQUEST_N,1.0,1.0,PROVISIONAL_SMALL_REQUEST_N,1.0,1.0,NOT_PRIMARY; use physical units and frozen spans
19,f19-e02801471b97,FORMAL_10K,HELDOUT_TRIPLE_AUDIT,STRICT_LUMPED,f12d43eace12231077007dc497fee8dad00fbe58cb2f1fe2c6159c47636b97a0,all_candidates,strict_valid,emx_minus_target,Lp_nH,nH,33,0.027849696638308767,0.0394791889243996,0.018226046982442932,0.024240842229837245,0.0554619276881581,0.08482642049974917,PROVISIONAL_SMALL_REQUEST_N,5,0.019510327951067667,0.035637435910094196,0.025930189593737742,0.05411129603360723,0.006420050602973145,0.03095399169345552,0.00782424213063393,0.02797089503676875,0.03855632801641473,0.10447403237506492,0.04205129742897484,0.12304080512847926,220,38,33,5,24,9,0,0,149,26,38,38,55,,0.4727272727272727,0.11818181818181818,0.7878787878787878,NOT_ESTIMABLE,,,PROVISIONAL_SMALL_REQUEST_N,0.38181818181818183,0.5636363636363636,PROVISIONAL_SMALL_REQUEST_N,0.7,0.8611111111111112,NOT_PRIMARY; use physical units and frozen spans
19,f19-e02801471b97,FORMAL_10K,HELDOUT_TRIPLE_AUDIT,STRICT_LUMPED,f12d43eace12231077007dc497fee8dad00fbe58cb2f1fe2c6159c47636b97a0,all_candidates,strict_valid,emx_minus_target,Ls_nH,nH,33,0.028161801134381638,0.04281906768799033,-0.009968699816505213,0.013977396012159304,0.07861036689564219,0.10346319161885889,PROVISIONAL_SMALL_REQUEST_N,5,0.01613463131500591,0.04177328924308623,0.02431492371786651,0.05673552633985894,-0.02286656124289707,0.00380375888173604,0.008621168906136789,0.02433674568886901,0.041362908648099106,0.10928430947275491,0.058299311340105686,0.10960601208522092,220,38,33,5,24,9,0,0,149,26,38,38,55,,0.4727272727272727,0.11818181818181818,0.7878787878787878,NOT_ESTIMABLE,,,PROVISIONAL_SMALL_REQUEST_N,0.38181818181818183,0.5636363636363636,PROVISIONAL_SMALL_REQUEST_N,0.7,0.8611111111111112,NOT_PRIMARY; use physical units and frozen spans
19,f19-e02801471b97,FORMAL_10K,HELDOUT_TRIPLE_AUDIT,STRICT_LUMPED,f12d43eace12231077007dc497fee8dad00fbe58cb2f1fe2c6159c47636b97a0,all_candidates,strict_valid,emx_minus_target,Qmin,dimensionless,33,0.6032857972377654,0.8685445204896517,0.07415151124552084,0.3946351663978689,1.4461805392482163,1.5232835536714457,PROVISIONAL_SMALL_REQUEST_N,5,0.5252913923081497,0.7400539592425899,0.6996834023782046,1.1401610843570742,-0.31368207575051976,0.337887069492104,0.3426472353866794,0.4637814456767799,1.1273901733338043,1.5549686802939864,1.2903880705088824,3.015938794003631,220,38,33,5,24,9,0,0,149,26,38,38,55,,0.4727272727272727,0.11818181818181818,0.7878787878787878,NOT_ESTIMABLE,,,PROVISIONAL_SMALL_REQUEST_N,0.38181818181818183,0.5636363636363636,PROVISIONAL_SMALL_REQUEST_N,0.7,0.8611111111111112,NOT_PRIMARY; use physical units and frozen spans
19,f19-e02801471b97,FORMAL_10K,HELDOUT_TRIPLE_AUDIT,STRICT_LUMPED,f12d43eace12231077007dc497fee8dad00fbe58cb2f1fe2c6159c47636b97a0,all_candidates,strict_valid,emx_minus_target,K_abs,dimensionless,33,0.019363850269832537,0.023350496155126518,0.0027329892216614673,0.017265338551422288,0.03373369717431734,0.04313687343679239,PROVISIONAL_SMALL_REQUEST_N,5,0.017416378596862,0.021384387501839686,0.022721010511381576,0.024020680783861412,-0.004100744616672702,0.010105806881064053,0.010951649475077513,0.019955707968128733,0.03172451136420265,0.048974860855702296,0.03310582660865649,0.05259741029265855,220,38,33,5,24,9,0,0,149,26,38,38,55,,0.4727272727272727,0.11818181818181818,0.7878787878787878,NOT_ESTIMABLE,,,PROVISIONAL_SMALL_REQUEST_N,0.38181818181818183,0.5636363636363636,PROVISIONAL_SMALL_REQUEST_N,0.7,0.8611111111111112,NOT_PRIMARY; use physical units and frozen spans
19,f19-e02801471b97,FORMAL_10K,HELDOUT_TRIPLE_AUDIT,STRICT_LUMPED,f12d43eace12231077007dc497fee8dad00fbe58cb2f1fe2c6159c47636b97a0,all_candidates,strict_valid,emx_minus_frozen_proxy,Lp_nH,nH,33,0.012102989444857609,0.016049818129452366,0.0050120675646639174,0.008959104660902995,0.027224101062083197,0.035570197045117075,PROVISIONAL_SMALL_REQUEST_N,5,0.007169686229607668,0.016746098353328142,0.009282583197754731,0.020468093150141264,0.0007344680164390728,0.011209160920463047,0.005089647067555103,0.012868035734847405,0.012643854341865213,0.037076146828350906,0.017864145260685863,0.037507247125806664,220,38,33,5,24,9,0,0,149,26,38,38,55,,0.4727272727272727,0.11818181818181818,0.7878787878787878,NOT_ESTIMABLE,,,PROVISIONAL_SMALL_REQUEST_N,0.38181818181818183,0.5636363636363636,PROVISIONAL_SMALL_REQUEST_N,0.7,0.8611111111111112,NOT_PRIMARY; use physical units and frozen spans
19,f19-e02801471b97,FORMAL_10K,HELDOUT_TRIPLE_AUDIT,STRICT_LUMPED,f12d43eace12231077007dc497fee8dad00fbe58cb2f1fe2c6159c47636b97a0,all_candidates,strict_valid,emx_minus_frozen_proxy,Ls_nH,nH,33,0.008878534241057438,0.012223240726701081,-0.0015845058685172836,0.0054153654063102685,0.020584988957495966,0.02342966538901944,PROVISIONAL_SMALL_REQUEST_N,5,0.0056464227604040105,0.01229493025121399,0.007867210971434386,0.016158079514742938,-0.007865184346740576,0.00669925701007127,0.004801308764959433,0.012748227839415649,0.01490014243584205,0.02676078440182983,0.017383754257247697,0.03250473779692764,220,38,33,5,24,9,0,0,149,26,38,38,55,,0.4727272727272727,0.11818181818181818,0.7878787878787878,NOT_ESTIMABLE,,,PROVISIONAL_SMALL_REQUEST_N,0.38181818181818183,0.5636363636363636,PROVISIONAL_SMALL_REQUEST_N,0.7,0.8611111111111112,NOT_PRIMARY; use physical units and frozen spans
19,f19-e02801471b97,FORMAL_10K,HELDOUT_TRIPLE_AUDIT,STRICT_LUMPED,f12d43eace12231077007dc497fee8dad00fbe58cb2f1fe2c6159c47636b97a0,all_candidates,strict_valid,emx_minus_frozen_proxy,Qmin,dimensionless,33,0.21186182156727942,0.2573576923580869,0.02680750577640093,0.1993936259697282,0.33699284534316903,0.5059343726172335,PROVISIONAL_SMALL_REQUEST_N,5,0.18479807855947164,0.2551218708799183,0.2168991133527235,0.30880285160519483,-0.0741609290564662,0.11175926351513293,0.15140786396736683,0.2280892813523625,0.27877451549551147,0.5580372447784026,0.33541584876988634,0.7044605711107081,220,38,33,5,24,9,0,0,149,26,38,38,55,,0.4727272727272727,0.11818181818181818,0.7878787878787878,NOT_ESTIMABLE,,,PROVISIONAL_SMALL_REQUEST_N,0.38181818181818183,0.5636363636363636,PROVISIONAL_SMALL_REQUEST_N,0.7,0.8611111111111112,NOT_PRIMARY; use physical units and frozen spans
19,f19-e02801471b97,FORMAL_10K,HELDOUT_TRIPLE_AUDIT,STRICT_LUMPED,f12d43eace12231077007dc497fee8dad00fbe58cb2f1fe2c6159c47636b97a0,all_candidates,strict_valid,emx_minus_frozen_proxy,K_abs,dimensionless,33,0.013631522576045213,0.016955088383002297,0.0014295334602249512,0.010300842558368578,0.0287873483967798,0.03214244154499641,PROVISIONAL_SMALL_REQUEST_N,5,0.009028884384249137,0.01903480267429518,0.010903312272756819,0.02224692860537794,-0.0019253306123902694,0.007454758221231618,0.008552495609215657,0.020588196865614,0.01527362183487293,0.033855948054613144,0.02078933767453564,0.039230110380705785,220,38,33,5,24,9,0,0,149,26,38,38,55,,0.4727272727272727,0.11818181818181818,0.7878787878787878,NOT_ESTIMABLE,,,PROVISIONAL_SMALL_REQUEST_N,0.38181818181818183,0.5636363636363636,PROVISIONAL_SMALL_REQUEST_N,0.7,0.8611111111111112,NOT_PRIMARY; use physical units and frozen spans
19,f19-e02801471b97,FORMAL_10K,HELDOUT_TRIPLE_AUDIT,STRICT_LUMPED,f12d43eace12231077007dc497fee8dad00fbe58cb2f1fe2c6159c47636b97a0,all_candidates,all_finite_diagnostic,emx_minus_target,Lp_nH,nH,38,0.03046078041990322,0.04194861498343152,0.010885341293440884,0.025199632358742285,0.07262445521751995,0.08155607024407388,PROVISIONAL_SMALL_REQUEST_N,5,0.02777939750384256,0.03298880998549417,0.032390168069637126,0.05100507039223516,-0.010234111059902065,0.027195229337130793,0.011036813426161918,0.02797089503676875,0.04914606555045928,0.10447403237506492,0.053619601122131794,0.12304080512847926,220,38,33,5,24,9,0,0,149,26,38,38,55,,0.4727272727272727,0.11818181818181818,0.7878787878787878,NOT_ESTIMABLE,,,PROVISIONAL_SMALL_REQUEST_N,0.38181818181818183,0.5636363636363636,PROVISIONAL_SMALL_REQUEST_N,0.7,0.8611111111111112,NOT_PRIMARY; use physical units and frozen spans
19,f19-e02801471b97,FORMAL_10K,HELDOUT_TRIPLE_AUDIT,STRICT_LUMPED,f12d43eace12231077007dc497fee8dad00fbe58cb2f1fe2c6159c47636b97a0,all_candidates,all_finite_diagnostic,emx_minus_target,Ls_nH,nH,38,0.03322984492422495,0.050998202431438606,-0.017275849689803075,0.014444891510334568,0.10249300530987628,0.11007794883824616,PROVISIONAL_SMALL_REQUEST_N,5,0.023340287782880643,0.04123567689578938,0.03631420405822235,0.060321665012918566,-0.026794064111157714,-0.005193078977818297,0.009264257839714962,0.02433674568886901,0.058299311340105686,0.11275225710538928,0.07677475715511513,0.15046338388661462,220,38,33,5,24,9,0,0,149,26,38,38,55,,0.4727272727272727,0.11818181818181818,0.7878787878787878,NOT_ESTIMABLE,,,PROVISIONAL_SMALL_REQUEST_N,0.38181818181818183,0.5636363636363636,PROVISIONAL_SMALL_REQUEST_N,0.7,0.8611111111111112,NOT_PRIMARY; use physical units and frozen spans
19,f19-e02801471b97,FORMAL_10K,HELDOUT_TRIPLE_AUDIT,STRICT_LUMPED,f12d43eace12231077007dc497fee8dad00fbe58cb2f1fe2c6159c47636b97a0,all_candidates,all_finite_diagnostic,emx_minus_target,Qmin,dimensionless,38,0.8614433380478553,1.385481645198127,0.40193198442301137,0.44432012752727523,1.9976956321340416,3.368550774480139,PROVISIONAL_SMALL_REQUEST_N,5,0.5325151163902618,1.3219807093023908,0.7066835327476516,1.981418943030371,-0.12341613401975202,0.9815470868612971,0.3426472353866794,0.6015405346244762,1.4533859676839604,4.045209486413615,1.4749699152708668,4.500115782725311,220,38,33,5,24,9,0,0,149,26,38,38,55,,0.4727272727272727,0.11818181818181818,0.7878787878787878,NOT_ESTIMABLE,,,PROVISIONAL_SMALL_REQUEST_N,0.38181818181818183,0.5636363636363636,PROVISIONAL_SMALL_REQUEST_N,0.7,0.8611111111111112,NOT_PRIMARY; use physical units and frozen spans
19,f19-e02801471b97,FORMAL_10K,HELDOUT_TRIPLE_AUDIT,STRICT_LUMPED,f12d43eace12231077007dc497fee8dad00fbe58cb2f1fe2c6159c47636b97a0,all_candidates,all_finite_diagnostic,emx_minus_target,K_abs,dimensionless,38,0.027582751804989997,0.036937417270105403,0.013140161947367751,0.02109977714150542,0.07122962686887878,0.08717708020197838,PROVISIONAL_SMALL_REQUEST_N,5,0.0196582418070583,0.03464358450216282,0.023352362339380796,0.04586412893857055,0.00020606666398983848,0.024181462799031824,0.015715973963293023,0.025940026473884353,0.03423599362684601,0.0886881642165645,0.03924488182418581,0.09085253989983838,220,38,33,5,24,9,0,0,149,26,38,38,55,,0.4727272727272727,0.11818181818181818,0.7878787878787878,NOT_ESTIMABLE,,,PROVISIONAL_SMALL_REQUEST_N,0.38181818181818183,0.5636363636363636,PROVISIONAL_SMALL_REQUEST_N,0.7,0.8611111111111112,NOT_PRIMARY; use physical units and frozen spans
19,f19-e02801471b97,FORMAL_10K,HELDOUT_TRIPLE_AUDIT,STRICT_LUMPED,f12d43eace12231077007dc497fee8dad00fbe58cb2f1fe2c6159c47636b97a0,all_candidates,all_finite_diagnostic,emx_minus_frozen_proxy,Lp_nH,nH,38,0.012374871716750802,0.01624417112470805,0.006216965873424702,0.00909464397148474,0.028098847669453298,0.034817222153500166,PROVISIONAL_SMALL_REQUEST_N,5,0.008836259677616767,0.016746098353328142,0.011761821606661959,0.020512311851020044,0.0020747856821323957,0.011147209034200585,0.006116033118396702,0.012868035734847405,0.02187893334400115,0.03647376691505737,0.026654918948458617,0.037507247125806664,220,38,33,5,24,9,0,0,149,26,38,38,55,,0.4727272727272727,0.11818181818181818,0.7878787878787878,NOT_ESTIMABLE,,,PROVISIONAL_SMALL_REQUEST_N,0.38181818181818183,0.5636363636363636,PROVISIONAL_SMALL_REQUEST_N,0.7,0.8611111111111112,NOT_PRIMARY; use physical units and frozen spans
19,f19-e02801471b97,FORMAL_10K,HELDOUT_TRIPLE_AUDIT,STRICT_LUMPED,f12d43eace12231077007dc497fee8dad00fbe58cb2f1fe2c6159c47636b97a0,all_candidates,all_finite_diagnostic,emx_minus_frozen_proxy,Ls_nH,nH,38,0.009612717611194574,0.01306354442973196,0.00032317650429812767,0.005571463329917814,0.021122006363748124,0.027204448038392382,PROVISIONAL_SMALL_REQUEST_N,5,0.007838490133444688,0.011242821821301032,0.010588488508921828,0.015323290977460751,-0.007865184346740576,0.0073189192115509765,0.0051716945297695105,0.0071028369310544015,0.017479254965808134,0.027056560159538206,0.019384217612119472,0.03250473779692764,220,38,33,5,24,9,0,0,149,26,38,38,55,,0.4727272727272727,0.11818181818181818,0.7878787878787878,NOT_ESTIMABLE,,,PROVISIONAL_SMALL_REQUEST_N,0.38181818181818183,0.5636363636363636,PROVISIONAL_SMALL_REQUEST_N,0.7,0.8611111111111112,NOT_PRIMARY; use physical units and frozen spans
19,f19-e02801471b97,FORMAL_10K,HELDOUT_TRIPLE_AUDIT,STRICT_LUMPED,f12d43eace12231077007dc497fee8dad00fbe58cb2f1fe2c6159c47636b97a0,all_candidates,all_finite_diagnostic,emx_minus_frozen_proxy,Qmin,dimensionless,38,0.2819452488671086,0.4135014581269579,-0.0746797803844388,0.2072590891597912,0.5640851267840653,0.7746262963077426,PROVISIONAL_SMALL_REQUEST_N,5,0.18904777543258688,0.4072211090799913,0.22131274480434512,0.5976809948035775,-0.2529289913217282,0.10503091920156905,0.1615102859042139,0.2280892813523625,0.2810907420504947,1.1722320724242756,0.3441110621792358,1.5905729227190246,220,38,33,5,24,9,0,0,149,26,38,38,55,,0.4727272727272727,0.11818181818181818,0.7878787878787878,NOT_ESTIMABLE,,,PROVISIONAL_SMALL_REQUEST_N,0.38181818181818183,0.5636363636363636,PROVISIONAL_SMALL_REQUEST_N,0.7,0.8611111111111112,NOT_PRIMARY; use physical units and frozen spans
19,f19-e02801471b97,FORMAL_10K,HELDOUT_TRIPLE_AUDIT,STRICT_LUMPED,f12d43eace12231077007dc497fee8dad00fbe58cb2f1fe2c6159c47636b97a0,all_candidates,all_finite_diagnostic,emx_minus_frozen_proxy,K_abs,dimensionless,38,0.019692876214667077,0.02761825199094456,0.009096411982507378,0.012873843806543689,0.041974688081379996,0.0651590343600882,PROVISIONAL_SMALL_REQUEST_N,5,0.012394205608561165,0.025659685568200512,0.015997055884486557,0.03456378378272798,-0.0017410183373560342,0.020099553589506672,0.009061127105410682,0.022342040210954595,0.024444258988158468,0.06451996991608158,0.03171406491759223,0.08027835044318418,220,38,33,5,24,9,0,0,149,26,38,38,55,,0.4727272727272727,0.11818181818181818,0.7878787878787878,NOT_ESTIMABLE,,,PROVISIONAL_SMALL_REQUEST_N,0.38181818181818183,0.5636363636363636,PROVISIONAL_SMALL_REQUEST_N,0.7,0.8611111111111112,NOT_PRIMARY; use physical units and frozen spans
19,f19-e02801471b97,FORMAL_10K,HELDOUT_TRIPLE_AUDIT,STRICT_LUMPED,f12d43eace12231077007dc497fee8dad00fbe58cb2f1fe2c6159c47636b97a0,selected_q_proxy,strict_valid,emx_minus_target,Lp_nH,nH,5,0.013175124594002562,0.0168876628052817,0.012026919019636883,0.00782424213063393,0.026222315132942285,0.028870909789355977,PROVISIONAL_SMALL_REQUEST_N,5,0.005354868685418013,0.021553517352387353,0.005589492008209986,0.02478165714597894,0.003009964129990483,0.021553517352387353,0.0028705139359141985,0.031519504445769675,0.006848477795977881,0.031519504445769675,0.007336359963305904,0.031519504445769675,20,5,5,0,0,0,0,0,15,5,5,5,5,,1.0,0.25,1.0,NOT_ESTIMABLE,,,PROVISIONAL_SMALL_REQUEST_N,1.0,1.0,PROVISIONAL_SMALL_REQUEST_N,1.0,1.0,NOT_PRIMARY; use physical units and frozen spans
19,f19-e02801471b97,FORMAL_10K,HELDOUT_TRIPLE_AUDIT,STRICT_LUMPED,f12d43eace12231077007dc497fee8dad00fbe58cb2f1fe2c6159c47636b97a0,selected_q_proxy,strict_valid,emx_minus_target,Ls_nH,nH,5,0.008160911277799032,0.011698227284852114,0.00709358468881498,0.004047831649278244,0.01784584355619976,0.02109129462253438,PROVISIONAL_SMALL_REQUEST_N,5,0.002604435992426435,0.01655237992899896,0.0026839607248770026,0.019210893449454976,0.000349342632201477,0.015740048187415433,0.0016421722211918954,0.02433674568886901,0.0034960255785509986,0.02433674568886901,0.0037719286139146213,0.02433674568886901,20,5,5,0,0,0,0,0,15,5,5,5,5,,1.0,0.25,1.0,NOT_ESTIMABLE,,,PROVISIONAL_SMALL_REQUEST_N,1.0,1.0,PROVISIONAL_SMALL_REQUEST_N,1.0,1.0,NOT_PRIMARY; use physical units and frozen spans
19,f19-e02801471b97,FORMAL_10K,HELDOUT_TRIPLE_AUDIT,STRICT_LUMPED,f12d43eace12231077007dc497fee8dad00fbe58cb2f1fe2c6159c47636b97a0,selected_q_proxy,strict_valid,emx_minus_target,Qmin,dimensionless,5,0.17779244704135663,0.23612022640650476,-0.0077201312293553315,0.11429844548373502,0.3577712645875686,0.4107763551321742,PROVISIONAL_SMALL_REQUEST_N,5,0.06587779582170476,0.322155811887513,0.08398705896081966,0.37008985231536734,-0.23711965398151236,0.14624903075969264,0.006990074169026528,0.4637814456767799,0.11063357805963711,0.4637814456767799,0.11246601177168607,0.4637814456767799,20,5,5,0,0,0,0,0,15,5,5,5,5,,1.0,0.25,1.0,NOT_ESTIMABLE,,,PROVISIONAL_SMALL_REQUEST_N,1.0,1.0,PROVISIONAL_SMALL_REQUEST_N,1.0,1.0,NOT_PRIMARY; use physical units and frozen spans
19,f19-e02801471b97,FORMAL_10K,HELDOUT_TRIPLE_AUDIT,STRICT_LUMPED,f12d43eace12231077007dc497fee8dad00fbe58cb2f1fe2c6159c47636b97a0,selected_q_proxy,strict_valid,emx_minus_target,K_abs,dimensionless,5,0.015498380231005748,0.01794866752153952,0.012385753029024194,0.013177270401612207,0.026247597354364976,0.02671161498606401,PROVISIONAL_SMALL_REQUEST_N,5,0.0075488355508766865,0.02344792491113481,0.008188772871022054,0.02402609686287701,0.0012025452231675892,0.02344792491113481,0.004501885671431727,0.02717563261776304,0.011018989442948879,0.02717563261776304,0.012098129922280543,0.02717563261776304,20,5,5,0,0,0,0,0,15,5,5,5,5,,1.0,0.25,1.0,NOT_ESTIMABLE,,,PROVISIONAL_SMALL_REQUEST_N,1.0,1.0,PROVISIONAL_SMALL_REQUEST_N,1.0,1.0,NOT_PRIMARY; use physical units and frozen spans
19,f19-e02801471b97,FORMAL_10K,HELDOUT_TRIPLE_AUDIT,STRICT_LUMPED,f12d43eace12231077007dc497fee8dad00fbe58cb2f1fe2c6159c47636b97a0,selected_q_proxy,strict_valid,emx_minus_frozen_proxy,Lp_nH,nH,5,0.010129120554514403,0.013907737781788481,0.007515915730175115,0.006116033118396702,0.021567052248232566,0.02446672441936095,PROVISIONAL_SMALL_REQUEST_N,5,0.003388836501616699,0.018418676255250354,0.0040669416015843155,0.021443903378905015,-0.0018375731470618773,0.01711207384308071,0.000416978942451518,0.02736639659048934,0.005220883225592843,0.02736639659048934,0.005668458171994772,0.02736639659048934,20,5,5,0,0,0,0,0,15,5,5,5,5,,1.0,0.25,1.0,NOT_ESTIMABLE,,,PROVISIONAL_SMALL_REQUEST_N,1.0,1.0,PROVISIONAL_SMALL_REQUEST_N,1.0,1.0,NOT_PRIMARY; use physical units and frozen spans
19,f19-e02801471b97,FORMAL_10K,HELDOUT_TRIPLE_AUDIT,STRICT_LUMPED,f12d43eace12231077007dc497fee8dad00fbe58cb2f1fe2c6159c47636b97a0,selected_q_proxy,strict_valid,emx_minus_frozen_proxy,Ls_nH,nH,5,0.005623483400764129,0.008428203979738516,0.005523411717521553,0.003710179686433168,0.0128167777643192,0.015179849934583808,PROVISIONAL_SMALL_REQUEST_N,5,0.0011967375208921105,0.011721301355235414,0.0017585586231827117,0.013828448181046145,0.00099659415440696,0.011621229671992838,0.000250179208106438,0.017542922104848424,0.002580737712222803,0.017542922104848424,0.0031454586993279847,0.017542922104848424,20,5,5,0,0,0,0,0,15,5,5,5,5,,1.0,0.25,1.0,NOT_ESTIMABLE,,,PROVISIONAL_SMALL_REQUEST_N,1.0,1.0,PROVISIONAL_SMALL_REQUEST_N,1.0,1.0,NOT_PRIMARY; use physical units and frozen spans
19,f19-e02801471b97,FORMAL_10K,HELDOUT_TRIPLE_AUDIT,STRICT_LUMPED,f12d43eace12231077007dc497fee8dad00fbe58cb2f1fe2c6159c47636b97a0,selected_q_proxy,strict_valid,emx_minus_frozen_proxy,Qmin,dimensionless,5,0.2031956605423332,0.24815014327907342,0.014716010738418106,0.1540733401980905,0.365546762024092,0.4183729432669398,PROVISIONAL_SMALL_REQUEST_N,5,0.1010509515408291,0.33880677471710285,0.11156578149296814,0.3774237553720205,-0.2321742107626484,0.16972925536906763,0.05727445985017887,0.47119912450978774,0.1429892680620785,0.47119912450978774,0.1485313041300845,0.47119912450978774,20,5,5,0,0,0,0,0,15,5,5,5,5,,1.0,0.25,1.0,NOT_ESTIMABLE,,,PROVISIONAL_SMALL_REQUEST_N,1.0,1.0,PROVISIONAL_SMALL_REQUEST_N,1.0,1.0,NOT_PRIMARY; use physical units and frozen spans
19,f19-e02801471b97,FORMAL_10K,HELDOUT_TRIPLE_AUDIT,STRICT_LUMPED,f12d43eace12231077007dc497fee8dad00fbe58cb2f1fe2c6159c47636b97a0,selected_q_proxy,strict_valid,emx_minus_frozen_proxy,K_abs,dimensionless,5,0.014904386965475292,0.016697509332015463,0.011686841320267038,0.012808026226084235,0.02392396303623646,0.024368372855974908,PROVISIONAL_SMALL_REQUEST_N,5,0.008285762184639944,0.02152301174631064,0.008625448252689384,0.021982158179434167,0.0009451338946992683,0.02152301174631064,0.006266528235537111,0.024812782675713352,0.010902361380858795,0.024812782675713352,0.011855193803471513,0.024812782675713352,20,5,5,0,0,0,0,0,15,5,5,5,5,,1.0,0.25,1.0,NOT_ESTIMABLE,,,PROVISIONAL_SMALL_REQUEST_N,1.0,1.0,PROVISIONAL_SMALL_REQUEST_N,1.0,1.0,NOT_PRIMARY; use physical units and frozen spans
19,f19-e02801471b97,FORMAL_10K,HELDOUT_TRIPLE_AUDIT,STRICT_LUMPED,f12d43eace12231077007dc497fee8dad00fbe58cb2f1fe2c6159c47636b97a0,selected_q_proxy,all_finite_diagnostic,emx_minus_target,Lp_nH,nH,5,0.013175124594002562,0.0168876628052817,0.012026919019636883,0.00782424213063393,0.026222315132942285,0.028870909789355977,PROVISIONAL_SMALL_REQUEST_N,5,0.005354868685418013,0.021553517352387353,0.005589492008209986,0.02478165714597894,0.003009964129990483,0.021553517352387353,0.0028705139359141985,0.031519504445769675,0.006848477795977881,0.031519504445769675,0.007336359963305904,0.031519504445769675,20,5,5,0,0,0,0,0,15,5,5,5,5,,1.0,0.25,1.0,NOT_ESTIMABLE,,,PROVISIONAL_SMALL_REQUEST_N,1.0,1.0,PROVISIONAL_SMALL_REQUEST_N,1.0,1.0,NOT_PRIMARY; use physical units and frozen spans
19,f19-e02801471b97,FORMAL_10K,HELDOUT_TRIPLE_AUDIT,STRICT_LUMPED,f12d43eace12231077007dc497fee8dad00fbe58cb2f1fe2c6159c47636b97a0,selected_q_proxy,all_finite_diagnostic,emx_minus_target,Ls_nH,nH,5,0.008160911277799032,0.011698227284852114,0.00709358468881498,0.004047831649278244,0.01784584355619976,0.02109129462253438,PROVISIONAL_SMALL_REQUEST_N,5,0.002604435992426435,0.01655237992899896,0.0026839607248770026,0.019210893449454976,0.000349342632201477,0.015740048187415433,0.0016421722211918954,0.02433674568886901,0.0034960255785509986,0.02433674568886901,0.0037719286139146213,0.02433674568886901,20,5,5,0,0,0,0,0,15,5,5,5,5,,1.0,0.25,1.0,NOT_ESTIMABLE,,,PROVISIONAL_SMALL_REQUEST_N,1.0,1.0,PROVISIONAL_SMALL_REQUEST_N,1.0,1.0,NOT_PRIMARY; use physical units and frozen spans
19,f19-e02801471b97,FORMAL_10K,HELDOUT_TRIPLE_AUDIT,STRICT_LUMPED,f12d43eace12231077007dc497fee8dad00fbe58cb2f1fe2c6159c47636b97a0,selected_q_proxy,all_finite_diagnostic,emx_minus_target,Qmin,dimensionless,5,0.17779244704135663,0.23612022640650476,-0.0077201312293553315,0.11429844548373502,0.3577712645875686,0.4107763551321742,PROVISIONAL_SMALL_REQUEST_N,5,0.06587779582170476,0.322155811887513,0.08398705896081966,0.37008985231536734,-0.23711965398151236,0.14624903075969264,0.006990074169026528,0.4637814456767799,0.11063357805963711,0.4637814456767799,0.11246601177168607,0.4637814456767799,20,5,5,0,0,0,0,0,15,5,5,5,5,,1.0,0.25,1.0,NOT_ESTIMABLE,,,PROVISIONAL_SMALL_REQUEST_N,1.0,1.0,PROVISIONAL_SMALL_REQUEST_N,1.0,1.0,NOT_PRIMARY; use physical units and frozen spans
19,f19-e02801471b97,FORMAL_10K,HELDOUT_TRIPLE_AUDIT,STRICT_LUMPED,f12d43eace12231077007dc497fee8dad00fbe58cb2f1fe2c6159c47636b97a0,selected_q_proxy,all_finite_diagnostic,emx_minus_target,K_abs,dimensionless,5,0.015498380231005748,0.01794866752153952,0.012385753029024194,0.013177270401612207,0.026247597354364976,0.02671161498606401,PROVISIONAL_SMALL_REQUEST_N,5,0.0075488355508766865,0.02344792491113481,0.008188772871022054,0.02402609686287701,0.0012025452231675892,0.02344792491113481,0.004501885671431727,0.02717563261776304,0.011018989442948879,0.02717563261776304,0.012098129922280543,0.02717563261776304,20,5,5,0,0,0,0,0,15,5,5,5,5,,1.0,0.25,1.0,NOT_ESTIMABLE,,,PROVISIONAL_SMALL_REQUEST_N,1.0,1.0,PROVISIONAL_SMALL_REQUEST_N,1.0,1.0,NOT_PRIMARY; use physical units and frozen spans
19,f19-e02801471b97,FORMAL_10K,HELDOUT_TRIPLE_AUDIT,STRICT_LUMPED,f12d43eace12231077007dc497fee8dad00fbe58cb2f1fe2c6159c47636b97a0,selected_q_proxy,all_finite_diagnostic,emx_minus_frozen_proxy,Lp_nH,nH,5,0.010129120554514403,0.013907737781788481,0.007515915730175115,0.006116033118396702,0.021567052248232566,0.02446672441936095,PROVISIONAL_SMALL_REQUEST_N,5,0.003388836501616699,0.018418676255250354,0.0040669416015843155,0.021443903378905015,-0.0018375731470618773,0.01711207384308071,0.000416978942451518,0.02736639659048934,0.005220883225592843,0.02736639659048934,0.005668458171994772,0.02736639659048934,20,5,5,0,0,0,0,0,15,5,5,5,5,,1.0,0.25,1.0,NOT_ESTIMABLE,,,PROVISIONAL_SMALL_REQUEST_N,1.0,1.0,PROVISIONAL_SMALL_REQUEST_N,1.0,1.0,NOT_PRIMARY; use physical units and frozen spans
19,f19-e02801471b97,FORMAL_10K,HELDOUT_TRIPLE_AUDIT,STRICT_LUMPED,f12d43eace12231077007dc497fee8dad00fbe58cb2f1fe2c6159c47636b97a0,selected_q_proxy,all_finite_diagnostic,emx_minus_frozen_proxy,Ls_nH,nH,5,0.005623483400764129,0.008428203979738516,0.005523411717521553,0.003710179686433168,0.0128167777643192,0.015179849934583808,PROVISIONAL_SMALL_REQUEST_N,5,0.0011967375208921105,0.011721301355235414,0.0017585586231827117,0.013828448181046145,0.00099659415440696,0.011621229671992838,0.000250179208106438,0.017542922104848424,0.002580737712222803,0.017542922104848424,0.0031454586993279847,0.017542922104848424,20,5,5,0,0,0,0,0,15,5,5,5,5,,1.0,0.25,1.0,NOT_ESTIMABLE,,,PROVISIONAL_SMALL_REQUEST_N,1.0,1.0,PROVISIONAL_SMALL_REQUEST_N,1.0,1.0,NOT_PRIMARY; use physical units and frozen spans
19,f19-e02801471b97,FORMAL_10K,HELDOUT_TRIPLE_AUDIT,STRICT_LUMPED,f12d43eace12231077007dc497fee8dad00fbe58cb2f1fe2c6159c47636b97a0,selected_q_proxy,all_finite_diagnostic,emx_minus_frozen_proxy,Qmin,dimensionless,5,0.2031956605423332,0.24815014327907342,0.014716010738418106,0.1540733401980905,0.365546762024092,0.4183729432669398,PROVISIONAL_SMALL_REQUEST_N,5,0.1010509515408291,0.33880677471710285,0.11156578149296814,0.3774237553720205,-0.2321742107626484,0.16972925536906763,0.05727445985017887,0.47119912450978774,0.1429892680620785,0.47119912450978774,0.1485313041300845,0.47119912450978774,20,5,5,0,0,0,0,0,15,5,5,5,5,,1.0,0.25,1.0,NOT_ESTIMABLE,,,PROVISIONAL_SMALL_REQUEST_N,1.0,1.0,PROVISIONAL_SMALL_REQUEST_N,1.0,1.0,NOT_PRIMARY; use physical units and frozen spans
19,f19-e02801471b97,FORMAL_10K,HELDOUT_TRIPLE_AUDIT,STRICT_LUMPED,f12d43eace12231077007dc497fee8dad00fbe58cb2f1fe2c6159c47636b97a0,selected_q_proxy,all_finite_diagnostic,emx_minus_frozen_proxy,K_abs,dimensionless,5,0.014904386965475292,0.016697509332015463,0.011686841320267038,0.012808026226084235,0.02392396303623646,0.024368372855974908,PROVISIONAL_SMALL_REQUEST_N,5,0.008285762184639944,0.02152301174631064,0.008625448252689384,0.021982158179434167,0.0009451338946992683,0.02152301174631064,0.006266528235537111,0.024812782675713352,0.010902361380858795,0.024812782675713352,0.011855193803471513,0.024812782675713352,20,5,5,0,0,0,0,0,15,5,5,5,5,,1.0,0.25,1.0,NOT_ESTIMABLE,,,PROVISIONAL_SMALL_REQUEST_N,1.0,1.0,PROVISIONAL_SMALL_REQUEST_N,1.0,1.0,NOT_PRIMARY; use physical units and frozen spans
