frequency_ghz,model_id,dataset_scope,target_source,label_mode,protocol_sha256,estimand,validity,comparison,feature,unit,n,mae,rmse,bias,abs_error_p50,abs_error_p90,abs_error_p95,ci_status,n_request_groups,mae_ci_low,mae_ci_high,rmse_ci_low,rmse_ci_high,bias_ci_low,bias_ci_high,abs_error_p50_ci_low,abs_error_p50_ci_high,abs_error_p90_ci_low,abs_error_p90_ci_high,abs_error_p95_ci_low,abs_error_p95_ci_high,N_original,N_solved,N_strict_valid,N_invalid,N_analytic_fail,N_gds_fail,N_drc_fail,N_emx_not_solved,N_pending,N_joint_hit,N_independent_solves,N_unique_s4p_sha,N_accounted_candidates,joint_hit_fraction_original,joint_hit_fraction_accounted_original,confirmed_joint_hit_coverage_original,joint_hit_fraction_strict,joint_hit_original_ci_status,joint_hit_original_ci_low,joint_hit_original_ci_high,joint_hit_accounted_original_ci_status,joint_hit_accounted_original_ci_low,joint_hit_accounted_original_ci_high,joint_hit_strict_ci_status,joint_hit_strict_ci_low,joint_hit_strict_ci_high,percentage_metric
15,f15-5a9547401a37,DEVELOPMENT_5K_NOT_FORMAL_10K,HELDOUT_TRIPLE_AUDIT,STRICT_LUMPED,f12d43eace12231077007dc497fee8dad00fbe58cb2f1fe2c6159c47636b97a0,all_candidates,strict_valid,emx_minus_target,Lp_nH,nH,22,0.02278645133602356,0.04749398241451138,-0.014635206881332928,0.009942924906681139,0.0419265511477674,0.07267149298374567,PROVISIONAL_SMALL_REQUEST_N,3,0.008025456940314202,0.06819664390848316,0.009875313590471934,0.09703001519070308,-0.06819664390848316,0.008583294163757443,0.007479180019442477,0.04313083558979258,0.01591719428385528,0.19839229563961935,0.017030360146835122,0.19839229563961935,220,25,22,3,13,0,0,0,182,13,25,25,33,,0.3939393939393939,0.05909090909090909,0.5909090909090909,NOT_ESTIMABLE,,,PROVISIONAL_SMALL_REQUEST_N,0.2727272727272727,0.45454545454545453,PROVISIONAL_SMALL_REQUEST_N,0.5555555555555556,0.625,NOT_PRIMARY; use physical units and frozen spans
15,f15-5a9547401a37,DEVELOPMENT_5K_NOT_FORMAL_10K,HELDOUT_TRIPLE_AUDIT,STRICT_LUMPED,f12d43eace12231077007dc497fee8dad00fbe58cb2f1fe2c6159c47636b97a0,all_candidates,strict_valid,emx_minus_target,Ls_nH,nH,22,0.057988129594284336,0.08632185231410244,0.05777861797839464,0.033474322392354816,0.13910764835644085,0.2031658014047572,PROVISIONAL_SMALL_REQUEST_N,3,0.03752158360168803,0.08589669945488809,0.05317995713578499,0.11740033198533018,0.03752158360168803,0.08589669945488809,0.024762800901138915,0.034979154529583334,0.10360979058871081,0.217315533360654,0.11074777317132956,0.217315533360654,220,25,22,3,13,0,0,0,182,13,25,25,33,,0.3939393939393939,0.05909090909090909,0.5909090909090909,NOT_ESTIMABLE,,,PROVISIONAL_SMALL_REQUEST_N,0.2727272727272727,0.45454545454545453,PROVISIONAL_SMALL_REQUEST_N,0.5555555555555556,0.625,NOT_PRIMARY; use physical units and frozen spans
15,f15-5a9547401a37,DEVELOPMENT_5K_NOT_FORMAL_10K,HELDOUT_TRIPLE_AUDIT,STRICT_LUMPED,f12d43eace12231077007dc497fee8dad00fbe58cb2f1fe2c6159c47636b97a0,all_candidates,strict_valid,emx_minus_target,Qmin,dimensionless,22,0.7576806359138312,1.1451908424898392,-0.3558892159742549,0.37129377456883184,1.869319808164111,2.185754956436286,PROVISIONAL_SMALL_REQUEST_N,3,0.7058111537218885,0.8434102072651456,0.9986001778023773,1.5297728667111592,-0.7487316298386176,-0.1108480208391577,0.15732748628879278,0.6671432253744403,1.73370010059376,3.3817196223518113,1.8964437496781805,3.3817196223518113,220,25,22,3,13,0,0,0,182,13,25,25,33,,0.3939393939393939,0.05909090909090909,0.5909090909090909,NOT_ESTIMABLE,,,PROVISIONAL_SMALL_REQUEST_N,0.2727272727272727,0.45454545454545453,PROVISIONAL_SMALL_REQUEST_N,0.5555555555555556,0.625,NOT_PRIMARY; use physical units and frozen spans
15,f15-5a9547401a37,DEVELOPMENT_5K_NOT_FORMAL_10K,HELDOUT_TRIPLE_AUDIT,STRICT_LUMPED,f12d43eace12231077007dc497fee8dad00fbe58cb2f1fe2c6159c47636b97a0,all_candidates,strict_valid,emx_minus_target,K_abs,dimensionless,22,0.010618855815990121,0.0160559934976832,0.004358652560829629,0.008077515208180563,0.02631336333689052,0.027540581340102475,PROVISIONAL_SMALL_REQUEST_N,3,0.008073345876722645,0.013451365278786764,0.009307833503762826,0.023729018571627562,-0.004447106618988891,0.012057893533324326,0.002201845146964171,0.008388995451459852,0.015049287718085051,0.05210044947960199,0.015436779350727403,0.05210044947960199,220,25,22,3,13,0,0,0,182,13,25,25,33,,0.3939393939393939,0.05909090909090909,0.5909090909090909,NOT_ESTIMABLE,,,PROVISIONAL_SMALL_REQUEST_N,0.2727272727272727,0.45454545454545453,PROVISIONAL_SMALL_REQUEST_N,0.5555555555555556,0.625,NOT_PRIMARY; use physical units and frozen spans
15,f15-5a9547401a37,DEVELOPMENT_5K_NOT_FORMAL_10K,HELDOUT_TRIPLE_AUDIT,STRICT_LUMPED,f12d43eace12231077007dc497fee8dad00fbe58cb2f1fe2c6159c47636b97a0,all_candidates,strict_valid,emx_minus_frozen_proxy,Lp_nH,nH,22,0.011213176183181144,0.014057930624416841,-0.006416737082189917,0.008831100259845792,0.01620549713370245,0.03299340795753157,PROVISIONAL_SMALL_REQUEST_N,3,0.008484275573449378,0.015025809499671939,0.009747420786482636,0.018670815529850185,-0.011086054056065508,-0.003907981592352148,0.007009401456467668,0.014498100835016903,0.015531551472091556,0.034552517122567794,0.01599360295119423,0.034552517122567794,220,25,22,3,13,0,0,0,182,13,25,25,33,,0.3939393939393939,0.05909090909090909,0.5909090909090909,NOT_ESTIMABLE,,,PROVISIONAL_SMALL_REQUEST_N,0.2727272727272727,0.45454545454545453,PROVISIONAL_SMALL_REQUEST_N,0.5555555555555556,0.625,NOT_PRIMARY; use physical units and frozen spans
15,f15-5a9547401a37,DEVELOPMENT_5K_NOT_FORMAL_10K,HELDOUT_TRIPLE_AUDIT,STRICT_LUMPED,f12d43eace12231077007dc497fee8dad00fbe58cb2f1fe2c6159c47636b97a0,all_candidates,strict_valid,emx_minus_frozen_proxy,Ls_nH,nH,22,0.004338210462014728,0.005163938784717964,9.774955528344095e-05,0.003917047441378607,0.009061174988867842,0.009756080206668388,PROVISIONAL_SMALL_REQUEST_N,3,0.003925450714908824,0.0047797553315543475,0.00446930999149605,0.005814307275450752,-0.0017273303177289688,0.0031335684445204627,0.0037082287943424053,0.004115467217584712,0.00685174357271252,0.010932272985158087,0.00696852191623365,0.010932272985158087,220,25,22,3,13,0,0,0,182,13,25,25,33,,0.3939393939393939,0.05909090909090909,0.5909090909090909,NOT_ESTIMABLE,,,PROVISIONAL_SMALL_REQUEST_N,0.2727272727272727,0.45454545454545453,PROVISIONAL_SMALL_REQUEST_N,0.5555555555555556,0.625,NOT_PRIMARY; use physical units and frozen spans
15,f15-5a9547401a37,DEVELOPMENT_5K_NOT_FORMAL_10K,HELDOUT_TRIPLE_AUDIT,STRICT_LUMPED,f12d43eace12231077007dc497fee8dad00fbe58cb2f1fe2c6159c47636b97a0,all_candidates,strict_valid,emx_minus_frozen_proxy,Qmin,dimensionless,22,0.31298785082416497,0.43989294240863264,-0.06147625626855533,0.1584333306677035,0.870800660520878,0.9119315842127386,PROVISIONAL_SMALL_REQUEST_N,3,0.2317135825092862,0.36539233810909555,0.4177295883233718,0.47021124257263963,-0.19809991597143012,0.07039947841485707,0.0639825575398536,0.24290354757594024,0.7631565937897872,0.9505825373908738,0.8814748103965204,0.9505825373908738,220,25,22,3,13,0,0,0,182,13,25,25,33,,0.3939393939393939,0.05909090909090909,0.5909090909090909,NOT_ESTIMABLE,,,PROVISIONAL_SMALL_REQUEST_N,0.2727272727272727,0.45454545454545453,PROVISIONAL_SMALL_REQUEST_N,0.5555555555555556,0.625,NOT_PRIMARY; use physical units and frozen spans
15,f15-5a9547401a37,DEVELOPMENT_5K_NOT_FORMAL_10K,HELDOUT_TRIPLE_AUDIT,STRICT_LUMPED,f12d43eace12231077007dc497fee8dad00fbe58cb2f1fe2c6159c47636b97a0,all_candidates,strict_valid,emx_minus_frozen_proxy,K_abs,dimensionless,22,0.009883173992787396,0.013191857953351831,-0.001542741314784643,0.0075323279475535965,0.024905920599905075,0.026407660803549275,PROVISIONAL_SMALL_REQUEST_N,3,0.004980350312037546,0.011810956326740129,0.006466640466682249,0.01597636809274431,-0.004082847313828571,0.0006042776546796642,0.0028606830417672313,0.010288009861447706,0.01315161835612294,0.030857124332054307,0.01315161835612294,0.032959960951727485,220,25,22,3,13,0,0,0,182,13,25,25,33,,0.3939393939393939,0.05909090909090909,0.5909090909090909,NOT_ESTIMABLE,,,PROVISIONAL_SMALL_REQUEST_N,0.2727272727272727,0.45454545454545453,PROVISIONAL_SMALL_REQUEST_N,0.5555555555555556,0.625,NOT_PRIMARY; use physical units and frozen spans
15,f15-5a9547401a37,DEVELOPMENT_5K_NOT_FORMAL_10K,HELDOUT_TRIPLE_AUDIT,STRICT_LUMPED,f12d43eace12231077007dc497fee8dad00fbe58cb2f1fe2c6159c47636b97a0,all_candidates,all_finite_diagnostic,emx_minus_target,Lp_nH,nH,25,0.03794018332419891,0.06971433134637141,-0.030767088204071157,0.011985518665349693,0.13684260563743178,0.18434465155031707,PROVISIONAL_SMALL_REQUEST_N,3,0.008025456940314202,0.09852323415685879,0.009875313590471934,0.1219381990361069,-0.09852323415685879,0.008583294163757443,0.007479180019442477,0.08283171444053483,0.01591719428385528,0.19547038379720036,0.017030360146835122,0.19839229563961935,220,25,22,3,13,0,0,0,182,13,25,25,33,,0.3939393939393939,0.05909090909090909,0.5909090909090909,NOT_ESTIMABLE,,,PROVISIONAL_SMALL_REQUEST_N,0.2727272727272727,0.45454545454545453,PROVISIONAL_SMALL_REQUEST_N,0.5555555555555556,0.625,NOT_PRIMARY; use physical units and frozen spans
15,f15-5a9547401a37,DEVELOPMENT_5K_NOT_FORMAL_10K,HELDOUT_TRIPLE_AUDIT,STRICT_LUMPED,f12d43eace12231077007dc497fee8dad00fbe58cb2f1fe2c6159c47636b97a0,all_candidates,all_finite_diagnostic,emx_minus_target,Ls_nH,nH,25,0.07624223055694222,0.10890823411410208,0.07605786033495929,0.034979154529583334,0.21091830340115078,0.21600964755907928,PROVISIONAL_SMALL_REQUEST_N,3,0.03752158360168803,0.13247505126546755,0.05317995713578499,0.15870850169611297,0.03752158360168803,0.13247505126546755,0.024762800901138915,0.16997832505204236,0.10360979058871081,0.21708407178126618,0.11074777317132956,0.217315533360654,220,25,22,3,13,0,0,0,182,13,25,25,33,,0.3939393939393939,0.05909090909090909,0.5909090909090909,NOT_ESTIMABLE,,,PROVISIONAL_SMALL_REQUEST_N,0.2727272727272727,0.45454545454545453,PROVISIONAL_SMALL_REQUEST_N,0.5555555555555556,0.625,NOT_PRIMARY; use physical units and frozen spans
15,f15-5a9547401a37,DEVELOPMENT_5K_NOT_FORMAL_10K,HELDOUT_TRIPLE_AUDIT,STRICT_LUMPED,f12d43eace12231077007dc497fee8dad00fbe58cb2f1fe2c6159c47636b97a0,all_candidates,all_finite_diagnostic,emx_minus_target,Qmin,dimensionless,25,0.8597555673441251,1.2250981018510922,-0.506179117797298,0.4874685927930926,2.079166617104353,2.318421102887453,PROVISIONAL_SMALL_REQUEST_N,3,0.7058111537218885,1.130245778728071,0.9986001778023773,1.595716674871756,-1.071071667836491,-0.1108480208391577,0.38263161688136016,0.7460295416897953,1.73370010059376,3.0715380095749274,1.8964437496781805,3.3817196223518113,220,25,22,3,13,0,0,0,182,13,25,25,33,,0.3939393939393939,0.05909090909090909,0.5909090909090909,NOT_ESTIMABLE,,,PROVISIONAL_SMALL_REQUEST_N,0.2727272727272727,0.45454545454545453,PROVISIONAL_SMALL_REQUEST_N,0.5555555555555556,0.625,NOT_PRIMARY; use physical units and frozen spans
15,f15-5a9547401a37,DEVELOPMENT_5K_NOT_FORMAL_10K,HELDOUT_TRIPLE_AUDIT,STRICT_LUMPED,f12d43eace12231077007dc497fee8dad00fbe58cb2f1fe2c6159c47636b97a0,all_candidates,all_finite_diagnostic,emx_minus_target,K_abs,dimensionless,25,0.014904530738851028,0.022015880333010773,0.009395551874309793,0.008971748144986025,0.04538056166248344,0.04773199185376516,PROVISIONAL_SMALL_REQUEST_N,3,0.008073345876722645,0.025781908364178353,0.009307833503762826,0.03402447259777016,-0.004447106618988891,0.02491098852326433,0.008348787658427448,0.027343174826038028,0.015049287718085051,0.05095801623549112,0.015436779350727403,0.05210044947960199,220,25,22,3,13,0,0,0,182,13,25,25,33,,0.3939393939393939,0.05909090909090909,0.5909090909090909,NOT_ESTIMABLE,,,PROVISIONAL_SMALL_REQUEST_N,0.2727272727272727,0.45454545454545453,PROVISIONAL_SMALL_REQUEST_N,0.5555555555555556,0.625,NOT_PRIMARY; use physical units and frozen spans
15,f15-5a9547401a37,DEVELOPMENT_5K_NOT_FORMAL_10K,HELDOUT_TRIPLE_AUDIT,STRICT_LUMPED,f12d43eace12231077007dc497fee8dad00fbe58cb2f1fe2c6159c47636b97a0,all_candidates,all_finite_diagnostic,emx_minus_frozen_proxy,Lp_nH,nH,25,0.012356507119144178,0.015606153299827175,-0.0031578165543823555,0.010605754501543219,0.02681706221119431,0.03441716231088447,PROVISIONAL_SMALL_REQUEST_N,3,0.008484275573449378,0.017168981180872372,0.009747420786482636,0.020868751123063668,-0.006320763899585163,0.0008490664585364682,0.007009401456467668,0.014024819597670657,0.015531551472091556,0.03695962329346256,0.01599360295119423,0.037991240223846034,220,25,22,3,13,0,0,0,182,13,25,25,33,,0.3939393939393939,0.05909090909090909,0.5909090909090909,NOT_ESTIMABLE,,,PROVISIONAL_SMALL_REQUEST_N,0.2727272727272727,0.45454545454545453,PROVISIONAL_SMALL_REQUEST_N,0.5555555555555556,0.625,NOT_PRIMARY; use physical units and frozen spans
15,f15-5a9547401a37,DEVELOPMENT_5K_NOT_FORMAL_10K,HELDOUT_TRIPLE_AUDIT,STRICT_LUMPED,f12d43eace12231077007dc497fee8dad00fbe58cb2f1fe2c6159c47636b97a0,all_candidates,all_finite_diagnostic,emx_minus_frozen_proxy,Ls_nH,nH,25,0.004491081832668318,0.00523328257630879,-0.0005874370174459287,0.004215331705196834,0.008390536369787531,0.009683071541974163,PROVISIONAL_SMALL_REQUEST_N,3,0.003925450714908824,0.005091899038769457,0.00446930999149605,0.00577769640041891,-0.0017273303177289688,0.00025357760664926343,0.0037082287943424053,0.0046458295096269975,0.00685174357271252,0.009763331968329066,0.00696852191623365,0.010932272985158087,220,25,22,3,13,0,0,0,182,13,25,25,33,,0.3939393939393939,0.05909090909090909,0.5909090909090909,NOT_ESTIMABLE,,,PROVISIONAL_SMALL_REQUEST_N,0.2727272727272727,0.45454545454545453,PROVISIONAL_SMALL_REQUEST_N,0.5555555555555556,0.625,NOT_PRIMARY; use physical units and frozen spans
15,f15-5a9547401a37,DEVELOPMENT_5K_NOT_FORMAL_10K,HELDOUT_TRIPLE_AUDIT,STRICT_LUMPED,f12d43eace12231077007dc497fee8dad00fbe58cb2f1fe2c6159c47636b97a0,all_candidates,all_finite_diagnostic,emx_minus_frozen_proxy,Qmin,dimensionless,25,0.351937192710336,0.47092898333999794,-0.1306069895013995,0.19210660428069026,0.8552195415151883,0.9071226199259672,PROVISIONAL_SMALL_REQUEST_N,3,0.3115584556347149,0.3839081265216502,0.4177295883233718,0.5250097263337284,-0.3628995849354901,0.07039947841485707,0.15305811010792247,0.26457550081485337,0.7631565937897872,0.9101587676315686,0.8814748103965204,0.9505825373908738,220,25,22,3,13,0,0,0,182,13,25,25,33,,0.3939393939393939,0.05909090909090909,0.5909090909090909,NOT_ESTIMABLE,,,PROVISIONAL_SMALL_REQUEST_N,0.2727272727272727,0.45454545454545453,PROVISIONAL_SMALL_REQUEST_N,0.5555555555555556,0.625,NOT_PRIMARY; use physical units and frozen spans
15,f15-5a9547401a37,DEVELOPMENT_5K_NOT_FORMAL_10K,HELDOUT_TRIPLE_AUDIT,STRICT_LUMPED,f12d43eace12231077007dc497fee8dad00fbe58cb2f1fe2c6159c47636b97a0,all_candidates,all_finite_diagnostic,emx_minus_frozen_proxy,K_abs,dimensionless,25,0.009746244738697063,0.012876226961228495,-0.00030856073196633193,0.007346544401257704,0.022045309918017866,0.026335478395538903,PROVISIONAL_SMALL_REQUEST_N,3,0.006391005273286447,0.011810956326740129,0.00810451383337003,0.01597636809274431,-0.004082847313828571,0.002438782664919162,0.0037915636061271046,0.010288009861447706,0.01527674703291036,0.030857124332054307,0.016187516465819257,0.032959960951727485,220,25,22,3,13,0,0,0,182,13,25,25,33,,0.3939393939393939,0.05909090909090909,0.5909090909090909,NOT_ESTIMABLE,,,PROVISIONAL_SMALL_REQUEST_N,0.2727272727272727,0.45454545454545453,PROVISIONAL_SMALL_REQUEST_N,0.5555555555555556,0.625,NOT_PRIMARY; use physical units and frozen spans
15,f15-5a9547401a37,DEVELOPMENT_5K_NOT_FORMAL_10K,HELDOUT_TRIPLE_AUDIT,STRICT_LUMPED,f12d43eace12231077007dc497fee8dad00fbe58cb2f1fe2c6159c47636b97a0,selected_q_proxy,strict_valid,emx_minus_target,Lp_nH,nH,3,0.004447043937952033,0.005551287139848131,-0.0015404582803889937,0.003248392608169448,0.007834681183643121,0.00840796725557733,PROVISIONAL_SMALL_REQUEST_N,3,0.0011114858781751114,0.00898125332751154,0.0011114858781751114,0.00898125332751154,-0.00898125332751154,0.003248392608169448,0.0011114858781751114,0.00898125332751154,0.0011114858781751114,0.00898125332751154,0.0011114858781751114,0.00898125332751154,20,3,3,0,0,0,0,0,17,3,3,3,3,,1.0,0.15,1.0,NOT_ESTIMABLE,,,PROVISIONAL_SMALL_REQUEST_N,1.0,1.0,PROVISIONAL_SMALL_REQUEST_N,1.0,1.0,NOT_PRIMARY; use physical units and frozen spans
15,f15-5a9547401a37,DEVELOPMENT_5K_NOT_FORMAL_10K,HELDOUT_TRIPLE_AUDIT,STRICT_LUMPED,f12d43eace12231077007dc497fee8dad00fbe58cb2f1fe2c6159c47636b97a0,selected_q_proxy,strict_valid,emx_minus_target,Ls_nH,nH,3,0.005974173770333824,0.006574995627768227,0.005974173770333824,0.005262581815834277,0.008761330221245256,0.009198673771921628,PROVISIONAL_SMALL_REQUEST_N,3,0.0030239221725691934,0.009636017322598,0.0030239221725691934,0.009636017322598,0.0030239221725691934,0.009636017322598,0.0030239221725691934,0.009636017322598,0.0030239221725691934,0.009636017322598,0.0030239221725691934,0.009636017322598,20,3,3,0,0,0,0,0,17,3,3,3,3,,1.0,0.15,1.0,NOT_ESTIMABLE,,,PROVISIONAL_SMALL_REQUEST_N,1.0,1.0,PROVISIONAL_SMALL_REQUEST_N,1.0,1.0,NOT_PRIMARY; use physical units and frozen spans
15,f15-5a9547401a37,DEVELOPMENT_5K_NOT_FORMAL_10K,HELDOUT_TRIPLE_AUDIT,STRICT_LUMPED,f12d43eace12231077007dc497fee8dad00fbe58cb2f1fe2c6159c47636b97a0,selected_q_proxy,strict_valid,emx_minus_target,Qmin,dimensionless,3,0.07427167754229676,0.0756918516861578,0.014909798797551351,0.07936895727752713,0.08710804594919992,0.08807543203315901,PROVISIONAL_SMALL_REQUEST_N,3,0.05440325723224504,0.08904281811711812,0.05440325723224504,0.08904281811711812,-0.08904281811711812,0.07936895727752713,0.05440325723224504,0.08904281811711812,0.05440325723224504,0.08904281811711812,0.05440325723224504,0.08904281811711812,20,3,3,0,0,0,0,0,17,3,3,3,3,,1.0,0.15,1.0,NOT_ESTIMABLE,,,PROVISIONAL_SMALL_REQUEST_N,1.0,1.0,PROVISIONAL_SMALL_REQUEST_N,1.0,1.0,NOT_PRIMARY; use physical units and frozen spans
15,f15-5a9547401a37,DEVELOPMENT_5K_NOT_FORMAL_10K,HELDOUT_TRIPLE_AUDIT,STRICT_LUMPED,f12d43eace12231077007dc497fee8dad00fbe58cb2f1fe2c6159c47636b97a0,selected_q_proxy,strict_valid,emx_minus_target,K_abs,dimensionless,3,0.0020020044690988725,0.0023634598562531565,-0.0017251363041693353,0.00210350086870692,0.0032104684066976974,0.0033488393489465446,PROVISIONAL_SMALL_REQUEST_N,3,0.00041530224739430577,0.0034872102911953917,0.00041530224739430577,0.0034872102911953917,-0.0034872102911953917,0.00041530224739430577,0.00041530224739430577,0.0034872102911953917,0.00041530224739430577,0.0034872102911953917,0.00041530224739430577,0.0034872102911953917,20,3,3,0,0,0,0,0,17,3,3,3,3,,1.0,0.15,1.0,NOT_ESTIMABLE,,,PROVISIONAL_SMALL_REQUEST_N,1.0,1.0,PROVISIONAL_SMALL_REQUEST_N,1.0,1.0,NOT_PRIMARY; use physical units and frozen spans
15,f15-5a9547401a37,DEVELOPMENT_5K_NOT_FORMAL_10K,HELDOUT_TRIPLE_AUDIT,STRICT_LUMPED,f12d43eace12231077007dc497fee8dad00fbe58cb2f1fe2c6159c47636b97a0,selected_q_proxy,strict_valid,emx_minus_frozen_proxy,Lp_nH,nH,3,0.008156532645574513,0.010003755954591659,-0.0026628279755980997,0.005322409975396569,0.014047714740486451,0.015138377836122685,PROVISIONAL_SMALL_REQUEST_N,3,0.0029181470295680523,0.01622904093175892,0.0029181470295680523,0.01622904093175892,-0.01622904093175892,0.005322409975396569,0.0029181470295680523,0.01622904093175892,0.0029181470295680523,0.01622904093175892,0.0029181470295680523,0.01622904093175892,20,3,3,0,0,0,0,0,17,3,3,3,3,,1.0,0.15,1.0,NOT_ESTIMABLE,,,PROVISIONAL_SMALL_REQUEST_N,1.0,1.0,PROVISIONAL_SMALL_REQUEST_N,1.0,1.0,NOT_PRIMARY; use physical units and frozen spans
15,f15-5a9547401a37,DEVELOPMENT_5K_NOT_FORMAL_10K,HELDOUT_TRIPLE_AUDIT,STRICT_LUMPED,f12d43eace12231077007dc497fee8dad00fbe58cb2f1fe2c6159c47636b97a0,selected_q_proxy,strict_valid,emx_minus_frozen_proxy,Ls_nH,nH,3,0.0036877261550115614,0.0037879045277981497,0.0036877261550115614,0.0032908726439976332,0.0045691842316599954,0.0047289731801177905,PROVISIONAL_SMALL_REQUEST_N,3,0.0028835436924614655,0.0048887621285755856,0.0028835436924614655,0.0048887621285755856,0.0028835436924614655,0.0048887621285755856,0.0028835436924614655,0.0048887621285755856,0.0028835436924614655,0.0048887621285755856,0.0028835436924614655,0.0048887621285755856,20,3,3,0,0,0,0,0,17,3,3,3,3,,1.0,0.15,1.0,NOT_ESTIMABLE,,,PROVISIONAL_SMALL_REQUEST_N,1.0,1.0,PROVISIONAL_SMALL_REQUEST_N,1.0,1.0,NOT_PRIMARY; use physical units and frozen spans
15,f15-5a9547401a37,DEVELOPMENT_5K_NOT_FORMAL_10K,HELDOUT_TRIPLE_AUDIT,STRICT_LUMPED,f12d43eace12231077007dc497fee8dad00fbe58cb2f1fe2c6159c47636b97a0,selected_q_proxy,strict_valid,emx_minus_frozen_proxy,Qmin,dimensionless,3,0.07103586058673035,0.072541883071568,0.01641692210891203,0.08093107580780057,0.0817289413349421,0.0818286745258348,PROVISIONAL_SMALL_REQUEST_N,3,0.05024809823566301,0.08192840771672749,0.05024809823566301,0.08192840771672749,-0.08192840771672749,0.08093107580780057,0.05024809823566301,0.08192840771672749,0.05024809823566301,0.08192840771672749,0.05024809823566301,0.08192840771672749,20,3,3,0,0,0,0,0,17,3,3,3,3,,1.0,0.15,1.0,NOT_ESTIMABLE,,,PROVISIONAL_SMALL_REQUEST_N,1.0,1.0,PROVISIONAL_SMALL_REQUEST_N,1.0,1.0,NOT_PRIMARY; use physical units and frozen spans
15,f15-5a9547401a37,DEVELOPMENT_5K_NOT_FORMAL_10K,HELDOUT_TRIPLE_AUDIT,STRICT_LUMPED,f12d43eace12231077007dc497fee8dad00fbe58cb2f1fe2c6159c47636b97a0,selected_q_proxy,strict_valid,emx_minus_frozen_proxy,K_abs,dimensionless,3,0.0029321458270585208,0.0032142845676563256,-0.0019492009296592134,0.002657272077346201,0.0042632528616535605,0.00446400045969198,PROVISIONAL_SMALL_REQUEST_N,3,0.0014744173460989607,0.0046647480577304,0.0014744173460989607,0.0046647480577304,-0.0046647480577304,0.0014744173460989607,0.0014744173460989607,0.0046647480577304,0.0014744173460989607,0.0046647480577304,0.0014744173460989607,0.0046647480577304,20,3,3,0,0,0,0,0,17,3,3,3,3,,1.0,0.15,1.0,NOT_ESTIMABLE,,,PROVISIONAL_SMALL_REQUEST_N,1.0,1.0,PROVISIONAL_SMALL_REQUEST_N,1.0,1.0,NOT_PRIMARY; use physical units and frozen spans
15,f15-5a9547401a37,DEVELOPMENT_5K_NOT_FORMAL_10K,HELDOUT_TRIPLE_AUDIT,STRICT_LUMPED,f12d43eace12231077007dc497fee8dad00fbe58cb2f1fe2c6159c47636b97a0,selected_q_proxy,all_finite_diagnostic,emx_minus_target,Lp_nH,nH,3,0.004447043937952033,0.005551287139848131,-0.0015404582803889937,0.003248392608169448,0.007834681183643121,0.00840796725557733,PROVISIONAL_SMALL_REQUEST_N,3,0.0011114858781751114,0.00898125332751154,0.0011114858781751114,0.00898125332751154,-0.00898125332751154,0.003248392608169448,0.0011114858781751114,0.00898125332751154,0.0011114858781751114,0.00898125332751154,0.0011114858781751114,0.00898125332751154,20,3,3,0,0,0,0,0,17,3,3,3,3,,1.0,0.15,1.0,NOT_ESTIMABLE,,,PROVISIONAL_SMALL_REQUEST_N,1.0,1.0,PROVISIONAL_SMALL_REQUEST_N,1.0,1.0,NOT_PRIMARY; use physical units and frozen spans
15,f15-5a9547401a37,DEVELOPMENT_5K_NOT_FORMAL_10K,HELDOUT_TRIPLE_AUDIT,STRICT_LUMPED,f12d43eace12231077007dc497fee8dad00fbe58cb2f1fe2c6159c47636b97a0,selected_q_proxy,all_finite_diagnostic,emx_minus_target,Ls_nH,nH,3,0.005974173770333824,0.006574995627768227,0.005974173770333824,0.005262581815834277,0.008761330221245256,0.009198673771921628,PROVISIONAL_SMALL_REQUEST_N,3,0.0030239221725691934,0.009636017322598,0.0030239221725691934,0.009636017322598,0.0030239221725691934,0.009636017322598,0.0030239221725691934,0.009636017322598,0.0030239221725691934,0.009636017322598,0.0030239221725691934,0.009636017322598,20,3,3,0,0,0,0,0,17,3,3,3,3,,1.0,0.15,1.0,NOT_ESTIMABLE,,,PROVISIONAL_SMALL_REQUEST_N,1.0,1.0,PROVISIONAL_SMALL_REQUEST_N,1.0,1.0,NOT_PRIMARY; use physical units and frozen spans
15,f15-5a9547401a37,DEVELOPMENT_5K_NOT_FORMAL_10K,HELDOUT_TRIPLE_AUDIT,STRICT_LUMPED,f12d43eace12231077007dc497fee8dad00fbe58cb2f1fe2c6159c47636b97a0,selected_q_proxy,all_finite_diagnostic,emx_minus_target,Qmin,dimensionless,3,0.07427167754229676,0.0756918516861578,0.014909798797551351,0.07936895727752713,0.08710804594919992,0.08807543203315901,PROVISIONAL_SMALL_REQUEST_N,3,0.05440325723224504,0.08904281811711812,0.05440325723224504,0.08904281811711812,-0.08904281811711812,0.07936895727752713,0.05440325723224504,0.08904281811711812,0.05440325723224504,0.08904281811711812,0.05440325723224504,0.08904281811711812,20,3,3,0,0,0,0,0,17,3,3,3,3,,1.0,0.15,1.0,NOT_ESTIMABLE,,,PROVISIONAL_SMALL_REQUEST_N,1.0,1.0,PROVISIONAL_SMALL_REQUEST_N,1.0,1.0,NOT_PRIMARY; use physical units and frozen spans
15,f15-5a9547401a37,DEVELOPMENT_5K_NOT_FORMAL_10K,HELDOUT_TRIPLE_AUDIT,STRICT_LUMPED,f12d43eace12231077007dc497fee8dad00fbe58cb2f1fe2c6159c47636b97a0,selected_q_proxy,all_finite_diagnostic,emx_minus_target,K_abs,dimensionless,3,0.0020020044690988725,0.0023634598562531565,-0.0017251363041693353,0.00210350086870692,0.0032104684066976974,0.0033488393489465446,PROVISIONAL_SMALL_REQUEST_N,3,0.00041530224739430577,0.0034872102911953917,0.00041530224739430577,0.0034872102911953917,-0.0034872102911953917,0.00041530224739430577,0.00041530224739430577,0.0034872102911953917,0.00041530224739430577,0.0034872102911953917,0.00041530224739430577,0.0034872102911953917,20,3,3,0,0,0,0,0,17,3,3,3,3,,1.0,0.15,1.0,NOT_ESTIMABLE,,,PROVISIONAL_SMALL_REQUEST_N,1.0,1.0,PROVISIONAL_SMALL_REQUEST_N,1.0,1.0,NOT_PRIMARY; use physical units and frozen spans
15,f15-5a9547401a37,DEVELOPMENT_5K_NOT_FORMAL_10K,HELDOUT_TRIPLE_AUDIT,STRICT_LUMPED,f12d43eace12231077007dc497fee8dad00fbe58cb2f1fe2c6159c47636b97a0,selected_q_proxy,all_finite_diagnostic,emx_minus_frozen_proxy,Lp_nH,nH,3,0.008156532645574513,0.010003755954591659,-0.0026628279755980997,0.005322409975396569,0.014047714740486451,0.015138377836122685,PROVISIONAL_SMALL_REQUEST_N,3,0.0029181470295680523,0.01622904093175892,0.0029181470295680523,0.01622904093175892,-0.01622904093175892,0.005322409975396569,0.0029181470295680523,0.01622904093175892,0.0029181470295680523,0.01622904093175892,0.0029181470295680523,0.01622904093175892,20,3,3,0,0,0,0,0,17,3,3,3,3,,1.0,0.15,1.0,NOT_ESTIMABLE,,,PROVISIONAL_SMALL_REQUEST_N,1.0,1.0,PROVISIONAL_SMALL_REQUEST_N,1.0,1.0,NOT_PRIMARY; use physical units and frozen spans
15,f15-5a9547401a37,DEVELOPMENT_5K_NOT_FORMAL_10K,HELDOUT_TRIPLE_AUDIT,STRICT_LUMPED,f12d43eace12231077007dc497fee8dad00fbe58cb2f1fe2c6159c47636b97a0,selected_q_proxy,all_finite_diagnostic,emx_minus_frozen_proxy,Ls_nH,nH,3,0.0036877261550115614,0.0037879045277981497,0.0036877261550115614,0.0032908726439976332,0.0045691842316599954,0.0047289731801177905,PROVISIONAL_SMALL_REQUEST_N,3,0.0028835436924614655,0.0048887621285755856,0.0028835436924614655,0.0048887621285755856,0.0028835436924614655,0.0048887621285755856,0.0028835436924614655,0.0048887621285755856,0.0028835436924614655,0.0048887621285755856,0.0028835436924614655,0.0048887621285755856,20,3,3,0,0,0,0,0,17,3,3,3,3,,1.0,0.15,1.0,NOT_ESTIMABLE,,,PROVISIONAL_SMALL_REQUEST_N,1.0,1.0,PROVISIONAL_SMALL_REQUEST_N,1.0,1.0,NOT_PRIMARY; use physical units and frozen spans
15,f15-5a9547401a37,DEVELOPMENT_5K_NOT_FORMAL_10K,HELDOUT_TRIPLE_AUDIT,STRICT_LUMPED,f12d43eace12231077007dc497fee8dad00fbe58cb2f1fe2c6159c47636b97a0,selected_q_proxy,all_finite_diagnostic,emx_minus_frozen_proxy,Qmin,dimensionless,3,0.07103586058673035,0.072541883071568,0.01641692210891203,0.08093107580780057,0.0817289413349421,0.0818286745258348,PROVISIONAL_SMALL_REQUEST_N,3,0.05024809823566301,0.08192840771672749,0.05024809823566301,0.08192840771672749,-0.08192840771672749,0.08093107580780057,0.05024809823566301,0.08192840771672749,0.05024809823566301,0.08192840771672749,0.05024809823566301,0.08192840771672749,20,3,3,0,0,0,0,0,17,3,3,3,3,,1.0,0.15,1.0,NOT_ESTIMABLE,,,PROVISIONAL_SMALL_REQUEST_N,1.0,1.0,PROVISIONAL_SMALL_REQUEST_N,1.0,1.0,NOT_PRIMARY; use physical units and frozen spans
15,f15-5a9547401a37,DEVELOPMENT_5K_NOT_FORMAL_10K,HELDOUT_TRIPLE_AUDIT,STRICT_LUMPED,f12d43eace12231077007dc497fee8dad00fbe58cb2f1fe2c6159c47636b97a0,selected_q_proxy,all_finite_diagnostic,emx_minus_frozen_proxy,K_abs,dimensionless,3,0.0029321458270585208,0.0032142845676563256,-0.0019492009296592134,0.002657272077346201,0.0042632528616535605,0.00446400045969198,PROVISIONAL_SMALL_REQUEST_N,3,0.0014744173460989607,0.0046647480577304,0.0014744173460989607,0.0046647480577304,-0.0046647480577304,0.0014744173460989607,0.0014744173460989607,0.0046647480577304,0.0014744173460989607,0.0046647480577304,0.0014744173460989607,0.0046647480577304,20,3,3,0,0,0,0,0,17,3,3,3,3,,1.0,0.15,1.0,NOT_ESTIMABLE,,,PROVISIONAL_SMALL_REQUEST_N,1.0,1.0,PROVISIONAL_SMALL_REQUEST_N,1.0,1.0,NOT_PRIMARY; use physical units and frozen spans
5,f5-fac1f3ff42e4,FORMAL_10K,HELDOUT_TRIPLE_AUDIT,STRICT_LUMPED,f12d43eace12231077007dc497fee8dad00fbe58cb2f1fe2c6159c47636b97a0,all_candidates,strict_valid,emx_minus_target,Lp_nH,nH,28,0.06114307637639639,0.08068710782112845,-0.03760174120057876,0.056963629320821885,0.1260893139243372,0.1466153498594576,PROVISIONAL_SMALL_REQUEST_N,3,0.03760376709448428,0.07799745824599755,0.04926793421969286,0.10122984161920848,-0.07739419970239228,0.025924063789389894,0.02081135525589306,0.09754211271888191,0.08408259941008722,0.14773966766584842,0.08796316447943697,0.14785466129994917,220,28,28,0,0,1,4,0,187,9,28,28,33,,0.2727272727272727,0.04090909090909091,0.32142857142857145,NOT_ESTIMABLE,,,PROVISIONAL_SMALL_REQUEST_N,0.2727272727272727,0.2727272727272727,PROVISIONAL_SMALL_REQUEST_N,0.3,0.375,NOT_PRIMARY; use physical units and frozen spans
5,f5-fac1f3ff42e4,FORMAL_10K,HELDOUT_TRIPLE_AUDIT,STRICT_LUMPED,f12d43eace12231077007dc497fee8dad00fbe58cb2f1fe2c6159c47636b97a0,all_candidates,strict_valid,emx_minus_target,Ls_nH,nH,28,0.17785066961016155,0.266704409902957,0.1734728176490052,0.03921563987576415,0.445356895986318,0.5089619708189198,PROVISIONAL_SMALL_REQUEST_N,3,0.007118872580056302,0.28392744651570107,0.009444401444943714,0.35271682437334184,-0.005139112911181476,0.28392744651570107,0.004457452847615007,0.33899072309826406,0.017914761855524163,0.5269047342127923,0.01798595046944551,0.5280235392810966,220,28,28,0,0,1,4,0,187,9,28,28,33,,0.2727272727272727,0.04090909090909091,0.32142857142857145,NOT_ESTIMABLE,,,PROVISIONAL_SMALL_REQUEST_N,0.2727272727272727,0.2727272727272727,PROVISIONAL_SMALL_REQUEST_N,0.3,0.375,NOT_PRIMARY; use physical units and frozen spans
5,f5-fac1f3ff42e4,FORMAL_10K,HELDOUT_TRIPLE_AUDIT,STRICT_LUMPED,f12d43eace12231077007dc497fee8dad00fbe58cb2f1fe2c6159c47636b97a0,all_candidates,strict_valid,emx_minus_target,Qmin,dimensionless,28,3.237723126130082,4.367778937261731,-3.223455886811822,2.2893269055699905,7.493788584871974,8.111258087239463,PROVISIONAL_SMALL_REQUEST_N,3,2.945930515478004,3.4636072789820416,4.193897316572354,4.476318194879612,-3.4636072789820416,-2.9036936780460336,1.59664655737335,3.0634538275294263,7.211918343971519,7.8464761999478165,8.1109919112547,8.125565520604447,220,28,28,0,0,1,4,0,187,9,28,28,33,,0.2727272727272727,0.04090909090909091,0.32142857142857145,NOT_ESTIMABLE,,,PROVISIONAL_SMALL_REQUEST_N,0.2727272727272727,0.2727272727272727,PROVISIONAL_SMALL_REQUEST_N,0.3,0.375,NOT_PRIMARY; use physical units and frozen spans
5,f5-fac1f3ff42e4,FORMAL_10K,HELDOUT_TRIPLE_AUDIT,STRICT_LUMPED,f12d43eace12231077007dc497fee8dad00fbe58cb2f1fe2c6159c47636b97a0,all_candidates,strict_valid,emx_minus_target,K_abs,dimensionless,28,0.07587036181368952,0.10428688871106291,-0.07520152902652878,0.05287268914095743,0.17912799229157983,0.1892258336092459,PROVISIONAL_SMALL_REQUEST_N,3,0.03265728364250772,0.10393884815724583,0.04016843124591093,0.12790676333100245,-0.10351763815349081,-0.03132725258794449,0.03971701182836346,0.13109069591477185,0.05820496575013633,0.19506690699714596,0.06081269566412595,0.19544924807391995,220,28,28,0,0,1,4,0,187,9,28,28,33,,0.2727272727272727,0.04090909090909091,0.32142857142857145,NOT_ESTIMABLE,,,PROVISIONAL_SMALL_REQUEST_N,0.2727272727272727,0.2727272727272727,PROVISIONAL_SMALL_REQUEST_N,0.3,0.375,NOT_PRIMARY; use physical units and frozen spans
5,f5-fac1f3ff42e4,FORMAL_10K,HELDOUT_TRIPLE_AUDIT,STRICT_LUMPED,f12d43eace12231077007dc497fee8dad00fbe58cb2f1fe2c6159c47636b97a0,all_candidates,strict_valid,emx_minus_frozen_proxy,Lp_nH,nH,28,0.011162006448614616,0.014712454803023599,-0.009090565641327581,0.006730296131919888,0.023489565329601204,0.024532751120953565,PROVISIONAL_SMALL_REQUEST_N,3,0.010138395801865235,0.012107632521707412,0.013620117329097596,0.015369075189671674,-0.010419130165801293,-0.00730818972162664,0.005628525168941523,0.010367127314974023,0.02332102579068083,0.025074321008681212,0.023435744707833717,0.025501598193970132,220,28,28,0,0,1,4,0,187,9,28,28,33,,0.2727272727272727,0.04090909090909091,0.32142857142857145,NOT_ESTIMABLE,,,PROVISIONAL_SMALL_REQUEST_N,0.2727272727272727,0.2727272727272727,PROVISIONAL_SMALL_REQUEST_N,0.3,0.375,NOT_PRIMARY; use physical units and frozen spans
5,f5-fac1f3ff42e4,FORMAL_10K,HELDOUT_TRIPLE_AUDIT,STRICT_LUMPED,f12d43eace12231077007dc497fee8dad00fbe58cb2f1fe2c6159c47636b97a0,all_candidates,strict_valid,emx_minus_frozen_proxy,Ls_nH,nH,28,0.015649287509936976,0.018673038961113674,0.014499817855489943,0.020550475141666302,0.02719807623987307,0.027375954824208536,PROVISIONAL_SMALL_REQUEST_N,3,0.01380986275277779,0.017530825666539185,0.017535349639504913,0.01926732006636225,0.01196391955373527,0.0168473834233414,0.011416240481293527,0.021012827039712634,0.02260781421822109,0.027555161794893878,0.024120570546168674,0.02764964912180412,220,28,28,0,0,1,4,0,187,9,28,28,33,,0.2727272727272727,0.04090909090909091,0.32142857142857145,NOT_ESTIMABLE,,,PROVISIONAL_SMALL_REQUEST_N,0.2727272727272727,0.2727272727272727,PROVISIONAL_SMALL_REQUEST_N,0.3,0.375,NOT_PRIMARY; use physical units and frozen spans
5,f5-fac1f3ff42e4,FORMAL_10K,HELDOUT_TRIPLE_AUDIT,STRICT_LUMPED,f12d43eace12231077007dc497fee8dad00fbe58cb2f1fe2c6159c47636b97a0,all_candidates,strict_valid,emx_minus_frozen_proxy,Qmin,dimensionless,28,0.30833710062906744,0.3878235968834851,-0.24418001308266143,0.16150711521263172,0.6272289617041255,0.6349925442190392,PROVISIONAL_SMALL_REQUEST_N,3,0.2796282589335952,0.32801222975238087,0.3543443352045425,0.4073993818608365,-0.26912334063372595,-0.2120326777942636,0.15880336395429406,0.2460248921606336,0.5615796403827557,0.7097144691187995,0.5820884621938021,0.7415323569024928,220,28,28,0,0,1,4,0,187,9,28,28,33,,0.2727272727272727,0.04090909090909091,0.32142857142857145,NOT_ESTIMABLE,,,PROVISIONAL_SMALL_REQUEST_N,0.2727272727272727,0.2727272727272727,PROVISIONAL_SMALL_REQUEST_N,0.3,0.375,NOT_PRIMARY; use physical units and frozen spans
5,f5-fac1f3ff42e4,FORMAL_10K,HELDOUT_TRIPLE_AUDIT,STRICT_LUMPED,f12d43eace12231077007dc497fee8dad00fbe58cb2f1fe2c6159c47636b97a0,all_candidates,strict_valid,emx_minus_frozen_proxy,K_abs,dimensionless,28,0.004836930134877789,0.005583243715513544,0.0030153435872882876,0.004602652448740051,0.00835657051438411,0.008610002338342117,PROVISIONAL_SMALL_REQUEST_N,3,0.0033918944289782343,0.006674132968152592,0.0036930940830796326,0.007228353226712178,0.0019557950890811346,0.00457322017932391,0.0033401623498871685,0.007495940591940559,0.005309039115763129,0.010192370213474298,0.00577544930344473,0.010864948770442806,220,28,28,0,0,1,4,0,187,9,28,28,33,,0.2727272727272727,0.04090909090909091,0.32142857142857145,NOT_ESTIMABLE,,,PROVISIONAL_SMALL_REQUEST_N,0.2727272727272727,0.2727272727272727,PROVISIONAL_SMALL_REQUEST_N,0.3,0.375,NOT_PRIMARY; use physical units and frozen spans
5,f5-fac1f3ff42e4,FORMAL_10K,HELDOUT_TRIPLE_AUDIT,STRICT_LUMPED,f12d43eace12231077007dc497fee8dad00fbe58cb2f1fe2c6159c47636b97a0,all_candidates,all_finite_diagnostic,emx_minus_target,Lp_nH,nH,28,0.06114307637639639,0.08068710782112845,-0.03760174120057876,0.056963629320821885,0.1260893139243372,0.1466153498594576,PROVISIONAL_SMALL_REQUEST_N,3,0.03760376709448428,0.07799745824599755,0.04926793421969286,0.10122984161920848,-0.07739419970239228,0.025924063789389894,0.02081135525589306,0.09754211271888191,0.08408259941008722,0.14773966766584842,0.08796316447943697,0.14785466129994917,220,28,28,0,0,1,4,0,187,9,28,28,33,,0.2727272727272727,0.04090909090909091,0.32142857142857145,NOT_ESTIMABLE,,,PROVISIONAL_SMALL_REQUEST_N,0.2727272727272727,0.2727272727272727,PROVISIONAL_SMALL_REQUEST_N,0.3,0.375,NOT_PRIMARY; use physical units and frozen spans
5,f5-fac1f3ff42e4,FORMAL_10K,HELDOUT_TRIPLE_AUDIT,STRICT_LUMPED,f12d43eace12231077007dc497fee8dad00fbe58cb2f1fe2c6159c47636b97a0,all_candidates,all_finite_diagnostic,emx_minus_target,Ls_nH,nH,28,0.17785066961016155,0.266704409902957,0.1734728176490052,0.03921563987576415,0.445356895986318,0.5089619708189198,PROVISIONAL_SMALL_REQUEST_N,3,0.007118872580056302,0.28392744651570107,0.009444401444943714,0.35271682437334184,-0.005139112911181476,0.28392744651570107,0.004457452847615007,0.33899072309826406,0.017914761855524163,0.5269047342127923,0.01798595046944551,0.5280235392810966,220,28,28,0,0,1,4,0,187,9,28,28,33,,0.2727272727272727,0.04090909090909091,0.32142857142857145,NOT_ESTIMABLE,,,PROVISIONAL_SMALL_REQUEST_N,0.2727272727272727,0.2727272727272727,PROVISIONAL_SMALL_REQUEST_N,0.3,0.375,NOT_PRIMARY; use physical units and frozen spans
5,f5-fac1f3ff42e4,FORMAL_10K,HELDOUT_TRIPLE_AUDIT,STRICT_LUMPED,f12d43eace12231077007dc497fee8dad00fbe58cb2f1fe2c6159c47636b97a0,all_candidates,all_finite_diagnostic,emx_minus_target,Qmin,dimensionless,28,3.237723126130082,4.367778937261731,-3.223455886811822,2.2893269055699905,7.493788584871974,8.111258087239463,PROVISIONAL_SMALL_REQUEST_N,3,2.945930515478004,3.4636072789820416,4.193897316572354,4.476318194879612,-3.4636072789820416,-2.9036936780460336,1.59664655737335,3.0634538275294263,7.211918343971519,7.8464761999478165,8.1109919112547,8.125565520604447,220,28,28,0,0,1,4,0,187,9,28,28,33,,0.2727272727272727,0.04090909090909091,0.32142857142857145,NOT_ESTIMABLE,,,PROVISIONAL_SMALL_REQUEST_N,0.2727272727272727,0.2727272727272727,PROVISIONAL_SMALL_REQUEST_N,0.3,0.375,NOT_PRIMARY; use physical units and frozen spans
5,f5-fac1f3ff42e4,FORMAL_10K,HELDOUT_TRIPLE_AUDIT,STRICT_LUMPED,f12d43eace12231077007dc497fee8dad00fbe58cb2f1fe2c6159c47636b97a0,all_candidates,all_finite_diagnostic,emx_minus_target,K_abs,dimensionless,28,0.07587036181368952,0.10428688871106291,-0.07520152902652878,0.05287268914095743,0.17912799229157983,0.1892258336092459,PROVISIONAL_SMALL_REQUEST_N,3,0.03265728364250772,0.10393884815724583,0.04016843124591093,0.12790676333100245,-0.10351763815349081,-0.03132725258794449,0.03971701182836346,0.13109069591477185,0.05820496575013633,0.19506690699714596,0.06081269566412595,0.19544924807391995,220,28,28,0,0,1,4,0,187,9,28,28,33,,0.2727272727272727,0.04090909090909091,0.32142857142857145,NOT_ESTIMABLE,,,PROVISIONAL_SMALL_REQUEST_N,0.2727272727272727,0.2727272727272727,PROVISIONAL_SMALL_REQUEST_N,0.3,0.375,NOT_PRIMARY; use physical units and frozen spans
5,f5-fac1f3ff42e4,FORMAL_10K,HELDOUT_TRIPLE_AUDIT,STRICT_LUMPED,f12d43eace12231077007dc497fee8dad00fbe58cb2f1fe2c6159c47636b97a0,all_candidates,all_finite_diagnostic,emx_minus_frozen_proxy,Lp_nH,nH,28,0.011162006448614616,0.014712454803023599,-0.009090565641327581,0.006730296131919888,0.023489565329601204,0.024532751120953565,PROVISIONAL_SMALL_REQUEST_N,3,0.010138395801865235,0.012107632521707412,0.013620117329097596,0.015369075189671674,-0.010419130165801293,-0.00730818972162664,0.005628525168941523,0.010367127314974023,0.02332102579068083,0.025074321008681212,0.023435744707833717,0.025501598193970132,220,28,28,0,0,1,4,0,187,9,28,28,33,,0.2727272727272727,0.04090909090909091,0.32142857142857145,NOT_ESTIMABLE,,,PROVISIONAL_SMALL_REQUEST_N,0.2727272727272727,0.2727272727272727,PROVISIONAL_SMALL_REQUEST_N,0.3,0.375,NOT_PRIMARY; use physical units and frozen spans
5,f5-fac1f3ff42e4,FORMAL_10K,HELDOUT_TRIPLE_AUDIT,STRICT_LUMPED,f12d43eace12231077007dc497fee8dad00fbe58cb2f1fe2c6159c47636b97a0,all_candidates,all_finite_diagnostic,emx_minus_frozen_proxy,Ls_nH,nH,28,0.015649287509936976,0.018673038961113674,0.014499817855489943,0.020550475141666302,0.02719807623987307,0.027375954824208536,PROVISIONAL_SMALL_REQUEST_N,3,0.01380986275277779,0.017530825666539185,0.017535349639504913,0.01926732006636225,0.01196391955373527,0.0168473834233414,0.011416240481293527,0.021012827039712634,0.02260781421822109,0.027555161794893878,0.024120570546168674,0.02764964912180412,220,28,28,0,0,1,4,0,187,9,28,28,33,,0.2727272727272727,0.04090909090909091,0.32142857142857145,NOT_ESTIMABLE,,,PROVISIONAL_SMALL_REQUEST_N,0.2727272727272727,0.2727272727272727,PROVISIONAL_SMALL_REQUEST_N,0.3,0.375,NOT_PRIMARY; use physical units and frozen spans
5,f5-fac1f3ff42e4,FORMAL_10K,HELDOUT_TRIPLE_AUDIT,STRICT_LUMPED,f12d43eace12231077007dc497fee8dad00fbe58cb2f1fe2c6159c47636b97a0,all_candidates,all_finite_diagnostic,emx_minus_frozen_proxy,Qmin,dimensionless,28,0.30833710062906744,0.3878235968834851,-0.24418001308266143,0.16150711521263172,0.6272289617041255,0.6349925442190392,PROVISIONAL_SMALL_REQUEST_N,3,0.2796282589335952,0.32801222975238087,0.3543443352045425,0.4073993818608365,-0.26912334063372595,-0.2120326777942636,0.15880336395429406,0.2460248921606336,0.5615796403827557,0.7097144691187995,0.5820884621938021,0.7415323569024928,220,28,28,0,0,1,4,0,187,9,28,28,33,,0.2727272727272727,0.04090909090909091,0.32142857142857145,NOT_ESTIMABLE,,,PROVISIONAL_SMALL_REQUEST_N,0.2727272727272727,0.2727272727272727,PROVISIONAL_SMALL_REQUEST_N,0.3,0.375,NOT_PRIMARY; use physical units and frozen spans
5,f5-fac1f3ff42e4,FORMAL_10K,HELDOUT_TRIPLE_AUDIT,STRICT_LUMPED,f12d43eace12231077007dc497fee8dad00fbe58cb2f1fe2c6159c47636b97a0,all_candidates,all_finite_diagnostic,emx_minus_frozen_proxy,K_abs,dimensionless,28,0.004836930134877789,0.005583243715513544,0.0030153435872882876,0.004602652448740051,0.00835657051438411,0.008610002338342117,PROVISIONAL_SMALL_REQUEST_N,3,0.0033918944289782343,0.006674132968152592,0.0036930940830796326,0.007228353226712178,0.0019557950890811346,0.00457322017932391,0.0033401623498871685,0.007495940591940559,0.005309039115763129,0.010192370213474298,0.00577544930344473,0.010864948770442806,220,28,28,0,0,1,4,0,187,9,28,28,33,,0.2727272727272727,0.04090909090909091,0.32142857142857145,NOT_ESTIMABLE,,,PROVISIONAL_SMALL_REQUEST_N,0.2727272727272727,0.2727272727272727,PROVISIONAL_SMALL_REQUEST_N,0.3,0.375,NOT_PRIMARY; use physical units and frozen spans
5,f5-fac1f3ff42e4,FORMAL_10K,HELDOUT_TRIPLE_AUDIT,STRICT_LUMPED,f12d43eace12231077007dc497fee8dad00fbe58cb2f1fe2c6159c47636b97a0,selected_q_proxy,strict_valid,emx_minus_target,Lp_nH,nH,3,0.0026663619325695276,0.0029289288483776,-0.0012777610922380205,0.0020829012604972608,0.0038997313090087804,0.00412683506507272,PROVISIONAL_SMALL_REQUEST_N,3,0.0015622457160746617,0.00435393882113666,0.0015622457160746617,0.00435393882113666,-0.00435393882113666,0.0020829012604972608,0.0015622457160746617,0.00435393882113666,0.0015622457160746617,0.00435393882113666,0.0015622457160746617,0.00435393882113666,20,3,3,0,0,0,0,0,17,3,3,3,3,,1.0,0.15,1.0,NOT_ESTIMABLE,,,PROVISIONAL_SMALL_REQUEST_N,1.0,1.0,PROVISIONAL_SMALL_REQUEST_N,1.0,1.0,NOT_PRIMARY; use physical units and frozen spans
5,f5-fac1f3ff42e4,FORMAL_10K,HELDOUT_TRIPLE_AUDIT,STRICT_LUMPED,f12d43eace12231077007dc497fee8dad00fbe58cb2f1fe2c6159c47636b97a0,selected_q_proxy,strict_valid,emx_minus_target,Ls_nH,nH,3,0.000987011427358242,0.0016095327953788432,0.000987011427358242,0.00016060889639812892,0.0022586084987668456,0.002520858449062935,PROVISIONAL_SMALL_REQUEST_N,3,1.7316986317572614e-05,0.0027831083993590244,1.7316986317572614e-05,0.0027831083993590244,1.7316986317572614e-05,0.0027831083993590244,1.7316986317572614e-05,0.0027831083993590244,1.7316986317572614e-05,0.0027831083993590244,1.7316986317572614e-05,0.0027831083993590244,20,3,3,0,0,0,0,0,17,3,3,3,3,,1.0,0.15,1.0,NOT_ESTIMABLE,,,PROVISIONAL_SMALL_REQUEST_N,1.0,1.0,PROVISIONAL_SMALL_REQUEST_N,1.0,1.0,NOT_PRIMARY; use physical units and frozen spans
5,f5-fac1f3ff42e4,FORMAL_10K,HELDOUT_TRIPLE_AUDIT,STRICT_LUMPED,f12d43eace12231077007dc497fee8dad00fbe58cb2f1fe2c6159c47636b97a0,selected_q_proxy,strict_valid,emx_minus_target,Qmin,dimensionless,3,0.09531821880093598,0.11035112124017532,0.01731334768431836,0.08241544947615154,0.15164096967753551,0.1602941597027085,PROVISIONAL_SMALL_REQUEST_N,3,0.03459185719877489,0.1689473497278815,0.03459185719877489,0.1689473497278815,-0.08241544947615154,0.1689473497278815,0.03459185719877489,0.1689473497278815,0.03459185719877489,0.1689473497278815,0.03459185719877489,0.1689473497278815,20,3,3,0,0,0,0,0,17,3,3,3,3,,1.0,0.15,1.0,NOT_ESTIMABLE,,,PROVISIONAL_SMALL_REQUEST_N,1.0,1.0,PROVISIONAL_SMALL_REQUEST_N,1.0,1.0,NOT_PRIMARY; use physical units and frozen spans
5,f5-fac1f3ff42e4,FORMAL_10K,HELDOUT_TRIPLE_AUDIT,STRICT_LUMPED,f12d43eace12231077007dc497fee8dad00fbe58cb2f1fe2c6159c47636b97a0,selected_q_proxy,strict_valid,emx_minus_target,K_abs,dimensionless,3,0.0006764753311728858,0.000986650676530755,0.0004426814662373176,0.00031816485838381814,0.001406621128569008,0.0015426781623421564,PROVISIONAL_SMALL_REQUEST_N,3,3.252593901953427e-05,0.0016787351961153052,3.252593901953427e-05,0.0016787351961153052,-0.00031816485838381814,0.0016787351961153052,3.252593901953427e-05,0.0016787351961153052,3.252593901953427e-05,0.0016787351961153052,3.252593901953427e-05,0.0016787351961153052,20,3,3,0,0,0,0,0,17,3,3,3,3,,1.0,0.15,1.0,NOT_ESTIMABLE,,,PROVISIONAL_SMALL_REQUEST_N,1.0,1.0,PROVISIONAL_SMALL_REQUEST_N,1.0,1.0,NOT_PRIMARY; use physical units and frozen spans
5,f5-fac1f3ff42e4,FORMAL_10K,HELDOUT_TRIPLE_AUDIT,STRICT_LUMPED,f12d43eace12231077007dc497fee8dad00fbe58cb2f1fe2c6159c47636b97a0,selected_q_proxy,strict_valid,emx_minus_frozen_proxy,Lp_nH,nH,3,0.001419217708317877,0.0016886023624171184,-0.0013054047774749833,0.0017489545119109273,0.002220174275804876,0.0022790767462916193,PROVISIONAL_SMALL_REQUEST_N,3,0.00017071939626434052,0.002337979216778363,0.00017071939626434052,0.002337979216778363,-0.002337979216778363,0.00017071939626434052,0.00017071939626434052,0.002337979216778363,0.00017071939626434052,0.002337979216778363,0.00017071939626434052,0.002337979216778363,20,3,3,0,0,0,0,0,17,3,3,3,3,,1.0,0.15,1.0,NOT_ESTIMABLE,,,PROVISIONAL_SMALL_REQUEST_N,1.0,1.0,PROVISIONAL_SMALL_REQUEST_N,1.0,1.0,NOT_PRIMARY; use physical units and frozen spans
5,f5-fac1f3ff42e4,FORMAL_10K,HELDOUT_TRIPLE_AUDIT,STRICT_LUMPED,f12d43eace12231077007dc497fee8dad00fbe58cb2f1fe2c6159c47636b97a0,selected_q_proxy,strict_valid,emx_minus_frozen_proxy,Ls_nH,nH,3,0.0021435549145798483,0.002147105251194451,-0.0021435549145798483,0.002193629213872006,0.0022493864502461046,0.0022563561047928673,PROVISIONAL_SMALL_REQUEST_N,3,0.0019737097705279094,0.0022633257593396294,0.0019737097705279094,0.0022633257593396294,-0.0022633257593396294,-0.0019737097705279094,0.0019737097705279094,0.0022633257593396294,0.0019737097705279094,0.0022633257593396294,0.0019737097705279094,0.0022633257593396294,20,3,3,0,0,0,0,0,17,3,3,3,3,,1.0,0.15,1.0,NOT_ESTIMABLE,,,PROVISIONAL_SMALL_REQUEST_N,1.0,1.0,PROVISIONAL_SMALL_REQUEST_N,1.0,1.0,NOT_PRIMARY; use physical units and frozen spans
5,f5-fac1f3ff42e4,FORMAL_10K,HELDOUT_TRIPLE_AUDIT,STRICT_LUMPED,f12d43eace12231077007dc497fee8dad00fbe58cb2f1fe2c6159c47636b97a0,selected_q_proxy,strict_valid,emx_minus_frozen_proxy,Qmin,dimensionless,3,0.08167495403042817,0.0937492502900591,0.015082385566805337,0.062462675428299974,0.12860134260234019,0.13686867599909522,PROVISIONAL_SMALL_REQUEST_N,3,0.037426177267134264,0.14513600939585025,0.037426177267134264,0.14513600939585025,-0.062462675428299974,0.14513600939585025,0.037426177267134264,0.14513600939585025,0.037426177267134264,0.14513600939585025,0.037426177267134264,0.14513600939585025,20,3,3,0,0,0,0,0,17,3,3,3,3,,1.0,0.15,1.0,NOT_ESTIMABLE,,,PROVISIONAL_SMALL_REQUEST_N,1.0,1.0,PROVISIONAL_SMALL_REQUEST_N,1.0,1.0,NOT_PRIMARY; use physical units and frozen spans
5,f5-fac1f3ff42e4,FORMAL_10K,HELDOUT_TRIPLE_AUDIT,STRICT_LUMPED,f12d43eace12231077007dc497fee8dad00fbe58cb2f1fe2c6159c47636b97a0,selected_q_proxy,strict_valid,emx_minus_frozen_proxy,K_abs,dimensionless,3,0.0020125340393990867,0.0022397875401674754,0.0012159227232871144,0.0014476079064068559,0.003005583371379328,0.0032003303045008867,PROVISIONAL_SMALL_REQUEST_N,3,0.0011949169741679588,0.003395077237622446,0.0011949169741679588,0.003395077237622446,-0.0011949169741679588,0.003395077237622446,0.0011949169741679588,0.003395077237622446,0.0011949169741679588,0.003395077237622446,0.0011949169741679588,0.003395077237622446,20,3,3,0,0,0,0,0,17,3,3,3,3,,1.0,0.15,1.0,NOT_ESTIMABLE,,,PROVISIONAL_SMALL_REQUEST_N,1.0,1.0,PROVISIONAL_SMALL_REQUEST_N,1.0,1.0,NOT_PRIMARY; use physical units and frozen spans
5,f5-fac1f3ff42e4,FORMAL_10K,HELDOUT_TRIPLE_AUDIT,STRICT_LUMPED,f12d43eace12231077007dc497fee8dad00fbe58cb2f1fe2c6159c47636b97a0,selected_q_proxy,all_finite_diagnostic,emx_minus_target,Lp_nH,nH,3,0.0026663619325695276,0.0029289288483776,-0.0012777610922380205,0.0020829012604972608,0.0038997313090087804,0.00412683506507272,PROVISIONAL_SMALL_REQUEST_N,3,0.0015622457160746617,0.00435393882113666,0.0015622457160746617,0.00435393882113666,-0.00435393882113666,0.0020829012604972608,0.0015622457160746617,0.00435393882113666,0.0015622457160746617,0.00435393882113666,0.0015622457160746617,0.00435393882113666,20,3,3,0,0,0,0,0,17,3,3,3,3,,1.0,0.15,1.0,NOT_ESTIMABLE,,,PROVISIONAL_SMALL_REQUEST_N,1.0,1.0,PROVISIONAL_SMALL_REQUEST_N,1.0,1.0,NOT_PRIMARY; use physical units and frozen spans
5,f5-fac1f3ff42e4,FORMAL_10K,HELDOUT_TRIPLE_AUDIT,STRICT_LUMPED,f12d43eace12231077007dc497fee8dad00fbe58cb2f1fe2c6159c47636b97a0,selected_q_proxy,all_finite_diagnostic,emx_minus_target,Ls_nH,nH,3,0.000987011427358242,0.0016095327953788432,0.000987011427358242,0.00016060889639812892,0.0022586084987668456,0.002520858449062935,PROVISIONAL_SMALL_REQUEST_N,3,1.7316986317572614e-05,0.0027831083993590244,1.7316986317572614e-05,0.0027831083993590244,1.7316986317572614e-05,0.0027831083993590244,1.7316986317572614e-05,0.0027831083993590244,1.7316986317572614e-05,0.0027831083993590244,1.7316986317572614e-05,0.0027831083993590244,20,3,3,0,0,0,0,0,17,3,3,3,3,,1.0,0.15,1.0,NOT_ESTIMABLE,,,PROVISIONAL_SMALL_REQUEST_N,1.0,1.0,PROVISIONAL_SMALL_REQUEST_N,1.0,1.0,NOT_PRIMARY; use physical units and frozen spans
5,f5-fac1f3ff42e4,FORMAL_10K,HELDOUT_TRIPLE_AUDIT,STRICT_LUMPED,f12d43eace12231077007dc497fee8dad00fbe58cb2f1fe2c6159c47636b97a0,selected_q_proxy,all_finite_diagnostic,emx_minus_target,Qmin,dimensionless,3,0.09531821880093598,0.11035112124017532,0.01731334768431836,0.08241544947615154,0.15164096967753551,0.1602941597027085,PROVISIONAL_SMALL_REQUEST_N,3,0.03459185719877489,0.1689473497278815,0.03459185719877489,0.1689473497278815,-0.08241544947615154,0.1689473497278815,0.03459185719877489,0.1689473497278815,0.03459185719877489,0.1689473497278815,0.03459185719877489,0.1689473497278815,20,3,3,0,0,0,0,0,17,3,3,3,3,,1.0,0.15,1.0,NOT_ESTIMABLE,,,PROVISIONAL_SMALL_REQUEST_N,1.0,1.0,PROVISIONAL_SMALL_REQUEST_N,1.0,1.0,NOT_PRIMARY; use physical units and frozen spans
5,f5-fac1f3ff42e4,FORMAL_10K,HELDOUT_TRIPLE_AUDIT,STRICT_LUMPED,f12d43eace12231077007dc497fee8dad00fbe58cb2f1fe2c6159c47636b97a0,selected_q_proxy,all_finite_diagnostic,emx_minus_target,K_abs,dimensionless,3,0.0006764753311728858,0.000986650676530755,0.0004426814662373176,0.00031816485838381814,0.001406621128569008,0.0015426781623421564,PROVISIONAL_SMALL_REQUEST_N,3,3.252593901953427e-05,0.0016787351961153052,3.252593901953427e-05,0.0016787351961153052,-0.00031816485838381814,0.0016787351961153052,3.252593901953427e-05,0.0016787351961153052,3.252593901953427e-05,0.0016787351961153052,3.252593901953427e-05,0.0016787351961153052,20,3,3,0,0,0,0,0,17,3,3,3,3,,1.0,0.15,1.0,NOT_ESTIMABLE,,,PROVISIONAL_SMALL_REQUEST_N,1.0,1.0,PROVISIONAL_SMALL_REQUEST_N,1.0,1.0,NOT_PRIMARY; use physical units and frozen spans
5,f5-fac1f3ff42e4,FORMAL_10K,HELDOUT_TRIPLE_AUDIT,STRICT_LUMPED,f12d43eace12231077007dc497fee8dad00fbe58cb2f1fe2c6159c47636b97a0,selected_q_proxy,all_finite_diagnostic,emx_minus_frozen_proxy,Lp_nH,nH,3,0.001419217708317877,0.0016886023624171184,-0.0013054047774749833,0.0017489545119109273,0.002220174275804876,0.0022790767462916193,PROVISIONAL_SMALL_REQUEST_N,3,0.00017071939626434052,0.002337979216778363,0.00017071939626434052,0.002337979216778363,-0.002337979216778363,0.00017071939626434052,0.00017071939626434052,0.002337979216778363,0.00017071939626434052,0.002337979216778363,0.00017071939626434052,0.002337979216778363,20,3,3,0,0,0,0,0,17,3,3,3,3,,1.0,0.15,1.0,NOT_ESTIMABLE,,,PROVISIONAL_SMALL_REQUEST_N,1.0,1.0,PROVISIONAL_SMALL_REQUEST_N,1.0,1.0,NOT_PRIMARY; use physical units and frozen spans
5,f5-fac1f3ff42e4,FORMAL_10K,HELDOUT_TRIPLE_AUDIT,STRICT_LUMPED,f12d43eace12231077007dc497fee8dad00fbe58cb2f1fe2c6159c47636b97a0,selected_q_proxy,all_finite_diagnostic,emx_minus_frozen_proxy,Ls_nH,nH,3,0.0021435549145798483,0.002147105251194451,-0.0021435549145798483,0.002193629213872006,0.0022493864502461046,0.0022563561047928673,PROVISIONAL_SMALL_REQUEST_N,3,0.0019737097705279094,0.0022633257593396294,0.0019737097705279094,0.0022633257593396294,-0.0022633257593396294,-0.0019737097705279094,0.0019737097705279094,0.0022633257593396294,0.0019737097705279094,0.0022633257593396294,0.0019737097705279094,0.0022633257593396294,20,3,3,0,0,0,0,0,17,3,3,3,3,,1.0,0.15,1.0,NOT_ESTIMABLE,,,PROVISIONAL_SMALL_REQUEST_N,1.0,1.0,PROVISIONAL_SMALL_REQUEST_N,1.0,1.0,NOT_PRIMARY; use physical units and frozen spans
5,f5-fac1f3ff42e4,FORMAL_10K,HELDOUT_TRIPLE_AUDIT,STRICT_LUMPED,f12d43eace12231077007dc497fee8dad00fbe58cb2f1fe2c6159c47636b97a0,selected_q_proxy,all_finite_diagnostic,emx_minus_frozen_proxy,Qmin,dimensionless,3,0.08167495403042817,0.0937492502900591,0.015082385566805337,0.062462675428299974,0.12860134260234019,0.13686867599909522,PROVISIONAL_SMALL_REQUEST_N,3,0.037426177267134264,0.14513600939585025,0.037426177267134264,0.14513600939585025,-0.062462675428299974,0.14513600939585025,0.037426177267134264,0.14513600939585025,0.037426177267134264,0.14513600939585025,0.037426177267134264,0.14513600939585025,20,3,3,0,0,0,0,0,17,3,3,3,3,,1.0,0.15,1.0,NOT_ESTIMABLE,,,PROVISIONAL_SMALL_REQUEST_N,1.0,1.0,PROVISIONAL_SMALL_REQUEST_N,1.0,1.0,NOT_PRIMARY; use physical units and frozen spans
5,f5-fac1f3ff42e4,FORMAL_10K,HELDOUT_TRIPLE_AUDIT,STRICT_LUMPED,f12d43eace12231077007dc497fee8dad00fbe58cb2f1fe2c6159c47636b97a0,selected_q_proxy,all_finite_diagnostic,emx_minus_frozen_proxy,K_abs,dimensionless,3,0.0020125340393990867,0.0022397875401674754,0.0012159227232871144,0.0014476079064068559,0.003005583371379328,0.0032003303045008867,PROVISIONAL_SMALL_REQUEST_N,3,0.0011949169741679588,0.003395077237622446,0.0011949169741679588,0.003395077237622446,-0.0011949169741679588,0.003395077237622446,0.0011949169741679588,0.003395077237622446,0.0011949169741679588,0.003395077237622446,0.0011949169741679588,0.003395077237622446,20,3,3,0,0,0,0,0,17,3,3,3,3,,1.0,0.15,1.0,NOT_ESTIMABLE,,,PROVISIONAL_SMALL_REQUEST_N,1.0,1.0,PROVISIONAL_SMALL_REQUEST_N,1.0,1.0,NOT_PRIMARY; use physical units and frozen spans
10,f10-d26d41688df1,FORMAL_10K,HELDOUT_TRIPLE_AUDIT,STRICT_LUMPED,f12d43eace12231077007dc497fee8dad00fbe58cb2f1fe2c6159c47636b97a0,all_candidates,strict_valid,emx_minus_target,Lp_nH,nH,27,0.11809521794731893,0.20182982752938125,-0.10966239321740451,0.015105136471730285,0.325722883938057,0.4416385431560045,PROVISIONAL_SMALL_REQUEST_N,3,0.062210822236210675,0.1710522547548393,0.1106587950478419,0.27656636632191645,-0.16235889384396568,-0.05334671433978783,0.012065062278387773,0.020931424553079614,0.21173482095150992,0.5264291929572438,0.2747798462497981,0.5896642599383293,220,27,27,0,0,5,1,0,187,15,27,27,33,,0.45454545454545453,0.06818181818181818,0.5555555555555556,NOT_ESTIMABLE,,,PROVISIONAL_SMALL_REQUEST_N,0.36363636363636365,0.5454545454545454,PROVISIONAL_SMALL_REQUEST_N,0.4444444444444444,0.6666666666666666,NOT_PRIMARY; use physical units and frozen spans
10,f10-d26d41688df1,FORMAL_10K,HELDOUT_TRIPLE_AUDIT,STRICT_LUMPED,f12d43eace12231077007dc497fee8dad00fbe58cb2f1fe2c6159c47636b97a0,all_candidates,strict_valid,emx_minus_target,Ls_nH,nH,27,0.03452460638535602,0.050523315982503335,0.001239996787991915,0.012842536602138521,0.07390274177722567,0.11863343824231189,PROVISIONAL_SMALL_REQUEST_N,3,0.024629705329832625,0.05033276526249667,0.034214171755639664,0.07182524032298498,-0.043994027715370136,0.02404338384297307,0.010241893130971125,0.020006959585487927,0.059114995882079226,0.13112984970144037,0.06012640652861556,0.13180440945935534,220,27,27,0,0,5,1,0,187,15,27,27,33,,0.45454545454545453,0.06818181818181818,0.5555555555555556,NOT_ESTIMABLE,,,PROVISIONAL_SMALL_REQUEST_N,0.36363636363636365,0.5454545454545454,PROVISIONAL_SMALL_REQUEST_N,0.4444444444444444,0.6666666666666666,NOT_PRIMARY; use physical units and frozen spans
10,f10-d26d41688df1,FORMAL_10K,HELDOUT_TRIPLE_AUDIT,STRICT_LUMPED,f12d43eace12231077007dc497fee8dad00fbe58cb2f1fe2c6159c47636b97a0,all_candidates,strict_valid,emx_minus_target,Qmin,dimensionless,27,1.6027087477882707,2.4367346725719874,-1.5439058854375973,0.34895788839212116,4.578408884088078,5.1178473982007535,PROVISIONAL_SMALL_REQUEST_N,3,1.0417060473497832,1.9769848244507202,1.8599323542357735,2.7045914945062237,-1.969043272644024,-0.9554092195999545,0.20371279141313714,2.01070616716477,3.327865325569717,4.683537327456243,4.945613095931995,5.208434204352406,220,27,27,0,0,5,1,0,187,15,27,27,33,,0.45454545454545453,0.06818181818181818,0.5555555555555556,NOT_ESTIMABLE,,,PROVISIONAL_SMALL_REQUEST_N,0.36363636363636365,0.5454545454545454,PROVISIONAL_SMALL_REQUEST_N,0.4444444444444444,0.6666666666666666,NOT_PRIMARY; use physical units and frozen spans
10,f10-d26d41688df1,FORMAL_10K,HELDOUT_TRIPLE_AUDIT,STRICT_LUMPED,f12d43eace12231077007dc497fee8dad00fbe58cb2f1fe2c6159c47636b97a0,all_candidates,strict_valid,emx_minus_target,K_abs,dimensionless,27,0.02657208927865339,0.045420344347484404,-0.011825543930614411,0.003741239174013894,0.0840170492838238,0.09810734372263404,PROVISIONAL_SMALL_REQUEST_N,3,0.0034654727000499336,0.044786034037214775,0.005689489014052875,0.0640169754523964,-0.025383422169061375,-0.0008544395628185742,0.0017772274342309213,0.027184372447235955,0.008560813553265626,0.11355633152490484,0.01579017512214316,0.1299958552226679,220,27,27,0,0,5,1,0,187,15,27,27,33,,0.45454545454545453,0.06818181818181818,0.5555555555555556,NOT_ESTIMABLE,,,PROVISIONAL_SMALL_REQUEST_N,0.36363636363636365,0.5454545454545454,PROVISIONAL_SMALL_REQUEST_N,0.4444444444444444,0.6666666666666666,NOT_PRIMARY; use physical units and frozen spans
10,f10-d26d41688df1,FORMAL_10K,HELDOUT_TRIPLE_AUDIT,STRICT_LUMPED,f12d43eace12231077007dc497fee8dad00fbe58cb2f1fe2c6159c47636b97a0,all_candidates,strict_valid,emx_minus_frozen_proxy,Lp_nH,nH,27,0.009838885899649751,0.012229375853440003,0.009138135968186092,0.008525547752505247,0.017680144964173694,0.019099703058380955,PROVISIONAL_SMALL_REQUEST_N,3,0.008578526344925595,0.011221640592514614,0.009866064075248366,0.014722536218482785,0.0077423070899468194,0.009955610053102415,0.008364781584554004,0.011180312241966472,0.015845369877910277,0.02460635031632037,0.016500591390534947,0.031970048390266737,220,27,27,0,0,5,1,0,187,15,27,27,33,,0.45454545454545453,0.06818181818181818,0.5555555555555556,NOT_ESTIMABLE,,,PROVISIONAL_SMALL_REQUEST_N,0.36363636363636365,0.5454545454545454,PROVISIONAL_SMALL_REQUEST_N,0.4444444444444444,0.6666666666666666,NOT_PRIMARY; use physical units and frozen spans
10,f10-d26d41688df1,FORMAL_10K,HELDOUT_TRIPLE_AUDIT,STRICT_LUMPED,f12d43eace12231077007dc497fee8dad00fbe58cb2f1fe2c6159c47636b97a0,all_candidates,strict_valid,emx_minus_frozen_proxy,Ls_nH,nH,27,0.01617364768343687,0.020764614542862582,0.014086313694905617,0.014031634331487686,0.037567363600736904,0.04056385101780924,PROVISIONAL_SMALL_REQUEST_N,3,0.013310523195831358,0.019450895360516116,0.017653739395805185,0.024610721292766393,0.013153575385183124,0.015404186499000883,0.013973646978670429,0.01629731048634353,0.02909562599331052,0.041484668812727284,0.03583031761720634,0.04261459079253371,220,27,27,0,0,5,1,0,187,15,27,27,33,,0.45454545454545453,0.06818181818181818,0.5555555555555556,NOT_ESTIMABLE,,,PROVISIONAL_SMALL_REQUEST_N,0.36363636363636365,0.5454545454545454,PROVISIONAL_SMALL_REQUEST_N,0.4444444444444444,0.6666666666666666,NOT_PRIMARY; use physical units and frozen spans
10,f10-d26d41688df1,FORMAL_10K,HELDOUT_TRIPLE_AUDIT,STRICT_LUMPED,f12d43eace12231077007dc497fee8dad00fbe58cb2f1fe2c6159c47636b97a0,all_candidates,strict_valid,emx_minus_frozen_proxy,Qmin,dimensionless,27,0.14822877419662225,0.17483068039942273,-0.08208959221566435,0.14801147203684906,0.269551188807504,0.3053607206548262,PROVISIONAL_SMALL_REQUEST_N,3,0.14634961419148318,0.15094914516456864,0.16217141378170977,0.18217112983577438,-0.140029872036385,-0.04917965890117001,0.14340492678563344,0.15885533074829716,0.21087317947309897,0.3006200592651876,0.22323571490744776,0.35325503486859233,220,27,27,0,0,5,1,0,187,15,27,27,33,,0.45454545454545453,0.06818181818181818,0.5555555555555556,NOT_ESTIMABLE,,,PROVISIONAL_SMALL_REQUEST_N,0.36363636363636365,0.5454545454545454,PROVISIONAL_SMALL_REQUEST_N,0.4444444444444444,0.6666666666666666,NOT_PRIMARY; use physical units and frozen spans
10,f10-d26d41688df1,FORMAL_10K,HELDOUT_TRIPLE_AUDIT,STRICT_LUMPED,f12d43eace12231077007dc497fee8dad00fbe58cb2f1fe2c6159c47636b97a0,all_candidates,strict_valid,emx_minus_frozen_proxy,K_abs,dimensionless,27,0.003342662039261263,0.004750028109807533,0.0019235225970348393,0.0024773499804196797,0.006557401685382577,0.010884375608427137,PROVISIONAL_SMALL_REQUEST_N,3,0.0013469082899710966,0.0047396890748054345,0.0018713427560008511,0.005870475847927816,4.405455812807324e-05,0.0031978208172690602,0.000758599876352184,0.0037133784204886333,0.003457034342299329,0.009350912359405333,0.004373219020886346,0.013429798474633464,220,27,27,0,0,5,1,0,187,15,27,27,33,,0.45454545454545453,0.06818181818181818,0.5555555555555556,NOT_ESTIMABLE,,,PROVISIONAL_SMALL_REQUEST_N,0.36363636363636365,0.5454545454545454,PROVISIONAL_SMALL_REQUEST_N,0.4444444444444444,0.6666666666666666,NOT_PRIMARY; use physical units and frozen spans
10,f10-d26d41688df1,FORMAL_10K,HELDOUT_TRIPLE_AUDIT,STRICT_LUMPED,f12d43eace12231077007dc497fee8dad00fbe58cb2f1fe2c6159c47636b97a0,all_candidates,all_finite_diagnostic,emx_minus_target,Lp_nH,nH,27,0.11809521794731893,0.20182982752938125,-0.10966239321740451,0.015105136471730285,0.325722883938057,0.4416385431560045,PROVISIONAL_SMALL_REQUEST_N,3,0.062210822236210675,0.1710522547548393,0.1106587950478419,0.27656636632191645,-0.16235889384396568,-0.05334671433978783,0.012065062278387773,0.020931424553079614,0.21173482095150992,0.5264291929572438,0.2747798462497981,0.5896642599383293,220,27,27,0,0,5,1,0,187,15,27,27,33,,0.45454545454545453,0.06818181818181818,0.5555555555555556,NOT_ESTIMABLE,,,PROVISIONAL_SMALL_REQUEST_N,0.36363636363636365,0.5454545454545454,PROVISIONAL_SMALL_REQUEST_N,0.4444444444444444,0.6666666666666666,NOT_PRIMARY; use physical units and frozen spans
10,f10-d26d41688df1,FORMAL_10K,HELDOUT_TRIPLE_AUDIT,STRICT_LUMPED,f12d43eace12231077007dc497fee8dad00fbe58cb2f1fe2c6159c47636b97a0,all_candidates,all_finite_diagnostic,emx_minus_target,Ls_nH,nH,27,0.03452460638535602,0.050523315982503335,0.001239996787991915,0.012842536602138521,0.07390274177722567,0.11863343824231189,PROVISIONAL_SMALL_REQUEST_N,3,0.024629705329832625,0.05033276526249667,0.034214171755639664,0.07182524032298498,-0.043994027715370136,0.02404338384297307,0.010241893130971125,0.020006959585487927,0.059114995882079226,0.13112984970144037,0.06012640652861556,0.13180440945935534,220,27,27,0,0,5,1,0,187,15,27,27,33,,0.45454545454545453,0.06818181818181818,0.5555555555555556,NOT_ESTIMABLE,,,PROVISIONAL_SMALL_REQUEST_N,0.36363636363636365,0.5454545454545454,PROVISIONAL_SMALL_REQUEST_N,0.4444444444444444,0.6666666666666666,NOT_PRIMARY; use physical units and frozen spans
10,f10-d26d41688df1,FORMAL_10K,HELDOUT_TRIPLE_AUDIT,STRICT_LUMPED,f12d43eace12231077007dc497fee8dad00fbe58cb2f1fe2c6159c47636b97a0,all_candidates,all_finite_diagnostic,emx_minus_target,Qmin,dimensionless,27,1.6027087477882707,2.4367346725719874,-1.5439058854375973,0.34895788839212116,4.578408884088078,5.1178473982007535,PROVISIONAL_SMALL_REQUEST_N,3,1.0417060473497832,1.9769848244507202,1.8599323542357735,2.7045914945062237,-1.969043272644024,-0.9554092195999545,0.20371279141313714,2.01070616716477,3.327865325569717,4.683537327456243,4.945613095931995,5.208434204352406,220,27,27,0,0,5,1,0,187,15,27,27,33,,0.45454545454545453,0.06818181818181818,0.5555555555555556,NOT_ESTIMABLE,,,PROVISIONAL_SMALL_REQUEST_N,0.36363636363636365,0.5454545454545454,PROVISIONAL_SMALL_REQUEST_N,0.4444444444444444,0.6666666666666666,NOT_PRIMARY; use physical units and frozen spans
10,f10-d26d41688df1,FORMAL_10K,HELDOUT_TRIPLE_AUDIT,STRICT_LUMPED,f12d43eace12231077007dc497fee8dad00fbe58cb2f1fe2c6159c47636b97a0,all_candidates,all_finite_diagnostic,emx_minus_target,K_abs,dimensionless,27,0.02657208927865339,0.045420344347484404,-0.011825543930614411,0.003741239174013894,0.0840170492838238,0.09810734372263404,PROVISIONAL_SMALL_REQUEST_N,3,0.0034654727000499336,0.044786034037214775,0.005689489014052875,0.0640169754523964,-0.025383422169061375,-0.0008544395628185742,0.0017772274342309213,0.027184372447235955,0.008560813553265626,0.11355633152490484,0.01579017512214316,0.1299958552226679,220,27,27,0,0,5,1,0,187,15,27,27,33,,0.45454545454545453,0.06818181818181818,0.5555555555555556,NOT_ESTIMABLE,,,PROVISIONAL_SMALL_REQUEST_N,0.36363636363636365,0.5454545454545454,PROVISIONAL_SMALL_REQUEST_N,0.4444444444444444,0.6666666666666666,NOT_PRIMARY; use physical units and frozen spans
10,f10-d26d41688df1,FORMAL_10K,HELDOUT_TRIPLE_AUDIT,STRICT_LUMPED,f12d43eace12231077007dc497fee8dad00fbe58cb2f1fe2c6159c47636b97a0,all_candidates,all_finite_diagnostic,emx_minus_frozen_proxy,Lp_nH,nH,27,0.009838885899649751,0.012229375853440003,0.009138135968186092,0.008525547752505247,0.017680144964173694,0.019099703058380955,PROVISIONAL_SMALL_REQUEST_N,3,0.008578526344925595,0.011221640592514614,0.009866064075248366,0.014722536218482785,0.0077423070899468194,0.009955610053102415,0.008364781584554004,0.011180312241966472,0.015845369877910277,0.02460635031632037,0.016500591390534947,0.031970048390266737,220,27,27,0,0,5,1,0,187,15,27,27,33,,0.45454545454545453,0.06818181818181818,0.5555555555555556,NOT_ESTIMABLE,,,PROVISIONAL_SMALL_REQUEST_N,0.36363636363636365,0.5454545454545454,PROVISIONAL_SMALL_REQUEST_N,0.4444444444444444,0.6666666666666666,NOT_PRIMARY; use physical units and frozen spans
10,f10-d26d41688df1,FORMAL_10K,HELDOUT_TRIPLE_AUDIT,STRICT_LUMPED,f12d43eace12231077007dc497fee8dad00fbe58cb2f1fe2c6159c47636b97a0,all_candidates,all_finite_diagnostic,emx_minus_frozen_proxy,Ls_nH,nH,27,0.01617364768343687,0.020764614542862582,0.014086313694905617,0.014031634331487686,0.037567363600736904,0.04056385101780924,PROVISIONAL_SMALL_REQUEST_N,3,0.013310523195831358,0.019450895360516116,0.017653739395805185,0.024610721292766393,0.013153575385183124,0.015404186499000883,0.013973646978670429,0.01629731048634353,0.02909562599331052,0.041484668812727284,0.03583031761720634,0.04261459079253371,220,27,27,0,0,5,1,0,187,15,27,27,33,,0.45454545454545453,0.06818181818181818,0.5555555555555556,NOT_ESTIMABLE,,,PROVISIONAL_SMALL_REQUEST_N,0.36363636363636365,0.5454545454545454,PROVISIONAL_SMALL_REQUEST_N,0.4444444444444444,0.6666666666666666,NOT_PRIMARY; use physical units and frozen spans
10,f10-d26d41688df1,FORMAL_10K,HELDOUT_TRIPLE_AUDIT,STRICT_LUMPED,f12d43eace12231077007dc497fee8dad00fbe58cb2f1fe2c6159c47636b97a0,all_candidates,all_finite_diagnostic,emx_minus_frozen_proxy,Qmin,dimensionless,27,0.14822877419662225,0.17483068039942273,-0.08208959221566435,0.14801147203684906,0.269551188807504,0.3053607206548262,PROVISIONAL_SMALL_REQUEST_N,3,0.14634961419148318,0.15094914516456864,0.16217141378170977,0.18217112983577438,-0.140029872036385,-0.04917965890117001,0.14340492678563344,0.15885533074829716,0.21087317947309897,0.3006200592651876,0.22323571490744776,0.35325503486859233,220,27,27,0,0,5,1,0,187,15,27,27,33,,0.45454545454545453,0.06818181818181818,0.5555555555555556,NOT_ESTIMABLE,,,PROVISIONAL_SMALL_REQUEST_N,0.36363636363636365,0.5454545454545454,PROVISIONAL_SMALL_REQUEST_N,0.4444444444444444,0.6666666666666666,NOT_PRIMARY; use physical units and frozen spans
10,f10-d26d41688df1,FORMAL_10K,HELDOUT_TRIPLE_AUDIT,STRICT_LUMPED,f12d43eace12231077007dc497fee8dad00fbe58cb2f1fe2c6159c47636b97a0,all_candidates,all_finite_diagnostic,emx_minus_frozen_proxy,K_abs,dimensionless,27,0.003342662039261263,0.004750028109807533,0.0019235225970348393,0.0024773499804196797,0.006557401685382577,0.010884375608427137,PROVISIONAL_SMALL_REQUEST_N,3,0.0013469082899710966,0.0047396890748054345,0.0018713427560008511,0.005870475847927816,4.405455812807324e-05,0.0031978208172690602,0.000758599876352184,0.0037133784204886333,0.003457034342299329,0.009350912359405333,0.004373219020886346,0.013429798474633464,220,27,27,0,0,5,1,0,187,15,27,27,33,,0.45454545454545453,0.06818181818181818,0.5555555555555556,NOT_ESTIMABLE,,,PROVISIONAL_SMALL_REQUEST_N,0.36363636363636365,0.5454545454545454,PROVISIONAL_SMALL_REQUEST_N,0.4444444444444444,0.6666666666666666,NOT_PRIMARY; use physical units and frozen spans
10,f10-d26d41688df1,FORMAL_10K,HELDOUT_TRIPLE_AUDIT,STRICT_LUMPED,f12d43eace12231077007dc497fee8dad00fbe58cb2f1fe2c6159c47636b97a0,selected_q_proxy,strict_valid,emx_minus_target,Lp_nH,nH,3,0.0022050480966802066,0.0025905131530283027,0.0015578149406595039,0.001545296569333221,0.00358825770320772,0.003843627844942032,PROVISIONAL_SMALL_REQUEST_N,3,0.000970849734031054,0.004098997986676345,0.000970849734031054,0.004098997986676345,-0.000970849734031054,0.004098997986676345,0.000970849734031054,0.004098997986676345,0.000970849734031054,0.004098997986676345,0.000970849734031054,0.004098997986676345,20,3,3,0,0,0,0,0,17,3,3,3,3,,1.0,0.15,1.0,NOT_ESTIMABLE,,,PROVISIONAL_SMALL_REQUEST_N,1.0,1.0,PROVISIONAL_SMALL_REQUEST_N,1.0,1.0,NOT_PRIMARY; use physical units and frozen spans
10,f10-d26d41688df1,FORMAL_10K,HELDOUT_TRIPLE_AUDIT,STRICT_LUMPED,f12d43eace12231077007dc497fee8dad00fbe58cb2f1fe2c6159c47636b97a0,selected_q_proxy,strict_valid,emx_minus_target,Ls_nH,nH,3,0.006794905606034425,0.007656358043326892,0.0013309833730501541,0.008195883349476407,0.00983269117467218,0.010037292152821653,PROVISIONAL_SMALL_REQUEST_N,3,0.0019469403376557448,0.010241893130971125,0.0019469403376557448,0.010241893130971125,-0.008195883349476407,0.010241893130971125,0.0019469403376557448,0.010241893130971125,0.0019469403376557448,0.010241893130971125,0.0019469403376557448,0.010241893130971125,20,3,3,0,0,0,0,0,17,3,3,3,3,,1.0,0.15,1.0,NOT_ESTIMABLE,,,PROVISIONAL_SMALL_REQUEST_N,1.0,1.0,PROVISIONAL_SMALL_REQUEST_N,1.0,1.0,NOT_PRIMARY; use physical units and frozen spans
10,f10-d26d41688df1,FORMAL_10K,HELDOUT_TRIPLE_AUDIT,STRICT_LUMPED,f12d43eace12231077007dc497fee8dad00fbe58cb2f1fe2c6159c47636b97a0,selected_q_proxy,strict_valid,emx_minus_target,Qmin,dimensionless,3,0.09952731349242327,0.1060245954030512,-0.011827178410838949,0.11864696594804158,0.1289695552875095,0.130259878954943,PROVISIONAL_SMALL_REQUEST_N,3,0.04838477190685175,0.1315502026223765,0.04838477190685175,0.1315502026223765,-0.11864696594804158,0.1315502026223765,0.04838477190685175,0.1315502026223765,0.04838477190685175,0.1315502026223765,0.04838477190685175,0.1315502026223765,20,3,3,0,0,0,0,0,17,3,3,3,3,,1.0,0.15,1.0,NOT_ESTIMABLE,,,PROVISIONAL_SMALL_REQUEST_N,1.0,1.0,PROVISIONAL_SMALL_REQUEST_N,1.0,1.0,NOT_PRIMARY; use physical units and frozen spans
10,f10-d26d41688df1,FORMAL_10K,HELDOUT_TRIPLE_AUDIT,STRICT_LUMPED,f12d43eace12231077007dc497fee8dad00fbe58cb2f1fe2c6159c47636b97a0,selected_q_proxy,strict_valid,emx_minus_target,K_abs,dimensionless,3,0.0020106423813823306,0.002087112148782314,-0.00015566889623043015,0.0017772274342309213,0.002581413669028465,0.002681936948378158,PROVISIONAL_SMALL_REQUEST_N,3,0.00147223948218822,0.002782460227727851,0.00147223948218822,0.002782460227727851,-0.0017772274342309213,0.002782460227727851,0.00147223948218822,0.002782460227727851,0.00147223948218822,0.002782460227727851,0.00147223948218822,0.002782460227727851,20,3,3,0,0,0,0,0,17,3,3,3,3,,1.0,0.15,1.0,NOT_ESTIMABLE,,,PROVISIONAL_SMALL_REQUEST_N,1.0,1.0,PROVISIONAL_SMALL_REQUEST_N,1.0,1.0,NOT_PRIMARY; use physical units and frozen spans
10,f10-d26d41688df1,FORMAL_10K,HELDOUT_TRIPLE_AUDIT,STRICT_LUMPED,f12d43eace12231077007dc497fee8dad00fbe58cb2f1fe2c6159c47636b97a0,selected_q_proxy,strict_valid,emx_minus_frozen_proxy,Lp_nH,nH,3,0.0028247907506565215,0.00288286697056781,0.0006538459411982908,0.0032068844719190803,0.0032465106657336928,0.0032514639399605196,PROVISIONAL_SMALL_REQUEST_N,3,0.002011070565863138,0.003256417214187346,0.002011070565863138,0.003256417214187346,-0.003256417214187346,0.0032068844719190803,0.002011070565863138,0.003256417214187346,0.002011070565863138,0.003256417214187346,0.002011070565863138,0.003256417214187346,20,3,3,0,0,0,0,0,17,3,3,3,3,,1.0,0.15,1.0,NOT_ESTIMABLE,,,PROVISIONAL_SMALL_REQUEST_N,1.0,1.0,PROVISIONAL_SMALL_REQUEST_N,1.0,1.0,NOT_PRIMARY; use physical units and frozen spans
10,f10-d26d41688df1,FORMAL_10K,HELDOUT_TRIPLE_AUDIT,STRICT_LUMPED,f12d43eace12231077007dc497fee8dad00fbe58cb2f1fe2c6159c47636b97a0,selected_q_proxy,strict_valid,emx_minus_frozen_proxy,Ls_nH,nH,3,0.0056597734086364,0.006258333495803903,0.0028740697117491574,0.004178555545330864,0.008363345777115283,0.008886444556088335,PROVISIONAL_SMALL_REQUEST_N,3,0.003391221345516948,0.009409543335061388,0.003391221345516948,0.009409543335061388,-0.004178555545330864,0.009409543335061388,0.003391221345516948,0.009409543335061388,0.003391221345516948,0.009409543335061388,0.003391221345516948,0.009409543335061388,20,3,3,0,0,0,0,0,17,3,3,3,3,,1.0,0.15,1.0,NOT_ESTIMABLE,,,PROVISIONAL_SMALL_REQUEST_N,1.0,1.0,PROVISIONAL_SMALL_REQUEST_N,1.0,1.0,NOT_PRIMARY; use physical units and frozen spans
10,f10-d26d41688df1,FORMAL_10K,HELDOUT_TRIPLE_AUDIT,STRICT_LUMPED,f12d43eace12231077007dc497fee8dad00fbe58cb2f1fe2c6159c47636b97a0,selected_q_proxy,strict_valid,emx_minus_frozen_proxy,Qmin,dimensionless,3,0.10879035212767718,0.12081398280080895,-0.014968263717642335,0.14073313261505227,0.14888283331464686,0.14990154590209617,PROVISIONAL_SMALL_REQUEST_N,3,0.034717665278433785,0.1509202584895455,0.034717665278433785,0.1509202584895455,-0.1509202584895455,0.14073313261505227,0.034717665278433785,0.1509202584895455,0.034717665278433785,0.1509202584895455,0.034717665278433785,0.1509202584895455,20,3,3,0,0,0,0,0,17,3,3,3,3,,1.0,0.15,1.0,NOT_ESTIMABLE,,,PROVISIONAL_SMALL_REQUEST_N,1.0,1.0,PROVISIONAL_SMALL_REQUEST_N,1.0,1.0,NOT_PRIMARY; use physical units and frozen spans
10,f10-d26d41688df1,FORMAL_10K,HELDOUT_TRIPLE_AUDIT,STRICT_LUMPED,f12d43eace12231077007dc497fee8dad00fbe58cb2f1fe2c6159c47636b97a0,selected_q_proxy,strict_valid,emx_minus_frozen_proxy,K_abs,dimensionless,3,0.002521225887825144,0.002637302370339832,-0.00034544326116100105,0.0028462445565746453,0.0031801880633119005,0.0032219310016540575,PROVISIONAL_SMALL_REQUEST_N,3,0.0014537591669045724,0.0032636739399962145,0.0014537591669045724,0.0032636739399962145,-0.0028462445565746453,0.0032636739399962145,0.0014537591669045724,0.0032636739399962145,0.0014537591669045724,0.0032636739399962145,0.0014537591669045724,0.0032636739399962145,20,3,3,0,0,0,0,0,17,3,3,3,3,,1.0,0.15,1.0,NOT_ESTIMABLE,,,PROVISIONAL_SMALL_REQUEST_N,1.0,1.0,PROVISIONAL_SMALL_REQUEST_N,1.0,1.0,NOT_PRIMARY; use physical units and frozen spans
10,f10-d26d41688df1,FORMAL_10K,HELDOUT_TRIPLE_AUDIT,STRICT_LUMPED,f12d43eace12231077007dc497fee8dad00fbe58cb2f1fe2c6159c47636b97a0,selected_q_proxy,all_finite_diagnostic,emx_minus_target,Lp_nH,nH,3,0.0022050480966802066,0.0025905131530283027,0.0015578149406595039,0.001545296569333221,0.00358825770320772,0.003843627844942032,PROVISIONAL_SMALL_REQUEST_N,3,0.000970849734031054,0.004098997986676345,0.000970849734031054,0.004098997986676345,-0.000970849734031054,0.004098997986676345,0.000970849734031054,0.004098997986676345,0.000970849734031054,0.004098997986676345,0.000970849734031054,0.004098997986676345,20,3,3,0,0,0,0,0,17,3,3,3,3,,1.0,0.15,1.0,NOT_ESTIMABLE,,,PROVISIONAL_SMALL_REQUEST_N,1.0,1.0,PROVISIONAL_SMALL_REQUEST_N,1.0,1.0,NOT_PRIMARY; use physical units and frozen spans
10,f10-d26d41688df1,FORMAL_10K,HELDOUT_TRIPLE_AUDIT,STRICT_LUMPED,f12d43eace12231077007dc497fee8dad00fbe58cb2f1fe2c6159c47636b97a0,selected_q_proxy,all_finite_diagnostic,emx_minus_target,Ls_nH,nH,3,0.006794905606034425,0.007656358043326892,0.0013309833730501541,0.008195883349476407,0.00983269117467218,0.010037292152821653,PROVISIONAL_SMALL_REQUEST_N,3,0.0019469403376557448,0.010241893130971125,0.0019469403376557448,0.010241893130971125,-0.008195883349476407,0.010241893130971125,0.0019469403376557448,0.010241893130971125,0.0019469403376557448,0.010241893130971125,0.0019469403376557448,0.010241893130971125,20,3,3,0,0,0,0,0,17,3,3,3,3,,1.0,0.15,1.0,NOT_ESTIMABLE,,,PROVISIONAL_SMALL_REQUEST_N,1.0,1.0,PROVISIONAL_SMALL_REQUEST_N,1.0,1.0,NOT_PRIMARY; use physical units and frozen spans
10,f10-d26d41688df1,FORMAL_10K,HELDOUT_TRIPLE_AUDIT,STRICT_LUMPED,f12d43eace12231077007dc497fee8dad00fbe58cb2f1fe2c6159c47636b97a0,selected_q_proxy,all_finite_diagnostic,emx_minus_target,Qmin,dimensionless,3,0.09952731349242327,0.1060245954030512,-0.011827178410838949,0.11864696594804158,0.1289695552875095,0.130259878954943,PROVISIONAL_SMALL_REQUEST_N,3,0.04838477190685175,0.1315502026223765,0.04838477190685175,0.1315502026223765,-0.11864696594804158,0.1315502026223765,0.04838477190685175,0.1315502026223765,0.04838477190685175,0.1315502026223765,0.04838477190685175,0.1315502026223765,20,3,3,0,0,0,0,0,17,3,3,3,3,,1.0,0.15,1.0,NOT_ESTIMABLE,,,PROVISIONAL_SMALL_REQUEST_N,1.0,1.0,PROVISIONAL_SMALL_REQUEST_N,1.0,1.0,NOT_PRIMARY; use physical units and frozen spans
10,f10-d26d41688df1,FORMAL_10K,HELDOUT_TRIPLE_AUDIT,STRICT_LUMPED,f12d43eace12231077007dc497fee8dad00fbe58cb2f1fe2c6159c47636b97a0,selected_q_proxy,all_finite_diagnostic,emx_minus_target,K_abs,dimensionless,3,0.0020106423813823306,0.002087112148782314,-0.00015566889623043015,0.0017772274342309213,0.002581413669028465,0.002681936948378158,PROVISIONAL_SMALL_REQUEST_N,3,0.00147223948218822,0.002782460227727851,0.00147223948218822,0.002782460227727851,-0.0017772274342309213,0.002782460227727851,0.00147223948218822,0.002782460227727851,0.00147223948218822,0.002782460227727851,0.00147223948218822,0.002782460227727851,20,3,3,0,0,0,0,0,17,3,3,3,3,,1.0,0.15,1.0,NOT_ESTIMABLE,,,PROVISIONAL_SMALL_REQUEST_N,1.0,1.0,PROVISIONAL_SMALL_REQUEST_N,1.0,1.0,NOT_PRIMARY; use physical units and frozen spans
10,f10-d26d41688df1,FORMAL_10K,HELDOUT_TRIPLE_AUDIT,STRICT_LUMPED,f12d43eace12231077007dc497fee8dad00fbe58cb2f1fe2c6159c47636b97a0,selected_q_proxy,all_finite_diagnostic,emx_minus_frozen_proxy,Lp_nH,nH,3,0.0028247907506565215,0.00288286697056781,0.0006538459411982908,0.0032068844719190803,0.0032465106657336928,0.0032514639399605196,PROVISIONAL_SMALL_REQUEST_N,3,0.002011070565863138,0.003256417214187346,0.002011070565863138,0.003256417214187346,-0.003256417214187346,0.0032068844719190803,0.002011070565863138,0.003256417214187346,0.002011070565863138,0.003256417214187346,0.002011070565863138,0.003256417214187346,20,3,3,0,0,0,0,0,17,3,3,3,3,,1.0,0.15,1.0,NOT_ESTIMABLE,,,PROVISIONAL_SMALL_REQUEST_N,1.0,1.0,PROVISIONAL_SMALL_REQUEST_N,1.0,1.0,NOT_PRIMARY; use physical units and frozen spans
10,f10-d26d41688df1,FORMAL_10K,HELDOUT_TRIPLE_AUDIT,STRICT_LUMPED,f12d43eace12231077007dc497fee8dad00fbe58cb2f1fe2c6159c47636b97a0,selected_q_proxy,all_finite_diagnostic,emx_minus_frozen_proxy,Ls_nH,nH,3,0.0056597734086364,0.006258333495803903,0.0028740697117491574,0.004178555545330864,0.008363345777115283,0.008886444556088335,PROVISIONAL_SMALL_REQUEST_N,3,0.003391221345516948,0.009409543335061388,0.003391221345516948,0.009409543335061388,-0.004178555545330864,0.009409543335061388,0.003391221345516948,0.009409543335061388,0.003391221345516948,0.009409543335061388,0.003391221345516948,0.009409543335061388,20,3,3,0,0,0,0,0,17,3,3,3,3,,1.0,0.15,1.0,NOT_ESTIMABLE,,,PROVISIONAL_SMALL_REQUEST_N,1.0,1.0,PROVISIONAL_SMALL_REQUEST_N,1.0,1.0,NOT_PRIMARY; use physical units and frozen spans
10,f10-d26d41688df1,FORMAL_10K,HELDOUT_TRIPLE_AUDIT,STRICT_LUMPED,f12d43eace12231077007dc497fee8dad00fbe58cb2f1fe2c6159c47636b97a0,selected_q_proxy,all_finite_diagnostic,emx_minus_frozen_proxy,Qmin,dimensionless,3,0.10879035212767718,0.12081398280080895,-0.014968263717642335,0.14073313261505227,0.14888283331464686,0.14990154590209617,PROVISIONAL_SMALL_REQUEST_N,3,0.034717665278433785,0.1509202584895455,0.034717665278433785,0.1509202584895455,-0.1509202584895455,0.14073313261505227,0.034717665278433785,0.1509202584895455,0.034717665278433785,0.1509202584895455,0.034717665278433785,0.1509202584895455,20,3,3,0,0,0,0,0,17,3,3,3,3,,1.0,0.15,1.0,NOT_ESTIMABLE,,,PROVISIONAL_SMALL_REQUEST_N,1.0,1.0,PROVISIONAL_SMALL_REQUEST_N,1.0,1.0,NOT_PRIMARY; use physical units and frozen spans
10,f10-d26d41688df1,FORMAL_10K,HELDOUT_TRIPLE_AUDIT,STRICT_LUMPED,f12d43eace12231077007dc497fee8dad00fbe58cb2f1fe2c6159c47636b97a0,selected_q_proxy,all_finite_diagnostic,emx_minus_frozen_proxy,K_abs,dimensionless,3,0.002521225887825144,0.002637302370339832,-0.00034544326116100105,0.0028462445565746453,0.0031801880633119005,0.0032219310016540575,PROVISIONAL_SMALL_REQUEST_N,3,0.0014537591669045724,0.0032636739399962145,0.0014537591669045724,0.0032636739399962145,-0.0028462445565746453,0.0032636739399962145,0.0014537591669045724,0.0032636739399962145,0.0014537591669045724,0.0032636739399962145,0.0014537591669045724,0.0032636739399962145,20,3,3,0,0,0,0,0,17,3,3,3,3,,1.0,0.15,1.0,NOT_ESTIMABLE,,,PROVISIONAL_SMALL_REQUEST_N,1.0,1.0,PROVISIONAL_SMALL_REQUEST_N,1.0,1.0,NOT_PRIMARY; use physical units and frozen spans
20,f20-4d6b0c6066ee,FORMAL_10K,HELDOUT_TRIPLE_AUDIT,STRICT_LUMPED,f12d43eace12231077007dc497fee8dad00fbe58cb2f1fe2c6159c47636b97a0,all_candidates,strict_valid,emx_minus_target,Lp_nH,nH,25,0.0737993139882466,0.10901834294494152,0.07095211601105936,0.03914198474720543,0.23060557572488768,0.2459150906663782,PROVISIONAL_SMALL_REQUEST_N,3,0.034386049309273824,0.16321377572764126,0.041673187790656895,0.1897476732438399,0.03184778450190153,0.1566713041053615,0.034466351554269026,0.219267751290809,0.05287621843440789,0.2515658081081664,0.08890408955654017,0.2515658081081664,220,28,25,3,5,5,0,0,182,6,28,28,33,,0.18181818181818182,0.02727272727272727,0.24,NOT_ESTIMABLE,,,PROVISIONAL_SMALL_REQUEST_N,0.0,0.36363636363636365,PROVISIONAL_SMALL_REQUEST_N,0.0,0.4,NOT_PRIMARY; use physical units and frozen spans
20,f20-4d6b0c6066ee,FORMAL_10K,HELDOUT_TRIPLE_AUDIT,STRICT_LUMPED,f12d43eace12231077007dc497fee8dad00fbe58cb2f1fe2c6159c47636b97a0,all_candidates,strict_valid,emx_minus_target,Ls_nH,nH,25,0.032583131813311024,0.04126747214490773,-0.009111256676533569,0.025024096423339692,0.06563549109440882,0.0768211872526111,PROVISIONAL_SMALL_REQUEST_N,3,0.028825388586803967,0.04175835859637399,0.03335730756236463,0.04863043770983449,-0.026758356523710235,0.003595322847578813,0.0198239827215968,0.02861038533178084,0.05492905665097979,0.07906991402071184,0.06019621638123196,0.10540424043741037,220,28,25,3,5,5,0,0,182,6,28,28,33,,0.18181818181818182,0.02727272727272727,0.24,NOT_ESTIMABLE,,,PROVISIONAL_SMALL_REQUEST_N,0.0,0.36363636363636365,PROVISIONAL_SMALL_REQUEST_N,0.0,0.4,NOT_PRIMARY; use physical units and frozen spans
20,f20-4d6b0c6066ee,FORMAL_10K,HELDOUT_TRIPLE_AUDIT,STRICT_LUMPED,f12d43eace12231077007dc497fee8dad00fbe58cb2f1fe2c6159c47636b97a0,all_candidates,strict_valid,emx_minus_target,Qmin,dimensionless,25,2.115032549070979,2.8713520824633907,-0.33556874935546127,1.3753179997512355,5.300881055077708,5.562366193475205,PROVISIONAL_SMALL_REQUEST_N,3,1.5042502879244364,2.9141686446630235,2.2105296152772933,3.693939415017096,-2.9141686446630235,1.038586318921053,0.8357694258811108,2.601335144358126,3.7146882833574204,6.498872553239231,5.207557962160381,6.498872553239231,220,28,25,3,5,5,0,0,182,6,28,28,33,,0.18181818181818182,0.02727272727272727,0.24,NOT_ESTIMABLE,,,PROVISIONAL_SMALL_REQUEST_N,0.0,0.36363636363636365,PROVISIONAL_SMALL_REQUEST_N,0.0,0.4,NOT_PRIMARY; use physical units and frozen spans
20,f20-4d6b0c6066ee,FORMAL_10K,HELDOUT_TRIPLE_AUDIT,STRICT_LUMPED,f12d43eace12231077007dc497fee8dad00fbe58cb2f1fe2c6159c47636b97a0,all_candidates,strict_valid,emx_minus_target,K_abs,dimensionless,25,0.02432192932627822,0.03394792550512254,0.00495573805820331,0.012863615875956136,0.047818326642597477,0.06849484621881564,PROVISIONAL_SMALL_REQUEST_N,3,0.01719120689585656,0.031925438196509844,0.023272904992873943,0.04625282534205893,-0.01265746481381973,0.02275802619247761,0.009210993171796147,0.02080077345231851,0.041929252693614166,0.09156111646119225,0.041929252693614166,0.09931020455643275,220,28,25,3,5,5,0,0,182,6,28,28,33,,0.18181818181818182,0.02727272727272727,0.24,NOT_ESTIMABLE,,,PROVISIONAL_SMALL_REQUEST_N,0.0,0.36363636363636365,PROVISIONAL_SMALL_REQUEST_N,0.0,0.4,NOT_PRIMARY; use physical units and frozen spans
20,f20-4d6b0c6066ee,FORMAL_10K,HELDOUT_TRIPLE_AUDIT,STRICT_LUMPED,f12d43eace12231077007dc497fee8dad00fbe58cb2f1fe2c6159c47636b97a0,all_candidates,strict_valid,emx_minus_frozen_proxy,Lp_nH,nH,25,0.016886069661887913,0.021440794700638446,0.010028992291922192,0.015353292664037732,0.03670383235494534,0.03982779661375496,PROVISIONAL_SMALL_REQUEST_N,3,0.010164167042925687,0.027941582322485288,0.01375922027976663,0.03150124492237853,-0.0016825124698399835,0.027744154020764498,0.005382106533348474,0.03385593601674142,0.023626007401675364,0.041572862899466934,0.02416045523857213,0.041572862899466934,220,28,25,3,5,5,0,0,182,6,28,28,33,,0.18181818181818182,0.02727272727272727,0.24,NOT_ESTIMABLE,,,PROVISIONAL_SMALL_REQUEST_N,0.0,0.36363636363636365,PROVISIONAL_SMALL_REQUEST_N,0.0,0.4,NOT_PRIMARY; use physical units and frozen spans
20,f20-4d6b0c6066ee,FORMAL_10K,HELDOUT_TRIPLE_AUDIT,STRICT_LUMPED,f12d43eace12231077007dc497fee8dad00fbe58cb2f1fe2c6159c47636b97a0,all_candidates,strict_valid,emx_minus_frozen_proxy,Ls_nH,nH,25,0.010259559955696424,0.013814747214843562,-0.0023947325183850056,0.006598795112728428,0.025819750730359206,0.02832040314182133,PROVISIONAL_SMALL_REQUEST_N,3,0.008730633562980011,0.012206935925975614,0.012390431052741716,0.015149302483477855,-0.006968948958816029,0.0015064053652320553,0.005194417518937566,0.012211980111728138,0.024454427476104344,0.02675124068860002,0.02654137107198551,0.029466817239584886,220,28,25,3,5,5,0,0,182,6,28,28,33,,0.18181818181818182,0.02727272727272727,0.24,NOT_ESTIMABLE,,,PROVISIONAL_SMALL_REQUEST_N,0.0,0.36363636363636365,PROVISIONAL_SMALL_REQUEST_N,0.0,0.4,NOT_PRIMARY; use physical units and frozen spans
20,f20-4d6b0c6066ee,FORMAL_10K,HELDOUT_TRIPLE_AUDIT,STRICT_LUMPED,f12d43eace12231077007dc497fee8dad00fbe58cb2f1fe2c6159c47636b97a0,all_candidates,strict_valid,emx_minus_frozen_proxy,Qmin,dimensionless,25,0.34130510791003055,0.4085731322937977,-0.16165239040770735,0.2748887815780776,0.5690533783753715,0.5838321808844454,PROVISIONAL_SMALL_REQUEST_N,3,0.20468849525768032,0.549702629791935,0.262252635789266,0.5742332921067455,-0.340948366805339,0.011909664105379036,0.19071785398611674,0.559030741947188,0.49638285705316915,0.8132803543608395,0.5624779442578127,0.9105015165902905,220,28,25,3,5,5,0,0,182,6,28,28,33,,0.18181818181818182,0.02727272727272727,0.24,NOT_ESTIMABLE,,,PROVISIONAL_SMALL_REQUEST_N,0.0,0.36363636363636365,PROVISIONAL_SMALL_REQUEST_N,0.0,0.4,NOT_PRIMARY; use physical units and frozen spans
20,f20-4d6b0c6066ee,FORMAL_10K,HELDOUT_TRIPLE_AUDIT,STRICT_LUMPED,f12d43eace12231077007dc497fee8dad00fbe58cb2f1fe2c6159c47636b97a0,all_candidates,strict_valid,emx_minus_frozen_proxy,K_abs,dimensionless,25,0.020563136417027648,0.03066909346882863,0.005254773341784744,0.01564412239472393,0.03904129117519767,0.06912104043214831,PROVISIONAL_SMALL_REQUEST_N,3,0.00892525955306013,0.03025488006279927,0.0157390107705202,0.04460838290842053,-0.010919024327315613,0.022385668202245836,0.0009875351825830714,0.021988887798880294,0.032903546844519196,0.08688238323564135,0.03296778304318662,0.09166255205369067,220,28,25,3,5,5,0,0,182,6,28,28,33,,0.18181818181818182,0.02727272727272727,0.24,NOT_ESTIMABLE,,,PROVISIONAL_SMALL_REQUEST_N,0.0,0.36363636363636365,PROVISIONAL_SMALL_REQUEST_N,0.0,0.4,NOT_PRIMARY; use physical units and frozen spans
20,f20-4d6b0c6066ee,FORMAL_10K,HELDOUT_TRIPLE_AUDIT,STRICT_LUMPED,f12d43eace12231077007dc497fee8dad00fbe58cb2f1fe2c6159c47636b97a0,all_candidates,all_finite_diagnostic,emx_minus_target,Lp_nH,nH,28,0.06963011598880771,0.10372654908628802,0.06708797493774767,0.03893997741507288,0.22493666350784836,0.2444617846691086,PROVISIONAL_SMALL_REQUEST_N,3,0.034386049309273824,0.13309289978869812,0.041673187790656895,0.16790515187420776,0.03184778450190153,0.1280043107491472,0.03873797008294033,0.14749735271244102,0.05287621843440789,0.24933802244090925,0.08890408955654017,0.2515658081081664,220,28,25,3,5,5,0,0,182,6,28,28,33,,0.18181818181818182,0.02727272727272727,0.24,NOT_ESTIMABLE,,,PROVISIONAL_SMALL_REQUEST_N,0.0,0.36363636363636365,PROVISIONAL_SMALL_REQUEST_N,0.0,0.4,NOT_PRIMARY; use physical units and frozen spans
20,f20-4d6b0c6066ee,FORMAL_10K,HELDOUT_TRIPLE_AUDIT,STRICT_LUMPED,f12d43eace12231077007dc497fee8dad00fbe58cb2f1fe2c6159c47636b97a0,all_candidates,all_finite_diagnostic,emx_minus_target,Ls_nH,nH,28,0.032807132201228904,0.04127475923880204,-0.004420000378989478,0.023319592213632334,0.06689542779734721,0.0751346421765356,PROVISIONAL_SMALL_REQUEST_N,3,0.028094953365773723,0.04194347060826736,0.0320703664608013,0.048677390344186874,-0.026758356523710235,0.012261109470315557,0.0198239827215968,0.028135080638512777,0.04966189692072768,0.07232373371640974,0.06019621638123196,0.10540424043741037,220,28,25,3,5,5,0,0,182,6,28,28,33,,0.18181818181818182,0.02727272727272727,0.24,NOT_ESTIMABLE,,,PROVISIONAL_SMALL_REQUEST_N,0.0,0.36363636363636365,PROVISIONAL_SMALL_REQUEST_N,0.0,0.4,NOT_PRIMARY; use physical units and frozen spans
20,f20-4d6b0c6066ee,FORMAL_10K,HELDOUT_TRIPLE_AUDIT,STRICT_LUMPED,f12d43eace12231077007dc497fee8dad00fbe58cb2f1fe2c6159c47636b97a0,all_candidates,all_finite_diagnostic,emx_minus_target,Qmin,dimensionless,28,1.9361686731438528,2.717445234464057,-0.3270325530352876,1.1815883293271643,5.254219508619045,5.52500311664034,PROVISIONAL_SMALL_REQUEST_N,3,1.5042502879244364,2.347037120923325,2.2105296152772933,3.2624210638747266,-2.2837908575731167,1.038586318921053,0.8357694258811108,1.3753179997512355,3.7146882833574204,5.8174068915092505,5.207557962160381,6.498872553239231,220,28,25,3,5,5,0,0,182,6,28,28,33,,0.18181818181818182,0.02727272727272727,0.24,NOT_ESTIMABLE,,,PROVISIONAL_SMALL_REQUEST_N,0.0,0.36363636363636365,PROVISIONAL_SMALL_REQUEST_N,0.0,0.4,NOT_PRIMARY; use physical units and frozen spans
20,f20-4d6b0c6066ee,FORMAL_10K,HELDOUT_TRIPLE_AUDIT,STRICT_LUMPED,f12d43eace12231077007dc497fee8dad00fbe58cb2f1fe2c6159c47636b97a0,all_candidates,all_finite_diagnostic,emx_minus_target,K_abs,dimensionless,28,0.024841003056991426,0.03446053434539737,0.007549760853353115,0.013627107513115758,0.053332294642022396,0.07033003940258396,PROVISIONAL_SMALL_REQUEST_N,3,0.01592866918555759,0.035542642623540094,0.02127321034488305,0.048616751883220566,-0.01265746481381973,0.02739383195328922,0.009210993171796147,0.02080077345231851,0.041595965485407914,0.08381202836595185,0.041929252693614166,0.09931020455643275,220,28,25,3,5,5,0,0,182,6,28,28,33,,0.18181818181818182,0.02727272727272727,0.24,NOT_ESTIMABLE,,,PROVISIONAL_SMALL_REQUEST_N,0.0,0.36363636363636365,PROVISIONAL_SMALL_REQUEST_N,0.0,0.4,NOT_PRIMARY; use physical units and frozen spans
20,f20-4d6b0c6066ee,FORMAL_10K,HELDOUT_TRIPLE_AUDIT,STRICT_LUMPED,f12d43eace12231077007dc497fee8dad00fbe58cb2f1fe2c6159c47636b97a0,all_candidates,all_finite_diagnostic,emx_minus_frozen_proxy,Lp_nH,nH,28,0.017075136505983152,0.021591598536546956,0.010428803308455485,0.014854640441523737,0.03696075070693152,0.0393320176088814,PROVISIONAL_SMALL_REQUEST_N,3,0.010164167042925687,0.023831424053262305,0.01375922027976663,0.028153661341678834,0.002622248959960759,0.02204782478729818,0.005382106533348474,0.030530743126850002,0.023626007401675364,0.04096228220851268,0.02416045523857213,0.041572862899466934,220,28,25,3,5,5,0,0,182,6,28,28,33,,0.18181818181818182,0.02727272727272727,0.24,NOT_ESTIMABLE,,,PROVISIONAL_SMALL_REQUEST_N,0.0,0.36363636363636365,PROVISIONAL_SMALL_REQUEST_N,0.0,0.4,NOT_PRIMARY; use physical units and frozen spans
20,f20-4d6b0c6066ee,FORMAL_10K,HELDOUT_TRIPLE_AUDIT,STRICT_LUMPED,f12d43eace12231077007dc497fee8dad00fbe58cb2f1fe2c6159c47636b97a0,all_candidates,all_finite_diagnostic,emx_minus_frozen_proxy,Ls_nH,nH,28,0.010519781765743736,0.014286068089938127,-0.0013088164192284677,0.006792464632496831,0.027208508098173947,0.02922123761147828,PROVISIONAL_SMALL_REQUEST_N,3,0.00858519857415923,0.012206935925975614,0.011940892211702579,0.015406675834798865,-0.0070192567037912455,0.004576445493493934,0.005194417518937566,0.012211980111728138,0.02014369379292845,0.027841747589338713,0.028765161159280295,0.0297923123653685,220,28,25,3,5,5,0,0,182,6,28,28,33,,0.18181818181818182,0.02727272727272727,0.24,NOT_ESTIMABLE,,,PROVISIONAL_SMALL_REQUEST_N,0.0,0.36363636363636365,PROVISIONAL_SMALL_REQUEST_N,0.0,0.4,NOT_PRIMARY; use physical units and frozen spans
20,f20-4d6b0c6066ee,FORMAL_10K,HELDOUT_TRIPLE_AUDIT,STRICT_LUMPED,f12d43eace12231077007dc497fee8dad00fbe58cb2f1fe2c6159c47636b97a0,all_candidates,all_finite_diagnostic,emx_minus_frozen_proxy,Qmin,dimensionless,28,0.3628107416621526,0.42517031150806595,-0.2024065296065069,0.399212617335694,0.5773351935319238,0.6015762803516599,PROVISIONAL_SMALL_REQUEST_N,3,0.27021871926115215,0.5563724980736432,0.3246404173620715,0.5782851492234483,-0.370813153196669,0.011909664105379036,0.19992040034230207,0.5590698072094966,0.49638285705316915,0.7300394732325024,0.5624779442578127,0.9105015165902905,220,28,25,3,5,5,0,0,182,6,28,28,33,,0.18181818181818182,0.02727272727272727,0.24,NOT_ESTIMABLE,,,PROVISIONAL_SMALL_REQUEST_N,0.0,0.36363636363636365,PROVISIONAL_SMALL_REQUEST_N,0.0,0.4,NOT_PRIMARY; use physical units and frozen spans
20,f20-4d6b0c6066ee,FORMAL_10K,HELDOUT_TRIPLE_AUDIT,STRICT_LUMPED,f12d43eace12231077007dc497fee8dad00fbe58cb2f1fe2c6159c47636b97a0,all_candidates,all_finite_diagnostic,emx_minus_frozen_proxy,K_abs,dimensionless,28,0.02183112797280015,0.03175354294726134,0.008162946655618987,0.016230214223926606,0.04930322804010374,0.07188008692349301,PROVISIONAL_SMALL_REQUEST_N,3,0.010548582813252681,0.034085753874139334,0.015849656091403454,0.047269429630858804,-0.010919024327315613,0.027090898886980724,0.0020355613102379794,0.02339435545263724,0.028383392014431526,0.08210221441759208,0.03296778304318662,0.09166255205369067,220,28,25,3,5,5,0,0,182,6,28,28,33,,0.18181818181818182,0.02727272727272727,0.24,NOT_ESTIMABLE,,,PROVISIONAL_SMALL_REQUEST_N,0.0,0.36363636363636365,PROVISIONAL_SMALL_REQUEST_N,0.0,0.4,NOT_PRIMARY; use physical units and frozen spans
20,f20-4d6b0c6066ee,FORMAL_10K,HELDOUT_TRIPLE_AUDIT,STRICT_LUMPED,f12d43eace12231077007dc497fee8dad00fbe58cb2f1fe2c6159c47636b97a0,selected_q_proxy,strict_valid,emx_minus_target,Lp_nH,nH,2,0.010970564923147741,0.01177565661358156,0.004279345037267679,0.010970564923147741,0.014394040952961883,0.014821975456688652,PROVISIONAL_SMALL_REQUEST_N,2,0.006691219885880062,0.01524990996041542,0.006691219885880062,0.01524990996041542,-0.006691219885880062,0.01524990996041542,0.006691219885880062,0.01524990996041542,0.006691219885880062,0.01524990996041542,0.006691219885880062,0.01524990996041542,20,3,2,1,0,0,0,0,17,1,3,3,3,,0.3333333333333333,0.05,0.5,NOT_ESTIMABLE,,,PROVISIONAL_SMALL_REQUEST_N,0.0,1.0,PROVISIONAL_SMALL_REQUEST_N,0.0,1.0,NOT_PRIMARY; use physical units and frozen spans
20,f20-4d6b0c6066ee,FORMAL_10K,HELDOUT_TRIPLE_AUDIT,STRICT_LUMPED,f12d43eace12231077007dc497fee8dad00fbe58cb2f1fe2c6159c47636b97a0,selected_q_proxy,strict_valid,emx_minus_target,Ls_nH,nH,2,0.026199814024455037,0.02659793164137686,-0.026199814024455037,0.026199814024455037,0.029867594840879086,0.030326067442932092,PROVISIONAL_SMALL_REQUEST_N,2,0.021615088003924976,0.030784540044985098,0.021615088003924976,0.030784540044985098,-0.030784540044985098,-0.021615088003924976,0.021615088003924976,0.030784540044985098,0.021615088003924976,0.030784540044985098,0.021615088003924976,0.030784540044985098,20,3,2,1,0,0,0,0,17,1,3,3,3,,0.3333333333333333,0.05,0.5,NOT_ESTIMABLE,,,PROVISIONAL_SMALL_REQUEST_N,0.0,1.0,PROVISIONAL_SMALL_REQUEST_N,0.0,1.0,NOT_PRIMARY; use physical units and frozen spans
20,f20-4d6b0c6066ee,FORMAL_10K,HELDOUT_TRIPLE_AUDIT,STRICT_LUMPED,f12d43eace12231077007dc497fee8dad00fbe58cb2f1fe2c6159c47636b97a0,selected_q_proxy,strict_valid,emx_minus_target,Qmin,dimensionless,2,0.2635208718990496,0.3313714068174012,-0.2635208718990496,0.2635208718990496,0.42424674402613843,0.4443374780420245,PROVISIONAL_SMALL_REQUEST_N,2,0.06261353174018858,0.4644282120579106,0.06261353174018858,0.4644282120579106,-0.4644282120579106,-0.06261353174018858,0.06261353174018858,0.4644282120579106,0.06261353174018858,0.4644282120579106,0.06261353174018858,0.4644282120579106,20,3,2,1,0,0,0,0,17,1,3,3,3,,0.3333333333333333,0.05,0.5,NOT_ESTIMABLE,,,PROVISIONAL_SMALL_REQUEST_N,0.0,1.0,PROVISIONAL_SMALL_REQUEST_N,0.0,1.0,NOT_PRIMARY; use physical units and frozen spans
20,f20-4d6b0c6066ee,FORMAL_10K,HELDOUT_TRIPLE_AUDIT,STRICT_LUMPED,f12d43eace12231077007dc497fee8dad00fbe58cb2f1fe2c6159c47636b97a0,selected_q_proxy,strict_valid,emx_minus_target,K_abs,dimensionless,2,0.02297748843337409,0.02943447464866566,0.018396285579896324,0.02297748843337409,0.03769451689729115,0.03953414545528078,PROVISIONAL_SMALL_REQUEST_N,2,0.004581202853477767,0.041373774013270415,0.004581202853477767,0.041373774013270415,-0.004581202853477767,0.041373774013270415,0.004581202853477767,0.041373774013270415,0.004581202853477767,0.041373774013270415,0.004581202853477767,0.041373774013270415,20,3,2,1,0,0,0,0,17,1,3,3,3,,0.3333333333333333,0.05,0.5,NOT_ESTIMABLE,,,PROVISIONAL_SMALL_REQUEST_N,0.0,1.0,PROVISIONAL_SMALL_REQUEST_N,0.0,1.0,NOT_PRIMARY; use physical units and frozen spans
20,f20-4d6b0c6066ee,FORMAL_10K,HELDOUT_TRIPLE_AUDIT,STRICT_LUMPED,f12d43eace12231077007dc497fee8dad00fbe58cb2f1fe2c6159c47636b97a0,selected_q_proxy,strict_valid,emx_minus_frozen_proxy,Lp_nH,nH,2,0.004158180410112455,0.005414038313975086,-0.004158180410112455,0.004158180410112455,0.006931925493384206,0.007278643628793174,PROVISIONAL_SMALL_REQUEST_N,2,0.0006909990560227675,0.007625361764202143,0.0006909990560227675,0.007625361764202143,-0.007625361764202143,-0.0006909990560227675,0.0006909990560227675,0.007625361764202143,0.0006909990560227675,0.007625361764202143,0.0006909990560227675,0.007625361764202143,20,3,2,1,0,0,0,0,17,1,3,3,3,,0.3333333333333333,0.05,0.5,NOT_ESTIMABLE,,,PROVISIONAL_SMALL_REQUEST_N,0.0,1.0,PROVISIONAL_SMALL_REQUEST_N,0.0,1.0,NOT_PRIMARY; use physical units and frozen spans
20,f20-4d6b0c6066ee,FORMAL_10K,HELDOUT_TRIPLE_AUDIT,STRICT_LUMPED,f12d43eace12231077007dc497fee8dad00fbe58cb2f1fe2c6159c47636b97a0,selected_q_proxy,strict_valid,emx_minus_frozen_proxy,Ls_nH,nH,2,0.023185500471332277,0.023237374564094974,-0.023185500471332277,0.023185500471332277,0.02442695626860225,0.024582138243260998,PROVISIONAL_SMALL_REQUEST_N,2,0.021633680724744808,0.024737320217919745,0.021633680724744808,0.024737320217919745,-0.024737320217919745,-0.021633680724744808,0.021633680724744808,0.024737320217919745,0.021633680724744808,0.024737320217919745,0.021633680724744808,0.024737320217919745,20,3,2,1,0,0,0,0,17,1,3,3,3,,0.3333333333333333,0.05,0.5,NOT_ESTIMABLE,,,PROVISIONAL_SMALL_REQUEST_N,0.0,1.0,PROVISIONAL_SMALL_REQUEST_N,0.0,1.0,NOT_PRIMARY; use physical units and frozen spans
20,f20-4d6b0c6066ee,FORMAL_10K,HELDOUT_TRIPLE_AUDIT,STRICT_LUMPED,f12d43eace12231077007dc497fee8dad00fbe58cb2f1fe2c6159c47636b97a0,selected_q_proxy,strict_valid,emx_minus_frozen_proxy,Qmin,dimensionless,2,0.33533922364465507,0.4112699193394703,-0.33533922364465507,0.33533922364465507,0.5258174456252596,0.549627223372835,PROVISIONAL_SMALL_REQUEST_N,2,0.09724144616889951,0.5734370011204106,0.09724144616889951,0.5734370011204106,-0.5734370011204106,-0.09724144616889951,0.09724144616889951,0.5734370011204106,0.09724144616889951,0.5734370011204106,0.09724144616889951,0.5734370011204106,20,3,2,1,0,0,0,0,17,1,3,3,3,,0.3333333333333333,0.05,0.5,NOT_ESTIMABLE,,,PROVISIONAL_SMALL_REQUEST_N,0.0,1.0,PROVISIONAL_SMALL_REQUEST_N,0.0,1.0,NOT_PRIMARY; use physical units and frozen spans
20,f20-4d6b0c6066ee,FORMAL_10K,HELDOUT_TRIPLE_AUDIT,STRICT_LUMPED,f12d43eace12231077007dc497fee8dad00fbe58cb2f1fe2c6159c47636b97a0,selected_q_proxy,strict_valid,emx_minus_frozen_proxy,K_abs,dimensionless,2,0.019635166389467343,0.023733908779994515,0.013332616653719279,0.019635166389467343,0.030301259712442765,0.031634521377814695,PROVISIONAL_SMALL_REQUEST_N,2,0.006302549735748064,0.03296778304318662,0.006302549735748064,0.03296778304318662,-0.006302549735748064,0.03296778304318662,0.006302549735748064,0.03296778304318662,0.006302549735748064,0.03296778304318662,0.006302549735748064,0.03296778304318662,20,3,2,1,0,0,0,0,17,1,3,3,3,,0.3333333333333333,0.05,0.5,NOT_ESTIMABLE,,,PROVISIONAL_SMALL_REQUEST_N,0.0,1.0,PROVISIONAL_SMALL_REQUEST_N,0.0,1.0,NOT_PRIMARY; use physical units and frozen spans
20,f20-4d6b0c6066ee,FORMAL_10K,HELDOUT_TRIPLE_AUDIT,STRICT_LUMPED,f12d43eace12231077007dc497fee8dad00fbe58cb2f1fe2c6159c47636b97a0,selected_q_proxy,all_finite_diagnostic,emx_minus_target,Lp_nH,nH,3,0.023753953273983996,0.030054764362707383,0.01929314001673062,0.01524990996041542,0.042506565972608296,0.045913647974132395,PROVISIONAL_SMALL_REQUEST_N,3,0.006691219885880062,0.04932072997565651,0.006691219885880062,0.04932072997565651,-0.006691219885880062,0.04932072997565651,0.006691219885880062,0.04932072997565651,0.006691219885880062,0.04932072997565651,0.006691219885880062,0.04932072997565651,20,3,2,1,0,0,0,0,17,1,3,3,3,,0.3333333333333333,0.05,0.5,NOT_ESTIMABLE,,,PROVISIONAL_SMALL_REQUEST_N,0.0,1.0,PROVISIONAL_SMALL_REQUEST_N,0.0,1.0,NOT_PRIMARY; use physical units and frozen spans
20,f20-4d6b0c6066ee,FORMAL_10K,HELDOUT_TRIPLE_AUDIT,STRICT_LUMPED,f12d43eace12231077007dc497fee8dad00fbe58cb2f1fe2c6159c47636b97a0,selected_q_proxy,all_finite_diagnostic,emx_minus_target,Ls_nH,nH,3,0.023746103016918523,0.02428851468690505,-0.011186982349021527,0.021615088003924976,0.028950649636773074,0.029867594840879086,PROVISIONAL_SMALL_REQUEST_N,3,0.018838681001845492,0.030784540044985098,0.018838681001845492,0.030784540044985098,-0.030784540044985098,0.018838681001845492,0.018838681001845492,0.030784540044985098,0.018838681001845492,0.030784540044985098,0.018838681001845492,0.030784540044985098,20,3,2,1,0,0,0,0,17,1,3,3,3,,0.3333333333333333,0.05,0.5,NOT_ESTIMABLE,,,PROVISIONAL_SMALL_REQUEST_N,0.0,1.0,PROVISIONAL_SMALL_REQUEST_N,0.0,1.0,NOT_PRIMARY; use physical units and frozen spans
20,f20-4d6b0c6066ee,FORMAL_10K,HELDOUT_TRIPLE_AUDIT,STRICT_LUMPED,f12d43eace12231077007dc497fee8dad00fbe58cb2f1fe2c6159c47636b97a0,selected_q_proxy,all_finite_diagnostic,emx_minus_target,Qmin,dimensionless,3,0.3799324297942442,0.4453775092199908,-0.3799324297942442,0.4644282120579106,0.5830900788792889,0.5979228122319611,PROVISIONAL_SMALL_REQUEST_N,3,0.06261353174018858,0.6127555455846334,0.06261353174018858,0.6127555455846334,-0.6127555455846334,-0.06261353174018858,0.06261353174018858,0.6127555455846334,0.06261353174018858,0.6127555455846334,0.06261353174018858,0.6127555455846334,20,3,2,1,0,0,0,0,17,1,3,3,3,,0.3333333333333333,0.05,0.5,NOT_ESTIMABLE,,,PROVISIONAL_SMALL_REQUEST_N,0.0,1.0,PROVISIONAL_SMALL_REQUEST_N,0.0,1.0,NOT_PRIMARY; use physical units and frozen spans
20,f20-4d6b0c6066ee,FORMAL_10K,HELDOUT_TRIPLE_AUDIT,STRICT_LUMPED,f12d43eace12231077007dc497fee8dad00fbe58cb2f1fe2c6159c47636b97a0,selected_q_proxy,all_finite_diagnostic,emx_minus_target,K_abs,dimensionless,3,0.036811751635510086,0.044311333583232346,0.03375761639985824,0.041373774013270415,0.059858977234479735,0.0621696276371309,PROVISIONAL_SMALL_REQUEST_N,3,0.004581202853477767,0.06448027803978207,0.004581202853477767,0.06448027803978207,-0.004581202853477767,0.06448027803978207,0.004581202853477767,0.06448027803978207,0.004581202853477767,0.06448027803978207,0.004581202853477767,0.06448027803978207,20,3,2,1,0,0,0,0,17,1,3,3,3,,0.3333333333333333,0.05,0.5,NOT_ESTIMABLE,,,PROVISIONAL_SMALL_REQUEST_N,0.0,1.0,PROVISIONAL_SMALL_REQUEST_N,0.0,1.0,NOT_PRIMARY; use physical units and frozen spans
20,f20-4d6b0c6066ee,FORMAL_10K,HELDOUT_TRIPLE_AUDIT,STRICT_LUMPED,f12d43eace12231077007dc497fee8dad00fbe58cb2f1fe2c6159c47636b97a0,selected_q_proxy,all_finite_diagnostic,emx_minus_frozen_proxy,Lp_nH,nH,3,0.015125567072863869,0.02184866473550265,0.009581326526047262,0.007625361764202143,0.03117334467153379,0.03411684253495024,PROVISIONAL_SMALL_REQUEST_N,3,0.0006909990560227675,0.0370603403983667,0.0006909990560227675,0.0370603403983667,-0.007625361764202143,0.0370603403983667,0.0006909990560227675,0.0370603403983667,0.0006909990560227675,0.0370603403983667,0.0006909990560227675,0.0370603403983667,20,3,2,1,0,0,0,0,17,1,3,3,3,,0.3333333333333333,0.05,0.5,NOT_ESTIMABLE,,,PROVISIONAL_SMALL_REQUEST_N,0.0,1.0,PROVISIONAL_SMALL_REQUEST_N,0.0,1.0,NOT_PRIMARY; use physical units and frozen spans
20,f20-4d6b0c6066ee,FORMAL_10K,HELDOUT_TRIPLE_AUDIT,STRICT_LUMPED,f12d43eace12231077007dc497fee8dad00fbe58cb2f1fe2c6159c47636b97a0,selected_q_proxy,all_finite_diagnostic,emx_minus_frozen_proxy,Ls_nH,nH,3,0.017930906535419178,0.019451075901567506,-0.017930906535419178,0.021633680724744808,0.024116592319284758,0.02442695626860225,PROVISIONAL_SMALL_REQUEST_N,3,0.00742171866359298,0.024737320217919745,0.00742171866359298,0.024737320217919745,-0.024737320217919745,-0.00742171866359298,0.00742171866359298,0.024737320217919745,0.00742171866359298,0.024737320217919745,0.00742171866359298,0.024737320217919745,20,3,2,1,0,0,0,0,17,1,3,3,3,,0.3333333333333333,0.05,0.5,NOT_ESTIMABLE,,,PROVISIONAL_SMALL_REQUEST_N,0.0,1.0,PROVISIONAL_SMALL_REQUEST_N,0.0,1.0,NOT_PRIMARY; use physical units and frozen spans
20,f20-4d6b0c6066ee,FORMAL_10K,HELDOUT_TRIPLE_AUDIT,STRICT_LUMPED,f12d43eace12231077007dc497fee8dad00fbe58cb2f1fe2c6159c47636b97a0,selected_q_proxy,all_finite_diagnostic,emx_minus_frozen_proxy,Qmin,dimensionless,3,0.4268032972055398,0.48650396617378,-0.4268032972055398,0.5734370011204106,0.6024725556859295,0.6061020000066193,PROVISIONAL_SMALL_REQUEST_N,3,0.09724144616889951,0.6097314443273092,0.09724144616889951,0.6097314443273092,-0.6097314443273092,-0.09724144616889951,0.09724144616889951,0.6097314443273092,0.09724144616889951,0.6097314443273092,0.09724144616889951,0.6097314443273092,20,3,2,1,0,0,0,0,17,1,3,3,3,,0.3333333333333333,0.05,0.5,NOT_ESTIMABLE,,,PROVISIONAL_SMALL_REQUEST_N,0.0,1.0,PROVISIONAL_SMALL_REQUEST_N,0.0,1.0,NOT_PRIMARY; use physical units and frozen spans
20,f20-4d6b0c6066ee,FORMAL_10K,HELDOUT_TRIPLE_AUDIT,STRICT_LUMPED,f12d43eace12231077007dc497fee8dad00fbe58cb2f1fe2c6159c47636b97a0,selected_q_proxy,all_finite_diagnostic,emx_minus_frozen_proxy,K_abs,dimensionless,3,0.03466769238126483,0.04209879271808354,0.03046599255743279,0.03296778304318662,0.05837975210052518,0.0615562482326925,PROVISIONAL_SMALL_REQUEST_N,3,0.006302549735748064,0.06473274436485982,0.006302549735748064,0.06473274436485982,-0.006302549735748064,0.06473274436485982,0.006302549735748064,0.06473274436485982,0.006302549735748064,0.06473274436485982,0.006302549735748064,0.06473274436485982,20,3,2,1,0,0,0,0,17,1,3,3,3,,0.3333333333333333,0.05,0.5,NOT_ESTIMABLE,,,PROVISIONAL_SMALL_REQUEST_N,0.0,1.0,PROVISIONAL_SMALL_REQUEST_N,0.0,1.0,NOT_PRIMARY; use physical units and frozen spans
6,f6-ba844c981dd6,FORMAL_10K,HELDOUT_TRIPLE_AUDIT,STRICT_LUMPED,f12d43eace12231077007dc497fee8dad00fbe58cb2f1fe2c6159c47636b97a0,all_candidates,strict_valid,emx_minus_target,Lp_nH,nH,24,0.07204188821291975,0.11684010606747963,-0.06861059942693674,0.024406980516342713,0.17525309270433567,0.2506633042684035,PROVISIONAL_SMALL_REQUEST_N,3,0.05626387889924337,0.0850094836746681,0.07985348524439866,0.15431245088019294,-0.07965634900395241,-0.05470614674273947,0.007040659269289762,0.04573089205048719,0.14255760986410482,0.32013011218148535,0.14255760986410482,0.3444231333666936,220,24,24,0,0,3,6,0,187,13,24,24,33,,0.3939393939393939,0.05909090909090909,0.5416666666666666,NOT_ESTIMABLE,,,PROVISIONAL_SMALL_REQUEST_N,0.2727272727272727,0.5454545454545454,PROVISIONAL_SMALL_REQUEST_N,0.4,0.75,NOT_PRIMARY; use physical units and frozen spans
6,f6-ba844c981dd6,FORMAL_10K,HELDOUT_TRIPLE_AUDIT,STRICT_LUMPED,f12d43eace12231077007dc497fee8dad00fbe58cb2f1fe2c6159c47636b97a0,all_candidates,strict_valid,emx_minus_target,Ls_nH,nH,24,0.194917432107337,0.2959044915674635,0.19291227651414908,0.0834903325154972,0.5673393351514672,0.5892896475441228,PROVISIONAL_SMALL_REQUEST_N,3,0.04770046665329919,0.2720168829982435,0.0735186241501881,0.3595294105736573,0.04770046665329919,0.2686488232505727,0.01256786008081201,0.2557943251974891,0.1397919426119103,0.5953235033050976,0.1409459196719931,0.6250725295452829,220,24,24,0,0,3,6,0,187,13,24,24,33,,0.3939393939393939,0.05909090909090909,0.5416666666666666,NOT_ESTIMABLE,,,PROVISIONAL_SMALL_REQUEST_N,0.2727272727272727,0.5454545454545454,PROVISIONAL_SMALL_REQUEST_N,0.4,0.75,NOT_PRIMARY; use physical units and frozen spans
6,f6-ba844c981dd6,FORMAL_10K,HELDOUT_TRIPLE_AUDIT,STRICT_LUMPED,f12d43eace12231077007dc497fee8dad00fbe58cb2f1fe2c6159c47636b97a0,all_candidates,strict_valid,emx_minus_target,Qmin,dimensionless,24,1.7699684910870197,2.712483487844672,-1.7427012451261759,0.7946889412719891,5.245135991592634,5.496671929154491,PROVISIONAL_SMALL_REQUEST_N,3,1.2927545636625253,2.319597946293202,2.367759108105658,3.356213543982116,-2.302936958662114,-1.2673378936124344,0.11152383356150519,1.319915670645507,4.48656489692651,6.052480551601878,5.289826862523274,6.052480551601878,220,24,24,0,0,3,6,0,187,13,24,24,33,,0.3939393939393939,0.05909090909090909,0.5416666666666666,NOT_ESTIMABLE,,,PROVISIONAL_SMALL_REQUEST_N,0.2727272727272727,0.5454545454545454,PROVISIONAL_SMALL_REQUEST_N,0.4,0.75,NOT_PRIMARY; use physical units and frozen spans
6,f6-ba844c981dd6,FORMAL_10K,HELDOUT_TRIPLE_AUDIT,STRICT_LUMPED,f12d43eace12231077007dc497fee8dad00fbe58cb2f1fe2c6159c47636b97a0,all_candidates,strict_valid,emx_minus_target,K_abs,dimensionless,24,0.03764983115753735,0.06073498434417168,-0.03388867844091509,0.021539853813397958,0.12037685017486856,0.15057183275892946,PROVISIONAL_SMALL_REQUEST_N,3,0.015044899768308057,0.06657952396201418,0.020452633760518278,0.09029722394561494,-0.06049533487251106,-0.01485268496606607,0.008547293550219603,0.043890485313923505,0.038102754346556904,0.15507471709500298,0.03877970159352086,0.16037449244396618,220,24,24,0,0,3,6,0,187,13,24,24,33,,0.3939393939393939,0.05909090909090909,0.5416666666666666,NOT_ESTIMABLE,,,PROVISIONAL_SMALL_REQUEST_N,0.2727272727272727,0.5454545454545454,PROVISIONAL_SMALL_REQUEST_N,0.4,0.75,NOT_PRIMARY; use physical units and frozen spans
6,f6-ba844c981dd6,FORMAL_10K,HELDOUT_TRIPLE_AUDIT,STRICT_LUMPED,f12d43eace12231077007dc497fee8dad00fbe58cb2f1fe2c6159c47636b97a0,all_candidates,strict_valid,emx_minus_frozen_proxy,Lp_nH,nH,24,0.011900998445636357,0.013784806727455256,0.011438481375194284,0.01387673133678402,0.019050142463828166,0.020373844377026294,PROVISIONAL_SMALL_REQUEST_N,3,0.010678381569937648,0.013064033996748648,0.012779956456316332,0.01485573730647397,0.010678381569937648,0.012020777389206727,0.01231890465495844,0.016175020153057384,0.018787256307186386,0.020572645076270435,0.019247307081309506,0.02214640879004781,220,24,24,0,0,3,6,0,187,13,24,24,33,,0.3939393939393939,0.05909090909090909,0.5416666666666666,NOT_ESTIMABLE,,,PROVISIONAL_SMALL_REQUEST_N,0.2727272727272727,0.5454545454545454,PROVISIONAL_SMALL_REQUEST_N,0.4,0.75,NOT_PRIMARY; use physical units and frozen spans
6,f6-ba844c981dd6,FORMAL_10K,HELDOUT_TRIPLE_AUDIT,STRICT_LUMPED,f12d43eace12231077007dc497fee8dad00fbe58cb2f1fe2c6159c47636b97a0,all_candidates,strict_valid,emx_minus_frozen_proxy,Ls_nH,nH,24,0.01576207668907961,0.019682077495266955,0.01118613191942526,0.013076268223052856,0.0335252829414878,0.03457385966591013,PROVISIONAL_SMALL_REQUEST_N,3,0.013444441424344089,0.018265740477369546,0.01840517843941567,0.02214577155480718,0.0076445822529341515,0.014957790943695537,0.008950832389144181,0.01484395780651937,0.03188267211275695,0.035257346460184635,0.033081407291540854,0.035257346460184635,220,24,24,0,0,3,6,0,187,13,24,24,33,,0.3939393939393939,0.05909090909090909,0.5416666666666666,NOT_ESTIMABLE,,,PROVISIONAL_SMALL_REQUEST_N,0.2727272727272727,0.5454545454545454,PROVISIONAL_SMALL_REQUEST_N,0.4,0.75,NOT_PRIMARY; use physical units and frozen spans
6,f6-ba844c981dd6,FORMAL_10K,HELDOUT_TRIPLE_AUDIT,STRICT_LUMPED,f12d43eace12231077007dc497fee8dad00fbe58cb2f1fe2c6159c47636b97a0,all_candidates,strict_valid,emx_minus_frozen_proxy,Qmin,dimensionless,24,0.19119284733988504,0.2703451173749988,0.16780408941005867,0.13024175001019778,0.41579094658406374,0.6248153023064474,PROVISIONAL_SMALL_REQUEST_N,3,0.09209012870395898,0.2944218177633978,0.10881020059425378,0.3731567915315586,0.07399954878563686,0.2944218177633978,0.07919625116166706,0.20728192792446176,0.20267310204098798,0.6655721918491256,0.20267310204098798,0.7019085958507496,220,24,24,0,0,3,6,0,187,13,24,24,33,,0.3939393939393939,0.05909090909090909,0.5416666666666666,NOT_ESTIMABLE,,,PROVISIONAL_SMALL_REQUEST_N,0.2727272727272727,0.5454545454545454,PROVISIONAL_SMALL_REQUEST_N,0.4,0.75,NOT_PRIMARY; use physical units and frozen spans
6,f6-ba844c981dd6,FORMAL_10K,HELDOUT_TRIPLE_AUDIT,STRICT_LUMPED,f12d43eace12231077007dc497fee8dad00fbe58cb2f1fe2c6159c47636b97a0,all_candidates,strict_valid,emx_minus_frozen_proxy,K_abs,dimensionless,24,0.0027401496367868675,0.003361820305337596,-0.0014005063605535498,0.0025807239727390283,0.005052373825382037,0.006042999743348558,PROVISIONAL_SMALL_REQUEST_N,3,0.002522879223629838,0.0031211099181626726,0.0029225038341348752,0.004033810203710996,-0.0027260174422013006,0.0006436717838100708,0.002381378919241013,0.0028481579562680687,0.0032906766070152516,0.007101731632816938,0.005124885332370682,0.007101731632816938,220,24,24,0,0,3,6,0,187,13,24,24,33,,0.3939393939393939,0.05909090909090909,0.5416666666666666,NOT_ESTIMABLE,,,PROVISIONAL_SMALL_REQUEST_N,0.2727272727272727,0.5454545454545454,PROVISIONAL_SMALL_REQUEST_N,0.4,0.75,NOT_PRIMARY; use physical units and frozen spans
6,f6-ba844c981dd6,FORMAL_10K,HELDOUT_TRIPLE_AUDIT,STRICT_LUMPED,f12d43eace12231077007dc497fee8dad00fbe58cb2f1fe2c6159c47636b97a0,all_candidates,all_finite_diagnostic,emx_minus_target,Lp_nH,nH,24,0.07204188821291975,0.11684010606747963,-0.06861059942693674,0.024406980516342713,0.17525309270433567,0.2506633042684035,PROVISIONAL_SMALL_REQUEST_N,3,0.05626387889924337,0.0850094836746681,0.07985348524439866,0.15431245088019294,-0.07965634900395241,-0.05470614674273947,0.007040659269289762,0.04573089205048719,0.14255760986410482,0.32013011218148535,0.14255760986410482,0.3444231333666936,220,24,24,0,0,3,6,0,187,13,24,24,33,,0.3939393939393939,0.05909090909090909,0.5416666666666666,NOT_ESTIMABLE,,,PROVISIONAL_SMALL_REQUEST_N,0.2727272727272727,0.5454545454545454,PROVISIONAL_SMALL_REQUEST_N,0.4,0.75,NOT_PRIMARY; use physical units and frozen spans
6,f6-ba844c981dd6,FORMAL_10K,HELDOUT_TRIPLE_AUDIT,STRICT_LUMPED,f12d43eace12231077007dc497fee8dad00fbe58cb2f1fe2c6159c47636b97a0,all_candidates,all_finite_diagnostic,emx_minus_target,Ls_nH,nH,24,0.194917432107337,0.2959044915674635,0.19291227651414908,0.0834903325154972,0.5673393351514672,0.5892896475441228,PROVISIONAL_SMALL_REQUEST_N,3,0.04770046665329919,0.2720168829982435,0.0735186241501881,0.3595294105736573,0.04770046665329919,0.2686488232505727,0.01256786008081201,0.2557943251974891,0.1397919426119103,0.5953235033050976,0.1409459196719931,0.6250725295452829,220,24,24,0,0,3,6,0,187,13,24,24,33,,0.3939393939393939,0.05909090909090909,0.5416666666666666,NOT_ESTIMABLE,,,PROVISIONAL_SMALL_REQUEST_N,0.2727272727272727,0.5454545454545454,PROVISIONAL_SMALL_REQUEST_N,0.4,0.75,NOT_PRIMARY; use physical units and frozen spans
6,f6-ba844c981dd6,FORMAL_10K,HELDOUT_TRIPLE_AUDIT,STRICT_LUMPED,f12d43eace12231077007dc497fee8dad00fbe58cb2f1fe2c6159c47636b97a0,all_candidates,all_finite_diagnostic,emx_minus_target,Qmin,dimensionless,24,1.7699684910870197,2.712483487844672,-1.7427012451261759,0.7946889412719891,5.245135991592634,5.496671929154491,PROVISIONAL_SMALL_REQUEST_N,3,1.2927545636625253,2.319597946293202,2.367759108105658,3.356213543982116,-2.302936958662114,-1.2673378936124344,0.11152383356150519,1.319915670645507,4.48656489692651,6.052480551601878,5.289826862523274,6.052480551601878,220,24,24,0,0,3,6,0,187,13,24,24,33,,0.3939393939393939,0.05909090909090909,0.5416666666666666,NOT_ESTIMABLE,,,PROVISIONAL_SMALL_REQUEST_N,0.2727272727272727,0.5454545454545454,PROVISIONAL_SMALL_REQUEST_N,0.4,0.75,NOT_PRIMARY; use physical units and frozen spans
6,f6-ba844c981dd6,FORMAL_10K,HELDOUT_TRIPLE_AUDIT,STRICT_LUMPED,f12d43eace12231077007dc497fee8dad00fbe58cb2f1fe2c6159c47636b97a0,all_candidates,all_finite_diagnostic,emx_minus_target,K_abs,dimensionless,24,0.03764983115753735,0.06073498434417168,-0.03388867844091509,0.021539853813397958,0.12037685017486856,0.15057183275892946,PROVISIONAL_SMALL_REQUEST_N,3,0.015044899768308057,0.06657952396201418,0.020452633760518278,0.09029722394561494,-0.06049533487251106,-0.01485268496606607,0.008547293550219603,0.043890485313923505,0.038102754346556904,0.15507471709500298,0.03877970159352086,0.16037449244396618,220,24,24,0,0,3,6,0,187,13,24,24,33,,0.3939393939393939,0.05909090909090909,0.5416666666666666,NOT_ESTIMABLE,,,PROVISIONAL_SMALL_REQUEST_N,0.2727272727272727,0.5454545454545454,PROVISIONAL_SMALL_REQUEST_N,0.4,0.75,NOT_PRIMARY; use physical units and frozen spans
6,f6-ba844c981dd6,FORMAL_10K,HELDOUT_TRIPLE_AUDIT,STRICT_LUMPED,f12d43eace12231077007dc497fee8dad00fbe58cb2f1fe2c6159c47636b97a0,all_candidates,all_finite_diagnostic,emx_minus_frozen_proxy,Lp_nH,nH,24,0.011900998445636357,0.013784806727455256,0.011438481375194284,0.01387673133678402,0.019050142463828166,0.020373844377026294,PROVISIONAL_SMALL_REQUEST_N,3,0.010678381569937648,0.013064033996748648,0.012779956456316332,0.01485573730647397,0.010678381569937648,0.012020777389206727,0.01231890465495844,0.016175020153057384,0.018787256307186386,0.020572645076270435,0.019247307081309506,0.02214640879004781,220,24,24,0,0,3,6,0,187,13,24,24,33,,0.3939393939393939,0.05909090909090909,0.5416666666666666,NOT_ESTIMABLE,,,PROVISIONAL_SMALL_REQUEST_N,0.2727272727272727,0.5454545454545454,PROVISIONAL_SMALL_REQUEST_N,0.4,0.75,NOT_PRIMARY; use physical units and frozen spans
6,f6-ba844c981dd6,FORMAL_10K,HELDOUT_TRIPLE_AUDIT,STRICT_LUMPED,f12d43eace12231077007dc497fee8dad00fbe58cb2f1fe2c6159c47636b97a0,all_candidates,all_finite_diagnostic,emx_minus_frozen_proxy,Ls_nH,nH,24,0.01576207668907961,0.019682077495266955,0.01118613191942526,0.013076268223052856,0.0335252829414878,0.03457385966591013,PROVISIONAL_SMALL_REQUEST_N,3,0.013444441424344089,0.018265740477369546,0.01840517843941567,0.02214577155480718,0.0076445822529341515,0.014957790943695537,0.008950832389144181,0.01484395780651937,0.03188267211275695,0.035257346460184635,0.033081407291540854,0.035257346460184635,220,24,24,0,0,3,6,0,187,13,24,24,33,,0.3939393939393939,0.05909090909090909,0.5416666666666666,NOT_ESTIMABLE,,,PROVISIONAL_SMALL_REQUEST_N,0.2727272727272727,0.5454545454545454,PROVISIONAL_SMALL_REQUEST_N,0.4,0.75,NOT_PRIMARY; use physical units and frozen spans
6,f6-ba844c981dd6,FORMAL_10K,HELDOUT_TRIPLE_AUDIT,STRICT_LUMPED,f12d43eace12231077007dc497fee8dad00fbe58cb2f1fe2c6159c47636b97a0,all_candidates,all_finite_diagnostic,emx_minus_frozen_proxy,Qmin,dimensionless,24,0.19119284733988504,0.2703451173749988,0.16780408941005867,0.13024175001019778,0.41579094658406374,0.6248153023064474,PROVISIONAL_SMALL_REQUEST_N,3,0.09209012870395898,0.2944218177633978,0.10881020059425378,0.3731567915315586,0.07399954878563686,0.2944218177633978,0.07919625116166706,0.20728192792446176,0.20267310204098798,0.6655721918491256,0.20267310204098798,0.7019085958507496,220,24,24,0,0,3,6,0,187,13,24,24,33,,0.3939393939393939,0.05909090909090909,0.5416666666666666,NOT_ESTIMABLE,,,PROVISIONAL_SMALL_REQUEST_N,0.2727272727272727,0.5454545454545454,PROVISIONAL_SMALL_REQUEST_N,0.4,0.75,NOT_PRIMARY; use physical units and frozen spans
6,f6-ba844c981dd6,FORMAL_10K,HELDOUT_TRIPLE_AUDIT,STRICT_LUMPED,f12d43eace12231077007dc497fee8dad00fbe58cb2f1fe2c6159c47636b97a0,all_candidates,all_finite_diagnostic,emx_minus_frozen_proxy,K_abs,dimensionless,24,0.0027401496367868675,0.003361820305337596,-0.0014005063605535498,0.0025807239727390283,0.005052373825382037,0.006042999743348558,PROVISIONAL_SMALL_REQUEST_N,3,0.002522879223629838,0.0031211099181626726,0.0029225038341348752,0.004033810203710996,-0.0027260174422013006,0.0006436717838100708,0.002381378919241013,0.0028481579562680687,0.0032906766070152516,0.007101731632816938,0.005124885332370682,0.007101731632816938,220,24,24,0,0,3,6,0,187,13,24,24,33,,0.3939393939393939,0.05909090909090909,0.5416666666666666,NOT_ESTIMABLE,,,PROVISIONAL_SMALL_REQUEST_N,0.2727272727272727,0.5454545454545454,PROVISIONAL_SMALL_REQUEST_N,0.4,0.75,NOT_PRIMARY; use physical units and frozen spans
6,f6-ba844c981dd6,FORMAL_10K,HELDOUT_TRIPLE_AUDIT,STRICT_LUMPED,f12d43eace12231077007dc497fee8dad00fbe58cb2f1fe2c6159c47636b97a0,selected_q_proxy,strict_valid,emx_minus_target,Lp_nH,nH,3,0.0026665035758492994,0.002792773025991492,0.0004437028578199165,0.003169102562535331,0.003301181374142326,0.0033176912255932,PROVISIONAL_SMALL_REQUEST_N,3,0.001496207087968493,0.0033342010770440744,0.001496207087968493,0.0033342010770440744,-0.0033342010770440744,0.003169102562535331,0.001496207087968493,0.0033342010770440744,0.001496207087968493,0.0033342010770440744,0.001496207087968493,0.0033342010770440744,20,3,3,0,0,0,0,0,17,3,3,3,3,,1.0,0.15,1.0,NOT_ESTIMABLE,,,PROVISIONAL_SMALL_REQUEST_N,1.0,1.0,PROVISIONAL_SMALL_REQUEST_N,1.0,1.0,NOT_PRIMARY; use physical units and frozen spans
6,f6-ba844c981dd6,FORMAL_10K,HELDOUT_TRIPLE_AUDIT,STRICT_LUMPED,f12d43eace12231077007dc497fee8dad00fbe58cb2f1fe2c6159c47636b97a0,selected_q_proxy,strict_valid,emx_minus_target,Ls_nH,nH,3,0.006215283698381017,0.006365050887205298,-0.0033366784841194117,0.006808787735080091,0.00737708197795246,0.007448118758311506,PROVISIONAL_SMALL_REQUEST_N,3,0.004317907821392408,0.007519155538670552,0.004317907821392408,0.007519155538670552,-0.007519155538670552,0.004317907821392408,0.004317907821392408,0.007519155538670552,0.004317907821392408,0.007519155538670552,0.004317907821392408,0.007519155538670552,20,3,3,0,0,0,0,0,17,3,3,3,3,,1.0,0.15,1.0,NOT_ESTIMABLE,,,PROVISIONAL_SMALL_REQUEST_N,1.0,1.0,PROVISIONAL_SMALL_REQUEST_N,1.0,1.0,NOT_PRIMARY; use physical units and frozen spans
6,f6-ba844c981dd6,FORMAL_10K,HELDOUT_TRIPLE_AUDIT,STRICT_LUMPED,f12d43eace12231077007dc497fee8dad00fbe58cb2f1fe2c6159c47636b97a0,selected_q_proxy,strict_valid,emx_minus_target,Qmin,dimensionless,3,0.04726959703151401,0.05368544021768581,0.00793548932526337,0.034435529218580285,0.07313320947184893,0.0779704195035075,PROVISIONAL_SMALL_REQUEST_N,3,0.024565632340795673,0.08280762953516607,0.024565632340795673,0.08280762953516607,-0.034435529218580285,0.08280762953516607,0.024565632340795673,0.08280762953516607,0.024565632340795673,0.08280762953516607,0.024565632340795673,0.08280762953516607,20,3,3,0,0,0,0,0,17,3,3,3,3,,1.0,0.15,1.0,NOT_ESTIMABLE,,,PROVISIONAL_SMALL_REQUEST_N,1.0,1.0,PROVISIONAL_SMALL_REQUEST_N,1.0,1.0,NOT_PRIMARY; use physical units and frozen spans
6,f6-ba844c981dd6,FORMAL_10K,HELDOUT_TRIPLE_AUDIT,STRICT_LUMPED,f12d43eace12231077007dc497fee8dad00fbe58cb2f1fe2c6159c47636b97a0,selected_q_proxy,strict_valid,emx_minus_target,K_abs,dimensionless,3,0.0038516556421097172,0.004191565697126553,0.001768634287344889,0.0031245320321472425,0.005536831233046912,0.005838368633159371,PROVISIONAL_SMALL_REQUEST_N,3,0.0022905288609100793,0.00613990603327183,0.0022905288609100793,0.00613990603327183,-0.0031245320321472425,0.00613990603327183,0.0022905288609100793,0.00613990603327183,0.0022905288609100793,0.00613990603327183,0.0022905288609100793,0.00613990603327183,20,3,3,0,0,0,0,0,17,3,3,3,3,,1.0,0.15,1.0,NOT_ESTIMABLE,,,PROVISIONAL_SMALL_REQUEST_N,1.0,1.0,PROVISIONAL_SMALL_REQUEST_N,1.0,1.0,NOT_PRIMARY; use physical units and frozen spans
6,f6-ba844c981dd6,FORMAL_10K,HELDOUT_TRIPLE_AUDIT,STRICT_LUMPED,f12d43eace12231077007dc497fee8dad00fbe58cb2f1fe2c6159c47636b97a0,selected_q_proxy,strict_valid,emx_minus_frozen_proxy,Lp_nH,nH,3,0.0024294265463818596,0.0029301749913246047,-0.0006818287151177197,0.0026213967468962096,0.003990648217102511,0.004161804650878297,PROVISIONAL_SMALL_REQUEST_N,3,0.0003339218075952832,0.004332961084654086,0.0003339218075952832,0.004332961084654086,-0.004332961084654086,0.0026213967468962096,0.0003339218075952832,0.004332961084654086,0.0003339218075952832,0.004332961084654086,0.0003339218075952832,0.004332961084654086,20,3,3,0,0,0,0,0,17,3,3,3,3,,1.0,0.15,1.0,NOT_ESTIMABLE,,,PROVISIONAL_SMALL_REQUEST_N,1.0,1.0,PROVISIONAL_SMALL_REQUEST_N,1.0,1.0,NOT_PRIMARY; use physical units and frozen spans
6,f6-ba844c981dd6,FORMAL_10K,HELDOUT_TRIPLE_AUDIT,STRICT_LUMPED,f12d43eace12231077007dc497fee8dad00fbe58cb2f1fe2c6159c47636b97a0,selected_q_proxy,strict_valid,emx_minus_frozen_proxy,Ls_nH,nH,3,0.005397885629088457,0.006279107990210868,-0.005397885629088457,0.006327025414152532,0.008288426053332864,0.008533601133230406,PROVISIONAL_SMALL_REQUEST_N,3,0.0010878552599848934,0.008778776213127948,0.0010878552599848934,0.008778776213127948,-0.008778776213127948,-0.0010878552599848934,0.0010878552599848934,0.008778776213127948,0.0010878552599848934,0.008778776213127948,0.0010878552599848934,0.008778776213127948,20,3,3,0,0,0,0,0,17,3,3,3,3,,1.0,0.15,1.0,NOT_ESTIMABLE,,,PROVISIONAL_SMALL_REQUEST_N,1.0,1.0,PROVISIONAL_SMALL_REQUEST_N,1.0,1.0,NOT_PRIMARY; use physical units and frozen spans
6,f6-ba844c981dd6,FORMAL_10K,HELDOUT_TRIPLE_AUDIT,STRICT_LUMPED,f12d43eace12231077007dc497fee8dad00fbe58cb2f1fe2c6159c47636b97a0,selected_q_proxy,strict_valid,emx_minus_frozen_proxy,Qmin,dimensionless,3,0.06414295671168979,0.06838132537360568,-0.011754388502698868,0.07858285231348638,0.08221050699939632,0.08266396383513505,PROVISIONAL_SMALL_REQUEST_N,3,0.03072859715070919,0.0831174206708738,0.03072859715070919,0.0831174206708738,-0.0831174206708738,0.07858285231348638,0.03072859715070919,0.0831174206708738,0.03072859715070919,0.0831174206708738,0.03072859715070919,0.0831174206708738,20,3,3,0,0,0,0,0,17,3,3,3,3,,1.0,0.15,1.0,NOT_ESTIMABLE,,,PROVISIONAL_SMALL_REQUEST_N,1.0,1.0,PROVISIONAL_SMALL_REQUEST_N,1.0,1.0,NOT_PRIMARY; use physical units and frozen spans
6,f6-ba844c981dd6,FORMAL_10K,HELDOUT_TRIPLE_AUDIT,STRICT_LUMPED,f12d43eace12231077007dc497fee8dad00fbe58cb2f1fe2c6159c47636b97a0,selected_q_proxy,strict_valid,emx_minus_frozen_proxy,K_abs,dimensionless,3,0.00346835006857657,0.003613667773153358,0.001765010592038846,0.002966860681847927,0.004499916383629743,0.0046915483463524695,PROVISIONAL_SMALL_REQUEST_N,3,0.002555009214806586,0.004883180309075197,0.002555009214806586,0.004883180309075197,-0.002555009214806586,0.004883180309075197,0.002555009214806586,0.004883180309075197,0.002555009214806586,0.004883180309075197,0.002555009214806586,0.004883180309075197,20,3,3,0,0,0,0,0,17,3,3,3,3,,1.0,0.15,1.0,NOT_ESTIMABLE,,,PROVISIONAL_SMALL_REQUEST_N,1.0,1.0,PROVISIONAL_SMALL_REQUEST_N,1.0,1.0,NOT_PRIMARY; use physical units and frozen spans
6,f6-ba844c981dd6,FORMAL_10K,HELDOUT_TRIPLE_AUDIT,STRICT_LUMPED,f12d43eace12231077007dc497fee8dad00fbe58cb2f1fe2c6159c47636b97a0,selected_q_proxy,all_finite_diagnostic,emx_minus_target,Lp_nH,nH,3,0.0026665035758492994,0.002792773025991492,0.0004437028578199165,0.003169102562535331,0.003301181374142326,0.0033176912255932,PROVISIONAL_SMALL_REQUEST_N,3,0.001496207087968493,0.0033342010770440744,0.001496207087968493,0.0033342010770440744,-0.0033342010770440744,0.003169102562535331,0.001496207087968493,0.0033342010770440744,0.001496207087968493,0.0033342010770440744,0.001496207087968493,0.0033342010770440744,20,3,3,0,0,0,0,0,17,3,3,3,3,,1.0,0.15,1.0,NOT_ESTIMABLE,,,PROVISIONAL_SMALL_REQUEST_N,1.0,1.0,PROVISIONAL_SMALL_REQUEST_N,1.0,1.0,NOT_PRIMARY; use physical units and frozen spans
6,f6-ba844c981dd6,FORMAL_10K,HELDOUT_TRIPLE_AUDIT,STRICT_LUMPED,f12d43eace12231077007dc497fee8dad00fbe58cb2f1fe2c6159c47636b97a0,selected_q_proxy,all_finite_diagnostic,emx_minus_target,Ls_nH,nH,3,0.006215283698381017,0.006365050887205298,-0.0033366784841194117,0.006808787735080091,0.00737708197795246,0.007448118758311506,PROVISIONAL_SMALL_REQUEST_N,3,0.004317907821392408,0.007519155538670552,0.004317907821392408,0.007519155538670552,-0.007519155538670552,0.004317907821392408,0.004317907821392408,0.007519155538670552,0.004317907821392408,0.007519155538670552,0.004317907821392408,0.007519155538670552,20,3,3,0,0,0,0,0,17,3,3,3,3,,1.0,0.15,1.0,NOT_ESTIMABLE,,,PROVISIONAL_SMALL_REQUEST_N,1.0,1.0,PROVISIONAL_SMALL_REQUEST_N,1.0,1.0,NOT_PRIMARY; use physical units and frozen spans
6,f6-ba844c981dd6,FORMAL_10K,HELDOUT_TRIPLE_AUDIT,STRICT_LUMPED,f12d43eace12231077007dc497fee8dad00fbe58cb2f1fe2c6159c47636b97a0,selected_q_proxy,all_finite_diagnostic,emx_minus_target,Qmin,dimensionless,3,0.04726959703151401,0.05368544021768581,0.00793548932526337,0.034435529218580285,0.07313320947184893,0.0779704195035075,PROVISIONAL_SMALL_REQUEST_N,3,0.024565632340795673,0.08280762953516607,0.024565632340795673,0.08280762953516607,-0.034435529218580285,0.08280762953516607,0.024565632340795673,0.08280762953516607,0.024565632340795673,0.08280762953516607,0.024565632340795673,0.08280762953516607,20,3,3,0,0,0,0,0,17,3,3,3,3,,1.0,0.15,1.0,NOT_ESTIMABLE,,,PROVISIONAL_SMALL_REQUEST_N,1.0,1.0,PROVISIONAL_SMALL_REQUEST_N,1.0,1.0,NOT_PRIMARY; use physical units and frozen spans
6,f6-ba844c981dd6,FORMAL_10K,HELDOUT_TRIPLE_AUDIT,STRICT_LUMPED,f12d43eace12231077007dc497fee8dad00fbe58cb2f1fe2c6159c47636b97a0,selected_q_proxy,all_finite_diagnostic,emx_minus_target,K_abs,dimensionless,3,0.0038516556421097172,0.004191565697126553,0.001768634287344889,0.0031245320321472425,0.005536831233046912,0.005838368633159371,PROVISIONAL_SMALL_REQUEST_N,3,0.0022905288609100793,0.00613990603327183,0.0022905288609100793,0.00613990603327183,-0.0031245320321472425,0.00613990603327183,0.0022905288609100793,0.00613990603327183,0.0022905288609100793,0.00613990603327183,0.0022905288609100793,0.00613990603327183,20,3,3,0,0,0,0,0,17,3,3,3,3,,1.0,0.15,1.0,NOT_ESTIMABLE,,,PROVISIONAL_SMALL_REQUEST_N,1.0,1.0,PROVISIONAL_SMALL_REQUEST_N,1.0,1.0,NOT_PRIMARY; use physical units and frozen spans
6,f6-ba844c981dd6,FORMAL_10K,HELDOUT_TRIPLE_AUDIT,STRICT_LUMPED,f12d43eace12231077007dc497fee8dad00fbe58cb2f1fe2c6159c47636b97a0,selected_q_proxy,all_finite_diagnostic,emx_minus_frozen_proxy,Lp_nH,nH,3,0.0024294265463818596,0.0029301749913246047,-0.0006818287151177197,0.0026213967468962096,0.003990648217102511,0.004161804650878297,PROVISIONAL_SMALL_REQUEST_N,3,0.0003339218075952832,0.004332961084654086,0.0003339218075952832,0.004332961084654086,-0.004332961084654086,0.0026213967468962096,0.0003339218075952832,0.004332961084654086,0.0003339218075952832,0.004332961084654086,0.0003339218075952832,0.004332961084654086,20,3,3,0,0,0,0,0,17,3,3,3,3,,1.0,0.15,1.0,NOT_ESTIMABLE,,,PROVISIONAL_SMALL_REQUEST_N,1.0,1.0,PROVISIONAL_SMALL_REQUEST_N,1.0,1.0,NOT_PRIMARY; use physical units and frozen spans
6,f6-ba844c981dd6,FORMAL_10K,HELDOUT_TRIPLE_AUDIT,STRICT_LUMPED,f12d43eace12231077007dc497fee8dad00fbe58cb2f1fe2c6159c47636b97a0,selected_q_proxy,all_finite_diagnostic,emx_minus_frozen_proxy,Ls_nH,nH,3,0.005397885629088457,0.006279107990210868,-0.005397885629088457,0.006327025414152532,0.008288426053332864,0.008533601133230406,PROVISIONAL_SMALL_REQUEST_N,3,0.0010878552599848934,0.008778776213127948,0.0010878552599848934,0.008778776213127948,-0.008778776213127948,-0.0010878552599848934,0.0010878552599848934,0.008778776213127948,0.0010878552599848934,0.008778776213127948,0.0010878552599848934,0.008778776213127948,20,3,3,0,0,0,0,0,17,3,3,3,3,,1.0,0.15,1.0,NOT_ESTIMABLE,,,PROVISIONAL_SMALL_REQUEST_N,1.0,1.0,PROVISIONAL_SMALL_REQUEST_N,1.0,1.0,NOT_PRIMARY; use physical units and frozen spans
6,f6-ba844c981dd6,FORMAL_10K,HELDOUT_TRIPLE_AUDIT,STRICT_LUMPED,f12d43eace12231077007dc497fee8dad00fbe58cb2f1fe2c6159c47636b97a0,selected_q_proxy,all_finite_diagnostic,emx_minus_frozen_proxy,Qmin,dimensionless,3,0.06414295671168979,0.06838132537360568,-0.011754388502698868,0.07858285231348638,0.08221050699939632,0.08266396383513505,PROVISIONAL_SMALL_REQUEST_N,3,0.03072859715070919,0.0831174206708738,0.03072859715070919,0.0831174206708738,-0.0831174206708738,0.07858285231348638,0.03072859715070919,0.0831174206708738,0.03072859715070919,0.0831174206708738,0.03072859715070919,0.0831174206708738,20,3,3,0,0,0,0,0,17,3,3,3,3,,1.0,0.15,1.0,NOT_ESTIMABLE,,,PROVISIONAL_SMALL_REQUEST_N,1.0,1.0,PROVISIONAL_SMALL_REQUEST_N,1.0,1.0,NOT_PRIMARY; use physical units and frozen spans
6,f6-ba844c981dd6,FORMAL_10K,HELDOUT_TRIPLE_AUDIT,STRICT_LUMPED,f12d43eace12231077007dc497fee8dad00fbe58cb2f1fe2c6159c47636b97a0,selected_q_proxy,all_finite_diagnostic,emx_minus_frozen_proxy,K_abs,dimensionless,3,0.00346835006857657,0.003613667773153358,0.001765010592038846,0.002966860681847927,0.004499916383629743,0.0046915483463524695,PROVISIONAL_SMALL_REQUEST_N,3,0.002555009214806586,0.004883180309075197,0.002555009214806586,0.004883180309075197,-0.002555009214806586,0.004883180309075197,0.002555009214806586,0.004883180309075197,0.002555009214806586,0.004883180309075197,0.002555009214806586,0.004883180309075197,20,3,3,0,0,0,0,0,17,3,3,3,3,,1.0,0.15,1.0,NOT_ESTIMABLE,,,PROVISIONAL_SMALL_REQUEST_N,1.0,1.0,PROVISIONAL_SMALL_REQUEST_N,1.0,1.0,NOT_PRIMARY; use physical units and frozen spans
7,f7-d0ffa9b31525,FORMAL_10K,HELDOUT_TRIPLE_AUDIT,STRICT_LUMPED,f12d43eace12231077007dc497fee8dad00fbe58cb2f1fe2c6159c47636b97a0,all_candidates,strict_valid,emx_minus_target,Lp_nH,nH,26,0.04594769194775367,0.07617813202025668,-0.04368720427643052,0.01722475274758717,0.14252652916556985,0.17483097198281916,PROVISIONAL_SMALL_REQUEST_N,3,0.024918892176032985,0.06933735211654841,0.04023662657618786,0.1059983677145268,-0.06715424757712844,-0.02408421340319013,0.012831471889062085,0.021618033606112252,0.08169085598075866,0.19622398937143143,0.09521168860651108,0.2203964404238823,220,26,26,0,0,4,3,0,187,13,26,26,33,,0.3939393939393939,0.05909090909090909,0.5,NOT_ESTIMABLE,,,PROVISIONAL_SMALL_REQUEST_N,0.36363636363636365,0.45454545454545453,PROVISIONAL_SMALL_REQUEST_N,0.4444444444444444,0.5714285714285714,NOT_PRIMARY; use physical units and frozen spans
7,f7-d0ffa9b31525,FORMAL_10K,HELDOUT_TRIPLE_AUDIT,STRICT_LUMPED,f12d43eace12231077007dc497fee8dad00fbe58cb2f1fe2c6159c47636b97a0,all_candidates,strict_valid,emx_minus_target,Ls_nH,nH,26,0.20559155477427385,0.2968316986891105,0.2055428875434534,0.09478890835658743,0.5068086530809179,0.5481052947488002,PROVISIONAL_SMALL_REQUEST_N,3,0.1848200264053925,0.24179102729682161,0.2776796653522636,0.32304891362565624,0.1848200264053925,0.24165043307445144,0.010408343059578384,0.27626291613014187,0.48140023760497075,0.5648854439330554,0.5231079040561658,0.5648854439330554,220,26,26,0,0,4,3,0,187,13,26,26,33,,0.3939393939393939,0.05909090909090909,0.5,NOT_ESTIMABLE,,,PROVISIONAL_SMALL_REQUEST_N,0.36363636363636365,0.45454545454545453,PROVISIONAL_SMALL_REQUEST_N,0.4444444444444444,0.5714285714285714,NOT_PRIMARY; use physical units and frozen spans
7,f7-d0ffa9b31525,FORMAL_10K,HELDOUT_TRIPLE_AUDIT,STRICT_LUMPED,f12d43eace12231077007dc497fee8dad00fbe58cb2f1fe2c6159c47636b97a0,all_candidates,strict_valid,emx_minus_target,Qmin,dimensionless,26,1.4701710158663273,2.201767831853682,-1.4391107380612385,0.9211916673869966,4.178019327909284,4.69893212151252,PROVISIONAL_SMALL_REQUEST_N,3,1.1483139480114288,1.7993335601023102,1.8682995907789701,2.5114628849530147,-1.772185462357217,-1.1014446845991999,0.09044991027496607,1.2848542942889178,3.1862135135647645,4.457572671212036,4.174305356378516,5.225701042282106,220,26,26,0,0,4,3,0,187,13,26,26,33,,0.3939393939393939,0.05909090909090909,0.5,NOT_ESTIMABLE,,,PROVISIONAL_SMALL_REQUEST_N,0.36363636363636365,0.45454545454545453,PROVISIONAL_SMALL_REQUEST_N,0.4444444444444444,0.5714285714285714,NOT_PRIMARY; use physical units and frozen spans
7,f7-d0ffa9b31525,FORMAL_10K,HELDOUT_TRIPLE_AUDIT,STRICT_LUMPED,f12d43eace12231077007dc497fee8dad00fbe58cb2f1fe2c6159c47636b97a0,all_candidates,strict_valid,emx_minus_target,K_abs,dimensionless,26,0.034855391122113256,0.05264339912128463,-0.033037960427513335,0.011857636938767735,0.09668942426876358,0.1070314123323678,PROVISIONAL_SMALL_REQUEST_N,3,0.023571525581533966,0.0513080404886885,0.03769466562012253,0.06888698049609805,-0.05088679859887234,-0.019232888552793568,0.005310786564988623,0.03653272110756836,0.06932794168411044,0.11255774175321004,0.08101454320296661,0.11649583220929277,220,26,26,0,0,4,3,0,187,13,26,26,33,,0.3939393939393939,0.05909090909090909,0.5,NOT_ESTIMABLE,,,PROVISIONAL_SMALL_REQUEST_N,0.36363636363636365,0.45454545454545453,PROVISIONAL_SMALL_REQUEST_N,0.4444444444444444,0.5714285714285714,NOT_PRIMARY; use physical units and frozen spans
7,f7-d0ffa9b31525,FORMAL_10K,HELDOUT_TRIPLE_AUDIT,STRICT_LUMPED,f12d43eace12231077007dc497fee8dad00fbe58cb2f1fe2c6159c47636b97a0,all_candidates,strict_valid,emx_minus_frozen_proxy,Lp_nH,nH,26,0.004348788697150633,0.005475731506056078,0.0036967209016695976,0.0029601156496412706,0.00887083701053526,0.009188486066416646,PROVISIONAL_SMALL_REQUEST_N,3,0.003676918418058855,0.005007649194491432,0.004638702361252984,0.006376140175466184,0.0015508666995247555,0.004857581900300969,0.002048678942663029,0.004356783519915308,0.007826375447914426,0.009969027072451824,0.008759122911175421,0.0114487410162869,220,26,26,0,0,4,3,0,187,13,26,26,33,,0.3939393939393939,0.05909090909090909,0.5,NOT_ESTIMABLE,,,PROVISIONAL_SMALL_REQUEST_N,0.36363636363636365,0.45454545454545453,PROVISIONAL_SMALL_REQUEST_N,0.4444444444444444,0.5714285714285714,NOT_PRIMARY; use physical units and frozen spans
7,f7-d0ffa9b31525,FORMAL_10K,HELDOUT_TRIPLE_AUDIT,STRICT_LUMPED,f12d43eace12231077007dc497fee8dad00fbe58cb2f1fe2c6159c47636b97a0,all_candidates,strict_valid,emx_minus_frozen_proxy,Ls_nH,nH,26,0.007548580390327353,0.01158577845256304,0.0063432442743696854,0.003285697075711691,0.02335055111540707,0.025364679813607294,PROVISIONAL_SMALL_REQUEST_N,3,0.0052049431153903735,0.010314511030808037,0.009285383800383906,0.014352165143968013,0.003915526629204326,0.008887016056985324,0.0007669257934466156,0.0043232540992242385,0.01712778439320363,0.025200378730679825,0.022475810391782813,0.026663009068152554,220,26,26,0,0,4,3,0,187,13,26,26,33,,0.3939393939393939,0.05909090909090909,0.5,NOT_ESTIMABLE,,,PROVISIONAL_SMALL_REQUEST_N,0.36363636363636365,0.45454545454545453,PROVISIONAL_SMALL_REQUEST_N,0.4444444444444444,0.5714285714285714,NOT_PRIMARY; use physical units and frozen spans
7,f7-d0ffa9b31525,FORMAL_10K,HELDOUT_TRIPLE_AUDIT,STRICT_LUMPED,f12d43eace12231077007dc497fee8dad00fbe58cb2f1fe2c6159c47636b97a0,all_candidates,strict_valid,emx_minus_frozen_proxy,Qmin,dimensionless,26,0.15486914418443531,0.17381123015937092,0.05433095370417991,0.13287734681258723,0.2568235218953987,0.27244895449298134,PROVISIONAL_SMALL_REQUEST_N,3,0.11926491999193368,0.17751027754506074,0.1268164023726924,0.20551202006180544,0.001624585005982837,0.10079677471689309,0.09047215693064814,0.1388717875592267,0.19288674799856764,0.31618997099775753,0.19288674799856764,0.4159359560665141,220,26,26,0,0,4,3,0,187,13,26,26,33,,0.3939393939393939,0.05909090909090909,0.5,NOT_ESTIMABLE,,,PROVISIONAL_SMALL_REQUEST_N,0.36363636363636365,0.45454545454545453,PROVISIONAL_SMALL_REQUEST_N,0.4444444444444444,0.5714285714285714,NOT_PRIMARY; use physical units and frozen spans
7,f7-d0ffa9b31525,FORMAL_10K,HELDOUT_TRIPLE_AUDIT,STRICT_LUMPED,f12d43eace12231077007dc497fee8dad00fbe58cb2f1fe2c6159c47636b97a0,all_candidates,strict_valid,emx_minus_frozen_proxy,K_abs,dimensionless,26,0.0038300570682668835,0.004410158928684951,0.0012110694216355155,0.003796897887870007,0.006644005518509313,0.0068115877573590375,PROVISIONAL_SMALL_REQUEST_N,3,0.0035626995875619764,0.004307738739278196,0.004091265905349565,0.004815287087648846,0.0007211190935622534,0.002034866552256422,0.003518521670174024,0.005002142906356033,0.006456052322632062,0.006724752969419887,0.006621147926224841,0.0069194224077224475,220,26,26,0,0,4,3,0,187,13,26,26,33,,0.3939393939393939,0.05909090909090909,0.5,NOT_ESTIMABLE,,,PROVISIONAL_SMALL_REQUEST_N,0.36363636363636365,0.45454545454545453,PROVISIONAL_SMALL_REQUEST_N,0.4444444444444444,0.5714285714285714,NOT_PRIMARY; use physical units and frozen spans
7,f7-d0ffa9b31525,FORMAL_10K,HELDOUT_TRIPLE_AUDIT,STRICT_LUMPED,f12d43eace12231077007dc497fee8dad00fbe58cb2f1fe2c6159c47636b97a0,all_candidates,all_finite_diagnostic,emx_minus_target,Lp_nH,nH,26,0.04594769194775367,0.07617813202025668,-0.04368720427643052,0.01722475274758717,0.14252652916556985,0.17483097198281916,PROVISIONAL_SMALL_REQUEST_N,3,0.024918892176032985,0.06933735211654841,0.04023662657618786,0.1059983677145268,-0.06715424757712844,-0.02408421340319013,0.012831471889062085,0.021618033606112252,0.08169085598075866,0.19622398937143143,0.09521168860651108,0.2203964404238823,220,26,26,0,0,4,3,0,187,13,26,26,33,,0.3939393939393939,0.05909090909090909,0.5,NOT_ESTIMABLE,,,PROVISIONAL_SMALL_REQUEST_N,0.36363636363636365,0.45454545454545453,PROVISIONAL_SMALL_REQUEST_N,0.4444444444444444,0.5714285714285714,NOT_PRIMARY; use physical units and frozen spans
7,f7-d0ffa9b31525,FORMAL_10K,HELDOUT_TRIPLE_AUDIT,STRICT_LUMPED,f12d43eace12231077007dc497fee8dad00fbe58cb2f1fe2c6159c47636b97a0,all_candidates,all_finite_diagnostic,emx_minus_target,Ls_nH,nH,26,0.20559155477427385,0.2968316986891105,0.2055428875434534,0.09478890835658743,0.5068086530809179,0.5481052947488002,PROVISIONAL_SMALL_REQUEST_N,3,0.1848200264053925,0.24179102729682161,0.2776796653522636,0.32304891362565624,0.1848200264053925,0.24165043307445144,0.010408343059578384,0.27626291613014187,0.48140023760497075,0.5648854439330554,0.5231079040561658,0.5648854439330554,220,26,26,0,0,4,3,0,187,13,26,26,33,,0.3939393939393939,0.05909090909090909,0.5,NOT_ESTIMABLE,,,PROVISIONAL_SMALL_REQUEST_N,0.36363636363636365,0.45454545454545453,PROVISIONAL_SMALL_REQUEST_N,0.4444444444444444,0.5714285714285714,NOT_PRIMARY; use physical units and frozen spans
7,f7-d0ffa9b31525,FORMAL_10K,HELDOUT_TRIPLE_AUDIT,STRICT_LUMPED,f12d43eace12231077007dc497fee8dad00fbe58cb2f1fe2c6159c47636b97a0,all_candidates,all_finite_diagnostic,emx_minus_target,Qmin,dimensionless,26,1.4701710158663273,2.201767831853682,-1.4391107380612385,0.9211916673869966,4.178019327909284,4.69893212151252,PROVISIONAL_SMALL_REQUEST_N,3,1.1483139480114288,1.7993335601023102,1.8682995907789701,2.5114628849530147,-1.772185462357217,-1.1014446845991999,0.09044991027496607,1.2848542942889178,3.1862135135647645,4.457572671212036,4.174305356378516,5.225701042282106,220,26,26,0,0,4,3,0,187,13,26,26,33,,0.3939393939393939,0.05909090909090909,0.5,NOT_ESTIMABLE,,,PROVISIONAL_SMALL_REQUEST_N,0.36363636363636365,0.45454545454545453,PROVISIONAL_SMALL_REQUEST_N,0.4444444444444444,0.5714285714285714,NOT_PRIMARY; use physical units and frozen spans
7,f7-d0ffa9b31525,FORMAL_10K,HELDOUT_TRIPLE_AUDIT,STRICT_LUMPED,f12d43eace12231077007dc497fee8dad00fbe58cb2f1fe2c6159c47636b97a0,all_candidates,all_finite_diagnostic,emx_minus_target,K_abs,dimensionless,26,0.034855391122113256,0.05264339912128463,-0.033037960427513335,0.011857636938767735,0.09668942426876358,0.1070314123323678,PROVISIONAL_SMALL_REQUEST_N,3,0.023571525581533966,0.0513080404886885,0.03769466562012253,0.06888698049609805,-0.05088679859887234,-0.019232888552793568,0.005310786564988623,0.03653272110756836,0.06932794168411044,0.11255774175321004,0.08101454320296661,0.11649583220929277,220,26,26,0,0,4,3,0,187,13,26,26,33,,0.3939393939393939,0.05909090909090909,0.5,NOT_ESTIMABLE,,,PROVISIONAL_SMALL_REQUEST_N,0.36363636363636365,0.45454545454545453,PROVISIONAL_SMALL_REQUEST_N,0.4444444444444444,0.5714285714285714,NOT_PRIMARY; use physical units and frozen spans
7,f7-d0ffa9b31525,FORMAL_10K,HELDOUT_TRIPLE_AUDIT,STRICT_LUMPED,f12d43eace12231077007dc497fee8dad00fbe58cb2f1fe2c6159c47636b97a0,all_candidates,all_finite_diagnostic,emx_minus_frozen_proxy,Lp_nH,nH,26,0.004348788697150633,0.005475731506056078,0.0036967209016695976,0.0029601156496412706,0.00887083701053526,0.009188486066416646,PROVISIONAL_SMALL_REQUEST_N,3,0.003676918418058855,0.005007649194491432,0.004638702361252984,0.006376140175466184,0.0015508666995247555,0.004857581900300969,0.002048678942663029,0.004356783519915308,0.007826375447914426,0.009969027072451824,0.008759122911175421,0.0114487410162869,220,26,26,0,0,4,3,0,187,13,26,26,33,,0.3939393939393939,0.05909090909090909,0.5,NOT_ESTIMABLE,,,PROVISIONAL_SMALL_REQUEST_N,0.36363636363636365,0.45454545454545453,PROVISIONAL_SMALL_REQUEST_N,0.4444444444444444,0.5714285714285714,NOT_PRIMARY; use physical units and frozen spans
7,f7-d0ffa9b31525,FORMAL_10K,HELDOUT_TRIPLE_AUDIT,STRICT_LUMPED,f12d43eace12231077007dc497fee8dad00fbe58cb2f1fe2c6159c47636b97a0,all_candidates,all_finite_diagnostic,emx_minus_frozen_proxy,Ls_nH,nH,26,0.007548580390327353,0.01158577845256304,0.0063432442743696854,0.003285697075711691,0.02335055111540707,0.025364679813607294,PROVISIONAL_SMALL_REQUEST_N,3,0.0052049431153903735,0.010314511030808037,0.009285383800383906,0.014352165143968013,0.003915526629204326,0.008887016056985324,0.0007669257934466156,0.0043232540992242385,0.01712778439320363,0.025200378730679825,0.022475810391782813,0.026663009068152554,220,26,26,0,0,4,3,0,187,13,26,26,33,,0.3939393939393939,0.05909090909090909,0.5,NOT_ESTIMABLE,,,PROVISIONAL_SMALL_REQUEST_N,0.36363636363636365,0.45454545454545453,PROVISIONAL_SMALL_REQUEST_N,0.4444444444444444,0.5714285714285714,NOT_PRIMARY; use physical units and frozen spans
7,f7-d0ffa9b31525,FORMAL_10K,HELDOUT_TRIPLE_AUDIT,STRICT_LUMPED,f12d43eace12231077007dc497fee8dad00fbe58cb2f1fe2c6159c47636b97a0,all_candidates,all_finite_diagnostic,emx_minus_frozen_proxy,Qmin,dimensionless,26,0.15486914418443531,0.17381123015937092,0.05433095370417991,0.13287734681258723,0.2568235218953987,0.27244895449298134,PROVISIONAL_SMALL_REQUEST_N,3,0.11926491999193368,0.17751027754506074,0.1268164023726924,0.20551202006180544,0.001624585005982837,0.10079677471689309,0.09047215693064814,0.1388717875592267,0.19288674799856764,0.31618997099775753,0.19288674799856764,0.4159359560665141,220,26,26,0,0,4,3,0,187,13,26,26,33,,0.3939393939393939,0.05909090909090909,0.5,NOT_ESTIMABLE,,,PROVISIONAL_SMALL_REQUEST_N,0.36363636363636365,0.45454545454545453,PROVISIONAL_SMALL_REQUEST_N,0.4444444444444444,0.5714285714285714,NOT_PRIMARY; use physical units and frozen spans
7,f7-d0ffa9b31525,FORMAL_10K,HELDOUT_TRIPLE_AUDIT,STRICT_LUMPED,f12d43eace12231077007dc497fee8dad00fbe58cb2f1fe2c6159c47636b97a0,all_candidates,all_finite_diagnostic,emx_minus_frozen_proxy,K_abs,dimensionless,26,0.0038300570682668835,0.004410158928684951,0.0012110694216355155,0.003796897887870007,0.006644005518509313,0.0068115877573590375,PROVISIONAL_SMALL_REQUEST_N,3,0.0035626995875619764,0.004307738739278196,0.004091265905349565,0.004815287087648846,0.0007211190935622534,0.002034866552256422,0.003518521670174024,0.005002142906356033,0.006456052322632062,0.006724752969419887,0.006621147926224841,0.0069194224077224475,220,26,26,0,0,4,3,0,187,13,26,26,33,,0.3939393939393939,0.05909090909090909,0.5,NOT_ESTIMABLE,,,PROVISIONAL_SMALL_REQUEST_N,0.36363636363636365,0.45454545454545453,PROVISIONAL_SMALL_REQUEST_N,0.4444444444444444,0.5714285714285714,NOT_PRIMARY; use physical units and frozen spans
7,f7-d0ffa9b31525,FORMAL_10K,HELDOUT_TRIPLE_AUDIT,STRICT_LUMPED,f12d43eace12231077007dc497fee8dad00fbe58cb2f1fe2c6159c47636b97a0,selected_q_proxy,strict_valid,emx_minus_target,Lp_nH,nH,3,0.003601904521315665,0.004615172135474387,0.003601904521315665,0.003475749020090735,0.006452983185031602,0.00682513745564921,PROVISIONAL_SMALL_REQUEST_N,3,0.00013267281758944094,0.007197291726266819,0.00013267281758944094,0.007197291726266819,0.00013267281758944094,0.007197291726266819,0.00013267281758944094,0.007197291726266819,0.00013267281758944094,0.007197291726266819,0.00013267281758944094,0.007197291726266819,20,3,3,0,0,0,0,0,17,3,3,3,3,,1.0,0.15,1.0,NOT_ESTIMABLE,,,PROVISIONAL_SMALL_REQUEST_N,1.0,1.0,PROVISIONAL_SMALL_REQUEST_N,1.0,1.0,NOT_PRIMARY; use physical units and frozen spans
7,f7-d0ffa9b31525,FORMAL_10K,HELDOUT_TRIPLE_AUDIT,STRICT_LUMPED,f12d43eace12231077007dc497fee8dad00fbe58cb2f1fe2c6159c47636b97a0,selected_q_proxy,strict_valid,emx_minus_target,Ls_nH,nH,3,0.0024676712884510454,0.00253258451838121,0.0024676712884510454,0.0021817364406477857,0.0030467349205022033,0.003154859730484005,PROVISIONAL_SMALL_REQUEST_N,3,0.001958292884239543,0.0032629845404658075,0.001958292884239543,0.0032629845404658075,0.001958292884239543,0.0032629845404658075,0.001958292884239543,0.0032629845404658075,0.001958292884239543,0.0032629845404658075,0.001958292884239543,0.0032629845404658075,20,3,3,0,0,0,0,0,17,3,3,3,3,,1.0,0.15,1.0,NOT_ESTIMABLE,,,PROVISIONAL_SMALL_REQUEST_N,1.0,1.0,PROVISIONAL_SMALL_REQUEST_N,1.0,1.0,NOT_PRIMARY; use physical units and frozen spans
7,f7-d0ffa9b31525,FORMAL_10K,HELDOUT_TRIPLE_AUDIT,STRICT_LUMPED,f12d43eace12231077007dc497fee8dad00fbe58cb2f1fe2c6159c47636b97a0,selected_q_proxy,strict_valid,emx_minus_target,Qmin,dimensionless,3,0.09467281415172242,0.09768182325664511,-0.03437287396841171,0.09044991027496607,0.1189072470191526,0.12246441411217593,PROVISIONAL_SMALL_REQUEST_N,3,0.06754695097500196,0.12602158120519924,0.06754695097500196,0.12602158120519924,-0.12602158120519924,0.09044991027496607,0.06754695097500196,0.12602158120519924,0.06754695097500196,0.12602158120519924,0.06754695097500196,0.12602158120519924,20,3,3,0,0,0,0,0,17,3,3,3,3,,1.0,0.15,1.0,NOT_ESTIMABLE,,,PROVISIONAL_SMALL_REQUEST_N,1.0,1.0,PROVISIONAL_SMALL_REQUEST_N,1.0,1.0,NOT_PRIMARY; use physical units and frozen spans
7,f7-d0ffa9b31525,FORMAL_10K,HELDOUT_TRIPLE_AUDIT,STRICT_LUMPED,f12d43eace12231077007dc497fee8dad00fbe58cb2f1fe2c6159c47636b97a0,selected_q_proxy,strict_valid,emx_minus_target,K_abs,dimensionless,3,0.0013797620369691472,0.001399859449536667,-0.0005142957207095733,0.001298199474389361,0.0016206530324905267,0.0016609597272531722,PROVISIONAL_SMALL_REQUEST_N,3,0.001139820214502263,0.001701266422015818,0.001139820214502263,0.001701266422015818,-0.001701266422015818,0.001298199474389361,0.001139820214502263,0.001701266422015818,0.001139820214502263,0.001701266422015818,0.001139820214502263,0.001701266422015818,20,3,3,0,0,0,0,0,17,3,3,3,3,,1.0,0.15,1.0,NOT_ESTIMABLE,,,PROVISIONAL_SMALL_REQUEST_N,1.0,1.0,PROVISIONAL_SMALL_REQUEST_N,1.0,1.0,NOT_PRIMARY; use physical units and frozen spans
7,f7-d0ffa9b31525,FORMAL_10K,HELDOUT_TRIPLE_AUDIT,STRICT_LUMPED,f12d43eace12231077007dc497fee8dad00fbe58cb2f1fe2c6159c47636b97a0,selected_q_proxy,strict_valid,emx_minus_frozen_proxy,Lp_nH,nH,3,0.0020371227081441567,0.002318584744464534,0.00022113486379741568,0.002048678942663029,0.0031196448748624928,0.0032535156163874257,PROVISIONAL_SMALL_REQUEST_N,3,0.0006753028238570824,0.0033873863579123586,0.0006753028238570824,0.0033873863579123586,-0.002048678942663029,0.0033873863579123586,0.0006753028238570824,0.0033873863579123586,0.0006753028238570824,0.0033873863579123586,0.0006753028238570824,0.0033873863579123586,20,3,3,0,0,0,0,0,17,3,3,3,3,,1.0,0.15,1.0,NOT_ESTIMABLE,,,PROVISIONAL_SMALL_REQUEST_N,1.0,1.0,PROVISIONAL_SMALL_REQUEST_N,1.0,1.0,NOT_PRIMARY; use physical units and frozen spans
7,f7-d0ffa9b31525,FORMAL_10K,HELDOUT_TRIPLE_AUDIT,STRICT_LUMPED,f12d43eace12231077007dc497fee8dad00fbe58cb2f1fe2c6159c47636b97a0,selected_q_proxy,strict_valid,emx_minus_frozen_proxy,Ls_nH,nH,3,0.0007908466963046553,0.0008881256400069587,-0.0005853312299186989,0.0007669257934466156,0.0011912580354000557,0.0012442995656442358,PROVISIONAL_SMALL_REQUEST_N,3,0.0003082731995789345,0.0012973410958884157,0.0003082731995789345,0.0012973410958884157,-0.0012973410958884157,0.0003082731995789345,0.0003082731995789345,0.0012973410958884157,0.0003082731995789345,0.0012973410958884157,0.0003082731995789345,0.0012973410958884157,20,3,3,0,0,0,0,0,17,3,3,3,3,,1.0,0.15,1.0,NOT_ESTIMABLE,,,PROVISIONAL_SMALL_REQUEST_N,1.0,1.0,PROVISIONAL_SMALL_REQUEST_N,1.0,1.0,NOT_PRIMARY; use physical units and frozen spans
7,f7-d0ffa9b31525,FORMAL_10K,HELDOUT_TRIPLE_AUDIT,STRICT_LUMPED,f12d43eace12231077007dc497fee8dad00fbe58cb2f1fe2c6159c47636b97a0,selected_q_proxy,strict_valid,emx_minus_frozen_proxy,Qmin,dimensionless,3,0.09920658185191773,0.10332532237114338,-0.04597527570181015,0.07984695922516138,0.1279965261939573,0.13401522206505678,PROVISIONAL_SMALL_REQUEST_N,3,0.07773886839443556,0.14003391793615627,0.07773886839443556,0.14003391793615627,-0.14003391793615627,0.07984695922516138,0.07773886839443556,0.14003391793615627,0.07773886839443556,0.14003391793615627,0.07773886839443556,0.14003391793615627,20,3,3,0,0,0,0,0,17,3,3,3,3,,1.0,0.15,1.0,NOT_ESTIMABLE,,,PROVISIONAL_SMALL_REQUEST_N,1.0,1.0,PROVISIONAL_SMALL_REQUEST_N,1.0,1.0,NOT_PRIMARY; use physical units and frozen spans
7,f7-d0ffa9b31525,FORMAL_10K,HELDOUT_TRIPLE_AUDIT,STRICT_LUMPED,f12d43eace12231077007dc497fee8dad00fbe58cb2f1fe2c6159c47636b97a0,selected_q_proxy,strict_valid,emx_minus_frozen_proxy,K_abs,dimensionless,3,0.0019092742923675077,0.0019364969226335848,-0.0007648969114591361,0.0017165660713625575,0.0022353551991159846,0.002300203840085163,PROVISIONAL_SMALL_REQUEST_N,3,0.001646204324685624,0.0023650524810543416,0.001646204324685624,0.0023650524810543416,-0.0023650524810543416,0.0017165660713625575,0.001646204324685624,0.0023650524810543416,0.001646204324685624,0.0023650524810543416,0.001646204324685624,0.0023650524810543416,20,3,3,0,0,0,0,0,17,3,3,3,3,,1.0,0.15,1.0,NOT_ESTIMABLE,,,PROVISIONAL_SMALL_REQUEST_N,1.0,1.0,PROVISIONAL_SMALL_REQUEST_N,1.0,1.0,NOT_PRIMARY; use physical units and frozen spans
7,f7-d0ffa9b31525,FORMAL_10K,HELDOUT_TRIPLE_AUDIT,STRICT_LUMPED,f12d43eace12231077007dc497fee8dad00fbe58cb2f1fe2c6159c47636b97a0,selected_q_proxy,all_finite_diagnostic,emx_minus_target,Lp_nH,nH,3,0.003601904521315665,0.004615172135474387,0.003601904521315665,0.003475749020090735,0.006452983185031602,0.00682513745564921,PROVISIONAL_SMALL_REQUEST_N,3,0.00013267281758944094,0.007197291726266819,0.00013267281758944094,0.007197291726266819,0.00013267281758944094,0.007197291726266819,0.00013267281758944094,0.007197291726266819,0.00013267281758944094,0.007197291726266819,0.00013267281758944094,0.007197291726266819,20,3,3,0,0,0,0,0,17,3,3,3,3,,1.0,0.15,1.0,NOT_ESTIMABLE,,,PROVISIONAL_SMALL_REQUEST_N,1.0,1.0,PROVISIONAL_SMALL_REQUEST_N,1.0,1.0,NOT_PRIMARY; use physical units and frozen spans
7,f7-d0ffa9b31525,FORMAL_10K,HELDOUT_TRIPLE_AUDIT,STRICT_LUMPED,f12d43eace12231077007dc497fee8dad00fbe58cb2f1fe2c6159c47636b97a0,selected_q_proxy,all_finite_diagnostic,emx_minus_target,Ls_nH,nH,3,0.0024676712884510454,0.00253258451838121,0.0024676712884510454,0.0021817364406477857,0.0030467349205022033,0.003154859730484005,PROVISIONAL_SMALL_REQUEST_N,3,0.001958292884239543,0.0032629845404658075,0.001958292884239543,0.0032629845404658075,0.001958292884239543,0.0032629845404658075,0.001958292884239543,0.0032629845404658075,0.001958292884239543,0.0032629845404658075,0.001958292884239543,0.0032629845404658075,20,3,3,0,0,0,0,0,17,3,3,3,3,,1.0,0.15,1.0,NOT_ESTIMABLE,,,PROVISIONAL_SMALL_REQUEST_N,1.0,1.0,PROVISIONAL_SMALL_REQUEST_N,1.0,1.0,NOT_PRIMARY; use physical units and frozen spans
7,f7-d0ffa9b31525,FORMAL_10K,HELDOUT_TRIPLE_AUDIT,STRICT_LUMPED,f12d43eace12231077007dc497fee8dad00fbe58cb2f1fe2c6159c47636b97a0,selected_q_proxy,all_finite_diagnostic,emx_minus_target,Qmin,dimensionless,3,0.09467281415172242,0.09768182325664511,-0.03437287396841171,0.09044991027496607,0.1189072470191526,0.12246441411217593,PROVISIONAL_SMALL_REQUEST_N,3,0.06754695097500196,0.12602158120519924,0.06754695097500196,0.12602158120519924,-0.12602158120519924,0.09044991027496607,0.06754695097500196,0.12602158120519924,0.06754695097500196,0.12602158120519924,0.06754695097500196,0.12602158120519924,20,3,3,0,0,0,0,0,17,3,3,3,3,,1.0,0.15,1.0,NOT_ESTIMABLE,,,PROVISIONAL_SMALL_REQUEST_N,1.0,1.0,PROVISIONAL_SMALL_REQUEST_N,1.0,1.0,NOT_PRIMARY; use physical units and frozen spans
7,f7-d0ffa9b31525,FORMAL_10K,HELDOUT_TRIPLE_AUDIT,STRICT_LUMPED,f12d43eace12231077007dc497fee8dad00fbe58cb2f1fe2c6159c47636b97a0,selected_q_proxy,all_finite_diagnostic,emx_minus_target,K_abs,dimensionless,3,0.0013797620369691472,0.001399859449536667,-0.0005142957207095733,0.001298199474389361,0.0016206530324905267,0.0016609597272531722,PROVISIONAL_SMALL_REQUEST_N,3,0.001139820214502263,0.001701266422015818,0.001139820214502263,0.001701266422015818,-0.001701266422015818,0.001298199474389361,0.001139820214502263,0.001701266422015818,0.001139820214502263,0.001701266422015818,0.001139820214502263,0.001701266422015818,20,3,3,0,0,0,0,0,17,3,3,3,3,,1.0,0.15,1.0,NOT_ESTIMABLE,,,PROVISIONAL_SMALL_REQUEST_N,1.0,1.0,PROVISIONAL_SMALL_REQUEST_N,1.0,1.0,NOT_PRIMARY; use physical units and frozen spans
7,f7-d0ffa9b31525,FORMAL_10K,HELDOUT_TRIPLE_AUDIT,STRICT_LUMPED,f12d43eace12231077007dc497fee8dad00fbe58cb2f1fe2c6159c47636b97a0,selected_q_proxy,all_finite_diagnostic,emx_minus_frozen_proxy,Lp_nH,nH,3,0.0020371227081441567,0.002318584744464534,0.00022113486379741568,0.002048678942663029,0.0031196448748624928,0.0032535156163874257,PROVISIONAL_SMALL_REQUEST_N,3,0.0006753028238570824,0.0033873863579123586,0.0006753028238570824,0.0033873863579123586,-0.002048678942663029,0.0033873863579123586,0.0006753028238570824,0.0033873863579123586,0.0006753028238570824,0.0033873863579123586,0.0006753028238570824,0.0033873863579123586,20,3,3,0,0,0,0,0,17,3,3,3,3,,1.0,0.15,1.0,NOT_ESTIMABLE,,,PROVISIONAL_SMALL_REQUEST_N,1.0,1.0,PROVISIONAL_SMALL_REQUEST_N,1.0,1.0,NOT_PRIMARY; use physical units and frozen spans
7,f7-d0ffa9b31525,FORMAL_10K,HELDOUT_TRIPLE_AUDIT,STRICT_LUMPED,f12d43eace12231077007dc497fee8dad00fbe58cb2f1fe2c6159c47636b97a0,selected_q_proxy,all_finite_diagnostic,emx_minus_frozen_proxy,Ls_nH,nH,3,0.0007908466963046553,0.0008881256400069587,-0.0005853312299186989,0.0007669257934466156,0.0011912580354000557,0.0012442995656442358,PROVISIONAL_SMALL_REQUEST_N,3,0.0003082731995789345,0.0012973410958884157,0.0003082731995789345,0.0012973410958884157,-0.0012973410958884157,0.0003082731995789345,0.0003082731995789345,0.0012973410958884157,0.0003082731995789345,0.0012973410958884157,0.0003082731995789345,0.0012973410958884157,20,3,3,0,0,0,0,0,17,3,3,3,3,,1.0,0.15,1.0,NOT_ESTIMABLE,,,PROVISIONAL_SMALL_REQUEST_N,1.0,1.0,PROVISIONAL_SMALL_REQUEST_N,1.0,1.0,NOT_PRIMARY; use physical units and frozen spans
7,f7-d0ffa9b31525,FORMAL_10K,HELDOUT_TRIPLE_AUDIT,STRICT_LUMPED,f12d43eace12231077007dc497fee8dad00fbe58cb2f1fe2c6159c47636b97a0,selected_q_proxy,all_finite_diagnostic,emx_minus_frozen_proxy,Qmin,dimensionless,3,0.09920658185191773,0.10332532237114338,-0.04597527570181015,0.07984695922516138,0.1279965261939573,0.13401522206505678,PROVISIONAL_SMALL_REQUEST_N,3,0.07773886839443556,0.14003391793615627,0.07773886839443556,0.14003391793615627,-0.14003391793615627,0.07984695922516138,0.07773886839443556,0.14003391793615627,0.07773886839443556,0.14003391793615627,0.07773886839443556,0.14003391793615627,20,3,3,0,0,0,0,0,17,3,3,3,3,,1.0,0.15,1.0,NOT_ESTIMABLE,,,PROVISIONAL_SMALL_REQUEST_N,1.0,1.0,PROVISIONAL_SMALL_REQUEST_N,1.0,1.0,NOT_PRIMARY; use physical units and frozen spans
7,f7-d0ffa9b31525,FORMAL_10K,HELDOUT_TRIPLE_AUDIT,STRICT_LUMPED,f12d43eace12231077007dc497fee8dad00fbe58cb2f1fe2c6159c47636b97a0,selected_q_proxy,all_finite_diagnostic,emx_minus_frozen_proxy,K_abs,dimensionless,3,0.0019092742923675077,0.0019364969226335848,-0.0007648969114591361,0.0017165660713625575,0.0022353551991159846,0.002300203840085163,PROVISIONAL_SMALL_REQUEST_N,3,0.001646204324685624,0.0023650524810543416,0.001646204324685624,0.0023650524810543416,-0.0023650524810543416,0.0017165660713625575,0.001646204324685624,0.0023650524810543416,0.001646204324685624,0.0023650524810543416,0.001646204324685624,0.0023650524810543416,20,3,3,0,0,0,0,0,17,3,3,3,3,,1.0,0.15,1.0,NOT_ESTIMABLE,,,PROVISIONAL_SMALL_REQUEST_N,1.0,1.0,PROVISIONAL_SMALL_REQUEST_N,1.0,1.0,NOT_PRIMARY; use physical units and frozen spans
8,f8-dc2e68a2a478,FORMAL_10K,HELDOUT_TRIPLE_AUDIT,STRICT_LUMPED,f12d43eace12231077007dc497fee8dad00fbe58cb2f1fe2c6159c47636b97a0,all_candidates,strict_valid,emx_minus_target,Lp_nH,nH,26,0.016529735616897943,0.02779384339350255,0.000916951789352907,0.00732725849292315,0.05028016560321891,0.0639631311320008,PROVISIONAL_SMALL_REQUEST_N,3,0.012987602510945384,0.018719546658097337,0.022491437263010523,0.03157377306992927,-0.017488487336545264,0.010949930274791853,0.0025096241044959555,0.008105314634491156,0.04151537675282291,0.053049545104321943,0.05645498666810167,0.09108969894353303,220,26,26,0,35,2,5,0,152,18,26,26,33,,0.5454545454545454,0.08181818181818182,0.6923076923076923,NOT_ESTIMABLE,,,PROVISIONAL_SMALL_REQUEST_N,0.45454545454545453,0.6363636363636364,PROVISIONAL_SMALL_REQUEST_N,0.5555555555555556,0.875,NOT_PRIMARY; use physical units and frozen spans
8,f8-dc2e68a2a478,FORMAL_10K,HELDOUT_TRIPLE_AUDIT,STRICT_LUMPED,f12d43eace12231077007dc497fee8dad00fbe58cb2f1fe2c6159c47636b97a0,all_candidates,strict_valid,emx_minus_target,Ls_nH,nH,26,0.05284654619528551,0.10693584692256052,0.04407543451758878,0.004786873452261808,0.17480832840903876,0.23954506174567672,PROVISIONAL_SMALL_REQUEST_N,3,0.01509554294478689,0.0985409184785216,0.0245232517962188,0.1639993437037709,-0.008853614009918341,0.09780753822164853,0.001834844268474245,0.006888167643438026,0.04827474360059839,0.30596360193423233,0.05880964576881875,0.3771536180948297,220,26,26,0,35,2,5,0,152,18,26,26,33,,0.5454545454545454,0.08181818181818182,0.6923076923076923,NOT_ESTIMABLE,,,PROVISIONAL_SMALL_REQUEST_N,0.45454545454545453,0.6363636363636364,PROVISIONAL_SMALL_REQUEST_N,0.5555555555555556,0.875,NOT_PRIMARY; use physical units and frozen spans
8,f8-dc2e68a2a478,FORMAL_10K,HELDOUT_TRIPLE_AUDIT,STRICT_LUMPED,f12d43eace12231077007dc497fee8dad00fbe58cb2f1fe2c6159c47636b97a0,all_candidates,strict_valid,emx_minus_target,Qmin,dimensionless,26,0.7866142542798451,1.4880412061778812,-0.7715616472625758,0.13426537706383623,2.5091621756415687,3.2257367412850897,PROVISIONAL_SMALL_REQUEST_N,3,0.4149285558034723,1.3010571495404575,0.7090520770560037,2.1333782979590974,-1.3010571495404575,-0.41395617847903576,0.11074248520676377,0.3664338144117636,1.4923068243828472,3.9308074925156986,1.73623500637434,5.2107047317462225,220,26,26,0,35,2,5,0,152,18,26,26,33,,0.5454545454545454,0.08181818181818182,0.6923076923076923,NOT_ESTIMABLE,,,PROVISIONAL_SMALL_REQUEST_N,0.45454545454545453,0.6363636363636364,PROVISIONAL_SMALL_REQUEST_N,0.5555555555555556,0.875,NOT_PRIMARY; use physical units and frozen spans
8,f8-dc2e68a2a478,FORMAL_10K,HELDOUT_TRIPLE_AUDIT,STRICT_LUMPED,f12d43eace12231077007dc497fee8dad00fbe58cb2f1fe2c6159c47636b97a0,all_candidates,strict_valid,emx_minus_target,K_abs,dimensionless,26,0.02439781038233109,0.04106364957299123,-0.011196937408035334,0.009399219560022237,0.06485002784574034,0.09607862446757413,PROVISIONAL_SMALL_REQUEST_N,3,0.011009356622931551,0.04518450998243234,0.014914983004892433,0.06401122351283202,-0.03945821570025722,0.012628963972497607,0.004141644731527283,0.021660542517301096,0.028644478172712904,0.11479385865781963,0.031121223116153784,0.13260013428641018,220,26,26,0,35,2,5,0,152,18,26,26,33,,0.5454545454545454,0.08181818181818182,0.6923076923076923,NOT_ESTIMABLE,,,PROVISIONAL_SMALL_REQUEST_N,0.45454545454545453,0.6363636363636364,PROVISIONAL_SMALL_REQUEST_N,0.5555555555555556,0.875,NOT_PRIMARY; use physical units and frozen spans
8,f8-dc2e68a2a478,FORMAL_10K,HELDOUT_TRIPLE_AUDIT,STRICT_LUMPED,f12d43eace12231077007dc497fee8dad00fbe58cb2f1fe2c6159c47636b97a0,all_candidates,strict_valid,emx_minus_frozen_proxy,Lp_nH,nH,26,0.006668781902901424,0.008790192899744791,0.0024190190556631075,0.00451129136990569,0.01154277061342357,0.013786550177022405,PROVISIONAL_SMALL_REQUEST_N,3,0.005590263762967174,0.007931847579128078,0.006720227432728624,0.01147378319846471,0.0009420659239451901,0.0036786342621392253,0.003805549061839053,0.006098500248249872,0.010983454816726556,0.02023300073469073,0.011105443918054458,0.028999450137078275,220,26,26,0,35,2,5,0,152,18,26,26,33,,0.5454545454545454,0.08181818181818182,0.6923076923076923,NOT_ESTIMABLE,,,PROVISIONAL_SMALL_REQUEST_N,0.45454545454545453,0.6363636363636364,PROVISIONAL_SMALL_REQUEST_N,0.5555555555555556,0.875,NOT_PRIMARY; use physical units and frozen spans
8,f8-dc2e68a2a478,FORMAL_10K,HELDOUT_TRIPLE_AUDIT,STRICT_LUMPED,f12d43eace12231077007dc497fee8dad00fbe58cb2f1fe2c6159c47636b97a0,all_candidates,strict_valid,emx_minus_frozen_proxy,Ls_nH,nH,26,0.008864842799629834,0.012686447511500342,0.008045189922508692,0.00320724389953847,0.020808124374121384,0.026805173682584782,PROVISIONAL_SMALL_REQUEST_N,3,0.006778030129076431,0.011112813144104332,0.01119241392856377,0.013529548842565091,0.00605028140092434,0.010666994579527392,0.002827367555272464,0.009697296192994864,0.020649696682708597,0.027009289336098422,0.021158271572898846,0.029816994547850362,220,26,26,0,35,2,5,0,152,18,26,26,33,,0.5454545454545454,0.08181818181818182,0.6923076923076923,NOT_ESTIMABLE,,,PROVISIONAL_SMALL_REQUEST_N,0.45454545454545453,0.6363636363636364,PROVISIONAL_SMALL_REQUEST_N,0.5555555555555556,0.875,NOT_PRIMARY; use physical units and frozen spans
8,f8-dc2e68a2a478,FORMAL_10K,HELDOUT_TRIPLE_AUDIT,STRICT_LUMPED,f12d43eace12231077007dc497fee8dad00fbe58cb2f1fe2c6159c47636b97a0,all_candidates,strict_valid,emx_minus_frozen_proxy,Qmin,dimensionless,26,0.1266373954659198,0.16844817536594725,-0.10674658818758707,0.10566029383841169,0.317605028554623,0.34804849772208835,PROVISIONAL_SMALL_REQUEST_N,3,0.07613272729657616,0.2099905771391989,0.09740292556265508,0.2481056119408107,-0.2099905771391989,-0.021680285842957916,0.06119059879783251,0.16114092252071188,0.1621196582593339,0.37621133193746714,0.1815233980662505,0.4145540036422819,220,26,26,0,35,2,5,0,152,18,26,26,33,,0.5454545454545454,0.08181818181818182,0.6923076923076923,NOT_ESTIMABLE,,,PROVISIONAL_SMALL_REQUEST_N,0.45454545454545453,0.6363636363636364,PROVISIONAL_SMALL_REQUEST_N,0.5555555555555556,0.875,NOT_PRIMARY; use physical units and frozen spans
8,f8-dc2e68a2a478,FORMAL_10K,HELDOUT_TRIPLE_AUDIT,STRICT_LUMPED,f12d43eace12231077007dc497fee8dad00fbe58cb2f1fe2c6159c47636b97a0,all_candidates,strict_valid,emx_minus_frozen_proxy,K_abs,dimensionless,26,0.004675233837169845,0.006079214531972332,0.0022476658121254986,0.0038424745652904033,0.011109097805552096,0.012045830893625507,PROVISIONAL_SMALL_REQUEST_N,3,0.0033263502624846816,0.006425179730491198,0.00445153275685584,0.007407329884530827,0.0005361920001076795,0.0038166170876691927,0.002703263009473378,0.005509087305179183,0.0067668976924358986,0.012747273282598962,0.011094877099117384,0.013338180675239786,220,26,26,0,35,2,5,0,152,18,26,26,33,,0.5454545454545454,0.08181818181818182,0.6923076923076923,NOT_ESTIMABLE,,,PROVISIONAL_SMALL_REQUEST_N,0.45454545454545453,0.6363636363636364,PROVISIONAL_SMALL_REQUEST_N,0.5555555555555556,0.875,NOT_PRIMARY; use physical units and frozen spans
8,f8-dc2e68a2a478,FORMAL_10K,HELDOUT_TRIPLE_AUDIT,STRICT_LUMPED,f12d43eace12231077007dc497fee8dad00fbe58cb2f1fe2c6159c47636b97a0,all_candidates,all_finite_diagnostic,emx_minus_target,Lp_nH,nH,26,0.016529735616897943,0.02779384339350255,0.000916951789352907,0.00732725849292315,0.05028016560321891,0.0639631311320008,PROVISIONAL_SMALL_REQUEST_N,3,0.012987602510945384,0.018719546658097337,0.022491437263010523,0.03157377306992927,-0.017488487336545264,0.010949930274791853,0.0025096241044959555,0.008105314634491156,0.04151537675282291,0.053049545104321943,0.05645498666810167,0.09108969894353303,220,26,26,0,35,2,5,0,152,18,26,26,33,,0.5454545454545454,0.08181818181818182,0.6923076923076923,NOT_ESTIMABLE,,,PROVISIONAL_SMALL_REQUEST_N,0.45454545454545453,0.6363636363636364,PROVISIONAL_SMALL_REQUEST_N,0.5555555555555556,0.875,NOT_PRIMARY; use physical units and frozen spans
8,f8-dc2e68a2a478,FORMAL_10K,HELDOUT_TRIPLE_AUDIT,STRICT_LUMPED,f12d43eace12231077007dc497fee8dad00fbe58cb2f1fe2c6159c47636b97a0,all_candidates,all_finite_diagnostic,emx_minus_target,Ls_nH,nH,26,0.05284654619528551,0.10693584692256052,0.04407543451758878,0.004786873452261808,0.17480832840903876,0.23954506174567672,PROVISIONAL_SMALL_REQUEST_N,3,0.01509554294478689,0.0985409184785216,0.0245232517962188,0.1639993437037709,-0.008853614009918341,0.09780753822164853,0.001834844268474245,0.006888167643438026,0.04827474360059839,0.30596360193423233,0.05880964576881875,0.3771536180948297,220,26,26,0,35,2,5,0,152,18,26,26,33,,0.5454545454545454,0.08181818181818182,0.6923076923076923,NOT_ESTIMABLE,,,PROVISIONAL_SMALL_REQUEST_N,0.45454545454545453,0.6363636363636364,PROVISIONAL_SMALL_REQUEST_N,0.5555555555555556,0.875,NOT_PRIMARY; use physical units and frozen spans
8,f8-dc2e68a2a478,FORMAL_10K,HELDOUT_TRIPLE_AUDIT,STRICT_LUMPED,f12d43eace12231077007dc497fee8dad00fbe58cb2f1fe2c6159c47636b97a0,all_candidates,all_finite_diagnostic,emx_minus_target,Qmin,dimensionless,26,0.7866142542798451,1.4880412061778812,-0.7715616472625758,0.13426537706383623,2.5091621756415687,3.2257367412850897,PROVISIONAL_SMALL_REQUEST_N,3,0.4149285558034723,1.3010571495404575,0.7090520770560037,2.1333782979590974,-1.3010571495404575,-0.41395617847903576,0.11074248520676377,0.3664338144117636,1.4923068243828472,3.9308074925156986,1.73623500637434,5.2107047317462225,220,26,26,0,35,2,5,0,152,18,26,26,33,,0.5454545454545454,0.08181818181818182,0.6923076923076923,NOT_ESTIMABLE,,,PROVISIONAL_SMALL_REQUEST_N,0.45454545454545453,0.6363636363636364,PROVISIONAL_SMALL_REQUEST_N,0.5555555555555556,0.875,NOT_PRIMARY; use physical units and frozen spans
8,f8-dc2e68a2a478,FORMAL_10K,HELDOUT_TRIPLE_AUDIT,STRICT_LUMPED,f12d43eace12231077007dc497fee8dad00fbe58cb2f1fe2c6159c47636b97a0,all_candidates,all_finite_diagnostic,emx_minus_target,K_abs,dimensionless,26,0.02439781038233109,0.04106364957299123,-0.011196937408035334,0.009399219560022237,0.06485002784574034,0.09607862446757413,PROVISIONAL_SMALL_REQUEST_N,3,0.011009356622931551,0.04518450998243234,0.014914983004892433,0.06401122351283202,-0.03945821570025722,0.012628963972497607,0.004141644731527283,0.021660542517301096,0.028644478172712904,0.11479385865781963,0.031121223116153784,0.13260013428641018,220,26,26,0,35,2,5,0,152,18,26,26,33,,0.5454545454545454,0.08181818181818182,0.6923076923076923,NOT_ESTIMABLE,,,PROVISIONAL_SMALL_REQUEST_N,0.45454545454545453,0.6363636363636364,PROVISIONAL_SMALL_REQUEST_N,0.5555555555555556,0.875,NOT_PRIMARY; use physical units and frozen spans
8,f8-dc2e68a2a478,FORMAL_10K,HELDOUT_TRIPLE_AUDIT,STRICT_LUMPED,f12d43eace12231077007dc497fee8dad00fbe58cb2f1fe2c6159c47636b97a0,all_candidates,all_finite_diagnostic,emx_minus_frozen_proxy,Lp_nH,nH,26,0.006668781902901424,0.008790192899744791,0.0024190190556631075,0.00451129136990569,0.01154277061342357,0.013786550177022405,PROVISIONAL_SMALL_REQUEST_N,3,0.005590263762967174,0.007931847579128078,0.006720227432728624,0.01147378319846471,0.0009420659239451901,0.0036786342621392253,0.003805549061839053,0.006098500248249872,0.010983454816726556,0.02023300073469073,0.011105443918054458,0.028999450137078275,220,26,26,0,35,2,5,0,152,18,26,26,33,,0.5454545454545454,0.08181818181818182,0.6923076923076923,NOT_ESTIMABLE,,,PROVISIONAL_SMALL_REQUEST_N,0.45454545454545453,0.6363636363636364,PROVISIONAL_SMALL_REQUEST_N,0.5555555555555556,0.875,NOT_PRIMARY; use physical units and frozen spans
8,f8-dc2e68a2a478,FORMAL_10K,HELDOUT_TRIPLE_AUDIT,STRICT_LUMPED,f12d43eace12231077007dc497fee8dad00fbe58cb2f1fe2c6159c47636b97a0,all_candidates,all_finite_diagnostic,emx_minus_frozen_proxy,Ls_nH,nH,26,0.008864842799629834,0.012686447511500342,0.008045189922508692,0.00320724389953847,0.020808124374121384,0.026805173682584782,PROVISIONAL_SMALL_REQUEST_N,3,0.006778030129076431,0.011112813144104332,0.01119241392856377,0.013529548842565091,0.00605028140092434,0.010666994579527392,0.002827367555272464,0.009697296192994864,0.020649696682708597,0.027009289336098422,0.021158271572898846,0.029816994547850362,220,26,26,0,35,2,5,0,152,18,26,26,33,,0.5454545454545454,0.08181818181818182,0.6923076923076923,NOT_ESTIMABLE,,,PROVISIONAL_SMALL_REQUEST_N,0.45454545454545453,0.6363636363636364,PROVISIONAL_SMALL_REQUEST_N,0.5555555555555556,0.875,NOT_PRIMARY; use physical units and frozen spans
8,f8-dc2e68a2a478,FORMAL_10K,HELDOUT_TRIPLE_AUDIT,STRICT_LUMPED,f12d43eace12231077007dc497fee8dad00fbe58cb2f1fe2c6159c47636b97a0,all_candidates,all_finite_diagnostic,emx_minus_frozen_proxy,Qmin,dimensionless,26,0.1266373954659198,0.16844817536594725,-0.10674658818758707,0.10566029383841169,0.317605028554623,0.34804849772208835,PROVISIONAL_SMALL_REQUEST_N,3,0.07613272729657616,0.2099905771391989,0.09740292556265508,0.2481056119408107,-0.2099905771391989,-0.021680285842957916,0.06119059879783251,0.16114092252071188,0.1621196582593339,0.37621133193746714,0.1815233980662505,0.4145540036422819,220,26,26,0,35,2,5,0,152,18,26,26,33,,0.5454545454545454,0.08181818181818182,0.6923076923076923,NOT_ESTIMABLE,,,PROVISIONAL_SMALL_REQUEST_N,0.45454545454545453,0.6363636363636364,PROVISIONAL_SMALL_REQUEST_N,0.5555555555555556,0.875,NOT_PRIMARY; use physical units and frozen spans
8,f8-dc2e68a2a478,FORMAL_10K,HELDOUT_TRIPLE_AUDIT,STRICT_LUMPED,f12d43eace12231077007dc497fee8dad00fbe58cb2f1fe2c6159c47636b97a0,all_candidates,all_finite_diagnostic,emx_minus_frozen_proxy,K_abs,dimensionless,26,0.004675233837169845,0.006079214531972332,0.0022476658121254986,0.0038424745652904033,0.011109097805552096,0.012045830893625507,PROVISIONAL_SMALL_REQUEST_N,3,0.0033263502624846816,0.006425179730491198,0.00445153275685584,0.007407329884530827,0.0005361920001076795,0.0038166170876691927,0.002703263009473378,0.005509087305179183,0.0067668976924358986,0.012747273282598962,0.011094877099117384,0.013338180675239786,220,26,26,0,35,2,5,0,152,18,26,26,33,,0.5454545454545454,0.08181818181818182,0.6923076923076923,NOT_ESTIMABLE,,,PROVISIONAL_SMALL_REQUEST_N,0.45454545454545453,0.6363636363636364,PROVISIONAL_SMALL_REQUEST_N,0.5555555555555556,0.875,NOT_PRIMARY; use physical units and frozen spans
8,f8-dc2e68a2a478,FORMAL_10K,HELDOUT_TRIPLE_AUDIT,STRICT_LUMPED,f12d43eace12231077007dc497fee8dad00fbe58cb2f1fe2c6159c47636b97a0,selected_q_proxy,strict_valid,emx_minus_target,Lp_nH,nH,2,0.004961308194317282,0.0053088020519158775,-0.004961308194317282,0.004961308194317282,0.006472609668396134,0.006661522352655991,PROVISIONAL_SMALL_REQUEST_N,2,0.003072181351718717,0.006850435036915847,0.003072181351718717,0.006850435036915847,-0.006850435036915847,-0.003072181351718717,0.003072181351718717,0.006850435036915847,0.003072181351718717,0.006850435036915847,0.003072181351718717,0.006850435036915847,20,2,2,0,2,1,0,0,15,2,2,2,3,,0.6666666666666666,0.1,1.0,NOT_ESTIMABLE,,,PROVISIONAL_SMALL_REQUEST_N,0.0,1.0,PROVISIONAL_SMALL_REQUEST_N,1.0,1.0,NOT_PRIMARY; use physical units and frozen spans
8,f8-dc2e68a2a478,FORMAL_10K,HELDOUT_TRIPLE_AUDIT,STRICT_LUMPED,f12d43eace12231077007dc497fee8dad00fbe58cb2f1fe2c6159c47636b97a0,selected_q_proxy,strict_valid,emx_minus_target,Ls_nH,nH,2,0.004070101770100032,0.004198931889248406,0.004070101770100032,0.004070101770100032,0.004895808969177584,0.004999022369062278,PROVISIONAL_SMALL_REQUEST_N,2,0.0030379677712530917,0.005102235768946972,0.0030379677712530917,0.005102235768946972,0.0030379677712530917,0.005102235768946972,0.0030379677712530917,0.005102235768946972,0.0030379677712530917,0.005102235768946972,0.0030379677712530917,0.005102235768946972,20,2,2,0,2,1,0,0,15,2,2,2,3,,0.6666666666666666,0.1,1.0,NOT_ESTIMABLE,,,PROVISIONAL_SMALL_REQUEST_N,0.0,1.0,PROVISIONAL_SMALL_REQUEST_N,1.0,1.0,NOT_PRIMARY; use physical units and frozen spans
8,f8-dc2e68a2a478,FORMAL_10K,HELDOUT_TRIPLE_AUDIT,STRICT_LUMPED,f12d43eace12231077007dc497fee8dad00fbe58cb2f1fe2c6159c47636b97a0,selected_q_proxy,strict_valid,emx_minus_target,Qmin,dimensionless,2,0.21076426348956367,0.26202019740588245,-0.15566955092219992,0.21076426348956367,0.33529990422732364,0.3508668593195436,PROVISIONAL_SMALL_REQUEST_N,2,0.05509471256736376,0.3664338144117636,0.05509471256736376,0.3664338144117636,-0.3664338144117636,0.05509471256736376,0.05509471256736376,0.3664338144117636,0.05509471256736376,0.3664338144117636,0.05509471256736376,0.3664338144117636,20,2,2,0,2,1,0,0,15,2,2,2,3,,0.6666666666666666,0.1,1.0,NOT_ESTIMABLE,,,PROVISIONAL_SMALL_REQUEST_N,0.0,1.0,PROVISIONAL_SMALL_REQUEST_N,1.0,1.0,NOT_PRIMARY; use physical units and frozen spans
8,f8-dc2e68a2a478,FORMAL_10K,HELDOUT_TRIPLE_AUDIT,STRICT_LUMPED,f12d43eace12231077007dc497fee8dad00fbe58cb2f1fe2c6159c47636b97a0,selected_q_proxy,strict_valid,emx_minus_target,K_abs,dimensionless,2,0.007062695280774647,0.00841514578631977,0.004575261082816903,0.007062695280774647,0.010722904147028171,0.01118043025530986,PROVISIONAL_SMALL_REQUEST_N,2,0.002487434197957744,0.01163795636359155,0.002487434197957744,0.01163795636359155,-0.002487434197957744,0.01163795636359155,0.002487434197957744,0.01163795636359155,0.002487434197957744,0.01163795636359155,0.002487434197957744,0.01163795636359155,20,2,2,0,2,1,0,0,15,2,2,2,3,,0.6666666666666666,0.1,1.0,NOT_ESTIMABLE,,,PROVISIONAL_SMALL_REQUEST_N,0.0,1.0,PROVISIONAL_SMALL_REQUEST_N,1.0,1.0,NOT_PRIMARY; use physical units and frozen spans
8,f8-dc2e68a2a478,FORMAL_10K,HELDOUT_TRIPLE_AUDIT,STRICT_LUMPED,f12d43eace12231077007dc497fee8dad00fbe58cb2f1fe2c6159c47636b97a0,selected_q_proxy,strict_valid,emx_minus_frozen_proxy,Lp_nH,nH,2,0.004485412209816575,0.004498805185605439,-0.004485412209816575,0.004485412209816575,0.004762915831194059,0.004797603783866245,PROVISIONAL_SMALL_REQUEST_N,2,0.00413853268309472,0.00483229173653843,0.00413853268309472,0.00483229173653843,-0.00483229173653843,-0.00413853268309472,0.00413853268309472,0.00483229173653843,0.00413853268309472,0.00483229173653843,0.00413853268309472,0.00483229173653843,20,2,2,0,2,1,0,0,15,2,2,2,3,,0.6666666666666666,0.1,1.0,NOT_ESTIMABLE,,,PROVISIONAL_SMALL_REQUEST_N,0.0,1.0,PROVISIONAL_SMALL_REQUEST_N,1.0,1.0,NOT_PRIMARY; use physical units and frozen spans
8,f8-dc2e68a2a478,FORMAL_10K,HELDOUT_TRIPLE_AUDIT,STRICT_LUMPED,f12d43eace12231077007dc497fee8dad00fbe58cb2f1fe2c6159c47636b97a0,selected_q_proxy,strict_valid,emx_minus_frozen_proxy,Ls_nH,nH,2,0.0039383534698735345,0.004048303581775326,0.0039383534698735345,0.0039383534698735345,0.004688023834361832,0.004781732629922869,PROVISIONAL_SMALL_REQUEST_N,2,0.003001265514263163,0.004875441425483906,0.003001265514263163,0.004875441425483906,0.003001265514263163,0.004875441425483906,0.003001265514263163,0.004875441425483906,0.003001265514263163,0.004875441425483906,0.003001265514263163,0.004875441425483906,20,2,2,0,2,1,0,0,15,2,2,2,3,,0.6666666666666666,0.1,1.0,NOT_ESTIMABLE,,,PROVISIONAL_SMALL_REQUEST_N,0.0,1.0,PROVISIONAL_SMALL_REQUEST_N,1.0,1.0,NOT_PRIMARY; use physical units and frozen spans
8,f8-dc2e68a2a478,FORMAL_10K,HELDOUT_TRIPLE_AUDIT,STRICT_LUMPED,f12d43eace12231077007dc497fee8dad00fbe58cb2f1fe2c6159c47636b97a0,selected_q_proxy,strict_valid,emx_minus_frozen_proxy,Qmin,dimensionless,2,0.20592007479937813,0.25169365989047765,-0.14472947600154562,0.20592007479937813,0.32170365560061465,0.3361766032007692,PROVISIONAL_SMALL_REQUEST_N,2,0.06119059879783251,0.35064955080092375,0.06119059879783251,0.35064955080092375,-0.35064955080092375,0.06119059879783251,0.06119059879783251,0.35064955080092375,0.06119059879783251,0.35064955080092375,0.06119059879783251,0.35064955080092375,20,2,2,0,2,1,0,0,15,2,2,2,3,,0.6666666666666666,0.1,1.0,NOT_ESTIMABLE,,,PROVISIONAL_SMALL_REQUEST_N,0.0,1.0,PROVISIONAL_SMALL_REQUEST_N,1.0,1.0,NOT_PRIMARY; use physical units and frozen spans
8,f8-dc2e68a2a478,FORMAL_10K,HELDOUT_TRIPLE_AUDIT,STRICT_LUMPED,f12d43eace12231077007dc497fee8dad00fbe58cb2f1fe2c6159c47636b97a0,selected_q_proxy,strict_valid,emx_minus_frozen_proxy,K_abs,dimensionless,2,0.0077583708494399495,0.009016984749564297,0.004594964171398458,0.0077583708494399495,0.011434342186558717,0.011893838603698562,PROVISIONAL_SMALL_REQUEST_N,2,0.0031634066780414916,0.012353335020838407,0.0031634066780414916,0.012353335020838407,-0.0031634066780414916,0.012353335020838407,0.0031634066780414916,0.012353335020838407,0.0031634066780414916,0.012353335020838407,0.0031634066780414916,0.012353335020838407,20,2,2,0,2,1,0,0,15,2,2,2,3,,0.6666666666666666,0.1,1.0,NOT_ESTIMABLE,,,PROVISIONAL_SMALL_REQUEST_N,0.0,1.0,PROVISIONAL_SMALL_REQUEST_N,1.0,1.0,NOT_PRIMARY; use physical units and frozen spans
8,f8-dc2e68a2a478,FORMAL_10K,HELDOUT_TRIPLE_AUDIT,STRICT_LUMPED,f12d43eace12231077007dc497fee8dad00fbe58cb2f1fe2c6159c47636b97a0,selected_q_proxy,all_finite_diagnostic,emx_minus_target,Lp_nH,nH,2,0.004961308194317282,0.0053088020519158775,-0.004961308194317282,0.004961308194317282,0.006472609668396134,0.006661522352655991,PROVISIONAL_SMALL_REQUEST_N,2,0.003072181351718717,0.006850435036915847,0.003072181351718717,0.006850435036915847,-0.006850435036915847,-0.003072181351718717,0.003072181351718717,0.006850435036915847,0.003072181351718717,0.006850435036915847,0.003072181351718717,0.006850435036915847,20,2,2,0,2,1,0,0,15,2,2,2,3,,0.6666666666666666,0.1,1.0,NOT_ESTIMABLE,,,PROVISIONAL_SMALL_REQUEST_N,0.0,1.0,PROVISIONAL_SMALL_REQUEST_N,1.0,1.0,NOT_PRIMARY; use physical units and frozen spans
8,f8-dc2e68a2a478,FORMAL_10K,HELDOUT_TRIPLE_AUDIT,STRICT_LUMPED,f12d43eace12231077007dc497fee8dad00fbe58cb2f1fe2c6159c47636b97a0,selected_q_proxy,all_finite_diagnostic,emx_minus_target,Ls_nH,nH,2,0.004070101770100032,0.004198931889248406,0.004070101770100032,0.004070101770100032,0.004895808969177584,0.004999022369062278,PROVISIONAL_SMALL_REQUEST_N,2,0.0030379677712530917,0.005102235768946972,0.0030379677712530917,0.005102235768946972,0.0030379677712530917,0.005102235768946972,0.0030379677712530917,0.005102235768946972,0.0030379677712530917,0.005102235768946972,0.0030379677712530917,0.005102235768946972,20,2,2,0,2,1,0,0,15,2,2,2,3,,0.6666666666666666,0.1,1.0,NOT_ESTIMABLE,,,PROVISIONAL_SMALL_REQUEST_N,0.0,1.0,PROVISIONAL_SMALL_REQUEST_N,1.0,1.0,NOT_PRIMARY; use physical units and frozen spans
8,f8-dc2e68a2a478,FORMAL_10K,HELDOUT_TRIPLE_AUDIT,STRICT_LUMPED,f12d43eace12231077007dc497fee8dad00fbe58cb2f1fe2c6159c47636b97a0,selected_q_proxy,all_finite_diagnostic,emx_minus_target,Qmin,dimensionless,2,0.21076426348956367,0.26202019740588245,-0.15566955092219992,0.21076426348956367,0.33529990422732364,0.3508668593195436,PROVISIONAL_SMALL_REQUEST_N,2,0.05509471256736376,0.3664338144117636,0.05509471256736376,0.3664338144117636,-0.3664338144117636,0.05509471256736376,0.05509471256736376,0.3664338144117636,0.05509471256736376,0.3664338144117636,0.05509471256736376,0.3664338144117636,20,2,2,0,2,1,0,0,15,2,2,2,3,,0.6666666666666666,0.1,1.0,NOT_ESTIMABLE,,,PROVISIONAL_SMALL_REQUEST_N,0.0,1.0,PROVISIONAL_SMALL_REQUEST_N,1.0,1.0,NOT_PRIMARY; use physical units and frozen spans
8,f8-dc2e68a2a478,FORMAL_10K,HELDOUT_TRIPLE_AUDIT,STRICT_LUMPED,f12d43eace12231077007dc497fee8dad00fbe58cb2f1fe2c6159c47636b97a0,selected_q_proxy,all_finite_diagnostic,emx_minus_target,K_abs,dimensionless,2,0.007062695280774647,0.00841514578631977,0.004575261082816903,0.007062695280774647,0.010722904147028171,0.01118043025530986,PROVISIONAL_SMALL_REQUEST_N,2,0.002487434197957744,0.01163795636359155,0.002487434197957744,0.01163795636359155,-0.002487434197957744,0.01163795636359155,0.002487434197957744,0.01163795636359155,0.002487434197957744,0.01163795636359155,0.002487434197957744,0.01163795636359155,20,2,2,0,2,1,0,0,15,2,2,2,3,,0.6666666666666666,0.1,1.0,NOT_ESTIMABLE,,,PROVISIONAL_SMALL_REQUEST_N,0.0,1.0,PROVISIONAL_SMALL_REQUEST_N,1.0,1.0,NOT_PRIMARY; use physical units and frozen spans
8,f8-dc2e68a2a478,FORMAL_10K,HELDOUT_TRIPLE_AUDIT,STRICT_LUMPED,f12d43eace12231077007dc497fee8dad00fbe58cb2f1fe2c6159c47636b97a0,selected_q_proxy,all_finite_diagnostic,emx_minus_frozen_proxy,Lp_nH,nH,2,0.004485412209816575,0.004498805185605439,-0.004485412209816575,0.004485412209816575,0.004762915831194059,0.004797603783866245,PROVISIONAL_SMALL_REQUEST_N,2,0.00413853268309472,0.00483229173653843,0.00413853268309472,0.00483229173653843,-0.00483229173653843,-0.00413853268309472,0.00413853268309472,0.00483229173653843,0.00413853268309472,0.00483229173653843,0.00413853268309472,0.00483229173653843,20,2,2,0,2,1,0,0,15,2,2,2,3,,0.6666666666666666,0.1,1.0,NOT_ESTIMABLE,,,PROVISIONAL_SMALL_REQUEST_N,0.0,1.0,PROVISIONAL_SMALL_REQUEST_N,1.0,1.0,NOT_PRIMARY; use physical units and frozen spans
8,f8-dc2e68a2a478,FORMAL_10K,HELDOUT_TRIPLE_AUDIT,STRICT_LUMPED,f12d43eace12231077007dc497fee8dad00fbe58cb2f1fe2c6159c47636b97a0,selected_q_proxy,all_finite_diagnostic,emx_minus_frozen_proxy,Ls_nH,nH,2,0.0039383534698735345,0.004048303581775326,0.0039383534698735345,0.0039383534698735345,0.004688023834361832,0.004781732629922869,PROVISIONAL_SMALL_REQUEST_N,2,0.003001265514263163,0.004875441425483906,0.003001265514263163,0.004875441425483906,0.003001265514263163,0.004875441425483906,0.003001265514263163,0.004875441425483906,0.003001265514263163,0.004875441425483906,0.003001265514263163,0.004875441425483906,20,2,2,0,2,1,0,0,15,2,2,2,3,,0.6666666666666666,0.1,1.0,NOT_ESTIMABLE,,,PROVISIONAL_SMALL_REQUEST_N,0.0,1.0,PROVISIONAL_SMALL_REQUEST_N,1.0,1.0,NOT_PRIMARY; use physical units and frozen spans
8,f8-dc2e68a2a478,FORMAL_10K,HELDOUT_TRIPLE_AUDIT,STRICT_LUMPED,f12d43eace12231077007dc497fee8dad00fbe58cb2f1fe2c6159c47636b97a0,selected_q_proxy,all_finite_diagnostic,emx_minus_frozen_proxy,Qmin,dimensionless,2,0.20592007479937813,0.25169365989047765,-0.14472947600154562,0.20592007479937813,0.32170365560061465,0.3361766032007692,PROVISIONAL_SMALL_REQUEST_N,2,0.06119059879783251,0.35064955080092375,0.06119059879783251,0.35064955080092375,-0.35064955080092375,0.06119059879783251,0.06119059879783251,0.35064955080092375,0.06119059879783251,0.35064955080092375,0.06119059879783251,0.35064955080092375,20,2,2,0,2,1,0,0,15,2,2,2,3,,0.6666666666666666,0.1,1.0,NOT_ESTIMABLE,,,PROVISIONAL_SMALL_REQUEST_N,0.0,1.0,PROVISIONAL_SMALL_REQUEST_N,1.0,1.0,NOT_PRIMARY; use physical units and frozen spans
8,f8-dc2e68a2a478,FORMAL_10K,HELDOUT_TRIPLE_AUDIT,STRICT_LUMPED,f12d43eace12231077007dc497fee8dad00fbe58cb2f1fe2c6159c47636b97a0,selected_q_proxy,all_finite_diagnostic,emx_minus_frozen_proxy,K_abs,dimensionless,2,0.0077583708494399495,0.009016984749564297,0.004594964171398458,0.0077583708494399495,0.011434342186558717,0.011893838603698562,PROVISIONAL_SMALL_REQUEST_N,2,0.0031634066780414916,0.012353335020838407,0.0031634066780414916,0.012353335020838407,-0.0031634066780414916,0.012353335020838407,0.0031634066780414916,0.012353335020838407,0.0031634066780414916,0.012353335020838407,0.0031634066780414916,0.012353335020838407,20,2,2,0,2,1,0,0,15,2,2,2,3,,0.6666666666666666,0.1,1.0,NOT_ESTIMABLE,,,PROVISIONAL_SMALL_REQUEST_N,0.0,1.0,PROVISIONAL_SMALL_REQUEST_N,1.0,1.0,NOT_PRIMARY; use physical units and frozen spans
9,f9-0cd8cd2dd857,FORMAL_10K,HELDOUT_TRIPLE_AUDIT,STRICT_LUMPED,f12d43eace12231077007dc497fee8dad00fbe58cb2f1fe2c6159c47636b97a0,all_candidates,strict_valid,emx_minus_target,Lp_nH,nH,30,0.02057059664917047,0.036398618471610675,0.012143879643610656,0.006248054016533611,0.06019307556308931,0.06312112406143507,PROVISIONAL_SMALL_REQUEST_N,3,0.008678205735846128,0.02715234050231984,0.014317225266327284,0.04665861122680189,-0.006729252121922963,0.02043088879191476,0.005579945585553969,0.015520777374835815,0.029093570058545983,0.06401760355716557,0.03820184239160529,0.13955221120393557,220,30,30,0,0,1,2,0,187,22,30,30,33,,0.6666666666666666,0.1,0.7333333333333333,NOT_ESTIMABLE,,,PROVISIONAL_SMALL_REQUEST_N,0.5454545454545454,0.8181818181818182,PROVISIONAL_SMALL_REQUEST_N,0.6363636363636364,0.8181818181818182,NOT_PRIMARY; use physical units and frozen spans
9,f9-0cd8cd2dd857,FORMAL_10K,HELDOUT_TRIPLE_AUDIT,STRICT_LUMPED,f12d43eace12231077007dc497fee8dad00fbe58cb2f1fe2c6159c47636b97a0,all_candidates,strict_valid,emx_minus_target,Ls_nH,nH,30,0.10183834192123342,0.18401454151355776,0.09218496444077584,0.011835936432060934,0.40443377348865683,0.4352030480992389,PROVISIONAL_SMALL_REQUEST_N,3,0.08323400995543466,0.12885425447563084,0.16139114646952205,0.2145340015590243,0.07275139527695117,0.12118881477567381,0.011214060520869928,0.015840988337679218,0.2776796557353116,0.41233526202114307,0.4281382390861155,0.49047387798658015,220,30,30,0,0,1,2,0,187,22,30,30,33,,0.6666666666666666,0.1,0.7333333333333333,NOT_ESTIMABLE,,,PROVISIONAL_SMALL_REQUEST_N,0.5454545454545454,0.8181818181818182,PROVISIONAL_SMALL_REQUEST_N,0.6363636363636364,0.8181818181818182,NOT_PRIMARY; use physical units and frozen spans
9,f9-0cd8cd2dd857,FORMAL_10K,HELDOUT_TRIPLE_AUDIT,STRICT_LUMPED,f12d43eace12231077007dc497fee8dad00fbe58cb2f1fe2c6159c47636b97a0,all_candidates,strict_valid,emx_minus_target,Qmin,dimensionless,30,0.9035533069149049,1.6637988479241956,-0.8198171287796528,0.1896315710230665,3.5349125438274824,4.125346509775048,PROVISIONAL_SMALL_REQUEST_N,3,0.742793833573915,1.1806612413197177,1.4195936243491012,1.9651577760413121,-1.1053157235905415,-0.6541786727166845,0.14559528804299937,0.388203931361657,2.0827369063090693,3.7491704290738657,4.0810590799514035,4.990453149761935,220,30,30,0,0,1,2,0,187,22,30,30,33,,0.6666666666666666,0.1,0.7333333333333333,NOT_ESTIMABLE,,,PROVISIONAL_SMALL_REQUEST_N,0.5454545454545454,0.8181818181818182,PROVISIONAL_SMALL_REQUEST_N,0.6363636363636364,0.8181818181818182,NOT_PRIMARY; use physical units and frozen spans
9,f9-0cd8cd2dd857,FORMAL_10K,HELDOUT_TRIPLE_AUDIT,STRICT_LUMPED,f12d43eace12231077007dc497fee8dad00fbe58cb2f1fe2c6159c47636b97a0,all_candidates,strict_valid,emx_minus_target,K_abs,dimensionless,30,0.02813680088069424,0.04945191045761412,-0.026569113968833834,0.009806879488452713,0.08692285565263824,0.10596409172542758,PROVISIONAL_SMALL_REQUEST_N,3,0.012386592428030365,0.04368409030270493,0.016345825857813835,0.0716001954185261,-0.04368409030270493,-0.009842922365845459,0.007836893209369145,0.011972240431401826,0.03027739799002352,0.15055539308964536,0.030805248369118687,0.1783403777629552,220,30,30,0,0,1,2,0,187,22,30,30,33,,0.6666666666666666,0.1,0.7333333333333333,NOT_ESTIMABLE,,,PROVISIONAL_SMALL_REQUEST_N,0.5454545454545454,0.8181818181818182,PROVISIONAL_SMALL_REQUEST_N,0.6363636363636364,0.8181818181818182,NOT_PRIMARY; use physical units and frozen spans
9,f9-0cd8cd2dd857,FORMAL_10K,HELDOUT_TRIPLE_AUDIT,STRICT_LUMPED,f12d43eace12231077007dc497fee8dad00fbe58cb2f1fe2c6159c47636b97a0,all_candidates,strict_valid,emx_minus_frozen_proxy,Lp_nH,nH,30,0.005302669709992983,0.007070015760542328,0.0030375158013616786,0.0030294907269663995,0.012391336629526928,0.012484599390653283,PROVISIONAL_SMALL_REQUEST_N,3,0.003989259046561989,0.007162298183438357,0.005629857423319864,0.008929735533491105,0.0006483880038658241,0.0052350132121340735,0.002423031156502331,0.006383931932623987,0.009830636126147874,0.01254089719626772,0.012312781844062037,0.015027046238990316,220,30,30,0,0,1,2,0,187,22,30,30,33,,0.6666666666666666,0.1,0.7333333333333333,NOT_ESTIMABLE,,,PROVISIONAL_SMALL_REQUEST_N,0.5454545454545454,0.8181818181818182,PROVISIONAL_SMALL_REQUEST_N,0.6363636363636364,0.8181818181818182,NOT_PRIMARY; use physical units and frozen spans
9,f9-0cd8cd2dd857,FORMAL_10K,HELDOUT_TRIPLE_AUDIT,STRICT_LUMPED,f12d43eace12231077007dc497fee8dad00fbe58cb2f1fe2c6159c47636b97a0,all_candidates,strict_valid,emx_minus_frozen_proxy,Ls_nH,nH,30,0.008640701738324407,0.010163040360657558,-0.004668328917329401,0.008335455674851722,0.0160652588913532,0.018844724095955296,PROVISIONAL_SMALL_REQUEST_N,3,0.0068229418248878515,0.010648116828914705,0.008603880501145056,0.011958693867284405,-0.007232521446682572,-0.0008488664226846586,0.005630666796234807,0.00900378812408964,0.014010178380824967,0.019797758754270367,0.015885853883946366,0.02203399058406741,220,30,30,0,0,1,2,0,187,22,30,30,33,,0.6666666666666666,0.1,0.7333333333333333,NOT_ESTIMABLE,,,PROVISIONAL_SMALL_REQUEST_N,0.5454545454545454,0.8181818181818182,PROVISIONAL_SMALL_REQUEST_N,0.6363636363636364,0.8181818181818182,NOT_PRIMARY; use physical units and frozen spans
9,f9-0cd8cd2dd857,FORMAL_10K,HELDOUT_TRIPLE_AUDIT,STRICT_LUMPED,f12d43eace12231077007dc497fee8dad00fbe58cb2f1fe2c6159c47636b97a0,all_candidates,strict_valid,emx_minus_frozen_proxy,Qmin,dimensionless,30,0.1103809683948936,0.13526935607395485,0.054951446252899196,0.0758650095646578,0.23416107742002837,0.24828403036294,PROVISIONAL_SMALL_REQUEST_N,3,0.09276620702408289,0.12119256154351374,0.10522450544010047,0.15302756668841164,0.01714836970446918,0.10041691041874691,0.07267894932248176,0.10277753910250809,0.18325997792840004,0.252745141803576,0.200284821160567,0.32507139752393854,220,30,30,0,0,1,2,0,187,22,30,30,33,,0.6666666666666666,0.1,0.7333333333333333,NOT_ESTIMABLE,,,PROVISIONAL_SMALL_REQUEST_N,0.5454545454545454,0.8181818181818182,PROVISIONAL_SMALL_REQUEST_N,0.6363636363636364,0.8181818181818182,NOT_PRIMARY; use physical units and frozen spans
9,f9-0cd8cd2dd857,FORMAL_10K,HELDOUT_TRIPLE_AUDIT,STRICT_LUMPED,f12d43eace12231077007dc497fee8dad00fbe58cb2f1fe2c6159c47636b97a0,all_candidates,strict_valid,emx_minus_frozen_proxy,K_abs,dimensionless,30,0.0046241891318114505,0.005630020315321509,-0.00249084729994625,0.003691245272020513,0.008864801339451027,0.009893628875152797,PROVISIONAL_SMALL_REQUEST_N,3,0.0027470387654865047,0.007296905230682334,0.003748556613033265,0.007824550949882861,-0.007296905230682334,0.0001469999105797214,0.001907856757638049,0.00761328420248511,0.006744635155830181,0.011222496851097752,0.008576187935961488,0.011561823434893648,220,30,30,0,0,1,2,0,187,22,30,30,33,,0.6666666666666666,0.1,0.7333333333333333,NOT_ESTIMABLE,,,PROVISIONAL_SMALL_REQUEST_N,0.5454545454545454,0.8181818181818182,PROVISIONAL_SMALL_REQUEST_N,0.6363636363636364,0.8181818181818182,NOT_PRIMARY; use physical units and frozen spans
9,f9-0cd8cd2dd857,FORMAL_10K,HELDOUT_TRIPLE_AUDIT,STRICT_LUMPED,f12d43eace12231077007dc497fee8dad00fbe58cb2f1fe2c6159c47636b97a0,all_candidates,all_finite_diagnostic,emx_minus_target,Lp_nH,nH,30,0.02057059664917047,0.036398618471610675,0.012143879643610656,0.006248054016533611,0.06019307556308931,0.06312112406143507,PROVISIONAL_SMALL_REQUEST_N,3,0.008678205735846128,0.02715234050231984,0.014317225266327284,0.04665861122680189,-0.006729252121922963,0.02043088879191476,0.005579945585553969,0.015520777374835815,0.029093570058545983,0.06401760355716557,0.03820184239160529,0.13955221120393557,220,30,30,0,0,1,2,0,187,22,30,30,33,,0.6666666666666666,0.1,0.7333333333333333,NOT_ESTIMABLE,,,PROVISIONAL_SMALL_REQUEST_N,0.5454545454545454,0.8181818181818182,PROVISIONAL_SMALL_REQUEST_N,0.6363636363636364,0.8181818181818182,NOT_PRIMARY; use physical units and frozen spans
9,f9-0cd8cd2dd857,FORMAL_10K,HELDOUT_TRIPLE_AUDIT,STRICT_LUMPED,f12d43eace12231077007dc497fee8dad00fbe58cb2f1fe2c6159c47636b97a0,all_candidates,all_finite_diagnostic,emx_minus_target,Ls_nH,nH,30,0.10183834192123342,0.18401454151355776,0.09218496444077584,0.011835936432060934,0.40443377348865683,0.4352030480992389,PROVISIONAL_SMALL_REQUEST_N,3,0.08323400995543466,0.12885425447563084,0.16139114646952205,0.2145340015590243,0.07275139527695117,0.12118881477567381,0.011214060520869928,0.015840988337679218,0.2776796557353116,0.41233526202114307,0.4281382390861155,0.49047387798658015,220,30,30,0,0,1,2,0,187,22,30,30,33,,0.6666666666666666,0.1,0.7333333333333333,NOT_ESTIMABLE,,,PROVISIONAL_SMALL_REQUEST_N,0.5454545454545454,0.8181818181818182,PROVISIONAL_SMALL_REQUEST_N,0.6363636363636364,0.8181818181818182,NOT_PRIMARY; use physical units and frozen spans
9,f9-0cd8cd2dd857,FORMAL_10K,HELDOUT_TRIPLE_AUDIT,STRICT_LUMPED,f12d43eace12231077007dc497fee8dad00fbe58cb2f1fe2c6159c47636b97a0,all_candidates,all_finite_diagnostic,emx_minus_target,Qmin,dimensionless,30,0.9035533069149049,1.6637988479241956,-0.8198171287796528,0.1896315710230665,3.5349125438274824,4.125346509775048,PROVISIONAL_SMALL_REQUEST_N,3,0.742793833573915,1.1806612413197177,1.4195936243491012,1.9651577760413121,-1.1053157235905415,-0.6541786727166845,0.14559528804299937,0.388203931361657,2.0827369063090693,3.7491704290738657,4.0810590799514035,4.990453149761935,220,30,30,0,0,1,2,0,187,22,30,30,33,,0.6666666666666666,0.1,0.7333333333333333,NOT_ESTIMABLE,,,PROVISIONAL_SMALL_REQUEST_N,0.5454545454545454,0.8181818181818182,PROVISIONAL_SMALL_REQUEST_N,0.6363636363636364,0.8181818181818182,NOT_PRIMARY; use physical units and frozen spans
9,f9-0cd8cd2dd857,FORMAL_10K,HELDOUT_TRIPLE_AUDIT,STRICT_LUMPED,f12d43eace12231077007dc497fee8dad00fbe58cb2f1fe2c6159c47636b97a0,all_candidates,all_finite_diagnostic,emx_minus_target,K_abs,dimensionless,30,0.02813680088069424,0.04945191045761412,-0.026569113968833834,0.009806879488452713,0.08692285565263824,0.10596409172542758,PROVISIONAL_SMALL_REQUEST_N,3,0.012386592428030365,0.04368409030270493,0.016345825857813835,0.0716001954185261,-0.04368409030270493,-0.009842922365845459,0.007836893209369145,0.011972240431401826,0.03027739799002352,0.15055539308964536,0.030805248369118687,0.1783403777629552,220,30,30,0,0,1,2,0,187,22,30,30,33,,0.6666666666666666,0.1,0.7333333333333333,NOT_ESTIMABLE,,,PROVISIONAL_SMALL_REQUEST_N,0.5454545454545454,0.8181818181818182,PROVISIONAL_SMALL_REQUEST_N,0.6363636363636364,0.8181818181818182,NOT_PRIMARY; use physical units and frozen spans
9,f9-0cd8cd2dd857,FORMAL_10K,HELDOUT_TRIPLE_AUDIT,STRICT_LUMPED,f12d43eace12231077007dc497fee8dad00fbe58cb2f1fe2c6159c47636b97a0,all_candidates,all_finite_diagnostic,emx_minus_frozen_proxy,Lp_nH,nH,30,0.005302669709992983,0.007070015760542328,0.0030375158013616786,0.0030294907269663995,0.012391336629526928,0.012484599390653283,PROVISIONAL_SMALL_REQUEST_N,3,0.003989259046561989,0.007162298183438357,0.005629857423319864,0.008929735533491105,0.0006483880038658241,0.0052350132121340735,0.002423031156502331,0.006383931932623987,0.009830636126147874,0.01254089719626772,0.012312781844062037,0.015027046238990316,220,30,30,0,0,1,2,0,187,22,30,30,33,,0.6666666666666666,0.1,0.7333333333333333,NOT_ESTIMABLE,,,PROVISIONAL_SMALL_REQUEST_N,0.5454545454545454,0.8181818181818182,PROVISIONAL_SMALL_REQUEST_N,0.6363636363636364,0.8181818181818182,NOT_PRIMARY; use physical units and frozen spans
9,f9-0cd8cd2dd857,FORMAL_10K,HELDOUT_TRIPLE_AUDIT,STRICT_LUMPED,f12d43eace12231077007dc497fee8dad00fbe58cb2f1fe2c6159c47636b97a0,all_candidates,all_finite_diagnostic,emx_minus_frozen_proxy,Ls_nH,nH,30,0.008640701738324407,0.010163040360657558,-0.004668328917329401,0.008335455674851722,0.0160652588913532,0.018844724095955296,PROVISIONAL_SMALL_REQUEST_N,3,0.0068229418248878515,0.010648116828914705,0.008603880501145056,0.011958693867284405,-0.007232521446682572,-0.0008488664226846586,0.005630666796234807,0.00900378812408964,0.014010178380824967,0.019797758754270367,0.015885853883946366,0.02203399058406741,220,30,30,0,0,1,2,0,187,22,30,30,33,,0.6666666666666666,0.1,0.7333333333333333,NOT_ESTIMABLE,,,PROVISIONAL_SMALL_REQUEST_N,0.5454545454545454,0.8181818181818182,PROVISIONAL_SMALL_REQUEST_N,0.6363636363636364,0.8181818181818182,NOT_PRIMARY; use physical units and frozen spans
9,f9-0cd8cd2dd857,FORMAL_10K,HELDOUT_TRIPLE_AUDIT,STRICT_LUMPED,f12d43eace12231077007dc497fee8dad00fbe58cb2f1fe2c6159c47636b97a0,all_candidates,all_finite_diagnostic,emx_minus_frozen_proxy,Qmin,dimensionless,30,0.1103809683948936,0.13526935607395485,0.054951446252899196,0.0758650095646578,0.23416107742002837,0.24828403036294,PROVISIONAL_SMALL_REQUEST_N,3,0.09276620702408289,0.12119256154351374,0.10522450544010047,0.15302756668841164,0.01714836970446918,0.10041691041874691,0.07267894932248176,0.10277753910250809,0.18325997792840004,0.252745141803576,0.200284821160567,0.32507139752393854,220,30,30,0,0,1,2,0,187,22,30,30,33,,0.6666666666666666,0.1,0.7333333333333333,NOT_ESTIMABLE,,,PROVISIONAL_SMALL_REQUEST_N,0.5454545454545454,0.8181818181818182,PROVISIONAL_SMALL_REQUEST_N,0.6363636363636364,0.8181818181818182,NOT_PRIMARY; use physical units and frozen spans
9,f9-0cd8cd2dd857,FORMAL_10K,HELDOUT_TRIPLE_AUDIT,STRICT_LUMPED,f12d43eace12231077007dc497fee8dad00fbe58cb2f1fe2c6159c47636b97a0,all_candidates,all_finite_diagnostic,emx_minus_frozen_proxy,K_abs,dimensionless,30,0.0046241891318114505,0.005630020315321509,-0.00249084729994625,0.003691245272020513,0.008864801339451027,0.009893628875152797,PROVISIONAL_SMALL_REQUEST_N,3,0.0027470387654865047,0.007296905230682334,0.003748556613033265,0.007824550949882861,-0.007296905230682334,0.0001469999105797214,0.001907856757638049,0.00761328420248511,0.006744635155830181,0.011222496851097752,0.008576187935961488,0.011561823434893648,220,30,30,0,0,1,2,0,187,22,30,30,33,,0.6666666666666666,0.1,0.7333333333333333,NOT_ESTIMABLE,,,PROVISIONAL_SMALL_REQUEST_N,0.5454545454545454,0.8181818181818182,PROVISIONAL_SMALL_REQUEST_N,0.6363636363636364,0.8181818181818182,NOT_PRIMARY; use physical units and frozen spans
9,f9-0cd8cd2dd857,FORMAL_10K,HELDOUT_TRIPLE_AUDIT,STRICT_LUMPED,f12d43eace12231077007dc497fee8dad00fbe58cb2f1fe2c6159c47636b97a0,selected_q_proxy,strict_valid,emx_minus_target,Lp_nH,nH,3,0.003506699915528988,0.0039956314860224345,-0.0023342129222198027,0.0025888581363623375,0.005455780523481146,0.005814145821870997,PROVISIONAL_SMALL_REQUEST_N,3,0.001758730489963778,0.0061725111202608485,0.001758730489963778,0.0061725111202608485,-0.0061725111202608485,0.001758730489963778,0.001758730489963778,0.0061725111202608485,0.001758730489963778,0.0061725111202608485,0.001758730489963778,0.0061725111202608485,20,3,3,0,0,0,0,0,17,3,3,3,3,,1.0,0.15,1.0,NOT_ESTIMABLE,,,PROVISIONAL_SMALL_REQUEST_N,1.0,1.0,PROVISIONAL_SMALL_REQUEST_N,1.0,1.0,NOT_PRIMARY; use physical units and frozen spans
9,f9-0cd8cd2dd857,FORMAL_10K,HELDOUT_TRIPLE_AUDIT,STRICT_LUMPED,f12d43eace12231077007dc497fee8dad00fbe58cb2f1fe2c6159c47636b97a0,selected_q_proxy,strict_valid,emx_minus_target,Ls_nH,nH,3,0.011077748336079848,0.0119730336954482,-0.011077748336079848,0.010546417915435091,0.015619782313166252,0.01625395286288265,PROVISIONAL_SMALL_REQUEST_N,3,0.005798703680205408,0.016888123412599043,0.005798703680205408,0.016888123412599043,-0.016888123412599043,-0.005798703680205408,0.005798703680205408,0.016888123412599043,0.005798703680205408,0.016888123412599043,0.005798703680205408,0.016888123412599043,20,3,3,0,0,0,0,0,17,3,3,3,3,,1.0,0.15,1.0,NOT_ESTIMABLE,,,PROVISIONAL_SMALL_REQUEST_N,1.0,1.0,PROVISIONAL_SMALL_REQUEST_N,1.0,1.0,NOT_PRIMARY; use physical units and frozen spans
9,f9-0cd8cd2dd857,FORMAL_10K,HELDOUT_TRIPLE_AUDIT,STRICT_LUMPED,f12d43eace12231077007dc497fee8dad00fbe58cb2f1fe2c6159c47636b97a0,selected_q_proxy,strict_valid,emx_minus_target,Qmin,dimensionless,3,0.06190551043263959,0.0643478620979137,-0.03719078150096481,0.07422867356397234,0.07437834618194188,0.07439705525918808,PROVISIONAL_SMALL_REQUEST_N,3,0.03707209339751216,0.07441576433643426,0.03707209339751216,0.07441576433643426,-0.07441576433643426,0.03707209339751216,0.03707209339751216,0.07441576433643426,0.03707209339751216,0.07441576433643426,0.03707209339751216,0.07441576433643426,20,3,3,0,0,0,0,0,17,3,3,3,3,,1.0,0.15,1.0,NOT_ESTIMABLE,,,PROVISIONAL_SMALL_REQUEST_N,1.0,1.0,PROVISIONAL_SMALL_REQUEST_N,1.0,1.0,NOT_PRIMARY; use physical units and frozen spans
9,f9-0cd8cd2dd857,FORMAL_10K,HELDOUT_TRIPLE_AUDIT,STRICT_LUMPED,f12d43eace12231077007dc497fee8dad00fbe58cb2f1fe2c6159c47636b97a0,selected_q_proxy,strict_valid,emx_minus_target,K_abs,dimensionless,3,0.005802381046580578,0.006964470320039404,-0.0035096765804152144,0.0034390566992480442,0.009675314617473351,0.010454846857251515,PROVISIONAL_SMALL_REQUEST_N,3,0.002733707343464009,0.011234379097029679,0.002733707343464009,0.011234379097029679,-0.011234379097029679,0.0034390566992480442,0.002733707343464009,0.011234379097029679,0.002733707343464009,0.011234379097029679,0.002733707343464009,0.011234379097029679,20,3,3,0,0,0,0,0,17,3,3,3,3,,1.0,0.15,1.0,NOT_ESTIMABLE,,,PROVISIONAL_SMALL_REQUEST_N,1.0,1.0,PROVISIONAL_SMALL_REQUEST_N,1.0,1.0,NOT_PRIMARY; use physical units and frozen spans
9,f9-0cd8cd2dd857,FORMAL_10K,HELDOUT_TRIPLE_AUDIT,STRICT_LUMPED,f12d43eace12231077007dc497fee8dad00fbe58cb2f1fe2c6159c47636b97a0,selected_q_proxy,strict_valid,emx_minus_frozen_proxy,Lp_nH,nH,3,0.002012839534868268,0.0023066539867086615,-0.0016964968831946574,0.002423031156502331,0.0029973850077741116,0.003069179239183084,PROVISIONAL_SMALL_REQUEST_N,3,0.0004745139775104157,0.0031409734705920567,0.0004745139775104157,0.0031409734705920567,-0.0031409734705920567,0.0004745139775104157,0.0004745139775104157,0.0031409734705920567,0.0004745139775104157,0.0031409734705920567,0.0004745139775104157,0.0031409734705920567,20,3,3,0,0,0,0,0,17,3,3,3,3,,1.0,0.15,1.0,NOT_ESTIMABLE,,,PROVISIONAL_SMALL_REQUEST_N,1.0,1.0,PROVISIONAL_SMALL_REQUEST_N,1.0,1.0,NOT_PRIMARY; use physical units and frozen spans
9,f9-0cd8cd2dd857,FORMAL_10K,HELDOUT_TRIPLE_AUDIT,STRICT_LUMPED,f12d43eace12231077007dc497fee8dad00fbe58cb2f1fe2c6159c47636b97a0,selected_q_proxy,strict_valid,emx_minus_frozen_proxy,Ls_nH,nH,3,0.010042856030423283,0.010933769227484517,-0.010042856030423283,0.008679259690767438,0.01444453504531058,0.015165194464628473,PROVISIONAL_SMALL_REQUEST_N,3,0.005563454516556043,0.015885853883946366,0.005563454516556043,0.015885853883946366,-0.015885853883946366,-0.005563454516556043,0.005563454516556043,0.015885853883946366,0.005563454516556043,0.015885853883946366,0.005563454516556043,0.015885853883946366,20,3,3,0,0,0,0,0,17,3,3,3,3,,1.0,0.15,1.0,NOT_ESTIMABLE,,,PROVISIONAL_SMALL_REQUEST_N,1.0,1.0,PROVISIONAL_SMALL_REQUEST_N,1.0,1.0,NOT_PRIMARY; use physical units and frozen spans
9,f9-0cd8cd2dd857,FORMAL_10K,HELDOUT_TRIPLE_AUDIT,STRICT_LUMPED,f12d43eace12231077007dc497fee8dad00fbe58cb2f1fe2c6159c47636b97a0,selected_q_proxy,strict_valid,emx_minus_frozen_proxy,Qmin,dimensionless,3,0.048646576411643494,0.0495091600331419,-0.024863905178536427,0.05424650621875848,0.05566467417696082,0.05584194517173611,PROVISIONAL_SMALL_REQUEST_N,3,0.0356740068496606,0.0560192161665114,0.0356740068496606,0.0560192161665114,-0.0560192161665114,0.0356740068496606,0.0356740068496606,0.0560192161665114,0.0356740068496606,0.0560192161665114,0.0356740068496606,0.0560192161665114,20,3,3,0,0,0,0,0,17,3,3,3,3,,1.0,0.15,1.0,NOT_ESTIMABLE,,,PROVISIONAL_SMALL_REQUEST_N,1.0,1.0,PROVISIONAL_SMALL_REQUEST_N,1.0,1.0,NOT_PRIMARY; use physical units and frozen spans
9,f9-0cd8cd2dd857,FORMAL_10K,HELDOUT_TRIPLE_AUDIT,STRICT_LUMPED,f12d43eace12231077007dc497fee8dad00fbe58cb2f1fe2c6159c47636b97a0,selected_q_proxy,strict_valid,emx_minus_frozen_proxy,K_abs,dimensionless,3,0.005428410767789595,0.006507563881746509,-0.0029808462634061395,0.0036713467565751834,0.009078857209107567,0.009754796015674114,PROVISIONAL_SMALL_REQUEST_N,3,0.0021831507245529402,0.010430734822240662,0.0021831507245529402,0.010430734822240662,-0.010430734822240662,0.0036713467565751834,0.0021831507245529402,0.010430734822240662,0.0021831507245529402,0.010430734822240662,0.0021831507245529402,0.010430734822240662,20,3,3,0,0,0,0,0,17,3,3,3,3,,1.0,0.15,1.0,NOT_ESTIMABLE,,,PROVISIONAL_SMALL_REQUEST_N,1.0,1.0,PROVISIONAL_SMALL_REQUEST_N,1.0,1.0,NOT_PRIMARY; use physical units and frozen spans
9,f9-0cd8cd2dd857,FORMAL_10K,HELDOUT_TRIPLE_AUDIT,STRICT_LUMPED,f12d43eace12231077007dc497fee8dad00fbe58cb2f1fe2c6159c47636b97a0,selected_q_proxy,all_finite_diagnostic,emx_minus_target,Lp_nH,nH,3,0.003506699915528988,0.0039956314860224345,-0.0023342129222198027,0.0025888581363623375,0.005455780523481146,0.005814145821870997,PROVISIONAL_SMALL_REQUEST_N,3,0.001758730489963778,0.0061725111202608485,0.001758730489963778,0.0061725111202608485,-0.0061725111202608485,0.001758730489963778,0.001758730489963778,0.0061725111202608485,0.001758730489963778,0.0061725111202608485,0.001758730489963778,0.0061725111202608485,20,3,3,0,0,0,0,0,17,3,3,3,3,,1.0,0.15,1.0,NOT_ESTIMABLE,,,PROVISIONAL_SMALL_REQUEST_N,1.0,1.0,PROVISIONAL_SMALL_REQUEST_N,1.0,1.0,NOT_PRIMARY; use physical units and frozen spans
9,f9-0cd8cd2dd857,FORMAL_10K,HELDOUT_TRIPLE_AUDIT,STRICT_LUMPED,f12d43eace12231077007dc497fee8dad00fbe58cb2f1fe2c6159c47636b97a0,selected_q_proxy,all_finite_diagnostic,emx_minus_target,Ls_nH,nH,3,0.011077748336079848,0.0119730336954482,-0.011077748336079848,0.010546417915435091,0.015619782313166252,0.01625395286288265,PROVISIONAL_SMALL_REQUEST_N,3,0.005798703680205408,0.016888123412599043,0.005798703680205408,0.016888123412599043,-0.016888123412599043,-0.005798703680205408,0.005798703680205408,0.016888123412599043,0.005798703680205408,0.016888123412599043,0.005798703680205408,0.016888123412599043,20,3,3,0,0,0,0,0,17,3,3,3,3,,1.0,0.15,1.0,NOT_ESTIMABLE,,,PROVISIONAL_SMALL_REQUEST_N,1.0,1.0,PROVISIONAL_SMALL_REQUEST_N,1.0,1.0,NOT_PRIMARY; use physical units and frozen spans
9,f9-0cd8cd2dd857,FORMAL_10K,HELDOUT_TRIPLE_AUDIT,STRICT_LUMPED,f12d43eace12231077007dc497fee8dad00fbe58cb2f1fe2c6159c47636b97a0,selected_q_proxy,all_finite_diagnostic,emx_minus_target,Qmin,dimensionless,3,0.06190551043263959,0.0643478620979137,-0.03719078150096481,0.07422867356397234,0.07437834618194188,0.07439705525918808,PROVISIONAL_SMALL_REQUEST_N,3,0.03707209339751216,0.07441576433643426,0.03707209339751216,0.07441576433643426,-0.07441576433643426,0.03707209339751216,0.03707209339751216,0.07441576433643426,0.03707209339751216,0.07441576433643426,0.03707209339751216,0.07441576433643426,20,3,3,0,0,0,0,0,17,3,3,3,3,,1.0,0.15,1.0,NOT_ESTIMABLE,,,PROVISIONAL_SMALL_REQUEST_N,1.0,1.0,PROVISIONAL_SMALL_REQUEST_N,1.0,1.0,NOT_PRIMARY; use physical units and frozen spans
9,f9-0cd8cd2dd857,FORMAL_10K,HELDOUT_TRIPLE_AUDIT,STRICT_LUMPED,f12d43eace12231077007dc497fee8dad00fbe58cb2f1fe2c6159c47636b97a0,selected_q_proxy,all_finite_diagnostic,emx_minus_target,K_abs,dimensionless,3,0.005802381046580578,0.006964470320039404,-0.0035096765804152144,0.0034390566992480442,0.009675314617473351,0.010454846857251515,PROVISIONAL_SMALL_REQUEST_N,3,0.002733707343464009,0.011234379097029679,0.002733707343464009,0.011234379097029679,-0.011234379097029679,0.0034390566992480442,0.002733707343464009,0.011234379097029679,0.002733707343464009,0.011234379097029679,0.002733707343464009,0.011234379097029679,20,3,3,0,0,0,0,0,17,3,3,3,3,,1.0,0.15,1.0,NOT_ESTIMABLE,,,PROVISIONAL_SMALL_REQUEST_N,1.0,1.0,PROVISIONAL_SMALL_REQUEST_N,1.0,1.0,NOT_PRIMARY; use physical units and frozen spans
9,f9-0cd8cd2dd857,FORMAL_10K,HELDOUT_TRIPLE_AUDIT,STRICT_LUMPED,f12d43eace12231077007dc497fee8dad00fbe58cb2f1fe2c6159c47636b97a0,selected_q_proxy,all_finite_diagnostic,emx_minus_frozen_proxy,Lp_nH,nH,3,0.002012839534868268,0.0023066539867086615,-0.0016964968831946574,0.002423031156502331,0.0029973850077741116,0.003069179239183084,PROVISIONAL_SMALL_REQUEST_N,3,0.0004745139775104157,0.0031409734705920567,0.0004745139775104157,0.0031409734705920567,-0.0031409734705920567,0.0004745139775104157,0.0004745139775104157,0.0031409734705920567,0.0004745139775104157,0.0031409734705920567,0.0004745139775104157,0.0031409734705920567,20,3,3,0,0,0,0,0,17,3,3,3,3,,1.0,0.15,1.0,NOT_ESTIMABLE,,,PROVISIONAL_SMALL_REQUEST_N,1.0,1.0,PROVISIONAL_SMALL_REQUEST_N,1.0,1.0,NOT_PRIMARY; use physical units and frozen spans
9,f9-0cd8cd2dd857,FORMAL_10K,HELDOUT_TRIPLE_AUDIT,STRICT_LUMPED,f12d43eace12231077007dc497fee8dad00fbe58cb2f1fe2c6159c47636b97a0,selected_q_proxy,all_finite_diagnostic,emx_minus_frozen_proxy,Ls_nH,nH,3,0.010042856030423283,0.010933769227484517,-0.010042856030423283,0.008679259690767438,0.01444453504531058,0.015165194464628473,PROVISIONAL_SMALL_REQUEST_N,3,0.005563454516556043,0.015885853883946366,0.005563454516556043,0.015885853883946366,-0.015885853883946366,-0.005563454516556043,0.005563454516556043,0.015885853883946366,0.005563454516556043,0.015885853883946366,0.005563454516556043,0.015885853883946366,20,3,3,0,0,0,0,0,17,3,3,3,3,,1.0,0.15,1.0,NOT_ESTIMABLE,,,PROVISIONAL_SMALL_REQUEST_N,1.0,1.0,PROVISIONAL_SMALL_REQUEST_N,1.0,1.0,NOT_PRIMARY; use physical units and frozen spans
9,f9-0cd8cd2dd857,FORMAL_10K,HELDOUT_TRIPLE_AUDIT,STRICT_LUMPED,f12d43eace12231077007dc497fee8dad00fbe58cb2f1fe2c6159c47636b97a0,selected_q_proxy,all_finite_diagnostic,emx_minus_frozen_proxy,Qmin,dimensionless,3,0.048646576411643494,0.0495091600331419,-0.024863905178536427,0.05424650621875848,0.05566467417696082,0.05584194517173611,PROVISIONAL_SMALL_REQUEST_N,3,0.0356740068496606,0.0560192161665114,0.0356740068496606,0.0560192161665114,-0.0560192161665114,0.0356740068496606,0.0356740068496606,0.0560192161665114,0.0356740068496606,0.0560192161665114,0.0356740068496606,0.0560192161665114,20,3,3,0,0,0,0,0,17,3,3,3,3,,1.0,0.15,1.0,NOT_ESTIMABLE,,,PROVISIONAL_SMALL_REQUEST_N,1.0,1.0,PROVISIONAL_SMALL_REQUEST_N,1.0,1.0,NOT_PRIMARY; use physical units and frozen spans
9,f9-0cd8cd2dd857,FORMAL_10K,HELDOUT_TRIPLE_AUDIT,STRICT_LUMPED,f12d43eace12231077007dc497fee8dad00fbe58cb2f1fe2c6159c47636b97a0,selected_q_proxy,all_finite_diagnostic,emx_minus_frozen_proxy,K_abs,dimensionless,3,0.005428410767789595,0.006507563881746509,-0.0029808462634061395,0.0036713467565751834,0.009078857209107567,0.009754796015674114,PROVISIONAL_SMALL_REQUEST_N,3,0.0021831507245529402,0.010430734822240662,0.0021831507245529402,0.010430734822240662,-0.010430734822240662,0.0036713467565751834,0.0021831507245529402,0.010430734822240662,0.0021831507245529402,0.010430734822240662,0.0021831507245529402,0.010430734822240662,20,3,3,0,0,0,0,0,17,3,3,3,3,,1.0,0.15,1.0,NOT_ESTIMABLE,,,PROVISIONAL_SMALL_REQUEST_N,1.0,1.0,PROVISIONAL_SMALL_REQUEST_N,1.0,1.0,NOT_PRIMARY; use physical units and frozen spans
11,f11-07165966aa39,FORMAL_10K,HELDOUT_TRIPLE_AUDIT,STRICT_LUMPED,f12d43eace12231077007dc497fee8dad00fbe58cb2f1fe2c6159c47636b97a0,all_candidates,strict_valid,emx_minus_target,Lp_nH,nH,17,0.08867264435385769,0.13653021247374544,-0.08166319991074499,0.03067856123397461,0.23178763314614517,0.25987693147295193,PROVISIONAL_SMALL_REQUEST_N,2,0.05436007048088887,0.1272742899609476,0.09355463946633549,0.17252400069159188,-0.11610528528367411,-0.05104801291258575,0.015296279190285533,0.09773796661962819,0.17866926579199638,0.2868153867522798,0.22503408105241962,0.3317128122178261,220,18,17,1,0,4,0,0,198,9,18,18,22,,0.4090909090909091,0.04090909090909091,0.5294117647058824,NOT_ESTIMABLE,,,PROVISIONAL_SMALL_REQUEST_N,0.2727272727272727,0.5454545454545454,PROVISIONAL_SMALL_REQUEST_N,0.375,0.6666666666666666,NOT_PRIMARY; use physical units and frozen spans
11,f11-07165966aa39,FORMAL_10K,HELDOUT_TRIPLE_AUDIT,STRICT_LUMPED,f12d43eace12231077007dc497fee8dad00fbe58cb2f1fe2c6159c47636b97a0,all_candidates,strict_valid,emx_minus_target,Ls_nH,nH,17,0.04573050230750876,0.06726453520625071,0.04216752795293444,0.032880767647487597,0.09008947784299637,0.11872590890216313,PROVISIONAL_SMALL_REQUEST_N,2,0.042612372302886885,0.04923839856270837,0.056876053980111946,0.07530509552622963,0.04055725505456293,0.043979084963602394,0.0063997997774472015,0.05208457080130213,0.08241451879076611,0.12756120531134435,0.08277891901579326,0.18940828017561184,220,18,17,1,0,4,0,0,198,9,18,18,22,,0.4090909090909091,0.04090909090909091,0.5294117647058824,NOT_ESTIMABLE,,,PROVISIONAL_SMALL_REQUEST_N,0.2727272727272727,0.5454545454545454,PROVISIONAL_SMALL_REQUEST_N,0.375,0.6666666666666666,NOT_PRIMARY; use physical units and frozen spans
11,f11-07165966aa39,FORMAL_10K,HELDOUT_TRIPLE_AUDIT,STRICT_LUMPED,f12d43eace12231077007dc497fee8dad00fbe58cb2f1fe2c6159c47636b97a0,all_candidates,strict_valid,emx_minus_target,Qmin,dimensionless,17,1.4630732075453157,2.4132557973965727,-1.4027246887030071,0.3442506438406969,4.024704964029558,5.080233606708894,PROVISIONAL_SMALL_REQUEST_N,2,0.7715147629521331,2.241076457712646,1.2670909605469451,3.2510572265353317,-2.241076457712646,-0.6575231162499949,0.3442506438406969,1.3206567694067273,1.8562803593336654,5.660854126566601,3.3492764248732207,6.628554992996111,220,18,17,1,0,4,0,0,198,9,18,18,22,,0.4090909090909091,0.04090909090909091,0.5294117647058824,NOT_ESTIMABLE,,,PROVISIONAL_SMALL_REQUEST_N,0.2727272727272727,0.5454545454545454,PROVISIONAL_SMALL_REQUEST_N,0.375,0.6666666666666666,NOT_PRIMARY; use physical units and frozen spans
11,f11-07165966aa39,FORMAL_10K,HELDOUT_TRIPLE_AUDIT,STRICT_LUMPED,f12d43eace12231077007dc497fee8dad00fbe58cb2f1fe2c6159c47636b97a0,all_candidates,strict_valid,emx_minus_target,K_abs,dimensionless,17,0.02153360202634033,0.03244533559766028,-0.0064015226349059375,0.0104846525160881,0.046834954620160615,0.056648901509779616,PROVISIONAL_SMALL_REQUEST_N,2,0.00904918722865585,0.03557856867373537,0.014484853516464492,0.04473197654114548,-0.007224038339356691,-0.005670397564283046,0.004889931750300169,0.0334909241281546,0.022477107380462963,0.07047278838155921,0.03800199833272311,0.09351259983452515,220,18,17,1,0,4,0,0,198,9,18,18,22,,0.4090909090909091,0.04090909090909091,0.5294117647058824,NOT_ESTIMABLE,,,PROVISIONAL_SMALL_REQUEST_N,0.2727272727272727,0.5454545454545454,PROVISIONAL_SMALL_REQUEST_N,0.375,0.6666666666666666,NOT_PRIMARY; use physical units and frozen spans
11,f11-07165966aa39,FORMAL_10K,HELDOUT_TRIPLE_AUDIT,STRICT_LUMPED,f12d43eace12231077007dc497fee8dad00fbe58cb2f1fe2c6159c47636b97a0,all_candidates,strict_valid,emx_minus_frozen_proxy,Lp_nH,nH,17,0.010088313249085134,0.012421867425945306,-0.0017231290356801775,0.009081710011421551,0.019940973329556577,0.022556990633551516,PROVISIONAL_SMALL_REQUEST_N,2,0.007430712806581585,0.013078113746901626,0.009048596420908396,0.015355184634251602,-0.002981867795234362,-0.0003070479311817198,0.007568760603824831,0.011080809669876901,0.013026423220048551,0.025193968321877036,0.019368951877260177,0.029588931135752894,220,18,17,1,0,4,0,0,198,9,18,18,22,,0.4090909090909091,0.04090909090909091,0.5294117647058824,NOT_ESTIMABLE,,,PROVISIONAL_SMALL_REQUEST_N,0.2727272727272727,0.5454545454545454,PROVISIONAL_SMALL_REQUEST_N,0.375,0.6666666666666666,NOT_PRIMARY; use physical units and frozen spans
11,f11-07165966aa39,FORMAL_10K,HELDOUT_TRIPLE_AUDIT,STRICT_LUMPED,f12d43eace12231077007dc497fee8dad00fbe58cb2f1fe2c6159c47636b97a0,all_candidates,strict_valid,emx_minus_frozen_proxy,Ls_nH,nH,17,0.011764817066286463,0.016525698919860728,0.00801982983765318,0.009447175930012097,0.02516695708800785,0.0351808617147618,PROVISIONAL_SMALL_REQUEST_N,2,0.004957389508232509,0.01942317306909716,0.007292099818675193,0.022814759048525902,0.0026091464119275295,0.014106848691594537,0.0034311377683300393,0.01778930483273089,0.01364551990004568,0.0376169677998377,0.016501758620819595,0.04167714460829752,220,18,17,1,0,4,0,0,198,9,18,18,22,,0.4090909090909091,0.04090909090909091,0.5294117647058824,NOT_ESTIMABLE,,,PROVISIONAL_SMALL_REQUEST_N,0.2727272727272727,0.5454545454545454,PROVISIONAL_SMALL_REQUEST_N,0.375,0.6666666666666666,NOT_PRIMARY; use physical units and frozen spans
11,f11-07165966aa39,FORMAL_10K,HELDOUT_TRIPLE_AUDIT,STRICT_LUMPED,f12d43eace12231077007dc497fee8dad00fbe58cb2f1fe2c6159c47636b97a0,all_candidates,strict_valid,emx_minus_frozen_proxy,Qmin,dimensionless,17,0.18885483291532346,0.23493847596314776,-0.07752157851300838,0.12130134995357267,0.3555193207496611,0.3973610838424739,PROVISIONAL_SMALL_REQUEST_N,2,0.13289648784496588,0.23859558408897463,0.1585990283583465,0.2861825899131102,-0.1290948273873287,-0.03167869062472365,0.10871692639840802,0.24641019234318406,0.27094855797532524,0.4153121776778606,0.2996968636952335,0.5409698345255656,220,18,17,1,0,4,0,0,198,9,18,18,22,,0.4090909090909091,0.04090909090909091,0.5294117647058824,NOT_ESTIMABLE,,,PROVISIONAL_SMALL_REQUEST_N,0.2727272727272727,0.5454545454545454,PROVISIONAL_SMALL_REQUEST_N,0.375,0.6666666666666666,NOT_PRIMARY; use physical units and frozen spans
11,f11-07165966aa39,FORMAL_10K,HELDOUT_TRIPLE_AUDIT,STRICT_LUMPED,f12d43eace12231077007dc497fee8dad00fbe58cb2f1fe2c6159c47636b97a0,all_candidates,strict_valid,emx_minus_frozen_proxy,K_abs,dimensionless,17,0.010529151830696219,0.01674834575140963,0.008580038923847304,0.005368531108563002,0.030480075471147,0.04049922893208526,PROVISIONAL_SMALL_REQUEST_N,2,0.004220562489158931,0.017626314839925668,0.005886812160424827,0.023602779061054992,0.0005389047762220933,0.017626314839925668,0.0021228167808981513,0.009444111030620095,0.009640419572271717,0.042359405202311656,0.012607239832245681,0.04545969898602231,220,18,17,1,0,4,0,0,198,9,18,18,22,,0.4090909090909091,0.04090909090909091,0.5294117647058824,NOT_ESTIMABLE,,,PROVISIONAL_SMALL_REQUEST_N,0.2727272727272727,0.5454545454545454,PROVISIONAL_SMALL_REQUEST_N,0.375,0.6666666666666666,NOT_PRIMARY; use physical units and frozen spans
11,f11-07165966aa39,FORMAL_10K,HELDOUT_TRIPLE_AUDIT,STRICT_LUMPED,f12d43eace12231077007dc497fee8dad00fbe58cb2f1fe2c6159c47636b97a0,all_candidates,all_finite_diagnostic,emx_minus_target,Lp_nH,nH,18,0.087278994771164,0.13352731348880403,-0.08065896390822422,0.0318139892339252,0.2300992451227138,0.2553871889263972,PROVISIONAL_SMALL_REQUEST_N,2,0.05436007048088887,0.12019791906143913,0.09355463946633549,0.16403236366460944,-0.11026991490386269,-0.05104801291258575,0.015296279190285533,0.06358695186537133,0.17866926579199638,0.26885641656606135,0.22503408105241962,0.3317128122178261,220,18,17,1,0,4,0,0,198,9,18,18,22,,0.4090909090909091,0.04090909090909091,0.5294117647058824,NOT_ESTIMABLE,,,PROVISIONAL_SMALL_REQUEST_N,0.2727272727272727,0.5454545454545454,PROVISIONAL_SMALL_REQUEST_N,0.375,0.6666666666666666,NOT_PRIMARY; use physical units and frozen spans
11,f11-07165966aa39,FORMAL_10K,HELDOUT_TRIPLE_AUDIT,STRICT_LUMPED,f12d43eace12231077007dc497fee8dad00fbe58cb2f1fe2c6159c47636b97a0,all_candidates,all_finite_diagnostic,emx_minus_target,Ls_nH,nH,18,0.04681347770573222,0.06715280203270564,0.04344844637085648,0.03622169520744278,0.0882618381361956,0.11430826069757252,PROVISIONAL_SMALL_REQUEST_N,2,0.042612372302886885,0.051014583108577566,0.05786311631318298,0.07530509552622963,0.04055725505456293,0.04633963768715003,0.0063997997774472015,0.0646065188352063,0.08226875870075526,0.12756120531134435,0.08277891901579326,0.18940828017561184,220,18,17,1,0,4,0,0,198,9,18,18,22,,0.4090909090909091,0.04090909090909091,0.5294117647058824,NOT_ESTIMABLE,,,PROVISIONAL_SMALL_REQUEST_N,0.2727272727272727,0.5454545454545454,PROVISIONAL_SMALL_REQUEST_N,0.375,0.6666666666666666,NOT_PRIMARY; use physical units and frozen spans
11,f11-07165966aa39,FORMAL_10K,HELDOUT_TRIPLE_AUDIT,STRICT_LUMPED,f12d43eace12231077007dc497fee8dad00fbe58cb2f1fe2c6159c47636b97a0,all_candidates,all_finite_diagnostic,emx_minus_target,Qmin,dimensionless,18,1.4673124525622914,2.37316420102189,-1.4103166292112224,0.36236055799870126,3.9132969146783037,4.983463520065941,PROVISIONAL_SMALL_REQUEST_N,2,0.7715147629521331,2.16311014217245,1.2670909605469451,3.1077800996408915,-2.16311014217245,-0.6575231162499949,0.3442506438406969,1.53937961785088,1.8562803593336654,5.273773779994799,3.3492764248732207,6.628554992996111,220,18,17,1,0,4,0,0,198,9,18,18,22,,0.4090909090909091,0.04090909090909091,0.5294117647058824,NOT_ESTIMABLE,,,PROVISIONAL_SMALL_REQUEST_N,0.2727272727272727,0.5454545454545454,PROVISIONAL_SMALL_REQUEST_N,0.375,0.6666666666666666,NOT_PRIMARY; use physical units and frozen spans
11,f11-07165966aa39,FORMAL_10K,HELDOUT_TRIPLE_AUDIT,STRICT_LUMPED,f12d43eace12231077007dc497fee8dad00fbe58cb2f1fe2c6159c47636b97a0,all_candidates,all_finite_diagnostic,emx_minus_target,K_abs,dimensionless,18,0.02254389844277993,0.03289164925483727,-0.0038392748483971,0.013154117601362633,0.046735284235421844,0.05434492036448299,PROVISIONAL_SMALL_REQUEST_N,2,0.00904918722865585,0.03603860965690401,0.014484853516464492,0.04420305645555566,-0.005670397564283046,-0.002008152132511154,0.004889931750300169,0.03693630020456484,0.022477107380462963,0.06125686380037287,0.03800199833272311,0.09351259983452515,220,18,17,1,0,4,0,0,198,9,18,18,22,,0.4090909090909091,0.04090909090909091,0.5294117647058824,NOT_ESTIMABLE,,,PROVISIONAL_SMALL_REQUEST_N,0.2727272727272727,0.5454545454545454,PROVISIONAL_SMALL_REQUEST_N,0.375,0.6666666666666666,NOT_PRIMARY; use physical units and frozen spans
11,f11-07165966aa39,FORMAL_10K,HELDOUT_TRIPLE_AUDIT,STRICT_LUMPED,f12d43eace12231077007dc497fee8dad00fbe58cb2f1fe2c6159c47636b97a0,all_candidates,all_finite_diagnostic,emx_minus_frozen_proxy,Lp_nH,nH,18,0.010055667135449475,0.012277826484375825,-0.0010995839112733189,0.009291196607532415,0.019797967966482477,0.022117494352163924,PROVISIONAL_SMALL_REQUEST_N,2,0.007430712806581585,0.012680621464317365,0.009048596420908396,0.014819343749721329,-0.002981867795234362,0.0007826999726877245,0.007568760603824831,0.011037758010931764,0.013026423220048551,0.0234359831963267,0.019368951877260177,0.029588931135752894,220,18,17,1,0,4,0,0,198,9,18,18,22,,0.4090909090909091,0.04090909090909091,0.5294117647058824,NOT_ESTIMABLE,,,PROVISIONAL_SMALL_REQUEST_N,0.2727272727272727,0.5454545454545454,PROVISIONAL_SMALL_REQUEST_N,0.375,0.6666666666666666,NOT_PRIMARY; use physical units and frozen spans
11,f11-07165966aa39,FORMAL_10K,HELDOUT_TRIPLE_AUDIT,STRICT_LUMPED,f12d43eace12231077007dc497fee8dad00fbe58cb2f1fe2c6159c47636b97a0,all_candidates,all_finite_diagnostic,emx_minus_frozen_proxy,Ls_nH,nH,18,0.012675811300496541,0.017377854267294757,0.009138878917898441,0.010934296760577333,0.029780936594860877,0.03477484403391581,PROVISIONAL_SMALL_REQUEST_N,2,0.004957389508232509,0.020394233092760575,0.007292099818675193,0.02346923343667506,0.0026091464119275295,0.015668611423869352,0.0034311377683300393,0.018419052666496016,0.01364551990004568,0.03599289707645377,0.016501758620819595,0.04167714460829752,220,18,17,1,0,4,0,0,198,9,18,18,22,,0.4090909090909091,0.04090909090909091,0.5294117647058824,NOT_ESTIMABLE,,,PROVISIONAL_SMALL_REQUEST_N,0.2727272727272727,0.5454545454545454,PROVISIONAL_SMALL_REQUEST_N,0.375,0.6666666666666666,NOT_PRIMARY; use physical units and frozen spans
11,f11-07165966aa39,FORMAL_10K,HELDOUT_TRIPLE_AUDIT,STRICT_LUMPED,f12d43eace12231077007dc497fee8dad00fbe58cb2f1fe2c6159c47636b97a0,all_candidates,all_finite_diagnostic,emx_minus_frozen_proxy,Qmin,dimensionless,18,0.20424146079545094,0.2533460847047484,-0.09909338719326449,0.1631125095285313,0.39276546774747634,0.47708748972281034,PROVISIONAL_SMALL_REQUEST_N,2,0.16988733750192728,0.23859558408897463,0.21556438133670347,0.2861825899131102,-0.16650808376180531,-0.03167869062472365,0.11611656830669759,0.24641019234318406,0.3495320450139491,0.4153121776778606,0.46581413475761835,0.5409698345255656,220,18,17,1,0,4,0,0,198,9,18,18,22,,0.4090909090909091,0.04090909090909091,0.5294117647058824,NOT_ESTIMABLE,,,PROVISIONAL_SMALL_REQUEST_N,0.2727272727272727,0.5454545454545454,PROVISIONAL_SMALL_REQUEST_N,0.375,0.6666666666666666,NOT_PRIMARY; use physical units and frozen spans
11,f11-07165966aa39,FORMAL_10K,HELDOUT_TRIPLE_AUDIT,STRICT_LUMPED,f12d43eace12231077007dc497fee8dad00fbe58cb2f1fe2c6159c47636b97a0,all_candidates,all_finite_diagnostic,emx_minus_frozen_proxy,K_abs,dimensionless,18,0.011988467730061918,0.018443047079178012,0.010147638873593498,0.006115381913651824,0.03753552003907546,0.04018919955371419,PROVISIONAL_SMALL_REQUEST_N,2,0.004220562489158931,0.019756372970964903,0.005886812160424827,0.02540939616987046,0.0005389047762220933,0.019756372970964903,0.0021228167808981513,0.01101590334906527,0.009640419572271717,0.041119287688827395,0.012607239832245681,0.04545969898602231,220,18,17,1,0,4,0,0,198,9,18,18,22,,0.4090909090909091,0.04090909090909091,0.5294117647058824,NOT_ESTIMABLE,,,PROVISIONAL_SMALL_REQUEST_N,0.2727272727272727,0.5454545454545454,PROVISIONAL_SMALL_REQUEST_N,0.375,0.6666666666666666,NOT_PRIMARY; use physical units and frozen spans
11,f11-07165966aa39,FORMAL_10K,HELDOUT_TRIPLE_AUDIT,STRICT_LUMPED,f12d43eace12231077007dc497fee8dad00fbe58cb2f1fe2c6159c47636b97a0,selected_q_proxy,strict_valid,emx_minus_target,Lp_nH,nH,2,0.011295725178097071,0.011614334449458115,0.002701732297022308,0.011295725178097071,0.013457111015714918,0.013727284245417148,PROVISIONAL_SMALL_REQUEST_N,2,0.008593992881074763,0.01399745747511938,0.008593992881074763,0.01399745747511938,-0.008593992881074763,0.01399745747511938,0.008593992881074763,0.01399745747511938,0.008593992881074763,0.01399745747511938,0.008593992881074763,0.01399745747511938,20,2,2,0,0,0,0,0,18,1,2,2,2,,0.5,0.05,0.5,NOT_ESTIMABLE,,,PROVISIONAL_SMALL_REQUEST_N,0.0,1.0,PROVISIONAL_SMALL_REQUEST_N,0.0,1.0,NOT_PRIMARY; use physical units and frozen spans
11,f11-07165966aa39,FORMAL_10K,HELDOUT_TRIPLE_AUDIT,STRICT_LUMPED,f12d43eace12231077007dc497fee8dad00fbe58cb2f1fe2c6159c47636b97a0,selected_q_proxy,strict_valid,emx_minus_target,Ls_nH,nH,2,0.017352486606705075,0.023285967953198875,0.015528281040782521,0.017352486606705075,0.029775111439331092,0.031327939543409344,PROVISIONAL_SMALL_REQUEST_N,2,0.0018242055659225542,0.032880767647487597,0.0018242055659225542,0.032880767647487597,-0.0018242055659225542,0.032880767647487597,0.0018242055659225542,0.032880767647487597,0.0018242055659225542,0.032880767647487597,0.0018242055659225542,0.032880767647487597,20,2,2,0,0,0,0,0,18,1,2,2,2,,0.5,0.05,0.5,NOT_ESTIMABLE,,,PROVISIONAL_SMALL_REQUEST_N,0.0,1.0,PROVISIONAL_SMALL_REQUEST_N,0.0,1.0,NOT_PRIMARY; use physical units and frozen spans
11,f11-07165966aa39,FORMAL_10K,HELDOUT_TRIPLE_AUDIT,STRICT_LUMPED,f12d43eace12231077007dc497fee8dad00fbe58cb2f1fe2c6159c47636b97a0,selected_q_proxy,strict_valid,emx_minus_target,Qmin,dimensionless,2,0.10589204402732655,0.10716622121318135,-0.016476467486304713,0.10589204402732655,0.11907321801637032,0.1207208647650008,PROVISIONAL_SMALL_REQUEST_N,2,0.08941557654102184,0.12236851151363126,0.08941557654102184,0.12236851151363126,-0.12236851151363126,0.08941557654102184,0.08941557654102184,0.12236851151363126,0.08941557654102184,0.12236851151363126,0.08941557654102184,0.12236851151363126,20,2,2,0,0,0,0,0,18,1,2,2,2,,0.5,0.05,0.5,NOT_ESTIMABLE,,,PROVISIONAL_SMALL_REQUEST_N,0.0,1.0,PROVISIONAL_SMALL_REQUEST_N,0.0,1.0,NOT_PRIMARY; use physical units and frozen spans
11,f11-07165966aa39,FORMAL_10K,HELDOUT_TRIPLE_AUDIT,STRICT_LUMPED,f12d43eace12231077007dc497fee8dad00fbe58cb2f1fe2c6159c47636b97a0,selected_q_proxy,strict_valid,emx_minus_target,K_abs,dimensionless,2,0.02685508178129098,0.03323580103147321,0.02685508178129098,0.02685508178129098,0.04252003482122261,0.04447815395121406,PROVISIONAL_SMALL_REQUEST_N,2,0.007273890481376444,0.046436273081205515,0.007273890481376444,0.046436273081205515,0.007273890481376444,0.046436273081205515,0.007273890481376444,0.046436273081205515,0.007273890481376444,0.046436273081205515,0.007273890481376444,0.046436273081205515,20,2,2,0,0,0,0,0,18,1,2,2,2,,0.5,0.05,0.5,NOT_ESTIMABLE,,,PROVISIONAL_SMALL_REQUEST_N,0.0,1.0,PROVISIONAL_SMALL_REQUEST_N,0.0,1.0,NOT_PRIMARY; use physical units and frozen spans
11,f11-07165966aa39,FORMAL_10K,HELDOUT_TRIPLE_AUDIT,STRICT_LUMPED,f12d43eace12231077007dc497fee8dad00fbe58cb2f1fe2c6159c47636b97a0,selected_q_proxy,strict_valid,emx_minus_frozen_proxy,Lp_nH,nH,2,0.014183883055913005,0.015650635245891366,0.0066151224520881735,0.014183883055913005,0.019475981017583542,0.02013749326279236,PROVISIONAL_SMALL_REQUEST_N,2,0.007568760603824831,0.020799005508001178,0.007568760603824831,0.020799005508001178,-0.007568760603824831,0.020799005508001178,0.007568760603824831,0.020799005508001178,0.007568760603824831,0.020799005508001178,0.007568760603824831,0.020799005508001178,20,2,2,0,0,0,0,0,18,1,2,2,2,,0.5,0.05,0.5,NOT_ESTIMABLE,,,PROVISIONAL_SMALL_REQUEST_N,0.0,1.0,PROVISIONAL_SMALL_REQUEST_N,0.0,1.0,NOT_PRIMARY; use physical units and frozen spans
11,f11-07165966aa39,FORMAL_10K,HELDOUT_TRIPLE_AUDIT,STRICT_LUMPED,f12d43eace12231077007dc497fee8dad00fbe58cb2f1fe2c6159c47636b97a0,selected_q_proxy,strict_valid,emx_minus_frozen_proxy,Ls_nH,nH,2,0.017797132774308055,0.02377193223331259,0.015759658217069816,0.017797132774308055,0.03040485934796391,0.03198082516967089,PROVISIONAL_SMALL_REQUEST_N,2,0.002037474557238239,0.03355679099137787,0.002037474557238239,0.03355679099137787,-0.002037474557238239,0.03355679099137787,0.002037474557238239,0.03355679099137787,0.002037474557238239,0.03355679099137787,0.002037474557238239,0.03355679099137787,20,2,2,0,0,0,0,0,18,1,2,2,2,,0.5,0.05,0.5,NOT_ESTIMABLE,,,PROVISIONAL_SMALL_REQUEST_N,0.0,1.0,PROVISIONAL_SMALL_REQUEST_N,0.0,1.0,NOT_PRIMARY; use physical units and frozen spans
11,f11-07165966aa39,FORMAL_10K,HELDOUT_TRIPLE_AUDIT,STRICT_LUMPED,f12d43eace12231077007dc497fee8dad00fbe58cb2f1fe2c6159c47636b97a0,selected_q_proxy,strict_valid,emx_minus_frozen_proxy,Qmin,dimensionless,2,0.10671554179954335,0.10770771866990884,-0.014585808154029323,0.10671554179954335,0.1183841883227668,0.11984276913816974,PROVISIONAL_SMALL_REQUEST_N,2,0.09212973364551402,0.12130134995357267,0.09212973364551402,0.12130134995357267,-0.12130134995357267,0.09212973364551402,0.09212973364551402,0.12130134995357267,0.09212973364551402,0.12130134995357267,0.09212973364551402,0.12130134995357267,20,2,2,0,0,0,0,0,18,1,2,2,2,,0.5,0.05,0.5,NOT_ESTIMABLE,,,PROVISIONAL_SMALL_REQUEST_N,0.0,1.0,PROVISIONAL_SMALL_REQUEST_N,0.0,1.0,NOT_PRIMARY; use physical units and frozen spans
11,f11-07165966aa39,FORMAL_10K,HELDOUT_TRIPLE_AUDIT,STRICT_LUMPED,f12d43eace12231077007dc497fee8dad00fbe58cb2f1fe2c6159c47636b97a0,selected_q_proxy,strict_valid,emx_minus_frozen_proxy,K_abs,dimensionless,2,0.02616096585238148,0.03250903312762403,0.02616096585238148,0.02616096585238148,0.041599952359294146,0.04352982567265823,PROVISIONAL_SMALL_REQUEST_N,2,0.006862232718740646,0.04545969898602231,0.006862232718740646,0.04545969898602231,0.006862232718740646,0.04545969898602231,0.006862232718740646,0.04545969898602231,0.006862232718740646,0.04545969898602231,0.006862232718740646,0.04545969898602231,20,2,2,0,0,0,0,0,18,1,2,2,2,,0.5,0.05,0.5,NOT_ESTIMABLE,,,PROVISIONAL_SMALL_REQUEST_N,0.0,1.0,PROVISIONAL_SMALL_REQUEST_N,0.0,1.0,NOT_PRIMARY; use physical units and frozen spans
11,f11-07165966aa39,FORMAL_10K,HELDOUT_TRIPLE_AUDIT,STRICT_LUMPED,f12d43eace12231077007dc497fee8dad00fbe58cb2f1fe2c6159c47636b97a0,selected_q_proxy,all_finite_diagnostic,emx_minus_target,Lp_nH,nH,2,0.011295725178097071,0.011614334449458115,0.002701732297022308,0.011295725178097071,0.013457111015714918,0.013727284245417148,PROVISIONAL_SMALL_REQUEST_N,2,0.008593992881074763,0.01399745747511938,0.008593992881074763,0.01399745747511938,-0.008593992881074763,0.01399745747511938,0.008593992881074763,0.01399745747511938,0.008593992881074763,0.01399745747511938,0.008593992881074763,0.01399745747511938,20,2,2,0,0,0,0,0,18,1,2,2,2,,0.5,0.05,0.5,NOT_ESTIMABLE,,,PROVISIONAL_SMALL_REQUEST_N,0.0,1.0,PROVISIONAL_SMALL_REQUEST_N,0.0,1.0,NOT_PRIMARY; use physical units and frozen spans
11,f11-07165966aa39,FORMAL_10K,HELDOUT_TRIPLE_AUDIT,STRICT_LUMPED,f12d43eace12231077007dc497fee8dad00fbe58cb2f1fe2c6159c47636b97a0,selected_q_proxy,all_finite_diagnostic,emx_minus_target,Ls_nH,nH,2,0.017352486606705075,0.023285967953198875,0.015528281040782521,0.017352486606705075,0.029775111439331092,0.031327939543409344,PROVISIONAL_SMALL_REQUEST_N,2,0.0018242055659225542,0.032880767647487597,0.0018242055659225542,0.032880767647487597,-0.0018242055659225542,0.032880767647487597,0.0018242055659225542,0.032880767647487597,0.0018242055659225542,0.032880767647487597,0.0018242055659225542,0.032880767647487597,20,2,2,0,0,0,0,0,18,1,2,2,2,,0.5,0.05,0.5,NOT_ESTIMABLE,,,PROVISIONAL_SMALL_REQUEST_N,0.0,1.0,PROVISIONAL_SMALL_REQUEST_N,0.0,1.0,NOT_PRIMARY; use physical units and frozen spans
11,f11-07165966aa39,FORMAL_10K,HELDOUT_TRIPLE_AUDIT,STRICT_LUMPED,f12d43eace12231077007dc497fee8dad00fbe58cb2f1fe2c6159c47636b97a0,selected_q_proxy,all_finite_diagnostic,emx_minus_target,Qmin,dimensionless,2,0.10589204402732655,0.10716622121318135,-0.016476467486304713,0.10589204402732655,0.11907321801637032,0.1207208647650008,PROVISIONAL_SMALL_REQUEST_N,2,0.08941557654102184,0.12236851151363126,0.08941557654102184,0.12236851151363126,-0.12236851151363126,0.08941557654102184,0.08941557654102184,0.12236851151363126,0.08941557654102184,0.12236851151363126,0.08941557654102184,0.12236851151363126,20,2,2,0,0,0,0,0,18,1,2,2,2,,0.5,0.05,0.5,NOT_ESTIMABLE,,,PROVISIONAL_SMALL_REQUEST_N,0.0,1.0,PROVISIONAL_SMALL_REQUEST_N,0.0,1.0,NOT_PRIMARY; use physical units and frozen spans
11,f11-07165966aa39,FORMAL_10K,HELDOUT_TRIPLE_AUDIT,STRICT_LUMPED,f12d43eace12231077007dc497fee8dad00fbe58cb2f1fe2c6159c47636b97a0,selected_q_proxy,all_finite_diagnostic,emx_minus_target,K_abs,dimensionless,2,0.02685508178129098,0.03323580103147321,0.02685508178129098,0.02685508178129098,0.04252003482122261,0.04447815395121406,PROVISIONAL_SMALL_REQUEST_N,2,0.007273890481376444,0.046436273081205515,0.007273890481376444,0.046436273081205515,0.007273890481376444,0.046436273081205515,0.007273890481376444,0.046436273081205515,0.007273890481376444,0.046436273081205515,0.007273890481376444,0.046436273081205515,20,2,2,0,0,0,0,0,18,1,2,2,2,,0.5,0.05,0.5,NOT_ESTIMABLE,,,PROVISIONAL_SMALL_REQUEST_N,0.0,1.0,PROVISIONAL_SMALL_REQUEST_N,0.0,1.0,NOT_PRIMARY; use physical units and frozen spans
11,f11-07165966aa39,FORMAL_10K,HELDOUT_TRIPLE_AUDIT,STRICT_LUMPED,f12d43eace12231077007dc497fee8dad00fbe58cb2f1fe2c6159c47636b97a0,selected_q_proxy,all_finite_diagnostic,emx_minus_frozen_proxy,Lp_nH,nH,2,0.014183883055913005,0.015650635245891366,0.0066151224520881735,0.014183883055913005,0.019475981017583542,0.02013749326279236,PROVISIONAL_SMALL_REQUEST_N,2,0.007568760603824831,0.020799005508001178,0.007568760603824831,0.020799005508001178,-0.007568760603824831,0.020799005508001178,0.007568760603824831,0.020799005508001178,0.007568760603824831,0.020799005508001178,0.007568760603824831,0.020799005508001178,20,2,2,0,0,0,0,0,18,1,2,2,2,,0.5,0.05,0.5,NOT_ESTIMABLE,,,PROVISIONAL_SMALL_REQUEST_N,0.0,1.0,PROVISIONAL_SMALL_REQUEST_N,0.0,1.0,NOT_PRIMARY; use physical units and frozen spans
11,f11-07165966aa39,FORMAL_10K,HELDOUT_TRIPLE_AUDIT,STRICT_LUMPED,f12d43eace12231077007dc497fee8dad00fbe58cb2f1fe2c6159c47636b97a0,selected_q_proxy,all_finite_diagnostic,emx_minus_frozen_proxy,Ls_nH,nH,2,0.017797132774308055,0.02377193223331259,0.015759658217069816,0.017797132774308055,0.03040485934796391,0.03198082516967089,PROVISIONAL_SMALL_REQUEST_N,2,0.002037474557238239,0.03355679099137787,0.002037474557238239,0.03355679099137787,-0.002037474557238239,0.03355679099137787,0.002037474557238239,0.03355679099137787,0.002037474557238239,0.03355679099137787,0.002037474557238239,0.03355679099137787,20,2,2,0,0,0,0,0,18,1,2,2,2,,0.5,0.05,0.5,NOT_ESTIMABLE,,,PROVISIONAL_SMALL_REQUEST_N,0.0,1.0,PROVISIONAL_SMALL_REQUEST_N,0.0,1.0,NOT_PRIMARY; use physical units and frozen spans
11,f11-07165966aa39,FORMAL_10K,HELDOUT_TRIPLE_AUDIT,STRICT_LUMPED,f12d43eace12231077007dc497fee8dad00fbe58cb2f1fe2c6159c47636b97a0,selected_q_proxy,all_finite_diagnostic,emx_minus_frozen_proxy,Qmin,dimensionless,2,0.10671554179954335,0.10770771866990884,-0.014585808154029323,0.10671554179954335,0.1183841883227668,0.11984276913816974,PROVISIONAL_SMALL_REQUEST_N,2,0.09212973364551402,0.12130134995357267,0.09212973364551402,0.12130134995357267,-0.12130134995357267,0.09212973364551402,0.09212973364551402,0.12130134995357267,0.09212973364551402,0.12130134995357267,0.09212973364551402,0.12130134995357267,20,2,2,0,0,0,0,0,18,1,2,2,2,,0.5,0.05,0.5,NOT_ESTIMABLE,,,PROVISIONAL_SMALL_REQUEST_N,0.0,1.0,PROVISIONAL_SMALL_REQUEST_N,0.0,1.0,NOT_PRIMARY; use physical units and frozen spans
11,f11-07165966aa39,FORMAL_10K,HELDOUT_TRIPLE_AUDIT,STRICT_LUMPED,f12d43eace12231077007dc497fee8dad00fbe58cb2f1fe2c6159c47636b97a0,selected_q_proxy,all_finite_diagnostic,emx_minus_frozen_proxy,K_abs,dimensionless,2,0.02616096585238148,0.03250903312762403,0.02616096585238148,0.02616096585238148,0.041599952359294146,0.04352982567265823,PROVISIONAL_SMALL_REQUEST_N,2,0.006862232718740646,0.04545969898602231,0.006862232718740646,0.04545969898602231,0.006862232718740646,0.04545969898602231,0.006862232718740646,0.04545969898602231,0.006862232718740646,0.04545969898602231,0.006862232718740646,0.04545969898602231,20,2,2,0,0,0,0,0,18,1,2,2,2,,0.5,0.05,0.5,NOT_ESTIMABLE,,,PROVISIONAL_SMALL_REQUEST_N,0.0,1.0,PROVISIONAL_SMALL_REQUEST_N,0.0,1.0,NOT_PRIMARY; use physical units and frozen spans
12,f12-bbbcad303b3e,FORMAL_10K,HELDOUT_TRIPLE_AUDIT,STRICT_LUMPED,f12d43eace12231077007dc497fee8dad00fbe58cb2f1fe2c6159c47636b97a0,all_candidates,strict_valid,emx_minus_target,Lp_nH,nH,20,0.08872590107628302,0.12492954848632758,0.010410908190620493,0.040897137706035314,0.21189143427778565,0.22228733451171154,PROVISIONAL_SMALL_REQUEST_N,2,0.07653883039874163,0.10091297175382441,0.10899636094925365,0.1390488312421768,-0.07449713729213041,0.0953189536733714,0.03512041615162742,0.05871265299161221,0.18701918086005123,0.22403115121286385,0.210930091663033,0.2554198518336046,220,20,20,0,3,2,0,0,195,12,20,20,22,,0.5454545454545454,0.05454545454545454,0.6,NOT_ESTIMABLE,,,PROVISIONAL_SMALL_REQUEST_N,0.5454545454545454,0.5454545454545454,PROVISIONAL_SMALL_REQUEST_N,0.6,0.6,NOT_PRIMARY; use physical units and frozen spans
12,f12-bbbcad303b3e,FORMAL_10K,HELDOUT_TRIPLE_AUDIT,STRICT_LUMPED,f12d43eace12231077007dc497fee8dad00fbe58cb2f1fe2c6159c47636b97a0,all_candidates,strict_valid,emx_minus_target,Ls_nH,nH,20,0.09711738226890082,0.14044410685952768,-0.02726359284714337,0.10131904582990714,0.2659699612849543,0.32426774509201906,PROVISIONAL_SMALL_REQUEST_N,2,0.05741440054876279,0.13682036398903885,0.07590217738248847,0.18354278458097478,-0.1119168249347259,0.05738963924043916,0.05533197276366719,0.11062411837902297,0.11129005936535681,0.3242800781088086,0.11184924625500703,0.324502072411021,220,20,20,0,3,2,0,0,195,12,20,20,22,,0.5454545454545454,0.05454545454545454,0.6,NOT_ESTIMABLE,,,PROVISIONAL_SMALL_REQUEST_N,0.5454545454545454,0.5454545454545454,PROVISIONAL_SMALL_REQUEST_N,0.6,0.6,NOT_PRIMARY; use physical units and frozen spans
12,f12-bbbcad303b3e,FORMAL_10K,HELDOUT_TRIPLE_AUDIT,STRICT_LUMPED,f12d43eace12231077007dc497fee8dad00fbe58cb2f1fe2c6159c47636b97a0,all_candidates,strict_valid,emx_minus_target,Qmin,dimensionless,20,1.1825597480369474,1.734641258262428,-1.0756251086073616,0.63465841960085,3.103008193519719,3.722568396711683,PROVISIONAL_SMALL_REQUEST_N,2,1.126946862455985,1.23817263361791,1.6786305144806168,1.7888991546722408,-1.178966035541856,-0.9722841816728669,0.5893650560286696,0.6764145698304489,2.9387551988857696,3.114932053876557,3.716606466533264,3.835845070101641,220,20,20,0,3,2,0,0,195,12,20,20,22,,0.5454545454545454,0.05454545454545454,0.6,NOT_ESTIMABLE,,,PROVISIONAL_SMALL_REQUEST_N,0.5454545454545454,0.5454545454545454,PROVISIONAL_SMALL_REQUEST_N,0.6,0.6,NOT_PRIMARY; use physical units and frozen spans
12,f12-bbbcad303b3e,FORMAL_10K,HELDOUT_TRIPLE_AUDIT,STRICT_LUMPED,f12d43eace12231077007dc497fee8dad00fbe58cb2f1fe2c6159c47636b97a0,all_candidates,strict_valid,emx_minus_target,K_abs,dimensionless,20,0.023536645033134317,0.04463267875137472,0.020469106389005825,0.008575435116024335,0.06756453765307617,0.12530770595409987,PROVISIONAL_SMALL_REQUEST_N,2,0.007719646582433427,0.0393536434838352,0.010520122924791969,0.062237280135736164,0.002314725406797201,0.038623487371214446,0.008041758463770907,0.010133712807496004,0.01209169722768435,0.12547292825492762,0.025680956432576438,0.12844692966982665,220,20,20,0,3,2,0,0,195,12,20,20,22,,0.5454545454545454,0.05454545454545454,0.6,NOT_ESTIMABLE,,,PROVISIONAL_SMALL_REQUEST_N,0.5454545454545454,0.5454545454545454,PROVISIONAL_SMALL_REQUEST_N,0.6,0.6,NOT_PRIMARY; use physical units and frozen spans
12,f12-bbbcad303b3e,FORMAL_10K,HELDOUT_TRIPLE_AUDIT,STRICT_LUMPED,f12d43eace12231077007dc497fee8dad00fbe58cb2f1fe2c6159c47636b97a0,all_candidates,strict_valid,emx_minus_frozen_proxy,Lp_nH,nH,20,0.011503159617601576,0.013430310831161262,0.006146051065493241,0.012120868255278694,0.020277939833637373,0.020705658477190615,PROVISIONAL_SMALL_REQUEST_N,2,0.009330044512851554,0.0136762747223516,0.011174734604969313,0.015358118522518192,0.005747405795604977,0.006544696335381506,0.006799575633354649,0.01580556081142348,0.01705504687748603,0.020314603501077368,0.020687326643470616,0.021053963317870572,220,20,20,0,3,2,0,0,195,12,20,20,22,,0.5454545454545454,0.05454545454545454,0.6,NOT_ESTIMABLE,,,PROVISIONAL_SMALL_REQUEST_N,0.5454545454545454,0.5454545454545454,PROVISIONAL_SMALL_REQUEST_N,0.6,0.6,NOT_PRIMARY; use physical units and frozen spans
12,f12-bbbcad303b3e,FORMAL_10K,HELDOUT_TRIPLE_AUDIT,STRICT_LUMPED,f12d43eace12231077007dc497fee8dad00fbe58cb2f1fe2c6159c47636b97a0,all_candidates,strict_valid,emx_minus_frozen_proxy,Ls_nH,nH,20,0.014650171053943317,0.017058638296678922,0.01337422643604912,0.015371439586806535,0.025973443272700857,0.0259819962305227,PROVISIONAL_SMALL_REQUEST_N,2,0.014158193025846578,0.015142149082040058,0.016334787873784548,0.017752999357638216,0.01160630379005818,0.015142149082040058,0.014331674034406272,0.015371439586806535,0.022496045528301915,0.025984395565480666,0.025163120603451494,0.026027583594724124,220,20,20,0,3,2,0,0,195,12,20,20,22,,0.5454545454545454,0.05454545454545454,0.6,NOT_ESTIMABLE,,,PROVISIONAL_SMALL_REQUEST_N,0.5454545454545454,0.5454545454545454,PROVISIONAL_SMALL_REQUEST_N,0.6,0.6,NOT_PRIMARY; use physical units and frozen spans
12,f12-bbbcad303b3e,FORMAL_10K,HELDOUT_TRIPLE_AUDIT,STRICT_LUMPED,f12d43eace12231077007dc497fee8dad00fbe58cb2f1fe2c6159c47636b97a0,all_candidates,strict_valid,emx_minus_frozen_proxy,Qmin,dimensionless,20,0.17909692743731886,0.21470471377031222,-0.02767770183856273,0.18492996316576882,0.3021146551600183,0.3365950212521825,PROVISIONAL_SMALL_REQUEST_N,2,0.16013896822316748,0.19805488665147025,0.1894595570989852,0.2372789591477503,-0.0866050320451814,0.031249628368055938,0.16732047994786825,0.20261506952110864,0.25954615623245025,0.34431594841924584,0.29914138416834035,0.4832926374263842,220,20,20,0,3,2,0,0,195,12,20,20,22,,0.5454545454545454,0.05454545454545454,0.6,NOT_ESTIMABLE,,,PROVISIONAL_SMALL_REQUEST_N,0.5454545454545454,0.5454545454545454,PROVISIONAL_SMALL_REQUEST_N,0.6,0.6,NOT_PRIMARY; use physical units and frozen spans
12,f12-bbbcad303b3e,FORMAL_10K,HELDOUT_TRIPLE_AUDIT,STRICT_LUMPED,f12d43eace12231077007dc497fee8dad00fbe58cb2f1fe2c6159c47636b97a0,all_candidates,strict_valid,emx_minus_frozen_proxy,K_abs,dimensionless,20,0.004327894906481453,0.005499929469510704,0.0011819805158798957,0.003672634314294501,0.009244232841091828,0.01011048333081222,PROVISIONAL_SMALL_REQUEST_N,2,0.0035323262988727635,0.005123463514090143,0.00409321429245219,0.006613928113855617,0.0009471721952795276,0.0014167888364802635,0.003672634314294501,0.0036741323317701635,0.005414241585722928,0.010265313511736384,0.0075314568847674596,0.013052256768371295,220,20,20,0,3,2,0,0,195,12,20,20,22,,0.5454545454545454,0.05454545454545454,0.6,NOT_ESTIMABLE,,,PROVISIONAL_SMALL_REQUEST_N,0.5454545454545454,0.5454545454545454,PROVISIONAL_SMALL_REQUEST_N,0.6,0.6,NOT_PRIMARY; use physical units and frozen spans
12,f12-bbbcad303b3e,FORMAL_10K,HELDOUT_TRIPLE_AUDIT,STRICT_LUMPED,f12d43eace12231077007dc497fee8dad00fbe58cb2f1fe2c6159c47636b97a0,all_candidates,all_finite_diagnostic,emx_minus_target,Lp_nH,nH,20,0.08872590107628302,0.12492954848632758,0.010410908190620493,0.040897137706035314,0.21189143427778565,0.22228733451171154,PROVISIONAL_SMALL_REQUEST_N,2,0.07653883039874163,0.10091297175382441,0.10899636094925365,0.1390488312421768,-0.07449713729213041,0.0953189536733714,0.03512041615162742,0.05871265299161221,0.18701918086005123,0.22403115121286385,0.210930091663033,0.2554198518336046,220,20,20,0,3,2,0,0,195,12,20,20,22,,0.5454545454545454,0.05454545454545454,0.6,NOT_ESTIMABLE,,,PROVISIONAL_SMALL_REQUEST_N,0.5454545454545454,0.5454545454545454,PROVISIONAL_SMALL_REQUEST_N,0.6,0.6,NOT_PRIMARY; use physical units and frozen spans
12,f12-bbbcad303b3e,FORMAL_10K,HELDOUT_TRIPLE_AUDIT,STRICT_LUMPED,f12d43eace12231077007dc497fee8dad00fbe58cb2f1fe2c6159c47636b97a0,all_candidates,all_finite_diagnostic,emx_minus_target,Ls_nH,nH,20,0.09711738226890082,0.14044410685952768,-0.02726359284714337,0.10131904582990714,0.2659699612849543,0.32426774509201906,PROVISIONAL_SMALL_REQUEST_N,2,0.05741440054876279,0.13682036398903885,0.07590217738248847,0.18354278458097478,-0.1119168249347259,0.05738963924043916,0.05533197276366719,0.11062411837902297,0.11129005936535681,0.3242800781088086,0.11184924625500703,0.324502072411021,220,20,20,0,3,2,0,0,195,12,20,20,22,,0.5454545454545454,0.05454545454545454,0.6,NOT_ESTIMABLE,,,PROVISIONAL_SMALL_REQUEST_N,0.5454545454545454,0.5454545454545454,PROVISIONAL_SMALL_REQUEST_N,0.6,0.6,NOT_PRIMARY; use physical units and frozen spans
12,f12-bbbcad303b3e,FORMAL_10K,HELDOUT_TRIPLE_AUDIT,STRICT_LUMPED,f12d43eace12231077007dc497fee8dad00fbe58cb2f1fe2c6159c47636b97a0,all_candidates,all_finite_diagnostic,emx_minus_target,Qmin,dimensionless,20,1.1825597480369474,1.734641258262428,-1.0756251086073616,0.63465841960085,3.103008193519719,3.722568396711683,PROVISIONAL_SMALL_REQUEST_N,2,1.126946862455985,1.23817263361791,1.6786305144806168,1.7888991546722408,-1.178966035541856,-0.9722841816728669,0.5893650560286696,0.6764145698304489,2.9387551988857696,3.114932053876557,3.716606466533264,3.835845070101641,220,20,20,0,3,2,0,0,195,12,20,20,22,,0.5454545454545454,0.05454545454545454,0.6,NOT_ESTIMABLE,,,PROVISIONAL_SMALL_REQUEST_N,0.5454545454545454,0.5454545454545454,PROVISIONAL_SMALL_REQUEST_N,0.6,0.6,NOT_PRIMARY; use physical units and frozen spans
12,f12-bbbcad303b3e,FORMAL_10K,HELDOUT_TRIPLE_AUDIT,STRICT_LUMPED,f12d43eace12231077007dc497fee8dad00fbe58cb2f1fe2c6159c47636b97a0,all_candidates,all_finite_diagnostic,emx_minus_target,K_abs,dimensionless,20,0.023536645033134317,0.04463267875137472,0.020469106389005825,0.008575435116024335,0.06756453765307617,0.12530770595409987,PROVISIONAL_SMALL_REQUEST_N,2,0.007719646582433427,0.0393536434838352,0.010520122924791969,0.062237280135736164,0.002314725406797201,0.038623487371214446,0.008041758463770907,0.010133712807496004,0.01209169722768435,0.12547292825492762,0.025680956432576438,0.12844692966982665,220,20,20,0,3,2,0,0,195,12,20,20,22,,0.5454545454545454,0.05454545454545454,0.6,NOT_ESTIMABLE,,,PROVISIONAL_SMALL_REQUEST_N,0.5454545454545454,0.5454545454545454,PROVISIONAL_SMALL_REQUEST_N,0.6,0.6,NOT_PRIMARY; use physical units and frozen spans
12,f12-bbbcad303b3e,FORMAL_10K,HELDOUT_TRIPLE_AUDIT,STRICT_LUMPED,f12d43eace12231077007dc497fee8dad00fbe58cb2f1fe2c6159c47636b97a0,all_candidates,all_finite_diagnostic,emx_minus_frozen_proxy,Lp_nH,nH,20,0.011503159617601576,0.013430310831161262,0.006146051065493241,0.012120868255278694,0.020277939833637373,0.020705658477190615,PROVISIONAL_SMALL_REQUEST_N,2,0.009330044512851554,0.0136762747223516,0.011174734604969313,0.015358118522518192,0.005747405795604977,0.006544696335381506,0.006799575633354649,0.01580556081142348,0.01705504687748603,0.020314603501077368,0.020687326643470616,0.021053963317870572,220,20,20,0,3,2,0,0,195,12,20,20,22,,0.5454545454545454,0.05454545454545454,0.6,NOT_ESTIMABLE,,,PROVISIONAL_SMALL_REQUEST_N,0.5454545454545454,0.5454545454545454,PROVISIONAL_SMALL_REQUEST_N,0.6,0.6,NOT_PRIMARY; use physical units and frozen spans
12,f12-bbbcad303b3e,FORMAL_10K,HELDOUT_TRIPLE_AUDIT,STRICT_LUMPED,f12d43eace12231077007dc497fee8dad00fbe58cb2f1fe2c6159c47636b97a0,all_candidates,all_finite_diagnostic,emx_minus_frozen_proxy,Ls_nH,nH,20,0.014650171053943317,0.017058638296678922,0.01337422643604912,0.015371439586806535,0.025973443272700857,0.0259819962305227,PROVISIONAL_SMALL_REQUEST_N,2,0.014158193025846578,0.015142149082040058,0.016334787873784548,0.017752999357638216,0.01160630379005818,0.015142149082040058,0.014331674034406272,0.015371439586806535,0.022496045528301915,0.025984395565480666,0.025163120603451494,0.026027583594724124,220,20,20,0,3,2,0,0,195,12,20,20,22,,0.5454545454545454,0.05454545454545454,0.6,NOT_ESTIMABLE,,,PROVISIONAL_SMALL_REQUEST_N,0.5454545454545454,0.5454545454545454,PROVISIONAL_SMALL_REQUEST_N,0.6,0.6,NOT_PRIMARY; use physical units and frozen spans
12,f12-bbbcad303b3e,FORMAL_10K,HELDOUT_TRIPLE_AUDIT,STRICT_LUMPED,f12d43eace12231077007dc497fee8dad00fbe58cb2f1fe2c6159c47636b97a0,all_candidates,all_finite_diagnostic,emx_minus_frozen_proxy,Qmin,dimensionless,20,0.17909692743731886,0.21470471377031222,-0.02767770183856273,0.18492996316576882,0.3021146551600183,0.3365950212521825,PROVISIONAL_SMALL_REQUEST_N,2,0.16013896822316748,0.19805488665147025,0.1894595570989852,0.2372789591477503,-0.0866050320451814,0.031249628368055938,0.16732047994786825,0.20261506952110864,0.25954615623245025,0.34431594841924584,0.29914138416834035,0.4832926374263842,220,20,20,0,3,2,0,0,195,12,20,20,22,,0.5454545454545454,0.05454545454545454,0.6,NOT_ESTIMABLE,,,PROVISIONAL_SMALL_REQUEST_N,0.5454545454545454,0.5454545454545454,PROVISIONAL_SMALL_REQUEST_N,0.6,0.6,NOT_PRIMARY; use physical units and frozen spans
12,f12-bbbcad303b3e,FORMAL_10K,HELDOUT_TRIPLE_AUDIT,STRICT_LUMPED,f12d43eace12231077007dc497fee8dad00fbe58cb2f1fe2c6159c47636b97a0,all_candidates,all_finite_diagnostic,emx_minus_frozen_proxy,K_abs,dimensionless,20,0.004327894906481453,0.005499929469510704,0.0011819805158798957,0.003672634314294501,0.009244232841091828,0.01011048333081222,PROVISIONAL_SMALL_REQUEST_N,2,0.0035323262988727635,0.005123463514090143,0.00409321429245219,0.006613928113855617,0.0009471721952795276,0.0014167888364802635,0.003672634314294501,0.0036741323317701635,0.005414241585722928,0.010265313511736384,0.0075314568847674596,0.013052256768371295,220,20,20,0,3,2,0,0,195,12,20,20,22,,0.5454545454545454,0.05454545454545454,0.6,NOT_ESTIMABLE,,,PROVISIONAL_SMALL_REQUEST_N,0.5454545454545454,0.5454545454545454,PROVISIONAL_SMALL_REQUEST_N,0.6,0.6,NOT_PRIMARY; use physical units and frozen spans
12,f12-bbbcad303b3e,FORMAL_10K,HELDOUT_TRIPLE_AUDIT,STRICT_LUMPED,f12d43eace12231077007dc497fee8dad00fbe58cb2f1fe2c6159c47636b97a0,selected_q_proxy,strict_valid,emx_minus_target,Lp_nH,nH,2,0.009411739062872404,0.010040153439740223,-0.009411739062872404,0.009411739062872404,0.012208748769647594,0.012558374982994492,PROVISIONAL_SMALL_REQUEST_N,2,0.005915476929403418,0.01290800119634139,0.005915476929403418,0.01290800119634139,-0.01290800119634139,-0.005915476929403418,0.005915476929403418,0.01290800119634139,0.005915476929403418,0.01290800119634139,0.005915476929403418,0.01290800119634139,20,2,2,0,0,0,0,0,18,2,2,2,2,,1.0,0.1,1.0,NOT_ESTIMABLE,,,PROVISIONAL_SMALL_REQUEST_N,1.0,1.0,PROVISIONAL_SMALL_REQUEST_N,1.0,1.0,NOT_PRIMARY; use physical units and frozen spans
12,f12-bbbcad303b3e,FORMAL_10K,HELDOUT_TRIPLE_AUDIT,STRICT_LUMPED,f12d43eace12231077007dc497fee8dad00fbe58cb2f1fe2c6159c47636b97a0,selected_q_proxy,strict_valid,emx_minus_target,Ls_nH,nH,2,0.007175597250856869,0.007187863632577562,-0.00041974717869980305,0.007175597250856869,0.0075113949938167114,0.007553369711686691,PROVISIONAL_SMALL_REQUEST_N,2,0.006755850072157066,0.007595344429556672,0.006755850072157066,0.007595344429556672,-0.007595344429556672,0.006755850072157066,0.006755850072157066,0.007595344429556672,0.006755850072157066,0.007595344429556672,0.006755850072157066,0.007595344429556672,20,2,2,0,0,0,0,0,18,2,2,2,2,,1.0,0.1,1.0,NOT_ESTIMABLE,,,PROVISIONAL_SMALL_REQUEST_N,1.0,1.0,PROVISIONAL_SMALL_REQUEST_N,1.0,1.0,NOT_PRIMARY; use physical units and frozen spans
12,f12-bbbcad303b3e,FORMAL_10K,HELDOUT_TRIPLE_AUDIT,STRICT_LUMPED,f12d43eace12231077007dc497fee8dad00fbe58cb2f1fe2c6159c47636b97a0,selected_q_proxy,strict_valid,emx_minus_target,Qmin,dimensionless,2,0.08480008707343334,0.10056124548126111,-0.08480008707343334,0.08480008707343334,0.12804087763109512,0.1334459764508028,PROVISIONAL_SMALL_REQUEST_N,2,0.03074909887635613,0.13885107527051055,0.03074909887635613,0.13885107527051055,-0.13885107527051055,-0.03074909887635613,0.03074909887635613,0.13885107527051055,0.03074909887635613,0.13885107527051055,0.03074909887635613,0.13885107527051055,20,2,2,0,0,0,0,0,18,2,2,2,2,,1.0,0.1,1.0,NOT_ESTIMABLE,,,PROVISIONAL_SMALL_REQUEST_N,1.0,1.0,PROVISIONAL_SMALL_REQUEST_N,1.0,1.0,NOT_PRIMARY; use physical units and frozen spans
12,f12-bbbcad303b3e,FORMAL_10K,HELDOUT_TRIPLE_AUDIT,STRICT_LUMPED,f12d43eace12231077007dc497fee8dad00fbe58cb2f1fe2c6159c47636b97a0,selected_q_proxy,strict_valid,emx_minus_target,K_abs,dimensionless,2,0.0007953666418370198,0.0010552071050548527,-0.0007953666418370198,0.0007953666418370198,0.0013501157034415735,0.0014194593361421426,PROVISIONAL_SMALL_REQUEST_N,2,0.00010193031483132775,0.0014888029688427118,0.00010193031483132775,0.0014888029688427118,-0.0014888029688427118,-0.00010193031483132775,0.00010193031483132775,0.0014888029688427118,0.00010193031483132775,0.0014888029688427118,0.00010193031483132775,0.0014888029688427118,20,2,2,0,0,0,0,0,18,2,2,2,2,,1.0,0.1,1.0,NOT_ESTIMABLE,,,PROVISIONAL_SMALL_REQUEST_N,1.0,1.0,PROVISIONAL_SMALL_REQUEST_N,1.0,1.0,NOT_PRIMARY; use physical units and frozen spans
12,f12-bbbcad303b3e,FORMAL_10K,HELDOUT_TRIPLE_AUDIT,STRICT_LUMPED,f12d43eace12231077007dc497fee8dad00fbe58cb2f1fe2c6159c47636b97a0,selected_q_proxy,strict_valid,emx_minus_frozen_proxy,Lp_nH,nH,2,0.011152399086406639,0.012365180351582765,-0.011152399086406639,0.011152399086406639,0.015424854473721794,0.015958911397136188,PROVISIONAL_SMALL_REQUEST_N,2,0.0058118298522626954,0.016492968320550583,0.0058118298522626954,0.016492968320550583,-0.016492968320550583,-0.0058118298522626954,0.0058118298522626954,0.016492968320550583,0.0058118298522626954,0.016492968320550583,0.0058118298522626954,0.016492968320550583,20,2,2,0,0,0,0,0,18,2,2,2,2,,1.0,0.1,1.0,NOT_ESTIMABLE,,,PROVISIONAL_SMALL_REQUEST_N,1.0,1.0,PROVISIONAL_SMALL_REQUEST_N,1.0,1.0,NOT_PRIMARY; use physical units and frozen spans
12,f12-bbbcad303b3e,FORMAL_10K,HELDOUT_TRIPLE_AUDIT,STRICT_LUMPED,f12d43eace12231077007dc497fee8dad00fbe58cb2f1fe2c6159c47636b97a0,selected_q_proxy,strict_valid,emx_minus_frozen_proxy,Ls_nH,nH,2,0.0036497983502274955,0.004081766946423175,0.0018275101662068582,0.0036497983502274955,0.005111806483192982,0.005294557499813668,PROVISIONAL_SMALL_REQUEST_N,2,0.0018222881840206373,0.005477308516434354,0.0018222881840206373,0.005477308516434354,-0.0018222881840206373,0.005477308516434354,0.0018222881840206373,0.005477308516434354,0.0018222881840206373,0.005477308516434354,0.0018222881840206373,0.005477308516434354,20,2,2,0,0,0,0,0,18,2,2,2,2,,1.0,0.1,1.0,NOT_ESTIMABLE,,,PROVISIONAL_SMALL_REQUEST_N,1.0,1.0,PROVISIONAL_SMALL_REQUEST_N,1.0,1.0,NOT_PRIMARY; use physical units and frozen spans
12,f12-bbbcad303b3e,FORMAL_10K,HELDOUT_TRIPLE_AUDIT,STRICT_LUMPED,f12d43eace12231077007dc497fee8dad00fbe58cb2f1fe2c6159c47636b97a0,selected_q_proxy,strict_valid,emx_minus_frozen_proxy,Qmin,dimensionless,2,0.09935744867621654,0.11575248382149544,-0.09935744867621654,0.09935744867621654,0.1468665040043861,0.15280513592040731,PROVISIONAL_SMALL_REQUEST_N,2,0.03997112951600457,0.15874376783642852,0.03997112951600457,0.15874376783642852,-0.15874376783642852,-0.03997112951600457,0.03997112951600457,0.15874376783642852,0.03997112951600457,0.15874376783642852,0.03997112951600457,0.15874376783642852,20,2,2,0,0,0,0,0,18,2,2,2,2,,1.0,0.1,1.0,NOT_ESTIMABLE,,,PROVISIONAL_SMALL_REQUEST_N,1.0,1.0,PROVISIONAL_SMALL_REQUEST_N,1.0,1.0,NOT_PRIMARY; use physical units and frozen spans
12,f12-bbbcad303b3e,FORMAL_10K,HELDOUT_TRIPLE_AUDIT,STRICT_LUMPED,f12d43eace12231077007dc497fee8dad00fbe58cb2f1fe2c6159c47636b97a0,selected_q_proxy,strict_valid,emx_minus_frozen_proxy,K_abs,dimensionless,2,0.0004645117097221013,0.0004666237291184401,4.434609461327621e-05,0.0004645117097221013,0.0004999885854127222,0.0005044231948740499,PROVISIONAL_SMALL_REQUEST_N,2,0.0004201656151088251,0.0005088578043353775,0.0004201656151088251,0.0005088578043353775,-0.0004201656151088251,0.0005088578043353775,0.0004201656151088251,0.0005088578043353775,0.0004201656151088251,0.0005088578043353775,0.0004201656151088251,0.0005088578043353775,20,2,2,0,0,0,0,0,18,2,2,2,2,,1.0,0.1,1.0,NOT_ESTIMABLE,,,PROVISIONAL_SMALL_REQUEST_N,1.0,1.0,PROVISIONAL_SMALL_REQUEST_N,1.0,1.0,NOT_PRIMARY; use physical units and frozen spans
12,f12-bbbcad303b3e,FORMAL_10K,HELDOUT_TRIPLE_AUDIT,STRICT_LUMPED,f12d43eace12231077007dc497fee8dad00fbe58cb2f1fe2c6159c47636b97a0,selected_q_proxy,all_finite_diagnostic,emx_minus_target,Lp_nH,nH,2,0.009411739062872404,0.010040153439740223,-0.009411739062872404,0.009411739062872404,0.012208748769647594,0.012558374982994492,PROVISIONAL_SMALL_REQUEST_N,2,0.005915476929403418,0.01290800119634139,0.005915476929403418,0.01290800119634139,-0.01290800119634139,-0.005915476929403418,0.005915476929403418,0.01290800119634139,0.005915476929403418,0.01290800119634139,0.005915476929403418,0.01290800119634139,20,2,2,0,0,0,0,0,18,2,2,2,2,,1.0,0.1,1.0,NOT_ESTIMABLE,,,PROVISIONAL_SMALL_REQUEST_N,1.0,1.0,PROVISIONAL_SMALL_REQUEST_N,1.0,1.0,NOT_PRIMARY; use physical units and frozen spans
12,f12-bbbcad303b3e,FORMAL_10K,HELDOUT_TRIPLE_AUDIT,STRICT_LUMPED,f12d43eace12231077007dc497fee8dad00fbe58cb2f1fe2c6159c47636b97a0,selected_q_proxy,all_finite_diagnostic,emx_minus_target,Ls_nH,nH,2,0.007175597250856869,0.007187863632577562,-0.00041974717869980305,0.007175597250856869,0.0075113949938167114,0.007553369711686691,PROVISIONAL_SMALL_REQUEST_N,2,0.006755850072157066,0.007595344429556672,0.006755850072157066,0.007595344429556672,-0.007595344429556672,0.006755850072157066,0.006755850072157066,0.007595344429556672,0.006755850072157066,0.007595344429556672,0.006755850072157066,0.007595344429556672,20,2,2,0,0,0,0,0,18,2,2,2,2,,1.0,0.1,1.0,NOT_ESTIMABLE,,,PROVISIONAL_SMALL_REQUEST_N,1.0,1.0,PROVISIONAL_SMALL_REQUEST_N,1.0,1.0,NOT_PRIMARY; use physical units and frozen spans
12,f12-bbbcad303b3e,FORMAL_10K,HELDOUT_TRIPLE_AUDIT,STRICT_LUMPED,f12d43eace12231077007dc497fee8dad00fbe58cb2f1fe2c6159c47636b97a0,selected_q_proxy,all_finite_diagnostic,emx_minus_target,Qmin,dimensionless,2,0.08480008707343334,0.10056124548126111,-0.08480008707343334,0.08480008707343334,0.12804087763109512,0.1334459764508028,PROVISIONAL_SMALL_REQUEST_N,2,0.03074909887635613,0.13885107527051055,0.03074909887635613,0.13885107527051055,-0.13885107527051055,-0.03074909887635613,0.03074909887635613,0.13885107527051055,0.03074909887635613,0.13885107527051055,0.03074909887635613,0.13885107527051055,20,2,2,0,0,0,0,0,18,2,2,2,2,,1.0,0.1,1.0,NOT_ESTIMABLE,,,PROVISIONAL_SMALL_REQUEST_N,1.0,1.0,PROVISIONAL_SMALL_REQUEST_N,1.0,1.0,NOT_PRIMARY; use physical units and frozen spans
12,f12-bbbcad303b3e,FORMAL_10K,HELDOUT_TRIPLE_AUDIT,STRICT_LUMPED,f12d43eace12231077007dc497fee8dad00fbe58cb2f1fe2c6159c47636b97a0,selected_q_proxy,all_finite_diagnostic,emx_minus_target,K_abs,dimensionless,2,0.0007953666418370198,0.0010552071050548527,-0.0007953666418370198,0.0007953666418370198,0.0013501157034415735,0.0014194593361421426,PROVISIONAL_SMALL_REQUEST_N,2,0.00010193031483132775,0.0014888029688427118,0.00010193031483132775,0.0014888029688427118,-0.0014888029688427118,-0.00010193031483132775,0.00010193031483132775,0.0014888029688427118,0.00010193031483132775,0.0014888029688427118,0.00010193031483132775,0.0014888029688427118,20,2,2,0,0,0,0,0,18,2,2,2,2,,1.0,0.1,1.0,NOT_ESTIMABLE,,,PROVISIONAL_SMALL_REQUEST_N,1.0,1.0,PROVISIONAL_SMALL_REQUEST_N,1.0,1.0,NOT_PRIMARY; use physical units and frozen spans
12,f12-bbbcad303b3e,FORMAL_10K,HELDOUT_TRIPLE_AUDIT,STRICT_LUMPED,f12d43eace12231077007dc497fee8dad00fbe58cb2f1fe2c6159c47636b97a0,selected_q_proxy,all_finite_diagnostic,emx_minus_frozen_proxy,Lp_nH,nH,2,0.011152399086406639,0.012365180351582765,-0.011152399086406639,0.011152399086406639,0.015424854473721794,0.015958911397136188,PROVISIONAL_SMALL_REQUEST_N,2,0.0058118298522626954,0.016492968320550583,0.0058118298522626954,0.016492968320550583,-0.016492968320550583,-0.0058118298522626954,0.0058118298522626954,0.016492968320550583,0.0058118298522626954,0.016492968320550583,0.0058118298522626954,0.016492968320550583,20,2,2,0,0,0,0,0,18,2,2,2,2,,1.0,0.1,1.0,NOT_ESTIMABLE,,,PROVISIONAL_SMALL_REQUEST_N,1.0,1.0,PROVISIONAL_SMALL_REQUEST_N,1.0,1.0,NOT_PRIMARY; use physical units and frozen spans
12,f12-bbbcad303b3e,FORMAL_10K,HELDOUT_TRIPLE_AUDIT,STRICT_LUMPED,f12d43eace12231077007dc497fee8dad00fbe58cb2f1fe2c6159c47636b97a0,selected_q_proxy,all_finite_diagnostic,emx_minus_frozen_proxy,Ls_nH,nH,2,0.0036497983502274955,0.004081766946423175,0.0018275101662068582,0.0036497983502274955,0.005111806483192982,0.005294557499813668,PROVISIONAL_SMALL_REQUEST_N,2,0.0018222881840206373,0.005477308516434354,0.0018222881840206373,0.005477308516434354,-0.0018222881840206373,0.005477308516434354,0.0018222881840206373,0.005477308516434354,0.0018222881840206373,0.005477308516434354,0.0018222881840206373,0.005477308516434354,20,2,2,0,0,0,0,0,18,2,2,2,2,,1.0,0.1,1.0,NOT_ESTIMABLE,,,PROVISIONAL_SMALL_REQUEST_N,1.0,1.0,PROVISIONAL_SMALL_REQUEST_N,1.0,1.0,NOT_PRIMARY; use physical units and frozen spans
12,f12-bbbcad303b3e,FORMAL_10K,HELDOUT_TRIPLE_AUDIT,STRICT_LUMPED,f12d43eace12231077007dc497fee8dad00fbe58cb2f1fe2c6159c47636b97a0,selected_q_proxy,all_finite_diagnostic,emx_minus_frozen_proxy,Qmin,dimensionless,2,0.09935744867621654,0.11575248382149544,-0.09935744867621654,0.09935744867621654,0.1468665040043861,0.15280513592040731,PROVISIONAL_SMALL_REQUEST_N,2,0.03997112951600457,0.15874376783642852,0.03997112951600457,0.15874376783642852,-0.15874376783642852,-0.03997112951600457,0.03997112951600457,0.15874376783642852,0.03997112951600457,0.15874376783642852,0.03997112951600457,0.15874376783642852,20,2,2,0,0,0,0,0,18,2,2,2,2,,1.0,0.1,1.0,NOT_ESTIMABLE,,,PROVISIONAL_SMALL_REQUEST_N,1.0,1.0,PROVISIONAL_SMALL_REQUEST_N,1.0,1.0,NOT_PRIMARY; use physical units and frozen spans
12,f12-bbbcad303b3e,FORMAL_10K,HELDOUT_TRIPLE_AUDIT,STRICT_LUMPED,f12d43eace12231077007dc497fee8dad00fbe58cb2f1fe2c6159c47636b97a0,selected_q_proxy,all_finite_diagnostic,emx_minus_frozen_proxy,K_abs,dimensionless,2,0.0004645117097221013,0.0004666237291184401,4.434609461327621e-05,0.0004645117097221013,0.0004999885854127222,0.0005044231948740499,PROVISIONAL_SMALL_REQUEST_N,2,0.0004201656151088251,0.0005088578043353775,0.0004201656151088251,0.0005088578043353775,-0.0004201656151088251,0.0005088578043353775,0.0004201656151088251,0.0005088578043353775,0.0004201656151088251,0.0005088578043353775,0.0004201656151088251,0.0005088578043353775,20,2,2,0,0,0,0,0,18,2,2,2,2,,1.0,0.1,1.0,NOT_ESTIMABLE,,,PROVISIONAL_SMALL_REQUEST_N,1.0,1.0,PROVISIONAL_SMALL_REQUEST_N,1.0,1.0,NOT_PRIMARY; use physical units and frozen spans
13,f13-940260e5c34c,FORMAL_10K,HELDOUT_TRIPLE_AUDIT,STRICT_LUMPED,f12d43eace12231077007dc497fee8dad00fbe58cb2f1fe2c6159c47636b97a0,all_candidates,strict_valid,emx_minus_target,Lp_nH,nH,16,0.02838732507901294,0.043302725782184026,0.016180264508908512,0.01528215294397628,0.08873804620440573,0.0952551045287201,PROVISIONAL_SMALL_REQUEST_N,2,0.012653213904203455,0.04062496710386476,0.013909288248569875,0.05641880977278547,-0.0077885938508493536,0.0348227098998313,0.013568633466347846,0.016995672421604713,0.019603133931491958,0.09547283017958712,0.020510922536101317,0.09852098929172537,220,16,16,0,8,6,0,0,190,8,16,16,22,,0.36363636363636365,0.03636363636363636,0.5,NOT_ESTIMABLE,,,PROVISIONAL_SMALL_REQUEST_N,0.36363636363636365,0.36363636363636365,PROVISIONAL_SMALL_REQUEST_N,0.4444444444444444,0.5714285714285714,NOT_PRIMARY; use physical units and frozen spans
13,f13-940260e5c34c,FORMAL_10K,HELDOUT_TRIPLE_AUDIT,STRICT_LUMPED,f12d43eace12231077007dc497fee8dad00fbe58cb2f1fe2c6159c47636b97a0,all_candidates,strict_valid,emx_minus_target,Ls_nH,nH,16,0.1097417015587064,0.18250144048747877,-0.06875730955932517,0.02141519921897983,0.3610214494085746,0.3971342084261233,PROVISIONAL_SMALL_REQUEST_N,2,0.03756121091934639,0.16588208316709752,0.05918557030624666,0.23767108232287618,-0.1513214673525091,0.03739660760333988,0.017274901119686215,0.04396899495651385,0.11444586994256506,0.39884981895383664,0.12457296577219079,0.42286836634182356,220,16,16,0,8,6,0,0,190,8,16,16,22,,0.36363636363636365,0.03636363636363636,0.5,NOT_ESTIMABLE,,,PROVISIONAL_SMALL_REQUEST_N,0.36363636363636365,0.36363636363636365,PROVISIONAL_SMALL_REQUEST_N,0.4444444444444444,0.5714285714285714,NOT_PRIMARY; use physical units and frozen spans
13,f13-940260e5c34c,FORMAL_10K,HELDOUT_TRIPLE_AUDIT,STRICT_LUMPED,f12d43eace12231077007dc497fee8dad00fbe58cb2f1fe2c6159c47636b97a0,all_candidates,strict_valid,emx_minus_target,Qmin,dimensionless,16,0.9791414435471955,1.4749166890320864,-0.717038363663159,0.4276397325692072,2.6823085513257636,3.192812938598266,PROVISIONAL_SMALL_REQUEST_N,2,0.43298683778838154,1.4039283591373841,0.690276394872926,1.8699583276442469,-1.066138259244915,-0.2681956407723298,0.14891858672070768,1.0589678663514661,1.3606414380263554,3.223194160040755,1.565190642707602,3.6485312602355933,220,16,16,0,8,6,0,0,190,8,16,16,22,,0.36363636363636365,0.03636363636363636,0.5,NOT_ESTIMABLE,,,PROVISIONAL_SMALL_REQUEST_N,0.36363636363636365,0.36363636363636365,PROVISIONAL_SMALL_REQUEST_N,0.4444444444444444,0.5714285714285714,NOT_PRIMARY; use physical units and frozen spans
13,f13-940260e5c34c,FORMAL_10K,HELDOUT_TRIPLE_AUDIT,STRICT_LUMPED,f12d43eace12231077007dc497fee8dad00fbe58cb2f1fe2c6159c47636b97a0,all_candidates,strict_valid,emx_minus_target,K_abs,dimensionless,16,0.04711330003760706,0.07163136627375984,-0.041833087573403795,0.012097142559199386,0.11999871781258749,0.14052205451862212,PROVISIONAL_SMALL_REQUEST_N,2,0.047087127920095374,0.04714694990297923,0.06756828349152787,0.07653905234958286,-0.04309823510928773,-0.040849083934382954,0.011513699546139011,0.012680585572259762,0.11676004008439747,0.15054174425082406,0.12809541213306255,0.17780198167530087,220,16,16,0,8,6,0,0,190,8,16,16,22,,0.36363636363636365,0.03636363636363636,0.5,NOT_ESTIMABLE,,,PROVISIONAL_SMALL_REQUEST_N,0.36363636363636365,0.36363636363636365,PROVISIONAL_SMALL_REQUEST_N,0.4444444444444444,0.5714285714285714,NOT_PRIMARY; use physical units and frozen spans
13,f13-940260e5c34c,FORMAL_10K,HELDOUT_TRIPLE_AUDIT,STRICT_LUMPED,f12d43eace12231077007dc497fee8dad00fbe58cb2f1fe2c6159c47636b97a0,all_candidates,strict_valid,emx_minus_frozen_proxy,Lp_nH,nH,16,0.007698497545139085,0.009349206329244046,-0.0059064276440164015,0.006682074396273552,0.015436715643676768,0.016619727795133266,PROVISIONAL_SMALL_REQUEST_N,2,0.005599941532082308,0.010396640990497799,0.007115938890550455,0.011605376014970668,-0.006300481216503094,-0.005599941532082308,0.0035954572243781513,0.010685937400096268,0.01055706367567218,0.01610877422448625,0.016536872078372067,0.016868294945416862,220,16,16,0,8,6,0,0,190,8,16,16,22,,0.36363636363636365,0.03636363636363636,0.5,NOT_ESTIMABLE,,,PROVISIONAL_SMALL_REQUEST_N,0.36363636363636365,0.36363636363636365,PROVISIONAL_SMALL_REQUEST_N,0.4444444444444444,0.5714285714285714,NOT_PRIMARY; use physical units and frozen spans
13,f13-940260e5c34c,FORMAL_10K,HELDOUT_TRIPLE_AUDIT,STRICT_LUMPED,f12d43eace12231077007dc497fee8dad00fbe58cb2f1fe2c6159c47636b97a0,all_candidates,strict_valid,emx_minus_frozen_proxy,Ls_nH,nH,16,0.003094655649314257,0.005072953881580066,0.0018053736852372687,0.001547222162006201,0.005621593097755895,0.008501789455858999,PROVISIONAL_SMALL_REQUEST_N,2,0.002043121945997317,0.0044466275535788935,0.002970283313940622,0.006890516574752218,0.0006367242662213988,0.003307922938257673,0.000556724369569439,0.0026223293272873427,0.005537641306958463,0.013177138338748307,0.0058314725747494744,0.016512740099187573,220,16,16,0,8,6,0,0,190,8,16,16,22,,0.36363636363636365,0.03636363636363636,0.5,NOT_ESTIMABLE,,,PROVISIONAL_SMALL_REQUEST_N,0.36363636363636365,0.36363636363636365,PROVISIONAL_SMALL_REQUEST_N,0.4444444444444444,0.5714285714285714,NOT_PRIMARY; use physical units and frozen spans
13,f13-940260e5c34c,FORMAL_10K,HELDOUT_TRIPLE_AUDIT,STRICT_LUMPED,f12d43eace12231077007dc497fee8dad00fbe58cb2f1fe2c6159c47636b97a0,all_candidates,strict_valid,emx_minus_frozen_proxy,Qmin,dimensionless,16,0.09493080903646978,0.11577472699237493,0.03956362560609761,0.09310144199259796,0.18121564158304881,0.21045744224585317,PROVISIONAL_SMALL_REQUEST_N,2,0.07342044560532715,0.12258699059079602,0.09137311990300057,0.14107706870221684,0.035827556946699195,0.04246945678562971,0.05744866864877629,0.10315437781957115,0.14827646420228985,0.22164661783162248,0.15819004957900518,0.2291060682221353,220,16,16,0,8,6,0,0,190,8,16,16,22,,0.36363636363636365,0.03636363636363636,0.5,NOT_ESTIMABLE,,,PROVISIONAL_SMALL_REQUEST_N,0.36363636363636365,0.36363636363636365,PROVISIONAL_SMALL_REQUEST_N,0.4444444444444444,0.5714285714285714,NOT_PRIMARY; use physical units and frozen spans
13,f13-940260e5c34c,FORMAL_10K,HELDOUT_TRIPLE_AUDIT,STRICT_LUMPED,f12d43eace12231077007dc497fee8dad00fbe58cb2f1fe2c6159c47636b97a0,all_candidates,strict_valid,emx_minus_frozen_proxy,K_abs,dimensionless,16,0.004914782528168153,0.005933620069302774,0.00027017576697274844,0.0036872694259577066,0.009328216397763281,0.010974362718028728,PROVISIONAL_SMALL_REQUEST_N,2,0.004259497884608637,0.005757291355601816,0.00506576603299219,0.006890652929047805,8.568332166319605e-05,0.0005073803395136015,0.0035879626836289313,0.003786576168286482,0.007767312974786225,0.011619084686590302,0.010294191984395046,0.013014874918929775,220,16,16,0,8,6,0,0,190,8,16,16,22,,0.36363636363636365,0.03636363636363636,0.5,NOT_ESTIMABLE,,,PROVISIONAL_SMALL_REQUEST_N,0.36363636363636365,0.36363636363636365,PROVISIONAL_SMALL_REQUEST_N,0.4444444444444444,0.5714285714285714,NOT_PRIMARY; use physical units and frozen spans
13,f13-940260e5c34c,FORMAL_10K,HELDOUT_TRIPLE_AUDIT,STRICT_LUMPED,f12d43eace12231077007dc497fee8dad00fbe58cb2f1fe2c6159c47636b97a0,all_candidates,all_finite_diagnostic,emx_minus_target,Lp_nH,nH,16,0.02838732507901294,0.043302725782184026,0.016180264508908512,0.01528215294397628,0.08873804620440573,0.0952551045287201,PROVISIONAL_SMALL_REQUEST_N,2,0.012653213904203455,0.04062496710386476,0.013909288248569875,0.05641880977278547,-0.0077885938508493536,0.0348227098998313,0.013568633466347846,0.016995672421604713,0.019603133931491958,0.09547283017958712,0.020510922536101317,0.09852098929172537,220,16,16,0,8,6,0,0,190,8,16,16,22,,0.36363636363636365,0.03636363636363636,0.5,NOT_ESTIMABLE,,,PROVISIONAL_SMALL_REQUEST_N,0.36363636363636365,0.36363636363636365,PROVISIONAL_SMALL_REQUEST_N,0.4444444444444444,0.5714285714285714,NOT_PRIMARY; use physical units and frozen spans
13,f13-940260e5c34c,FORMAL_10K,HELDOUT_TRIPLE_AUDIT,STRICT_LUMPED,f12d43eace12231077007dc497fee8dad00fbe58cb2f1fe2c6159c47636b97a0,all_candidates,all_finite_diagnostic,emx_minus_target,Ls_nH,nH,16,0.1097417015587064,0.18250144048747877,-0.06875730955932517,0.02141519921897983,0.3610214494085746,0.3971342084261233,PROVISIONAL_SMALL_REQUEST_N,2,0.03756121091934639,0.16588208316709752,0.05918557030624666,0.23767108232287618,-0.1513214673525091,0.03739660760333988,0.017274901119686215,0.04396899495651385,0.11444586994256506,0.39884981895383664,0.12457296577219079,0.42286836634182356,220,16,16,0,8,6,0,0,190,8,16,16,22,,0.36363636363636365,0.03636363636363636,0.5,NOT_ESTIMABLE,,,PROVISIONAL_SMALL_REQUEST_N,0.36363636363636365,0.36363636363636365,PROVISIONAL_SMALL_REQUEST_N,0.4444444444444444,0.5714285714285714,NOT_PRIMARY; use physical units and frozen spans
13,f13-940260e5c34c,FORMAL_10K,HELDOUT_TRIPLE_AUDIT,STRICT_LUMPED,f12d43eace12231077007dc497fee8dad00fbe58cb2f1fe2c6159c47636b97a0,all_candidates,all_finite_diagnostic,emx_minus_target,Qmin,dimensionless,16,0.9791414435471955,1.4749166890320864,-0.717038363663159,0.4276397325692072,2.6823085513257636,3.192812938598266,PROVISIONAL_SMALL_REQUEST_N,2,0.43298683778838154,1.4039283591373841,0.690276394872926,1.8699583276442469,-1.066138259244915,-0.2681956407723298,0.14891858672070768,1.0589678663514661,1.3606414380263554,3.223194160040755,1.565190642707602,3.6485312602355933,220,16,16,0,8,6,0,0,190,8,16,16,22,,0.36363636363636365,0.03636363636363636,0.5,NOT_ESTIMABLE,,,PROVISIONAL_SMALL_REQUEST_N,0.36363636363636365,0.36363636363636365,PROVISIONAL_SMALL_REQUEST_N,0.4444444444444444,0.5714285714285714,NOT_PRIMARY; use physical units and frozen spans
13,f13-940260e5c34c,FORMAL_10K,HELDOUT_TRIPLE_AUDIT,STRICT_LUMPED,f12d43eace12231077007dc497fee8dad00fbe58cb2f1fe2c6159c47636b97a0,all_candidates,all_finite_diagnostic,emx_minus_target,K_abs,dimensionless,16,0.04711330003760706,0.07163136627375984,-0.041833087573403795,0.012097142559199386,0.11999871781258749,0.14052205451862212,PROVISIONAL_SMALL_REQUEST_N,2,0.047087127920095374,0.04714694990297923,0.06756828349152787,0.07653905234958286,-0.04309823510928773,-0.040849083934382954,0.011513699546139011,0.012680585572259762,0.11676004008439747,0.15054174425082406,0.12809541213306255,0.17780198167530087,220,16,16,0,8,6,0,0,190,8,16,16,22,,0.36363636363636365,0.03636363636363636,0.5,NOT_ESTIMABLE,,,PROVISIONAL_SMALL_REQUEST_N,0.36363636363636365,0.36363636363636365,PROVISIONAL_SMALL_REQUEST_N,0.4444444444444444,0.5714285714285714,NOT_PRIMARY; use physical units and frozen spans
13,f13-940260e5c34c,FORMAL_10K,HELDOUT_TRIPLE_AUDIT,STRICT_LUMPED,f12d43eace12231077007dc497fee8dad00fbe58cb2f1fe2c6159c47636b97a0,all_candidates,all_finite_diagnostic,emx_minus_frozen_proxy,Lp_nH,nH,16,0.007698497545139085,0.009349206329244046,-0.0059064276440164015,0.006682074396273552,0.015436715643676768,0.016619727795133266,PROVISIONAL_SMALL_REQUEST_N,2,0.005599941532082308,0.010396640990497799,0.007115938890550455,0.011605376014970668,-0.006300481216503094,-0.005599941532082308,0.0035954572243781513,0.010685937400096268,0.01055706367567218,0.01610877422448625,0.016536872078372067,0.016868294945416862,220,16,16,0,8,6,0,0,190,8,16,16,22,,0.36363636363636365,0.03636363636363636,0.5,NOT_ESTIMABLE,,,PROVISIONAL_SMALL_REQUEST_N,0.36363636363636365,0.36363636363636365,PROVISIONAL_SMALL_REQUEST_N,0.4444444444444444,0.5714285714285714,NOT_PRIMARY; use physical units and frozen spans
13,f13-940260e5c34c,FORMAL_10K,HELDOUT_TRIPLE_AUDIT,STRICT_LUMPED,f12d43eace12231077007dc497fee8dad00fbe58cb2f1fe2c6159c47636b97a0,all_candidates,all_finite_diagnostic,emx_minus_frozen_proxy,Ls_nH,nH,16,0.003094655649314257,0.005072953881580066,0.0018053736852372687,0.001547222162006201,0.005621593097755895,0.008501789455858999,PROVISIONAL_SMALL_REQUEST_N,2,0.002043121945997317,0.0044466275535788935,0.002970283313940622,0.006890516574752218,0.0006367242662213988,0.003307922938257673,0.000556724369569439,0.0026223293272873427,0.005537641306958463,0.013177138338748307,0.0058314725747494744,0.016512740099187573,220,16,16,0,8,6,0,0,190,8,16,16,22,,0.36363636363636365,0.03636363636363636,0.5,NOT_ESTIMABLE,,,PROVISIONAL_SMALL_REQUEST_N,0.36363636363636365,0.36363636363636365,PROVISIONAL_SMALL_REQUEST_N,0.4444444444444444,0.5714285714285714,NOT_PRIMARY; use physical units and frozen spans
13,f13-940260e5c34c,FORMAL_10K,HELDOUT_TRIPLE_AUDIT,STRICT_LUMPED,f12d43eace12231077007dc497fee8dad00fbe58cb2f1fe2c6159c47636b97a0,all_candidates,all_finite_diagnostic,emx_minus_frozen_proxy,Qmin,dimensionless,16,0.09493080903646978,0.11577472699237493,0.03956362560609761,0.09310144199259796,0.18121564158304881,0.21045744224585317,PROVISIONAL_SMALL_REQUEST_N,2,0.07342044560532715,0.12258699059079602,0.09137311990300057,0.14107706870221684,0.035827556946699195,0.04246945678562971,0.05744866864877629,0.10315437781957115,0.14827646420228985,0.22164661783162248,0.15819004957900518,0.2291060682221353,220,16,16,0,8,6,0,0,190,8,16,16,22,,0.36363636363636365,0.03636363636363636,0.5,NOT_ESTIMABLE,,,PROVISIONAL_SMALL_REQUEST_N,0.36363636363636365,0.36363636363636365,PROVISIONAL_SMALL_REQUEST_N,0.4444444444444444,0.5714285714285714,NOT_PRIMARY; use physical units and frozen spans
13,f13-940260e5c34c,FORMAL_10K,HELDOUT_TRIPLE_AUDIT,STRICT_LUMPED,f12d43eace12231077007dc497fee8dad00fbe58cb2f1fe2c6159c47636b97a0,all_candidates,all_finite_diagnostic,emx_minus_frozen_proxy,K_abs,dimensionless,16,0.004914782528168153,0.005933620069302774,0.00027017576697274844,0.0036872694259577066,0.009328216397763281,0.010974362718028728,PROVISIONAL_SMALL_REQUEST_N,2,0.004259497884608637,0.005757291355601816,0.00506576603299219,0.006890652929047805,8.568332166319605e-05,0.0005073803395136015,0.0035879626836289313,0.003786576168286482,0.007767312974786225,0.011619084686590302,0.010294191984395046,0.013014874918929775,220,16,16,0,8,6,0,0,190,8,16,16,22,,0.36363636363636365,0.03636363636363636,0.5,NOT_ESTIMABLE,,,PROVISIONAL_SMALL_REQUEST_N,0.36363636363636365,0.36363636363636365,PROVISIONAL_SMALL_REQUEST_N,0.4444444444444444,0.5714285714285714,NOT_PRIMARY; use physical units and frozen spans
13,f13-940260e5c34c,FORMAL_10K,HELDOUT_TRIPLE_AUDIT,STRICT_LUMPED,f12d43eace12231077007dc497fee8dad00fbe58cb2f1fe2c6159c47636b97a0,selected_q_proxy,strict_valid,emx_minus_target,Lp_nH,nH,1,0.007683009906276794,0.007683009906276794,-0.007683009906276794,0.007683009906276794,0.007683009906276794,0.007683009906276794,NOT_ESTIMABLE,1,,,,,,,,,,,,,20,1,1,0,0,1,0,0,18,1,1,1,2,,0.5,0.05,1.0,NOT_ESTIMABLE,,,PROVISIONAL_SMALL_REQUEST_N,0.0,1.0,NOT_ESTIMABLE,,,NOT_PRIMARY; use physical units and frozen spans
13,f13-940260e5c34c,FORMAL_10K,HELDOUT_TRIPLE_AUDIT,STRICT_LUMPED,f12d43eace12231077007dc497fee8dad00fbe58cb2f1fe2c6159c47636b97a0,selected_q_proxy,strict_valid,emx_minus_target,Ls_nH,nH,1,0.004350135666308708,0.004350135666308708,0.004350135666308708,0.004350135666308708,0.004350135666308708,0.004350135666308708,NOT_ESTIMABLE,1,,,,,,,,,,,,,20,1,1,0,0,1,0,0,18,1,1,1,2,,0.5,0.05,1.0,NOT_ESTIMABLE,,,PROVISIONAL_SMALL_REQUEST_N,0.0,1.0,NOT_ESTIMABLE,,,NOT_PRIMARY; use physical units and frozen spans
13,f13-940260e5c34c,FORMAL_10K,HELDOUT_TRIPLE_AUDIT,STRICT_LUMPED,f12d43eace12231077007dc497fee8dad00fbe58cb2f1fe2c6159c47636b97a0,selected_q_proxy,strict_valid,emx_minus_target,Qmin,dimensionless,1,0.14381818311410832,0.14381818311410832,0.14381818311410832,0.14381818311410832,0.14381818311410832,0.14381818311410832,NOT_ESTIMABLE,1,,,,,,,,,,,,,20,1,1,0,0,1,0,0,18,1,1,1,2,,0.5,0.05,1.0,NOT_ESTIMABLE,,,PROVISIONAL_SMALL_REQUEST_N,0.0,1.0,NOT_ESTIMABLE,,,NOT_PRIMARY; use physical units and frozen spans
13,f13-940260e5c34c,FORMAL_10K,HELDOUT_TRIPLE_AUDIT,STRICT_LUMPED,f12d43eace12231077007dc497fee8dad00fbe58cb2f1fe2c6159c47636b97a0,selected_q_proxy,strict_valid,emx_minus_target,K_abs,dimensionless,1,0.0043280446792202665,0.0043280446792202665,-0.0043280446792202665,0.0043280446792202665,0.0043280446792202665,0.0043280446792202665,NOT_ESTIMABLE,1,,,,,,,,,,,,,20,1,1,0,0,1,0,0,18,1,1,1,2,,0.5,0.05,1.0,NOT_ESTIMABLE,,,PROVISIONAL_SMALL_REQUEST_N,0.0,1.0,NOT_ESTIMABLE,,,NOT_PRIMARY; use physical units and frozen spans
13,f13-940260e5c34c,FORMAL_10K,HELDOUT_TRIPLE_AUDIT,STRICT_LUMPED,f12d43eace12231077007dc497fee8dad00fbe58cb2f1fe2c6159c47636b97a0,selected_q_proxy,strict_valid,emx_minus_frozen_proxy,Lp_nH,nH,1,0.006472876600709387,0.006472876600709387,-0.006472876600709387,0.006472876600709387,0.006472876600709387,0.006472876600709387,NOT_ESTIMABLE,1,,,,,,,,,,,,,20,1,1,0,0,1,0,0,18,1,1,1,2,,0.5,0.05,1.0,NOT_ESTIMABLE,,,PROVISIONAL_SMALL_REQUEST_N,0.0,1.0,NOT_ESTIMABLE,,,NOT_PRIMARY; use physical units and frozen spans
13,f13-940260e5c34c,FORMAL_10K,HELDOUT_TRIPLE_AUDIT,STRICT_LUMPED,f12d43eace12231077007dc497fee8dad00fbe58cb2f1fe2c6159c47636b97a0,selected_q_proxy,strict_valid,emx_minus_frozen_proxy,Ls_nH,nH,1,0.0058314725747494744,0.0058314725747494744,-0.0058314725747494744,0.0058314725747494744,0.0058314725747494744,0.0058314725747494744,NOT_ESTIMABLE,1,,,,,,,,,,,,,20,1,1,0,0,1,0,0,18,1,1,1,2,,0.5,0.05,1.0,NOT_ESTIMABLE,,,PROVISIONAL_SMALL_REQUEST_N,0.0,1.0,NOT_ESTIMABLE,,,NOT_PRIMARY; use physical units and frozen spans
13,f13-940260e5c34c,FORMAL_10K,HELDOUT_TRIPLE_AUDIT,STRICT_LUMPED,f12d43eace12231077007dc497fee8dad00fbe58cb2f1fe2c6159c47636b97a0,selected_q_proxy,strict_valid,emx_minus_frozen_proxy,Qmin,dimensionless,1,0.05744866864877629,0.05744866864877629,0.05744866864877629,0.05744866864877629,0.05744866864877629,0.05744866864877629,NOT_ESTIMABLE,1,,,,,,,,,,,,,20,1,1,0,0,1,0,0,18,1,1,1,2,,0.5,0.05,1.0,NOT_ESTIMABLE,,,PROVISIONAL_SMALL_REQUEST_N,0.0,1.0,NOT_ESTIMABLE,,,NOT_PRIMARY; use physical units and frozen spans
13,f13-940260e5c34c,FORMAL_10K,HELDOUT_TRIPLE_AUDIT,STRICT_LUMPED,f12d43eace12231077007dc497fee8dad00fbe58cb2f1fe2c6159c47636b97a0,selected_q_proxy,strict_valid,emx_minus_frozen_proxy,K_abs,dimensionless,1,0.0035879626836289313,0.0035879626836289313,-0.0035879626836289313,0.0035879626836289313,0.0035879626836289313,0.0035879626836289313,NOT_ESTIMABLE,1,,,,,,,,,,,,,20,1,1,0,0,1,0,0,18,1,1,1,2,,0.5,0.05,1.0,NOT_ESTIMABLE,,,PROVISIONAL_SMALL_REQUEST_N,0.0,1.0,NOT_ESTIMABLE,,,NOT_PRIMARY; use physical units and frozen spans
13,f13-940260e5c34c,FORMAL_10K,HELDOUT_TRIPLE_AUDIT,STRICT_LUMPED,f12d43eace12231077007dc497fee8dad00fbe58cb2f1fe2c6159c47636b97a0,selected_q_proxy,all_finite_diagnostic,emx_minus_target,Lp_nH,nH,1,0.007683009906276794,0.007683009906276794,-0.007683009906276794,0.007683009906276794,0.007683009906276794,0.007683009906276794,NOT_ESTIMABLE,1,,,,,,,,,,,,,20,1,1,0,0,1,0,0,18,1,1,1,2,,0.5,0.05,1.0,NOT_ESTIMABLE,,,PROVISIONAL_SMALL_REQUEST_N,0.0,1.0,NOT_ESTIMABLE,,,NOT_PRIMARY; use physical units and frozen spans
13,f13-940260e5c34c,FORMAL_10K,HELDOUT_TRIPLE_AUDIT,STRICT_LUMPED,f12d43eace12231077007dc497fee8dad00fbe58cb2f1fe2c6159c47636b97a0,selected_q_proxy,all_finite_diagnostic,emx_minus_target,Ls_nH,nH,1,0.004350135666308708,0.004350135666308708,0.004350135666308708,0.004350135666308708,0.004350135666308708,0.004350135666308708,NOT_ESTIMABLE,1,,,,,,,,,,,,,20,1,1,0,0,1,0,0,18,1,1,1,2,,0.5,0.05,1.0,NOT_ESTIMABLE,,,PROVISIONAL_SMALL_REQUEST_N,0.0,1.0,NOT_ESTIMABLE,,,NOT_PRIMARY; use physical units and frozen spans
13,f13-940260e5c34c,FORMAL_10K,HELDOUT_TRIPLE_AUDIT,STRICT_LUMPED,f12d43eace12231077007dc497fee8dad00fbe58cb2f1fe2c6159c47636b97a0,selected_q_proxy,all_finite_diagnostic,emx_minus_target,Qmin,dimensionless,1,0.14381818311410832,0.14381818311410832,0.14381818311410832,0.14381818311410832,0.14381818311410832,0.14381818311410832,NOT_ESTIMABLE,1,,,,,,,,,,,,,20,1,1,0,0,1,0,0,18,1,1,1,2,,0.5,0.05,1.0,NOT_ESTIMABLE,,,PROVISIONAL_SMALL_REQUEST_N,0.0,1.0,NOT_ESTIMABLE,,,NOT_PRIMARY; use physical units and frozen spans
13,f13-940260e5c34c,FORMAL_10K,HELDOUT_TRIPLE_AUDIT,STRICT_LUMPED,f12d43eace12231077007dc497fee8dad00fbe58cb2f1fe2c6159c47636b97a0,selected_q_proxy,all_finite_diagnostic,emx_minus_target,K_abs,dimensionless,1,0.0043280446792202665,0.0043280446792202665,-0.0043280446792202665,0.0043280446792202665,0.0043280446792202665,0.0043280446792202665,NOT_ESTIMABLE,1,,,,,,,,,,,,,20,1,1,0,0,1,0,0,18,1,1,1,2,,0.5,0.05,1.0,NOT_ESTIMABLE,,,PROVISIONAL_SMALL_REQUEST_N,0.0,1.0,NOT_ESTIMABLE,,,NOT_PRIMARY; use physical units and frozen spans
13,f13-940260e5c34c,FORMAL_10K,HELDOUT_TRIPLE_AUDIT,STRICT_LUMPED,f12d43eace12231077007dc497fee8dad00fbe58cb2f1fe2c6159c47636b97a0,selected_q_proxy,all_finite_diagnostic,emx_minus_frozen_proxy,Lp_nH,nH,1,0.006472876600709387,0.006472876600709387,-0.006472876600709387,0.006472876600709387,0.006472876600709387,0.006472876600709387,NOT_ESTIMABLE,1,,,,,,,,,,,,,20,1,1,0,0,1,0,0,18,1,1,1,2,,0.5,0.05,1.0,NOT_ESTIMABLE,,,PROVISIONAL_SMALL_REQUEST_N,0.0,1.0,NOT_ESTIMABLE,,,NOT_PRIMARY; use physical units and frozen spans
13,f13-940260e5c34c,FORMAL_10K,HELDOUT_TRIPLE_AUDIT,STRICT_LUMPED,f12d43eace12231077007dc497fee8dad00fbe58cb2f1fe2c6159c47636b97a0,selected_q_proxy,all_finite_diagnostic,emx_minus_frozen_proxy,Ls_nH,nH,1,0.0058314725747494744,0.0058314725747494744,-0.0058314725747494744,0.0058314725747494744,0.0058314725747494744,0.0058314725747494744,NOT_ESTIMABLE,1,,,,,,,,,,,,,20,1,1,0,0,1,0,0,18,1,1,1,2,,0.5,0.05,1.0,NOT_ESTIMABLE,,,PROVISIONAL_SMALL_REQUEST_N,0.0,1.0,NOT_ESTIMABLE,,,NOT_PRIMARY; use physical units and frozen spans
13,f13-940260e5c34c,FORMAL_10K,HELDOUT_TRIPLE_AUDIT,STRICT_LUMPED,f12d43eace12231077007dc497fee8dad00fbe58cb2f1fe2c6159c47636b97a0,selected_q_proxy,all_finite_diagnostic,emx_minus_frozen_proxy,Qmin,dimensionless,1,0.05744866864877629,0.05744866864877629,0.05744866864877629,0.05744866864877629,0.05744866864877629,0.05744866864877629,NOT_ESTIMABLE,1,,,,,,,,,,,,,20,1,1,0,0,1,0,0,18,1,1,1,2,,0.5,0.05,1.0,NOT_ESTIMABLE,,,PROVISIONAL_SMALL_REQUEST_N,0.0,1.0,NOT_ESTIMABLE,,,NOT_PRIMARY; use physical units and frozen spans
13,f13-940260e5c34c,FORMAL_10K,HELDOUT_TRIPLE_AUDIT,STRICT_LUMPED,f12d43eace12231077007dc497fee8dad00fbe58cb2f1fe2c6159c47636b97a0,selected_q_proxy,all_finite_diagnostic,emx_minus_frozen_proxy,K_abs,dimensionless,1,0.0035879626836289313,0.0035879626836289313,-0.0035879626836289313,0.0035879626836289313,0.0035879626836289313,0.0035879626836289313,NOT_ESTIMABLE,1,,,,,,,,,,,,,20,1,1,0,0,1,0,0,18,1,1,1,2,,0.5,0.05,1.0,NOT_ESTIMABLE,,,PROVISIONAL_SMALL_REQUEST_N,0.0,1.0,NOT_ESTIMABLE,,,NOT_PRIMARY; use physical units and frozen spans
14,f14-734ef171b954,FORMAL_10K,HELDOUT_TRIPLE_AUDIT,STRICT_LUMPED,f12d43eace12231077007dc497fee8dad00fbe58cb2f1fe2c6159c47636b97a0,all_candidates,strict_valid,emx_minus_target,Lp_nH,nH,22,0.022771016671695697,0.029097499368738074,-0.0015849352836519095,0.02493986387098468,0.049806616414464044,0.05120488842485017,PROVISIONAL_SMALL_REQUEST_N,2,0.01646997788441894,0.029072055458972453,0.02142233596908244,0.03513420641846322,-0.015671436879925095,0.012501566312621277,0.008697953379623424,0.03616817441477016,0.035837514848795715,0.051220647922286755,0.03811673330200178,0.053344260974842024,220,22,22,0,3,0,0,0,195,11,22,22,22,,0.5,0.05,0.5,NOT_ESTIMABLE,,,PROVISIONAL_SMALL_REQUEST_N,0.45454545454545453,0.5454545454545454,PROVISIONAL_SMALL_REQUEST_N,0.45454545454545453,0.5454545454545454,NOT_PRIMARY; use physical units and frozen spans
14,f14-734ef171b954,FORMAL_10K,HELDOUT_TRIPLE_AUDIT,STRICT_LUMPED,f12d43eace12231077007dc497fee8dad00fbe58cb2f1fe2c6159c47636b97a0,all_candidates,strict_valid,emx_minus_target,Ls_nH,nH,22,0.07385857828765097,0.11491489834162068,-0.0711595241276639,0.04101485731008225,0.2359366988559131,0.2674979036859696,PROVISIONAL_SMALL_REQUEST_N,2,0.041316800325141685,0.10640035625016026,0.05618291652915128,0.1524937625347622,-0.10366078790073466,-0.03865826035459314,0.02486567393785033,0.0579700930113114,0.09621487395915373,0.26886749418365863,0.09719718933254116,0.28027764827430546,220,22,22,0,3,0,0,0,195,11,22,22,22,,0.5,0.05,0.5,NOT_ESTIMABLE,,,PROVISIONAL_SMALL_REQUEST_N,0.45454545454545453,0.5454545454545454,PROVISIONAL_SMALL_REQUEST_N,0.45454545454545453,0.5454545454545454,NOT_PRIMARY; use physical units and frozen spans
14,f14-734ef171b954,FORMAL_10K,HELDOUT_TRIPLE_AUDIT,STRICT_LUMPED,f12d43eace12231077007dc497fee8dad00fbe58cb2f1fe2c6159c47636b97a0,all_candidates,strict_valid,emx_minus_target,Qmin,dimensionless,22,1.2796695384332335,1.8480361514359966,-0.6476697002523414,0.8158174197619728,3.25242238036264,3.779112955202023,PROVISIONAL_SMALL_REQUEST_N,2,1.0127059579121132,1.546633118954354,1.4642323599000877,2.16483228686431,-0.9163540132805438,-0.37898538722413894,0.4376843079311179,1.3071164851870627,2.3734987889420616,3.8036165082829214,3.2665431137788117,4.591826660541672,220,22,22,0,3,0,0,0,195,11,22,22,22,,0.5,0.05,0.5,NOT_ESTIMABLE,,,PROVISIONAL_SMALL_REQUEST_N,0.45454545454545453,0.5454545454545454,PROVISIONAL_SMALL_REQUEST_N,0.45454545454545453,0.5454545454545454,NOT_PRIMARY; use physical units and frozen spans
14,f14-734ef171b954,FORMAL_10K,HELDOUT_TRIPLE_AUDIT,STRICT_LUMPED,f12d43eace12231077007dc497fee8dad00fbe58cb2f1fe2c6159c47636b97a0,all_candidates,strict_valid,emx_minus_target,K_abs,dimensionless,22,0.01942509723382583,0.03112045006251525,-0.01564452727245881,0.010121435314016006,0.061587985621642825,0.07432797337550434,PROVISIONAL_SMALL_REQUEST_N,2,0.007899034333133742,0.030951160134517916,0.010549331848710652,0.04272793491069735,-0.0260099285631839,-0.005279125981733723,0.0038821885713628546,0.014775941913768714,0.01717806196774796,0.07491649395280464,0.02081180304737333,0.08281154187925291,220,22,22,0,3,0,0,0,195,11,22,22,22,,0.5,0.05,0.5,NOT_ESTIMABLE,,,PROVISIONAL_SMALL_REQUEST_N,0.45454545454545453,0.5454545454545454,PROVISIONAL_SMALL_REQUEST_N,0.45454545454545453,0.5454545454545454,NOT_PRIMARY; use physical units and frozen spans
14,f14-734ef171b954,FORMAL_10K,HELDOUT_TRIPLE_AUDIT,STRICT_LUMPED,f12d43eace12231077007dc497fee8dad00fbe58cb2f1fe2c6159c47636b97a0,all_candidates,strict_valid,emx_minus_frozen_proxy,Lp_nH,nH,22,0.015002461650601222,0.01927282400952812,-0.010147358052318044,0.008326616768586259,0.03235051022505214,0.033623470401046684,PROVISIONAL_SMALL_REQUEST_N,2,0.014989359586549102,0.01501556371465334,0.01858685125489704,0.019935206320297248,-0.011208637840254316,-0.00908607826438177,0.006229206925817188,0.022718826969995165,0.02645411749407489,0.033666062907286465,0.028091033722402146,0.03398150481317962,220,22,22,0,3,0,0,0,195,11,22,22,22,,0.5,0.05,0.5,NOT_ESTIMABLE,,,PROVISIONAL_SMALL_REQUEST_N,0.45454545454545453,0.5454545454545454,PROVISIONAL_SMALL_REQUEST_N,0.45454545454545453,0.5454545454545454,NOT_PRIMARY; use physical units and frozen spans
14,f14-734ef171b954,FORMAL_10K,HELDOUT_TRIPLE_AUDIT,STRICT_LUMPED,f12d43eace12231077007dc497fee8dad00fbe58cb2f1fe2c6159c47636b97a0,all_candidates,strict_valid,emx_minus_frozen_proxy,Ls_nH,nH,22,0.0038284567510527504,0.00488531138397205,0.0017304341169500637,0.0027027876383166616,0.009740907080827095,0.01027393722352159,PROVISIONAL_SMALL_REQUEST_N,2,0.003445322785349723,0.004211590716755778,0.004424612671330911,0.005306160320366485,0.00044031948944697497,0.0030205487444531524,0.0023383198165289887,0.003205548763031585,0.00558801937995157,0.010074085643697606,0.01027393722352159,0.010495369907391958,220,22,22,0,3,0,0,0,195,11,22,22,22,,0.5,0.05,0.5,NOT_ESTIMABLE,,,PROVISIONAL_SMALL_REQUEST_N,0.45454545454545453,0.5454545454545454,PROVISIONAL_SMALL_REQUEST_N,0.45454545454545453,0.5454545454545454,NOT_PRIMARY; use physical units and frozen spans
14,f14-734ef171b954,FORMAL_10K,HELDOUT_TRIPLE_AUDIT,STRICT_LUMPED,f12d43eace12231077007dc497fee8dad00fbe58cb2f1fe2c6159c47636b97a0,all_candidates,strict_valid,emx_minus_frozen_proxy,Qmin,dimensionless,22,0.2331042951946493,0.3327259813856887,0.1428015934571535,0.16370835388416705,0.5928038198380421,0.7207339372207754,PROVISIONAL_SMALL_REQUEST_N,2,0.19915833349870093,0.2670502568905977,0.26828571192975637,0.3865694428592141,0.11665360848459291,0.16894957842971403,0.11675165537764798,0.16441606438333523,0.5040370532468046,0.7269479973953565,0.5977353068708883,0.8628237132632977,220,22,22,0,3,0,0,0,195,11,22,22,22,,0.5,0.05,0.5,NOT_ESTIMABLE,,,PROVISIONAL_SMALL_REQUEST_N,0.45454545454545453,0.5454545454545454,PROVISIONAL_SMALL_REQUEST_N,0.45454545454545453,0.5454545454545454,NOT_PRIMARY; use physical units and frozen spans
14,f14-734ef171b954,FORMAL_10K,HELDOUT_TRIPLE_AUDIT,STRICT_LUMPED,f12d43eace12231077007dc497fee8dad00fbe58cb2f1fe2c6159c47636b97a0,all_candidates,strict_valid,emx_minus_frozen_proxy,K_abs,dimensionless,22,0.005380383533779342,0.006299759928452428,6.308502692227688e-05,0.0054811721103162625,0.009439963200712108,0.010981547579335258,PROVISIONAL_SMALL_REQUEST_N,2,0.005335841448703809,0.005424925618854873,0.0062883885581960204,0.006311110809787709,-4.9968414353499726e-05,0.0001761384681980535,0.004604142995787347,0.005927650878475937,0.009146336310857484,0.009472588410695953,0.010981547579335258,0.011216740932209783,220,22,22,0,3,0,0,0,195,11,22,22,22,,0.5,0.05,0.5,NOT_ESTIMABLE,,,PROVISIONAL_SMALL_REQUEST_N,0.45454545454545453,0.5454545454545454,PROVISIONAL_SMALL_REQUEST_N,0.45454545454545453,0.5454545454545454,NOT_PRIMARY; use physical units and frozen spans
14,f14-734ef171b954,FORMAL_10K,HELDOUT_TRIPLE_AUDIT,STRICT_LUMPED,f12d43eace12231077007dc497fee8dad00fbe58cb2f1fe2c6159c47636b97a0,all_candidates,all_finite_diagnostic,emx_minus_target,Lp_nH,nH,22,0.022771016671695697,0.029097499368738074,-0.0015849352836519095,0.02493986387098468,0.049806616414464044,0.05120488842485017,PROVISIONAL_SMALL_REQUEST_N,2,0.01646997788441894,0.029072055458972453,0.02142233596908244,0.03513420641846322,-0.015671436879925095,0.012501566312621277,0.008697953379623424,0.03616817441477016,0.035837514848795715,0.051220647922286755,0.03811673330200178,0.053344260974842024,220,22,22,0,3,0,0,0,195,11,22,22,22,,0.5,0.05,0.5,NOT_ESTIMABLE,,,PROVISIONAL_SMALL_REQUEST_N,0.45454545454545453,0.5454545454545454,PROVISIONAL_SMALL_REQUEST_N,0.45454545454545453,0.5454545454545454,NOT_PRIMARY; use physical units and frozen spans
14,f14-734ef171b954,FORMAL_10K,HELDOUT_TRIPLE_AUDIT,STRICT_LUMPED,f12d43eace12231077007dc497fee8dad00fbe58cb2f1fe2c6159c47636b97a0,all_candidates,all_finite_diagnostic,emx_minus_target,Ls_nH,nH,22,0.07385857828765097,0.11491489834162068,-0.0711595241276639,0.04101485731008225,0.2359366988559131,0.2674979036859696,PROVISIONAL_SMALL_REQUEST_N,2,0.041316800325141685,0.10640035625016026,0.05618291652915128,0.1524937625347622,-0.10366078790073466,-0.03865826035459314,0.02486567393785033,0.0579700930113114,0.09621487395915373,0.26886749418365863,0.09719718933254116,0.28027764827430546,220,22,22,0,3,0,0,0,195,11,22,22,22,,0.5,0.05,0.5,NOT_ESTIMABLE,,,PROVISIONAL_SMALL_REQUEST_N,0.45454545454545453,0.5454545454545454,PROVISIONAL_SMALL_REQUEST_N,0.45454545454545453,0.5454545454545454,NOT_PRIMARY; use physical units and frozen spans
14,f14-734ef171b954,FORMAL_10K,HELDOUT_TRIPLE_AUDIT,STRICT_LUMPED,f12d43eace12231077007dc497fee8dad00fbe58cb2f1fe2c6159c47636b97a0,all_candidates,all_finite_diagnostic,emx_minus_target,Qmin,dimensionless,22,1.2796695384332335,1.8480361514359966,-0.6476697002523414,0.8158174197619728,3.25242238036264,3.779112955202023,PROVISIONAL_SMALL_REQUEST_N,2,1.0127059579121132,1.546633118954354,1.4642323599000877,2.16483228686431,-0.9163540132805438,-0.37898538722413894,0.4376843079311179,1.3071164851870627,2.3734987889420616,3.8036165082829214,3.2665431137788117,4.591826660541672,220,22,22,0,3,0,0,0,195,11,22,22,22,,0.5,0.05,0.5,NOT_ESTIMABLE,,,PROVISIONAL_SMALL_REQUEST_N,0.45454545454545453,0.5454545454545454,PROVISIONAL_SMALL_REQUEST_N,0.45454545454545453,0.5454545454545454,NOT_PRIMARY; use physical units and frozen spans
14,f14-734ef171b954,FORMAL_10K,HELDOUT_TRIPLE_AUDIT,STRICT_LUMPED,f12d43eace12231077007dc497fee8dad00fbe58cb2f1fe2c6159c47636b97a0,all_candidates,all_finite_diagnostic,emx_minus_target,K_abs,dimensionless,22,0.01942509723382583,0.03112045006251525,-0.01564452727245881,0.010121435314016006,0.061587985621642825,0.07432797337550434,PROVISIONAL_SMALL_REQUEST_N,2,0.007899034333133742,0.030951160134517916,0.010549331848710652,0.04272793491069735,-0.0260099285631839,-0.005279125981733723,0.0038821885713628546,0.014775941913768714,0.01717806196774796,0.07491649395280464,0.02081180304737333,0.08281154187925291,220,22,22,0,3,0,0,0,195,11,22,22,22,,0.5,0.05,0.5,NOT_ESTIMABLE,,,PROVISIONAL_SMALL_REQUEST_N,0.45454545454545453,0.5454545454545454,PROVISIONAL_SMALL_REQUEST_N,0.45454545454545453,0.5454545454545454,NOT_PRIMARY; use physical units and frozen spans
14,f14-734ef171b954,FORMAL_10K,HELDOUT_TRIPLE_AUDIT,STRICT_LUMPED,f12d43eace12231077007dc497fee8dad00fbe58cb2f1fe2c6159c47636b97a0,all_candidates,all_finite_diagnostic,emx_minus_frozen_proxy,Lp_nH,nH,22,0.015002461650601222,0.01927282400952812,-0.010147358052318044,0.008326616768586259,0.03235051022505214,0.033623470401046684,PROVISIONAL_SMALL_REQUEST_N,2,0.014989359586549102,0.01501556371465334,0.01858685125489704,0.019935206320297248,-0.011208637840254316,-0.00908607826438177,0.006229206925817188,0.022718826969995165,0.02645411749407489,0.033666062907286465,0.028091033722402146,0.03398150481317962,220,22,22,0,3,0,0,0,195,11,22,22,22,,0.5,0.05,0.5,NOT_ESTIMABLE,,,PROVISIONAL_SMALL_REQUEST_N,0.45454545454545453,0.5454545454545454,PROVISIONAL_SMALL_REQUEST_N,0.45454545454545453,0.5454545454545454,NOT_PRIMARY; use physical units and frozen spans
14,f14-734ef171b954,FORMAL_10K,HELDOUT_TRIPLE_AUDIT,STRICT_LUMPED,f12d43eace12231077007dc497fee8dad00fbe58cb2f1fe2c6159c47636b97a0,all_candidates,all_finite_diagnostic,emx_minus_frozen_proxy,Ls_nH,nH,22,0.0038284567510527504,0.00488531138397205,0.0017304341169500637,0.0027027876383166616,0.009740907080827095,0.01027393722352159,PROVISIONAL_SMALL_REQUEST_N,2,0.003445322785349723,0.004211590716755778,0.004424612671330911,0.005306160320366485,0.00044031948944697497,0.0030205487444531524,0.0023383198165289887,0.003205548763031585,0.00558801937995157,0.010074085643697606,0.01027393722352159,0.010495369907391958,220,22,22,0,3,0,0,0,195,11,22,22,22,,0.5,0.05,0.5,NOT_ESTIMABLE,,,PROVISIONAL_SMALL_REQUEST_N,0.45454545454545453,0.5454545454545454,PROVISIONAL_SMALL_REQUEST_N,0.45454545454545453,0.5454545454545454,NOT_PRIMARY; use physical units and frozen spans
14,f14-734ef171b954,FORMAL_10K,HELDOUT_TRIPLE_AUDIT,STRICT_LUMPED,f12d43eace12231077007dc497fee8dad00fbe58cb2f1fe2c6159c47636b97a0,all_candidates,all_finite_diagnostic,emx_minus_frozen_proxy,Qmin,dimensionless,22,0.2331042951946493,0.3327259813856887,0.1428015934571535,0.16370835388416705,0.5928038198380421,0.7207339372207754,PROVISIONAL_SMALL_REQUEST_N,2,0.19915833349870093,0.2670502568905977,0.26828571192975637,0.3865694428592141,0.11665360848459291,0.16894957842971403,0.11675165537764798,0.16441606438333523,0.5040370532468046,0.7269479973953565,0.5977353068708883,0.8628237132632977,220,22,22,0,3,0,0,0,195,11,22,22,22,,0.5,0.05,0.5,NOT_ESTIMABLE,,,PROVISIONAL_SMALL_REQUEST_N,0.45454545454545453,0.5454545454545454,PROVISIONAL_SMALL_REQUEST_N,0.45454545454545453,0.5454545454545454,NOT_PRIMARY; use physical units and frozen spans
14,f14-734ef171b954,FORMAL_10K,HELDOUT_TRIPLE_AUDIT,STRICT_LUMPED,f12d43eace12231077007dc497fee8dad00fbe58cb2f1fe2c6159c47636b97a0,all_candidates,all_finite_diagnostic,emx_minus_frozen_proxy,K_abs,dimensionless,22,0.005380383533779342,0.006299759928452428,6.308502692227688e-05,0.0054811721103162625,0.009439963200712108,0.010981547579335258,PROVISIONAL_SMALL_REQUEST_N,2,0.005335841448703809,0.005424925618854873,0.0062883885581960204,0.006311110809787709,-4.9968414353499726e-05,0.0001761384681980535,0.004604142995787347,0.005927650878475937,0.009146336310857484,0.009472588410695953,0.010981547579335258,0.011216740932209783,220,22,22,0,3,0,0,0,195,11,22,22,22,,0.5,0.05,0.5,NOT_ESTIMABLE,,,PROVISIONAL_SMALL_REQUEST_N,0.45454545454545453,0.5454545454545454,PROVISIONAL_SMALL_REQUEST_N,0.45454545454545453,0.5454545454545454,NOT_PRIMARY; use physical units and frozen spans
14,f14-734ef171b954,FORMAL_10K,HELDOUT_TRIPLE_AUDIT,STRICT_LUMPED,f12d43eace12231077007dc497fee8dad00fbe58cb2f1fe2c6159c47636b97a0,selected_q_proxy,strict_valid,emx_minus_target,Lp_nH,nH,2,0.004543028420618489,0.005390452054200715,-0.002901355910275294,0.004543028420618489,0.006864113148838724,0.0071542487398662535,PROVISIONAL_SMALL_REQUEST_N,2,0.001641672510343195,0.007444384330893783,0.001641672510343195,0.007444384330893783,-0.007444384330893783,0.001641672510343195,0.001641672510343195,0.007444384330893783,0.001641672510343195,0.007444384330893783,0.001641672510343195,0.007444384330893783,20,2,2,0,0,0,0,0,18,2,2,2,2,,1.0,0.1,1.0,NOT_ESTIMABLE,,,PROVISIONAL_SMALL_REQUEST_N,1.0,1.0,PROVISIONAL_SMALL_REQUEST_N,1.0,1.0,NOT_PRIMARY; use physical units and frozen spans
14,f14-734ef171b954,FORMAL_10K,HELDOUT_TRIPLE_AUDIT,STRICT_LUMPED,f12d43eace12231077007dc497fee8dad00fbe58cb2f1fe2c6159c47636b97a0,selected_q_proxy,strict_valid,emx_minus_target,Ls_nH,nH,2,0.007308352239782212,0.008749746611332767,0.0048110345355026896,0.007308352239782212,0.011157179868184364,0.011638283321734633,PROVISIONAL_SMALL_REQUEST_N,2,0.0024973177042795225,0.012119386775284902,0.0024973177042795225,0.012119386775284902,-0.0024973177042795225,0.012119386775284902,0.0024973177042795225,0.012119386775284902,0.0024973177042795225,0.012119386775284902,0.0024973177042795225,0.012119386775284902,20,2,2,0,0,0,0,0,18,2,2,2,2,,1.0,0.1,1.0,NOT_ESTIMABLE,,,PROVISIONAL_SMALL_REQUEST_N,1.0,1.0,PROVISIONAL_SMALL_REQUEST_N,1.0,1.0,NOT_PRIMARY; use physical units and frozen spans
14,f14-734ef171b954,FORMAL_10K,HELDOUT_TRIPLE_AUDIT,STRICT_LUMPED,f12d43eace12231077007dc497fee8dad00fbe58cb2f1fe2c6159c47636b97a0,selected_q_proxy,strict_valid,emx_minus_target,Qmin,dimensionless,2,0.11643833594891184,0.13339277727667792,0.06508261635055668,0.11643833594891184,0.1685044290293572,0.17501269066441283,PROVISIONAL_SMALL_REQUEST_N,2,0.051355719598355165,0.18152095229946852,0.051355719598355165,0.18152095229946852,-0.051355719598355165,0.18152095229946852,0.051355719598355165,0.18152095229946852,0.051355719598355165,0.18152095229946852,0.051355719598355165,0.18152095229946852,20,2,2,0,0,0,0,0,18,2,2,2,2,,1.0,0.1,1.0,NOT_ESTIMABLE,,,PROVISIONAL_SMALL_REQUEST_N,1.0,1.0,PROVISIONAL_SMALL_REQUEST_N,1.0,1.0,NOT_PRIMARY; use physical units and frozen spans
14,f14-734ef171b954,FORMAL_10K,HELDOUT_TRIPLE_AUDIT,STRICT_LUMPED,f12d43eace12231077007dc497fee8dad00fbe58cb2f1fe2c6159c47636b97a0,selected_q_proxy,strict_valid,emx_minus_target,K_abs,dimensionless,2,0.003954744247042494,0.004152328230479497,0.0012656333095021205,0.003954744247042494,0.00496725089464419,0.005093814225594402,PROVISIONAL_SMALL_REQUEST_N,2,0.0026891109375403732,0.005220377556544614,0.0026891109375403732,0.005220377556544614,-0.0026891109375403732,0.005220377556544614,0.0026891109375403732,0.005220377556544614,0.0026891109375403732,0.005220377556544614,0.0026891109375403732,0.005220377556544614,20,2,2,0,0,0,0,0,18,2,2,2,2,,1.0,0.1,1.0,NOT_ESTIMABLE,,,PROVISIONAL_SMALL_REQUEST_N,1.0,1.0,PROVISIONAL_SMALL_REQUEST_N,1.0,1.0,NOT_PRIMARY; use physical units and frozen spans
14,f14-734ef171b954,FORMAL_10K,HELDOUT_TRIPLE_AUDIT,STRICT_LUMPED,f12d43eace12231077007dc497fee8dad00fbe58cb2f1fe2c6159c47636b97a0,selected_q_proxy,strict_valid,emx_minus_frozen_proxy,Lp_nH,nH,2,0.004932888546776981,0.005091534287656637,-0.00126108365601163,0.004932888546776981,0.005941755471586286,0.006067863837187448,PROVISIONAL_SMALL_REQUEST_N,2,0.003671804890765351,0.006193972202788611,0.003671804890765351,0.006193972202788611,-0.006193972202788611,0.003671804890765351,0.003671804890765351,0.006193972202788611,0.003671804890765351,0.006193972202788611,0.003671804890765351,0.006193972202788611,20,2,2,0,0,0,0,0,18,2,2,2,2,,1.0,0.1,1.0,NOT_ESTIMABLE,,,PROVISIONAL_SMALL_REQUEST_N,1.0,1.0,PROVISIONAL_SMALL_REQUEST_N,1.0,1.0,NOT_PRIMARY; use physical units and frozen spans
14,f14-734ef171b954,FORMAL_10K,HELDOUT_TRIPLE_AUDIT,STRICT_LUMPED,f12d43eace12231077007dc497fee8dad00fbe58cb2f1fe2c6159c47636b97a0,selected_q_proxy,strict_valid,emx_minus_frozen_proxy,Ls_nH,nH,2,0.0061393864832003375,0.0076800721458512656,0.004614265030899012,0.0061393864832003375,0.009830798507919547,0.010292225011009447,PROVISIONAL_SMALL_REQUEST_N,2,0.0015251214523013257,0.01075365151409935,0.0015251214523013257,0.01075365151409935,-0.0015251214523013257,0.01075365151409935,0.0015251214523013257,0.01075365151409935,0.0015251214523013257,0.01075365151409935,0.0015251214523013257,0.01075365151409935,20,2,2,0,0,0,0,0,18,2,2,2,2,,1.0,0.1,1.0,NOT_ESTIMABLE,,,PROVISIONAL_SMALL_REQUEST_N,1.0,1.0,PROVISIONAL_SMALL_REQUEST_N,1.0,1.0,NOT_PRIMARY; use physical units and frozen spans
14,f14-734ef171b954,FORMAL_10K,HELDOUT_TRIPLE_AUDIT,STRICT_LUMPED,f12d43eace12231077007dc497fee8dad00fbe58cb2f1fe2c6159c47636b97a0,selected_q_proxy,strict_valid,emx_minus_frozen_proxy,Qmin,dimensionless,2,0.125251240306822,0.13646405582557555,0.05417162849655277,0.125251240306822,0.16858854310406424,0.1740057059537195,PROVISIONAL_SMALL_REQUEST_N,2,0.07107961181026923,0.17942286880337477,0.07107961181026923,0.17942286880337477,-0.07107961181026923,0.17942286880337477,0.07107961181026923,0.17942286880337477,0.07107961181026923,0.17942286880337477,0.07107961181026923,0.17942286880337477,20,2,2,0,0,0,0,0,18,2,2,2,2,,1.0,0.1,1.0,NOT_ESTIMABLE,,,PROVISIONAL_SMALL_REQUEST_N,1.0,1.0,PROVISIONAL_SMALL_REQUEST_N,1.0,1.0,NOT_PRIMARY; use physical units and frozen spans
14,f14-734ef171b954,FORMAL_10K,HELDOUT_TRIPLE_AUDIT,STRICT_LUMPED,f12d43eace12231077007dc497fee8dad00fbe58cb2f1fe2c6159c47636b97a0,selected_q_proxy,strict_valid,emx_minus_frozen_proxy,K_abs,dimensionless,2,0.005179901590033523,0.0052567425665446975,0.0008955232707702904,0.005179901590033523,0.005896320206649755,0.005985872533726784,PROVISIONAL_SMALL_REQUEST_N,2,0.004284378319263232,0.006075424860803813,0.004284378319263232,0.006075424860803813,-0.004284378319263232,0.006075424860803813,0.004284378319263232,0.006075424860803813,0.004284378319263232,0.006075424860803813,0.004284378319263232,0.006075424860803813,20,2,2,0,0,0,0,0,18,2,2,2,2,,1.0,0.1,1.0,NOT_ESTIMABLE,,,PROVISIONAL_SMALL_REQUEST_N,1.0,1.0,PROVISIONAL_SMALL_REQUEST_N,1.0,1.0,NOT_PRIMARY; use physical units and frozen spans
14,f14-734ef171b954,FORMAL_10K,HELDOUT_TRIPLE_AUDIT,STRICT_LUMPED,f12d43eace12231077007dc497fee8dad00fbe58cb2f1fe2c6159c47636b97a0,selected_q_proxy,all_finite_diagnostic,emx_minus_target,Lp_nH,nH,2,0.004543028420618489,0.005390452054200715,-0.002901355910275294,0.004543028420618489,0.006864113148838724,0.0071542487398662535,PROVISIONAL_SMALL_REQUEST_N,2,0.001641672510343195,0.007444384330893783,0.001641672510343195,0.007444384330893783,-0.007444384330893783,0.001641672510343195,0.001641672510343195,0.007444384330893783,0.001641672510343195,0.007444384330893783,0.001641672510343195,0.007444384330893783,20,2,2,0,0,0,0,0,18,2,2,2,2,,1.0,0.1,1.0,NOT_ESTIMABLE,,,PROVISIONAL_SMALL_REQUEST_N,1.0,1.0,PROVISIONAL_SMALL_REQUEST_N,1.0,1.0,NOT_PRIMARY; use physical units and frozen spans
14,f14-734ef171b954,FORMAL_10K,HELDOUT_TRIPLE_AUDIT,STRICT_LUMPED,f12d43eace12231077007dc497fee8dad00fbe58cb2f1fe2c6159c47636b97a0,selected_q_proxy,all_finite_diagnostic,emx_minus_target,Ls_nH,nH,2,0.007308352239782212,0.008749746611332767,0.0048110345355026896,0.007308352239782212,0.011157179868184364,0.011638283321734633,PROVISIONAL_SMALL_REQUEST_N,2,0.0024973177042795225,0.012119386775284902,0.0024973177042795225,0.012119386775284902,-0.0024973177042795225,0.012119386775284902,0.0024973177042795225,0.012119386775284902,0.0024973177042795225,0.012119386775284902,0.0024973177042795225,0.012119386775284902,20,2,2,0,0,0,0,0,18,2,2,2,2,,1.0,0.1,1.0,NOT_ESTIMABLE,,,PROVISIONAL_SMALL_REQUEST_N,1.0,1.0,PROVISIONAL_SMALL_REQUEST_N,1.0,1.0,NOT_PRIMARY; use physical units and frozen spans
14,f14-734ef171b954,FORMAL_10K,HELDOUT_TRIPLE_AUDIT,STRICT_LUMPED,f12d43eace12231077007dc497fee8dad00fbe58cb2f1fe2c6159c47636b97a0,selected_q_proxy,all_finite_diagnostic,emx_minus_target,Qmin,dimensionless,2,0.11643833594891184,0.13339277727667792,0.06508261635055668,0.11643833594891184,0.1685044290293572,0.17501269066441283,PROVISIONAL_SMALL_REQUEST_N,2,0.051355719598355165,0.18152095229946852,0.051355719598355165,0.18152095229946852,-0.051355719598355165,0.18152095229946852,0.051355719598355165,0.18152095229946852,0.051355719598355165,0.18152095229946852,0.051355719598355165,0.18152095229946852,20,2,2,0,0,0,0,0,18,2,2,2,2,,1.0,0.1,1.0,NOT_ESTIMABLE,,,PROVISIONAL_SMALL_REQUEST_N,1.0,1.0,PROVISIONAL_SMALL_REQUEST_N,1.0,1.0,NOT_PRIMARY; use physical units and frozen spans
14,f14-734ef171b954,FORMAL_10K,HELDOUT_TRIPLE_AUDIT,STRICT_LUMPED,f12d43eace12231077007dc497fee8dad00fbe58cb2f1fe2c6159c47636b97a0,selected_q_proxy,all_finite_diagnostic,emx_minus_target,K_abs,dimensionless,2,0.003954744247042494,0.004152328230479497,0.0012656333095021205,0.003954744247042494,0.00496725089464419,0.005093814225594402,PROVISIONAL_SMALL_REQUEST_N,2,0.0026891109375403732,0.005220377556544614,0.0026891109375403732,0.005220377556544614,-0.0026891109375403732,0.005220377556544614,0.0026891109375403732,0.005220377556544614,0.0026891109375403732,0.005220377556544614,0.0026891109375403732,0.005220377556544614,20,2,2,0,0,0,0,0,18,2,2,2,2,,1.0,0.1,1.0,NOT_ESTIMABLE,,,PROVISIONAL_SMALL_REQUEST_N,1.0,1.0,PROVISIONAL_SMALL_REQUEST_N,1.0,1.0,NOT_PRIMARY; use physical units and frozen spans
14,f14-734ef171b954,FORMAL_10K,HELDOUT_TRIPLE_AUDIT,STRICT_LUMPED,f12d43eace12231077007dc497fee8dad00fbe58cb2f1fe2c6159c47636b97a0,selected_q_proxy,all_finite_diagnostic,emx_minus_frozen_proxy,Lp_nH,nH,2,0.004932888546776981,0.005091534287656637,-0.00126108365601163,0.004932888546776981,0.005941755471586286,0.006067863837187448,PROVISIONAL_SMALL_REQUEST_N,2,0.003671804890765351,0.006193972202788611,0.003671804890765351,0.006193972202788611,-0.006193972202788611,0.003671804890765351,0.003671804890765351,0.006193972202788611,0.003671804890765351,0.006193972202788611,0.003671804890765351,0.006193972202788611,20,2,2,0,0,0,0,0,18,2,2,2,2,,1.0,0.1,1.0,NOT_ESTIMABLE,,,PROVISIONAL_SMALL_REQUEST_N,1.0,1.0,PROVISIONAL_SMALL_REQUEST_N,1.0,1.0,NOT_PRIMARY; use physical units and frozen spans
14,f14-734ef171b954,FORMAL_10K,HELDOUT_TRIPLE_AUDIT,STRICT_LUMPED,f12d43eace12231077007dc497fee8dad00fbe58cb2f1fe2c6159c47636b97a0,selected_q_proxy,all_finite_diagnostic,emx_minus_frozen_proxy,Ls_nH,nH,2,0.0061393864832003375,0.0076800721458512656,0.004614265030899012,0.0061393864832003375,0.009830798507919547,0.010292225011009447,PROVISIONAL_SMALL_REQUEST_N,2,0.0015251214523013257,0.01075365151409935,0.0015251214523013257,0.01075365151409935,-0.0015251214523013257,0.01075365151409935,0.0015251214523013257,0.01075365151409935,0.0015251214523013257,0.01075365151409935,0.0015251214523013257,0.01075365151409935,20,2,2,0,0,0,0,0,18,2,2,2,2,,1.0,0.1,1.0,NOT_ESTIMABLE,,,PROVISIONAL_SMALL_REQUEST_N,1.0,1.0,PROVISIONAL_SMALL_REQUEST_N,1.0,1.0,NOT_PRIMARY; use physical units and frozen spans
14,f14-734ef171b954,FORMAL_10K,HELDOUT_TRIPLE_AUDIT,STRICT_LUMPED,f12d43eace12231077007dc497fee8dad00fbe58cb2f1fe2c6159c47636b97a0,selected_q_proxy,all_finite_diagnostic,emx_minus_frozen_proxy,Qmin,dimensionless,2,0.125251240306822,0.13646405582557555,0.05417162849655277,0.125251240306822,0.16858854310406424,0.1740057059537195,PROVISIONAL_SMALL_REQUEST_N,2,0.07107961181026923,0.17942286880337477,0.07107961181026923,0.17942286880337477,-0.07107961181026923,0.17942286880337477,0.07107961181026923,0.17942286880337477,0.07107961181026923,0.17942286880337477,0.07107961181026923,0.17942286880337477,20,2,2,0,0,0,0,0,18,2,2,2,2,,1.0,0.1,1.0,NOT_ESTIMABLE,,,PROVISIONAL_SMALL_REQUEST_N,1.0,1.0,PROVISIONAL_SMALL_REQUEST_N,1.0,1.0,NOT_PRIMARY; use physical units and frozen spans
14,f14-734ef171b954,FORMAL_10K,HELDOUT_TRIPLE_AUDIT,STRICT_LUMPED,f12d43eace12231077007dc497fee8dad00fbe58cb2f1fe2c6159c47636b97a0,selected_q_proxy,all_finite_diagnostic,emx_minus_frozen_proxy,K_abs,dimensionless,2,0.005179901590033523,0.0052567425665446975,0.0008955232707702904,0.005179901590033523,0.005896320206649755,0.005985872533726784,PROVISIONAL_SMALL_REQUEST_N,2,0.004284378319263232,0.006075424860803813,0.004284378319263232,0.006075424860803813,-0.004284378319263232,0.006075424860803813,0.004284378319263232,0.006075424860803813,0.004284378319263232,0.006075424860803813,0.004284378319263232,0.006075424860803813,20,2,2,0,0,0,0,0,18,2,2,2,2,,1.0,0.1,1.0,NOT_ESTIMABLE,,,PROVISIONAL_SMALL_REQUEST_N,1.0,1.0,PROVISIONAL_SMALL_REQUEST_N,1.0,1.0,NOT_PRIMARY; use physical units and frozen spans
16,f16-d1f0e127f1c7,FORMAL_10K,HELDOUT_TRIPLE_AUDIT,STRICT_LUMPED,f12d43eace12231077007dc497fee8dad00fbe58cb2f1fe2c6159c47636b97a0,all_candidates,strict_valid,emx_minus_target,Lp_nH,nH,15,0.0628820907971637,0.12289942328708778,-0.059434635471650135,0.013149355282506825,0.19254342368928976,0.3048752972918526,PROVISIONAL_SMALL_REQUEST_N,2,0.021181690383845486,0.11053969126952737,0.03262020272909234,0.17649419361383492,-0.10640311695288153,-0.018337214175572658,0.00641160990917089,0.03687439988627217,0.05903070661737864,0.3405182381609303,0.06330522365970537,0.3672504438127384,220,15,15,0,38,2,0,0,165,9,15,15,22,,0.4090909090909091,0.04090909090909091,0.6,NOT_ESTIMABLE,,,PROVISIONAL_SMALL_REQUEST_N,0.36363636363636365,0.45454545454545453,PROVISIONAL_SMALL_REQUEST_N,0.5714285714285714,0.625,NOT_PRIMARY; use physical units and frozen spans
16,f16-d1f0e127f1c7,FORMAL_10K,HELDOUT_TRIPLE_AUDIT,STRICT_LUMPED,f12d43eace12231077007dc497fee8dad00fbe58cb2f1fe2c6159c47636b97a0,all_candidates,strict_valid,emx_minus_target,Ls_nH,nH,15,0.031662123618020656,0.05516755822146509,0.018782370129985064,0.008810745386859553,0.09391445423137247,0.1364444639496876,PROVISIONAL_SMALL_REQUEST_N,2,0.013847596554565827,0.05202158311911188,0.019216483662593285,0.07810039898100336,-0.010301941235500905,0.05202158311911188,0.007091310638129844,0.03166255890891723,0.03392633786353838,0.1467191910719998,0.04167850766650094,0.15442523641373385,220,15,15,0,38,2,0,0,165,9,15,15,22,,0.4090909090909091,0.04090909090909091,0.6,NOT_ESTIMABLE,,,PROVISIONAL_SMALL_REQUEST_N,0.36363636363636365,0.45454545454545453,PROVISIONAL_SMALL_REQUEST_N,0.5714285714285714,0.625,NOT_PRIMARY; use physical units and frozen spans
16,f16-d1f0e127f1c7,FORMAL_10K,HELDOUT_TRIPLE_AUDIT,STRICT_LUMPED,f12d43eace12231077007dc497fee8dad00fbe58cb2f1fe2c6159c47636b97a0,all_candidates,strict_valid,emx_minus_target,Qmin,dimensionless,15,0.3815174313025805,0.5884015347169365,0.12453647912746911,0.1524688087368613,1.0140515128772567,1.3728519047024157,PROVISIONAL_SMALL_REQUEST_N,2,0.3731758672330811,0.3888162998633924,0.547046020852126,0.6323618651438584,0.06937130469039461,0.17280600675990931,0.13171168873078543,0.25148494564983004,0.9179293667777193,1.2609508938958238,1.2973962488325235,1.548915101732165,220,15,15,0,38,2,0,0,165,9,15,15,22,,0.4090909090909091,0.04090909090909091,0.6,NOT_ESTIMABLE,,,PROVISIONAL_SMALL_REQUEST_N,0.36363636363636365,0.45454545454545453,PROVISIONAL_SMALL_REQUEST_N,0.5714285714285714,0.625,NOT_PRIMARY; use physical units and frozen spans
16,f16-d1f0e127f1c7,FORMAL_10K,HELDOUT_TRIPLE_AUDIT,STRICT_LUMPED,f12d43eace12231077007dc497fee8dad00fbe58cb2f1fe2c6159c47636b97a0,all_candidates,strict_valid,emx_minus_target,K_abs,dimensionless,15,0.02183949702479693,0.03262581456525241,0.012856747158647232,0.01130285016610924,0.05094008741870149,0.06364449096415753,PROVISIONAL_SMALL_REQUEST_N,2,0.010655800374520002,0.031625231593789244,0.013504638977264687,0.04285153107438191,0.006796343840494777,0.018159600062030632,0.011222989077657938,0.020004763010518012,0.02245957296887513,0.07187406685827577,0.0227833892734515,0.09244800659357125,220,15,15,0,38,2,0,0,165,9,15,15,22,,0.4090909090909091,0.04090909090909091,0.6,NOT_ESTIMABLE,,,PROVISIONAL_SMALL_REQUEST_N,0.36363636363636365,0.45454545454545453,PROVISIONAL_SMALL_REQUEST_N,0.5714285714285714,0.625,NOT_PRIMARY; use physical units and frozen spans
16,f16-d1f0e127f1c7,FORMAL_10K,HELDOUT_TRIPLE_AUDIT,STRICT_LUMPED,f12d43eace12231077007dc497fee8dad00fbe58cb2f1fe2c6159c47636b97a0,all_candidates,strict_valid,emx_minus_frozen_proxy,Lp_nH,nH,15,0.006888342546883974,0.008199620390831818,-0.0013628083160054743,0.005901545658587359,0.01382984309369637,0.014346135328929054,PROVISIONAL_SMALL_REQUEST_N,2,0.005729570286262309,0.008212653701880164,0.006776393528814181,0.009570419786638234,-0.0015933408540458962,-0.001161092345220105,0.00560900010841392,0.008611123770476459,0.01073655137860352,0.014672626627177767,0.014003554301085908,0.015145491060563065,220,15,15,0,38,2,0,0,165,9,15,15,22,,0.4090909090909091,0.04090909090909091,0.6,NOT_ESTIMABLE,,,PROVISIONAL_SMALL_REQUEST_N,0.36363636363636365,0.45454545454545453,PROVISIONAL_SMALL_REQUEST_N,0.5714285714285714,0.625,NOT_PRIMARY; use physical units and frozen spans
16,f16-d1f0e127f1c7,FORMAL_10K,HELDOUT_TRIPLE_AUDIT,STRICT_LUMPED,f12d43eace12231077007dc497fee8dad00fbe58cb2f1fe2c6159c47636b97a0,all_candidates,strict_valid,emx_minus_frozen_proxy,Ls_nH,nH,15,0.009150377626043649,0.013442047003843738,0.0005895471337106069,0.005149398351042889,0.022882171586328947,0.02786997379761441,PROVISIONAL_SMALL_REQUEST_N,2,0.007833317819880975,0.010655588833086704,0.00991751338691035,0.01657654470529626,-0.004567937917217352,0.00648381576334256,0.00458105110363205,0.005675042012118325,0.017923869860768438,0.03209721366101542,0.020156113115726848,0.03526764355856615,220,15,15,0,38,2,0,0,165,9,15,15,22,,0.4090909090909091,0.04090909090909091,0.6,NOT_ESTIMABLE,,,PROVISIONAL_SMALL_REQUEST_N,0.36363636363636365,0.45454545454545453,PROVISIONAL_SMALL_REQUEST_N,0.5714285714285714,0.625,NOT_PRIMARY; use physical units and frozen spans
16,f16-d1f0e127f1c7,FORMAL_10K,HELDOUT_TRIPLE_AUDIT,STRICT_LUMPED,f12d43eace12231077007dc497fee8dad00fbe58cb2f1fe2c6159c47636b97a0,all_candidates,strict_valid,emx_minus_frozen_proxy,Qmin,dimensionless,15,0.26769166297785885,0.38327262856670297,-0.1179651611923551,0.17689145430570896,0.713196150961722,0.8391607871246074,PROVISIONAL_SMALL_REQUEST_N,2,0.14749371896523278,0.4050607418494315,0.181967844797222,0.5262495666513698,-0.1385212494565083,-0.09997858396122106,0.1309521648606271,0.25376485997908205,0.28679906309546155,0.8927193221249641,0.31171493318995047,0.9328882233752314,220,15,15,0,38,2,0,0,165,9,15,15,22,,0.4090909090909091,0.04090909090909091,0.6,NOT_ESTIMABLE,,,PROVISIONAL_SMALL_REQUEST_N,0.36363636363636365,0.45454545454545453,PROVISIONAL_SMALL_REQUEST_N,0.5714285714285714,0.625,NOT_PRIMARY; use physical units and frozen spans
16,f16-d1f0e127f1c7,FORMAL_10K,HELDOUT_TRIPLE_AUDIT,STRICT_LUMPED,f12d43eace12231077007dc497fee8dad00fbe58cb2f1fe2c6159c47636b97a0,all_candidates,strict_valid,emx_minus_frozen_proxy,K_abs,dimensionless,15,0.005833192914186707,0.006952594498686706,0.0014077036152611569,0.004981053642534983,0.010568774468419417,0.012290247213149572,PROVISIONAL_SMALL_REQUEST_N,2,0.005668416475972635,0.0060215088435742175,0.006641018844150464,0.007292398230257483,0.0008147938643963939,0.0019264996472678243,0.004838171177408729,0.005647238677327859,0.010471747669063558,0.012991569312939912,0.010956881665842855,0.015401433490198596,220,15,15,0,38,2,0,0,165,9,15,15,22,,0.4090909090909091,0.04090909090909091,0.6,NOT_ESTIMABLE,,,PROVISIONAL_SMALL_REQUEST_N,0.36363636363636365,0.45454545454545453,PROVISIONAL_SMALL_REQUEST_N,0.5714285714285714,0.625,NOT_PRIMARY; use physical units and frozen spans
16,f16-d1f0e127f1c7,FORMAL_10K,HELDOUT_TRIPLE_AUDIT,STRICT_LUMPED,f12d43eace12231077007dc497fee8dad00fbe58cb2f1fe2c6159c47636b97a0,all_candidates,all_finite_diagnostic,emx_minus_target,Lp_nH,nH,15,0.0628820907971637,0.12289942328708778,-0.059434635471650135,0.013149355282506825,0.19254342368928976,0.3048752972918526,PROVISIONAL_SMALL_REQUEST_N,2,0.021181690383845486,0.11053969126952737,0.03262020272909234,0.17649419361383492,-0.10640311695288153,-0.018337214175572658,0.00641160990917089,0.03687439988627217,0.05903070661737864,0.3405182381609303,0.06330522365970537,0.3672504438127384,220,15,15,0,38,2,0,0,165,9,15,15,22,,0.4090909090909091,0.04090909090909091,0.6,NOT_ESTIMABLE,,,PROVISIONAL_SMALL_REQUEST_N,0.36363636363636365,0.45454545454545453,PROVISIONAL_SMALL_REQUEST_N,0.5714285714285714,0.625,NOT_PRIMARY; use physical units and frozen spans
16,f16-d1f0e127f1c7,FORMAL_10K,HELDOUT_TRIPLE_AUDIT,STRICT_LUMPED,f12d43eace12231077007dc497fee8dad00fbe58cb2f1fe2c6159c47636b97a0,all_candidates,all_finite_diagnostic,emx_minus_target,Ls_nH,nH,15,0.031662123618020656,0.05516755822146509,0.018782370129985064,0.008810745386859553,0.09391445423137247,0.1364444639496876,PROVISIONAL_SMALL_REQUEST_N,2,0.013847596554565827,0.05202158311911188,0.019216483662593285,0.07810039898100336,-0.010301941235500905,0.05202158311911188,0.007091310638129844,0.03166255890891723,0.03392633786353838,0.1467191910719998,0.04167850766650094,0.15442523641373385,220,15,15,0,38,2,0,0,165,9,15,15,22,,0.4090909090909091,0.04090909090909091,0.6,NOT_ESTIMABLE,,,PROVISIONAL_SMALL_REQUEST_N,0.36363636363636365,0.45454545454545453,PROVISIONAL_SMALL_REQUEST_N,0.5714285714285714,0.625,NOT_PRIMARY; use physical units and frozen spans
16,f16-d1f0e127f1c7,FORMAL_10K,HELDOUT_TRIPLE_AUDIT,STRICT_LUMPED,f12d43eace12231077007dc497fee8dad00fbe58cb2f1fe2c6159c47636b97a0,all_candidates,all_finite_diagnostic,emx_minus_target,Qmin,dimensionless,15,0.3815174313025805,0.5884015347169365,0.12453647912746911,0.1524688087368613,1.0140515128772567,1.3728519047024157,PROVISIONAL_SMALL_REQUEST_N,2,0.3731758672330811,0.3888162998633924,0.547046020852126,0.6323618651438584,0.06937130469039461,0.17280600675990931,0.13171168873078543,0.25148494564983004,0.9179293667777193,1.2609508938958238,1.2973962488325235,1.548915101732165,220,15,15,0,38,2,0,0,165,9,15,15,22,,0.4090909090909091,0.04090909090909091,0.6,NOT_ESTIMABLE,,,PROVISIONAL_SMALL_REQUEST_N,0.36363636363636365,0.45454545454545453,PROVISIONAL_SMALL_REQUEST_N,0.5714285714285714,0.625,NOT_PRIMARY; use physical units and frozen spans
16,f16-d1f0e127f1c7,FORMAL_10K,HELDOUT_TRIPLE_AUDIT,STRICT_LUMPED,f12d43eace12231077007dc497fee8dad00fbe58cb2f1fe2c6159c47636b97a0,all_candidates,all_finite_diagnostic,emx_minus_target,K_abs,dimensionless,15,0.02183949702479693,0.03262581456525241,0.012856747158647232,0.01130285016610924,0.05094008741870149,0.06364449096415753,PROVISIONAL_SMALL_REQUEST_N,2,0.010655800374520002,0.031625231593789244,0.013504638977264687,0.04285153107438191,0.006796343840494777,0.018159600062030632,0.011222989077657938,0.020004763010518012,0.02245957296887513,0.07187406685827577,0.0227833892734515,0.09244800659357125,220,15,15,0,38,2,0,0,165,9,15,15,22,,0.4090909090909091,0.04090909090909091,0.6,NOT_ESTIMABLE,,,PROVISIONAL_SMALL_REQUEST_N,0.36363636363636365,0.45454545454545453,PROVISIONAL_SMALL_REQUEST_N,0.5714285714285714,0.625,NOT_PRIMARY; use physical units and frozen spans
16,f16-d1f0e127f1c7,FORMAL_10K,HELDOUT_TRIPLE_AUDIT,STRICT_LUMPED,f12d43eace12231077007dc497fee8dad00fbe58cb2f1fe2c6159c47636b97a0,all_candidates,all_finite_diagnostic,emx_minus_frozen_proxy,Lp_nH,nH,15,0.006888342546883974,0.008199620390831818,-0.0013628083160054743,0.005901545658587359,0.01382984309369637,0.014346135328929054,PROVISIONAL_SMALL_REQUEST_N,2,0.005729570286262309,0.008212653701880164,0.006776393528814181,0.009570419786638234,-0.0015933408540458962,-0.001161092345220105,0.00560900010841392,0.008611123770476459,0.01073655137860352,0.014672626627177767,0.014003554301085908,0.015145491060563065,220,15,15,0,38,2,0,0,165,9,15,15,22,,0.4090909090909091,0.04090909090909091,0.6,NOT_ESTIMABLE,,,PROVISIONAL_SMALL_REQUEST_N,0.36363636363636365,0.45454545454545453,PROVISIONAL_SMALL_REQUEST_N,0.5714285714285714,0.625,NOT_PRIMARY; use physical units and frozen spans
16,f16-d1f0e127f1c7,FORMAL_10K,HELDOUT_TRIPLE_AUDIT,STRICT_LUMPED,f12d43eace12231077007dc497fee8dad00fbe58cb2f1fe2c6159c47636b97a0,all_candidates,all_finite_diagnostic,emx_minus_frozen_proxy,Ls_nH,nH,15,0.009150377626043649,0.013442047003843738,0.0005895471337106069,0.005149398351042889,0.022882171586328947,0.02786997379761441,PROVISIONAL_SMALL_REQUEST_N,2,0.007833317819880975,0.010655588833086704,0.00991751338691035,0.01657654470529626,-0.004567937917217352,0.00648381576334256,0.00458105110363205,0.005675042012118325,0.017923869860768438,0.03209721366101542,0.020156113115726848,0.03526764355856615,220,15,15,0,38,2,0,0,165,9,15,15,22,,0.4090909090909091,0.04090909090909091,0.6,NOT_ESTIMABLE,,,PROVISIONAL_SMALL_REQUEST_N,0.36363636363636365,0.45454545454545453,PROVISIONAL_SMALL_REQUEST_N,0.5714285714285714,0.625,NOT_PRIMARY; use physical units and frozen spans
16,f16-d1f0e127f1c7,FORMAL_10K,HELDOUT_TRIPLE_AUDIT,STRICT_LUMPED,f12d43eace12231077007dc497fee8dad00fbe58cb2f1fe2c6159c47636b97a0,all_candidates,all_finite_diagnostic,emx_minus_frozen_proxy,Qmin,dimensionless,15,0.26769166297785885,0.38327262856670297,-0.1179651611923551,0.17689145430570896,0.713196150961722,0.8391607871246074,PROVISIONAL_SMALL_REQUEST_N,2,0.14749371896523278,0.4050607418494315,0.181967844797222,0.5262495666513698,-0.1385212494565083,-0.09997858396122106,0.1309521648606271,0.25376485997908205,0.28679906309546155,0.8927193221249641,0.31171493318995047,0.9328882233752314,220,15,15,0,38,2,0,0,165,9,15,15,22,,0.4090909090909091,0.04090909090909091,0.6,NOT_ESTIMABLE,,,PROVISIONAL_SMALL_REQUEST_N,0.36363636363636365,0.45454545454545453,PROVISIONAL_SMALL_REQUEST_N,0.5714285714285714,0.625,NOT_PRIMARY; use physical units and frozen spans
16,f16-d1f0e127f1c7,FORMAL_10K,HELDOUT_TRIPLE_AUDIT,STRICT_LUMPED,f12d43eace12231077007dc497fee8dad00fbe58cb2f1fe2c6159c47636b97a0,all_candidates,all_finite_diagnostic,emx_minus_frozen_proxy,K_abs,dimensionless,15,0.005833192914186707,0.006952594498686706,0.0014077036152611569,0.004981053642534983,0.010568774468419417,0.012290247213149572,PROVISIONAL_SMALL_REQUEST_N,2,0.005668416475972635,0.0060215088435742175,0.006641018844150464,0.007292398230257483,0.0008147938643963939,0.0019264996472678243,0.004838171177408729,0.005647238677327859,0.010471747669063558,0.012991569312939912,0.010956881665842855,0.015401433490198596,220,15,15,0,38,2,0,0,165,9,15,15,22,,0.4090909090909091,0.04090909090909091,0.6,NOT_ESTIMABLE,,,PROVISIONAL_SMALL_REQUEST_N,0.36363636363636365,0.45454545454545453,PROVISIONAL_SMALL_REQUEST_N,0.5714285714285714,0.625,NOT_PRIMARY; use physical units and frozen spans
16,f16-d1f0e127f1c7,FORMAL_10K,HELDOUT_TRIPLE_AUDIT,STRICT_LUMPED,f12d43eace12231077007dc497fee8dad00fbe58cb2f1fe2c6159c47636b97a0,selected_q_proxy,strict_valid,emx_minus_target,Lp_nH,nH,1,0.012887971676218246,0.012887971676218246,-0.012887971676218246,0.012887971676218246,0.012887971676218246,0.012887971676218246,NOT_ESTIMABLE,1,,,,,,,,,,,,,20,1,1,0,0,1,0,0,18,1,1,1,2,,0.5,0.05,1.0,NOT_ESTIMABLE,,,PROVISIONAL_SMALL_REQUEST_N,0.0,1.0,NOT_ESTIMABLE,,,NOT_PRIMARY; use physical units and frozen spans
16,f16-d1f0e127f1c7,FORMAL_10K,HELDOUT_TRIPLE_AUDIT,STRICT_LUMPED,f12d43eace12231077007dc497fee8dad00fbe58cb2f1fe2c6159c47636b97a0,selected_q_proxy,strict_valid,emx_minus_target,Ls_nH,nH,1,0.0017136598858347174,0.0017136598858347174,0.0017136598858347174,0.0017136598858347174,0.0017136598858347174,0.0017136598858347174,NOT_ESTIMABLE,1,,,,,,,,,,,,,20,1,1,0,0,1,0,0,18,1,1,1,2,,0.5,0.05,1.0,NOT_ESTIMABLE,,,PROVISIONAL_SMALL_REQUEST_N,0.0,1.0,NOT_ESTIMABLE,,,NOT_PRIMARY; use physical units and frozen spans
16,f16-d1f0e127f1c7,FORMAL_10K,HELDOUT_TRIPLE_AUDIT,STRICT_LUMPED,f12d43eace12231077007dc497fee8dad00fbe58cb2f1fe2c6159c47636b97a0,selected_q_proxy,strict_valid,emx_minus_target,Qmin,dimensionless,1,0.08053207227147752,0.08053207227147752,-0.08053207227147752,0.08053207227147752,0.08053207227147752,0.08053207227147752,NOT_ESTIMABLE,1,,,,,,,,,,,,,20,1,1,0,0,1,0,0,18,1,1,1,2,,0.5,0.05,1.0,NOT_ESTIMABLE,,,PROVISIONAL_SMALL_REQUEST_N,0.0,1.0,NOT_ESTIMABLE,,,NOT_PRIMARY; use physical units and frozen spans
16,f16-d1f0e127f1c7,FORMAL_10K,HELDOUT_TRIPLE_AUDIT,STRICT_LUMPED,f12d43eace12231077007dc497fee8dad00fbe58cb2f1fe2c6159c47636b97a0,selected_q_proxy,strict_valid,emx_minus_target,K_abs,dimensionless,1,0.005302526314351019,0.005302526314351019,0.005302526314351019,0.005302526314351019,0.005302526314351019,0.005302526314351019,NOT_ESTIMABLE,1,,,,,,,,,,,,,20,1,1,0,0,1,0,0,18,1,1,1,2,,0.5,0.05,1.0,NOT_ESTIMABLE,,,PROVISIONAL_SMALL_REQUEST_N,0.0,1.0,NOT_ESTIMABLE,,,NOT_PRIMARY; use physical units and frozen spans
16,f16-d1f0e127f1c7,FORMAL_10K,HELDOUT_TRIPLE_AUDIT,STRICT_LUMPED,f12d43eace12231077007dc497fee8dad00fbe58cb2f1fe2c6159c47636b97a0,selected_q_proxy,strict_valid,emx_minus_frozen_proxy,Lp_nH,nH,1,0.015145491060563065,0.015145491060563065,-0.015145491060563065,0.015145491060563065,0.015145491060563065,0.015145491060563065,NOT_ESTIMABLE,1,,,,,,,,,,,,,20,1,1,0,0,1,0,0,18,1,1,1,2,,0.5,0.05,1.0,NOT_ESTIMABLE,,,PROVISIONAL_SMALL_REQUEST_N,0.0,1.0,NOT_ESTIMABLE,,,NOT_PRIMARY; use physical units and frozen spans
16,f16-d1f0e127f1c7,FORMAL_10K,HELDOUT_TRIPLE_AUDIT,STRICT_LUMPED,f12d43eace12231077007dc497fee8dad00fbe58cb2f1fe2c6159c47636b97a0,selected_q_proxy,strict_valid,emx_minus_frozen_proxy,Ls_nH,nH,1,2.0728628872590527e-05,2.0728628872590527e-05,2.0728628872590527e-05,2.0728628872590527e-05,2.0728628872590527e-05,2.0728628872590527e-05,NOT_ESTIMABLE,1,,,,,,,,,,,,,20,1,1,0,0,1,0,0,18,1,1,1,2,,0.5,0.05,1.0,NOT_ESTIMABLE,,,PROVISIONAL_SMALL_REQUEST_N,0.0,1.0,NOT_ESTIMABLE,,,NOT_PRIMARY; use physical units and frozen spans
16,f16-d1f0e127f1c7,FORMAL_10K,HELDOUT_TRIPLE_AUDIT,STRICT_LUMPED,f12d43eace12231077007dc497fee8dad00fbe58cb2f1fe2c6159c47636b97a0,selected_q_proxy,strict_valid,emx_minus_frozen_proxy,Qmin,dimensionless,1,0.09443187543309861,0.09443187543309861,-0.09443187543309861,0.09443187543309861,0.09443187543309861,0.09443187543309861,NOT_ESTIMABLE,1,,,,,,,,,,,,,20,1,1,0,0,1,0,0,18,1,1,1,2,,0.5,0.05,1.0,NOT_ESTIMABLE,,,PROVISIONAL_SMALL_REQUEST_N,0.0,1.0,NOT_ESTIMABLE,,,NOT_PRIMARY; use physical units and frozen spans
16,f16-d1f0e127f1c7,FORMAL_10K,HELDOUT_TRIPLE_AUDIT,STRICT_LUMPED,f12d43eace12231077007dc497fee8dad00fbe58cb2f1fe2c6159c47636b97a0,selected_q_proxy,strict_valid,emx_minus_frozen_proxy,K_abs,dimensionless,1,0.0034881658937613857,0.0034881658937613857,0.0034881658937613857,0.0034881658937613857,0.0034881658937613857,0.0034881658937613857,NOT_ESTIMABLE,1,,,,,,,,,,,,,20,1,1,0,0,1,0,0,18,1,1,1,2,,0.5,0.05,1.0,NOT_ESTIMABLE,,,PROVISIONAL_SMALL_REQUEST_N,0.0,1.0,NOT_ESTIMABLE,,,NOT_PRIMARY; use physical units and frozen spans
16,f16-d1f0e127f1c7,FORMAL_10K,HELDOUT_TRIPLE_AUDIT,STRICT_LUMPED,f12d43eace12231077007dc497fee8dad00fbe58cb2f1fe2c6159c47636b97a0,selected_q_proxy,all_finite_diagnostic,emx_minus_target,Lp_nH,nH,1,0.012887971676218246,0.012887971676218246,-0.012887971676218246,0.012887971676218246,0.012887971676218246,0.012887971676218246,NOT_ESTIMABLE,1,,,,,,,,,,,,,20,1,1,0,0,1,0,0,18,1,1,1,2,,0.5,0.05,1.0,NOT_ESTIMABLE,,,PROVISIONAL_SMALL_REQUEST_N,0.0,1.0,NOT_ESTIMABLE,,,NOT_PRIMARY; use physical units and frozen spans
16,f16-d1f0e127f1c7,FORMAL_10K,HELDOUT_TRIPLE_AUDIT,STRICT_LUMPED,f12d43eace12231077007dc497fee8dad00fbe58cb2f1fe2c6159c47636b97a0,selected_q_proxy,all_finite_diagnostic,emx_minus_target,Ls_nH,nH,1,0.0017136598858347174,0.0017136598858347174,0.0017136598858347174,0.0017136598858347174,0.0017136598858347174,0.0017136598858347174,NOT_ESTIMABLE,1,,,,,,,,,,,,,20,1,1,0,0,1,0,0,18,1,1,1,2,,0.5,0.05,1.0,NOT_ESTIMABLE,,,PROVISIONAL_SMALL_REQUEST_N,0.0,1.0,NOT_ESTIMABLE,,,NOT_PRIMARY; use physical units and frozen spans
16,f16-d1f0e127f1c7,FORMAL_10K,HELDOUT_TRIPLE_AUDIT,STRICT_LUMPED,f12d43eace12231077007dc497fee8dad00fbe58cb2f1fe2c6159c47636b97a0,selected_q_proxy,all_finite_diagnostic,emx_minus_target,Qmin,dimensionless,1,0.08053207227147752,0.08053207227147752,-0.08053207227147752,0.08053207227147752,0.08053207227147752,0.08053207227147752,NOT_ESTIMABLE,1,,,,,,,,,,,,,20,1,1,0,0,1,0,0,18,1,1,1,2,,0.5,0.05,1.0,NOT_ESTIMABLE,,,PROVISIONAL_SMALL_REQUEST_N,0.0,1.0,NOT_ESTIMABLE,,,NOT_PRIMARY; use physical units and frozen spans
16,f16-d1f0e127f1c7,FORMAL_10K,HELDOUT_TRIPLE_AUDIT,STRICT_LUMPED,f12d43eace12231077007dc497fee8dad00fbe58cb2f1fe2c6159c47636b97a0,selected_q_proxy,all_finite_diagnostic,emx_minus_target,K_abs,dimensionless,1,0.005302526314351019,0.005302526314351019,0.005302526314351019,0.005302526314351019,0.005302526314351019,0.005302526314351019,NOT_ESTIMABLE,1,,,,,,,,,,,,,20,1,1,0,0,1,0,0,18,1,1,1,2,,0.5,0.05,1.0,NOT_ESTIMABLE,,,PROVISIONAL_SMALL_REQUEST_N,0.0,1.0,NOT_ESTIMABLE,,,NOT_PRIMARY; use physical units and frozen spans
16,f16-d1f0e127f1c7,FORMAL_10K,HELDOUT_TRIPLE_AUDIT,STRICT_LUMPED,f12d43eace12231077007dc497fee8dad00fbe58cb2f1fe2c6159c47636b97a0,selected_q_proxy,all_finite_diagnostic,emx_minus_frozen_proxy,Lp_nH,nH,1,0.015145491060563065,0.015145491060563065,-0.015145491060563065,0.015145491060563065,0.015145491060563065,0.015145491060563065,NOT_ESTIMABLE,1,,,,,,,,,,,,,20,1,1,0,0,1,0,0,18,1,1,1,2,,0.5,0.05,1.0,NOT_ESTIMABLE,,,PROVISIONAL_SMALL_REQUEST_N,0.0,1.0,NOT_ESTIMABLE,,,NOT_PRIMARY; use physical units and frozen spans
16,f16-d1f0e127f1c7,FORMAL_10K,HELDOUT_TRIPLE_AUDIT,STRICT_LUMPED,f12d43eace12231077007dc497fee8dad00fbe58cb2f1fe2c6159c47636b97a0,selected_q_proxy,all_finite_diagnostic,emx_minus_frozen_proxy,Ls_nH,nH,1,2.0728628872590527e-05,2.0728628872590527e-05,2.0728628872590527e-05,2.0728628872590527e-05,2.0728628872590527e-05,2.0728628872590527e-05,NOT_ESTIMABLE,1,,,,,,,,,,,,,20,1,1,0,0,1,0,0,18,1,1,1,2,,0.5,0.05,1.0,NOT_ESTIMABLE,,,PROVISIONAL_SMALL_REQUEST_N,0.0,1.0,NOT_ESTIMABLE,,,NOT_PRIMARY; use physical units and frozen spans
16,f16-d1f0e127f1c7,FORMAL_10K,HELDOUT_TRIPLE_AUDIT,STRICT_LUMPED,f12d43eace12231077007dc497fee8dad00fbe58cb2f1fe2c6159c47636b97a0,selected_q_proxy,all_finite_diagnostic,emx_minus_frozen_proxy,Qmin,dimensionless,1,0.09443187543309861,0.09443187543309861,-0.09443187543309861,0.09443187543309861,0.09443187543309861,0.09443187543309861,NOT_ESTIMABLE,1,,,,,,,,,,,,,20,1,1,0,0,1,0,0,18,1,1,1,2,,0.5,0.05,1.0,NOT_ESTIMABLE,,,PROVISIONAL_SMALL_REQUEST_N,0.0,1.0,NOT_ESTIMABLE,,,NOT_PRIMARY; use physical units and frozen spans
16,f16-d1f0e127f1c7,FORMAL_10K,HELDOUT_TRIPLE_AUDIT,STRICT_LUMPED,f12d43eace12231077007dc497fee8dad00fbe58cb2f1fe2c6159c47636b97a0,selected_q_proxy,all_finite_diagnostic,emx_minus_frozen_proxy,K_abs,dimensionless,1,0.0034881658937613857,0.0034881658937613857,0.0034881658937613857,0.0034881658937613857,0.0034881658937613857,0.0034881658937613857,NOT_ESTIMABLE,1,,,,,,,,,,,,,20,1,1,0,0,1,0,0,18,1,1,1,2,,0.5,0.05,1.0,NOT_ESTIMABLE,,,PROVISIONAL_SMALL_REQUEST_N,0.0,1.0,NOT_ESTIMABLE,,,NOT_PRIMARY; use physical units and frozen spans
17,f17-7b878ff5d5dc,FORMAL_10K,HELDOUT_TRIPLE_AUDIT,STRICT_LUMPED,f12d43eace12231077007dc497fee8dad00fbe58cb2f1fe2c6159c47636b97a0,all_candidates,strict_valid,emx_minus_target,Lp_nH,nH,9,0.04479902444732267,0.10548332027755994,-0.028743912592663845,0.010227602722606033,0.08369097745081003,0.19906485937622492,PROVISIONAL_SMALL_REQUEST_N,2,0.012277751154198565,0.10984157103357088,0.013874610519526724,0.18164576223022033,-0.09978425650085583,0.0067762593614321505,0.00767241671555885,0.010596330083551653,0.024596043405197082,0.31443874130164007,0.026004036488102455,0.31443874130164007,220,11,9,2,47,2,0,0,160,6,11,11,22,,0.2727272727272727,0.02727272727272727,0.6666666666666666,NOT_ESTIMABLE,,,PROVISIONAL_SMALL_REQUEST_N,0.18181818181818182,0.36363636363636365,PROVISIONAL_SMALL_REQUEST_N,0.6666666666666666,0.6666666666666666,NOT_PRIMARY; use physical units and frozen spans
17,f17-7b878ff5d5dc,FORMAL_10K,HELDOUT_TRIPLE_AUDIT,STRICT_LUMPED,f12d43eace12231077007dc497fee8dad00fbe58cb2f1fe2c6159c47636b97a0,all_candidates,strict_valid,emx_minus_target,Ls_nH,nH,9,0.024755007845656443,0.03749958699257752,-0.02389828877405715,0.018083410239781328,0.04799889219144925,0.07301158065430838,PROVISIONAL_SMALL_REQUEST_N,2,0.01604274022653479,0.04217954308389974,0.020367103052051395,0.05821528407880446,-0.04217954308389974,-0.01475766161913585,0.011763073382916822,0.02296827064858631,0.034838184578707854,0.09802426911716755,0.03549254796001966,0.09802426911716755,220,11,9,2,47,2,0,0,160,6,11,11,22,,0.2727272727272727,0.02727272727272727,0.6666666666666666,NOT_ESTIMABLE,,,PROVISIONAL_SMALL_REQUEST_N,0.18181818181818182,0.36363636363636365,PROVISIONAL_SMALL_REQUEST_N,0.6666666666666666,0.6666666666666666,NOT_PRIMARY; use physical units and frozen spans
17,f17-7b878ff5d5dc,FORMAL_10K,HELDOUT_TRIPLE_AUDIT,STRICT_LUMPED,f12d43eace12231077007dc497fee8dad00fbe58cb2f1fe2c6159c47636b97a0,all_candidates,strict_valid,emx_minus_target,Qmin,dimensionless,9,0.7263587888932653,1.1246276913372915,0.49716142965895355,0.171116813525245,2.119091084280661,2.290432382683415,PROVISIONAL_SMALL_REQUEST_N,2,0.3711925105592986,0.9039419280602488,0.5073781324508763,1.3298364115707237,0.20228742208011674,0.644598433448372,0.13727098975163265,0.3890152419178152,0.860219898959123,2.4189383564854814,0.860219898959123,2.4617736810861697,220,11,9,2,47,2,0,0,160,6,11,11,22,,0.2727272727272727,0.02727272727272727,0.6666666666666666,NOT_ESTIMABLE,,,PROVISIONAL_SMALL_REQUEST_N,0.18181818181818182,0.36363636363636365,PROVISIONAL_SMALL_REQUEST_N,0.6666666666666666,0.6666666666666666,NOT_PRIMARY; use physical units and frozen spans
17,f17-7b878ff5d5dc,FORMAL_10K,HELDOUT_TRIPLE_AUDIT,STRICT_LUMPED,f12d43eace12231077007dc497fee8dad00fbe58cb2f1fe2c6159c47636b97a0,all_candidates,strict_valid,emx_minus_target,K_abs,dimensionless,9,0.008195155440012303,0.010660181593418834,-0.0005092017388566218,0.004310405214877494,0.01753698649692067,0.01813564705787708,PROVISIONAL_SMALL_REQUEST_N,2,0.006192147853218528,0.00919665923340919,0.008614956056940067,0.01154774754986852,-0.0024615104403723173,0.0033954156641747696,0.003972367377575656,0.007778783220194263,0.014381345276089946,0.018584642478594388,0.014381345276089946,0.01873430761883349,220,11,9,2,47,2,0,0,160,6,11,11,22,,0.2727272727272727,0.02727272727272727,0.6666666666666666,NOT_ESTIMABLE,,,PROVISIONAL_SMALL_REQUEST_N,0.18181818181818182,0.36363636363636365,PROVISIONAL_SMALL_REQUEST_N,0.6666666666666666,0.6666666666666666,NOT_PRIMARY; use physical units and frozen spans
17,f17-7b878ff5d5dc,FORMAL_10K,HELDOUT_TRIPLE_AUDIT,STRICT_LUMPED,f12d43eace12231077007dc497fee8dad00fbe58cb2f1fe2c6159c47636b97a0,all_candidates,strict_valid,emx_minus_frozen_proxy,Lp_nH,nH,9,0.013475596090263768,0.01467951052467315,0.0066465591335014285,0.012080419014059096,0.019768738294787893,0.022394255006003845,PROVISIONAL_SMALL_REQUEST_N,2,0.012985597260515513,0.014455593749760279,0.013780057432653883,0.01633046606920606,-0.002224254061719592,0.01108196573111194,0.01087012050713243,0.01304793937647597,0.01844816263642548,0.025019771717219808,0.018455979939179912,0.025019771717219808,220,11,9,2,47,2,0,0,160,6,11,11,22,,0.2727272727272727,0.02727272727272727,0.6666666666666666,NOT_ESTIMABLE,,,PROVISIONAL_SMALL_REQUEST_N,0.18181818181818182,0.36363636363636365,PROVISIONAL_SMALL_REQUEST_N,0.6666666666666666,0.6666666666666666,NOT_PRIMARY; use physical units and frozen spans
17,f17-7b878ff5d5dc,FORMAL_10K,HELDOUT_TRIPLE_AUDIT,STRICT_LUMPED,f12d43eace12231077007dc497fee8dad00fbe58cb2f1fe2c6159c47636b97a0,all_candidates,strict_valid,emx_minus_frozen_proxy,Ls_nH,nH,9,0.006272276081158841,0.0076157632495683384,-0.005242039313997372,0.00565297114739427,0.010480986742066769,0.013229829449513671,PROVISIONAL_SMALL_REQUEST_N,2,0.005667572519836239,0.007481683203804046,0.007614738498504267,0.007616275573396228,-0.007481683203804046,-0.004122217369094035,0.003916504694479794,0.007685513075674555,0.009106565388343313,0.015133841322086675,0.009106565388343313,0.015978672156960583,220,11,9,2,47,2,0,0,160,6,11,11,22,,0.2727272727272727,0.02727272727272727,0.6666666666666666,NOT_ESTIMABLE,,,PROVISIONAL_SMALL_REQUEST_N,0.18181818181818182,0.36363636363636365,PROVISIONAL_SMALL_REQUEST_N,0.6666666666666666,0.6666666666666666,NOT_PRIMARY; use physical units and frozen spans
17,f17-7b878ff5d5dc,FORMAL_10K,HELDOUT_TRIPLE_AUDIT,STRICT_LUMPED,f12d43eace12231077007dc497fee8dad00fbe58cb2f1fe2c6159c47636b97a0,all_candidates,strict_valid,emx_minus_frozen_proxy,Qmin,dimensionless,9,0.41278295085281574,0.6015503723049586,0.14698228723680729,0.17665259145346823,1.0722507598511013,1.208121909568464,PROVISIONAL_SMALL_REQUEST_N,2,0.14069455220373742,0.5488271501773548,0.14692822906680275,0.7293835228341795,-0.14069455220373742,0.2908207069570796,0.16418462679771295,0.3870096648304129,0.17665259145346823,1.3100252718564864,0.17665259145346823,1.3439930592858271,220,11,9,2,47,2,0,0,160,6,11,11,22,,0.2727272727272727,0.02727272727272727,0.6666666666666666,NOT_ESTIMABLE,,,PROVISIONAL_SMALL_REQUEST_N,0.18181818181818182,0.36363636363636365,PROVISIONAL_SMALL_REQUEST_N,0.6666666666666666,0.6666666666666666,NOT_PRIMARY; use physical units and frozen spans
17,f17-7b878ff5d5dc,FORMAL_10K,HELDOUT_TRIPLE_AUDIT,STRICT_LUMPED,f12d43eace12231077007dc497fee8dad00fbe58cb2f1fe2c6159c47636b97a0,all_candidates,strict_valid,emx_minus_frozen_proxy,K_abs,dimensionless,9,0.007900214322855781,0.010415015314096807,-0.0018498994063591676,0.003695299374182004,0.018344086274304876,0.018659574124625884,PROVISIONAL_SMALL_REQUEST_N,2,0.004160007583653873,0.009770317692456737,0.0042448048101055595,0.012397565569552713,-0.003708203576075278,0.0018667089330730534,0.003695299374182004,0.009023578941371874,0.005344775400908386,0.018896190012366636,0.005344775400908386,0.01897506197494689,220,11,9,2,47,2,0,0,160,6,11,11,22,,0.2727272727272727,0.02727272727272727,0.6666666666666666,NOT_ESTIMABLE,,,PROVISIONAL_SMALL_REQUEST_N,0.18181818181818182,0.36363636363636365,PROVISIONAL_SMALL_REQUEST_N,0.6666666666666666,0.6666666666666666,NOT_PRIMARY; use physical units and frozen spans
17,f17-7b878ff5d5dc,FORMAL_10K,HELDOUT_TRIPLE_AUDIT,STRICT_LUMPED,f12d43eace12231077007dc497fee8dad00fbe58cb2f1fe2c6159c47636b97a0,all_candidates,all_finite_diagnostic,emx_minus_target,Lp_nH,nH,11,0.041620375463938354,0.09668342384315222,-0.0279557004868203,0.010227602722606033,0.05172520104923328,0.18308197117543668,PROVISIONAL_SMALL_REQUEST_N,2,0.012277751154198565,0.0768315246356261,0.013874610519526724,0.1425969845431308,-0.06963405230472323,0.0067762593614321505,0.00767241671555885,0.010596330083551653,0.024596043405197082,0.31443874130164007,0.026004036488102455,0.31443874130164007,220,11,9,2,47,2,0,0,160,6,11,11,22,,0.2727272727272727,0.02727272727272727,0.6666666666666666,NOT_ESTIMABLE,,,PROVISIONAL_SMALL_REQUEST_N,0.18181818181818182,0.36363636363636365,PROVISIONAL_SMALL_REQUEST_N,0.6666666666666666,0.6666666666666666,NOT_PRIMARY; use physical units and frozen spans
17,f17-7b878ff5d5dc,FORMAL_10K,HELDOUT_TRIPLE_AUDIT,STRICT_LUMPED,f12d43eace12231077007dc497fee8dad00fbe58cb2f1fe2c6159c47636b97a0,all_candidates,all_finite_diagnostic,emx_minus_target,Ls_nH,nH,11,0.03349043228735322,0.049131453082859655,-0.03278948031968107,0.02296827064858631,0.09802426911716755,0.10571381427235105,PROVISIONAL_SMALL_REQUEST_N,2,0.01604274022653479,0.054427662760335324,0.020367103052051395,0.0693743226013319,-0.054427662760335324,-0.01475766161913585,0.011763073382916822,0.03219632512244286,0.034838184578707854,0.11340335942753454,0.03549254796001966,0.11340335942753454,220,11,9,2,47,2,0,0,160,6,11,11,22,,0.2727272727272727,0.02727272727272727,0.6666666666666666,NOT_ESTIMABLE,,,PROVISIONAL_SMALL_REQUEST_N,0.18181818181818182,0.36363636363636365,PROVISIONAL_SMALL_REQUEST_N,0.6666666666666666,0.6666666666666666,NOT_PRIMARY; use physical units and frozen spans
17,f17-7b878ff5d5dc,FORMAL_10K,HELDOUT_TRIPLE_AUDIT,STRICT_LUMPED,f12d43eace12231077007dc497fee8dad00fbe58cb2f1fe2c6159c47636b97a0,all_candidates,all_finite_diagnostic,emx_minus_target,Qmin,dimensionless,11,0.777182444142521,1.1408865269937383,0.5294876890516268,0.33093303644551497,2.033420435079284,2.247597058082727,PROVISIONAL_SMALL_REQUEST_N,2,0.6250710634412477,0.9039419280602488,0.86105208355806,1.3298364115707237,0.39135479577553267,0.644598433448372,0.33093303644551497,0.3890152419178152,1.6808447490828282,2.4189383564854814,1.6808447490828282,2.4617736810861697,220,11,9,2,47,2,0,0,160,6,11,11,22,,0.2727272727272727,0.02727272727272727,0.6666666666666666,NOT_ESTIMABLE,,,PROVISIONAL_SMALL_REQUEST_N,0.18181818181818182,0.36363636363636365,PROVISIONAL_SMALL_REQUEST_N,0.6666666666666666,0.6666666666666666,NOT_PRIMARY; use physical units and frozen spans
17,f17-7b878ff5d5dc,FORMAL_10K,HELDOUT_TRIPLE_AUDIT,STRICT_LUMPED,f12d43eace12231077007dc497fee8dad00fbe58cb2f1fe2c6159c47636b97a0,all_candidates,all_finite_diagnostic,emx_minus_target,K_abs,dimensionless,11,0.008460443226351613,0.01078981915371591,0.0013386964436406738,0.004310405214877494,0.017237656216442465,0.017985981917637978,PROVISIONAL_SMALL_REQUEST_N,2,0.0075769840178825185,0.00919665923340919,0.009803257930054434,0.01154774754986852,-0.0024615104403723173,0.005898944704456263,0.003972367377575656,0.007778783220194263,0.015631624553080148,0.018584642478594388,0.015631624553080148,0.01873430761883349,220,11,9,2,47,2,0,0,160,6,11,11,22,,0.2727272727272727,0.02727272727272727,0.6666666666666666,NOT_ESTIMABLE,,,PROVISIONAL_SMALL_REQUEST_N,0.18181818181818182,0.36363636363636365,PROVISIONAL_SMALL_REQUEST_N,0.6666666666666666,0.6666666666666666,NOT_PRIMARY; use physical units and frozen spans
17,f17-7b878ff5d5dc,FORMAL_10K,HELDOUT_TRIPLE_AUDIT,STRICT_LUMPED,f12d43eace12231077007dc497fee8dad00fbe58cb2f1fe2c6159c47636b97a0,all_candidates,all_finite_diagnostic,emx_minus_frozen_proxy,Lp_nH,nH,11,0.014891691658882034,0.01607941353389536,0.009304297785167392,0.014015459738892844,0.021654587779571743,0.023337179748395775,PROVISIONAL_SMALL_REQUEST_N,2,0.012985597260515513,0.01717900493692186,0.013780057432653883,0.018464468789817667,0.007171096250033937,0.01108196573111194,0.01304793937647597,0.020873655655756718,0.01844816263642548,0.025019771717219808,0.018455979939179912,0.025019771717219808,220,11,9,2,47,2,0,0,160,6,11,11,22,,0.2727272727272727,0.02727272727272727,0.6666666666666666,NOT_ESTIMABLE,,,PROVISIONAL_SMALL_REQUEST_N,0.18181818181818182,0.36363636363636365,PROVISIONAL_SMALL_REQUEST_N,0.6666666666666666,0.6666666666666666,NOT_PRIMARY; use physical units and frozen spans
17,f17-7b878ff5d5dc,FORMAL_10K,HELDOUT_TRIPLE_AUDIT,STRICT_LUMPED,f12d43eace12231077007dc497fee8dad00fbe58cb2f1fe2c6159c47636b97a0,all_candidates,all_finite_diagnostic,emx_minus_frozen_proxy,Ls_nH,nH,11,0.00674009153135845,0.008203158936965027,-0.0058971705400445214,0.00565297114739427,0.014401070934892735,0.015189871545926659,PROVISIONAL_SMALL_REQUEST_N,2,0.005667572519836239,0.008027114345185105,0.007616275573396228,0.008856230127280219,-0.008027114345185105,-0.004122217369094035,0.003916504694479794,0.007685513075674555,0.014401070934892735,0.015133841322086675,0.014401070934892735,0.015978672156960583,220,11,9,2,47,2,0,0,160,6,11,11,22,,0.2727272727272727,0.02727272727272727,0.6666666666666666,NOT_ESTIMABLE,,,PROVISIONAL_SMALL_REQUEST_N,0.18181818181818182,0.36363636363636365,PROVISIONAL_SMALL_REQUEST_N,0.6666666666666666,0.6666666666666666,NOT_PRIMARY; use physical units and frozen spans
17,f17-7b878ff5d5dc,FORMAL_10K,HELDOUT_TRIPLE_AUDIT,STRICT_LUMPED,f12d43eace12231077007dc497fee8dad00fbe58cb2f1fe2c6159c47636b97a0,all_candidates,all_finite_diagnostic,emx_minus_frozen_proxy,Qmin,dimensionless,11,0.47067204930558176,0.6347731264108638,0.16217759855313607,0.2162999952879403,1.0043151849924197,1.1741541221391234,PROVISIONAL_SMALL_REQUEST_N,2,0.37688592825945405,0.5488271501773548,0.4980570653761796,0.7293835228341795,0.007805868468403787,0.2908207069570796,0.17665259145346823,0.3870096648304129,0.9617294918196446,1.3100252718564864,0.9617294918196446,1.3439930592858271,220,11,9,2,47,2,0,0,160,6,11,11,22,,0.2727272727272727,0.02727272727272727,0.6666666666666666,NOT_ESTIMABLE,,,PROVISIONAL_SMALL_REQUEST_N,0.18181818181818182,0.36363636363636365,PROVISIONAL_SMALL_REQUEST_N,0.6666666666666666,0.6666666666666666,NOT_PRIMARY; use physical units and frozen spans
17,f17-7b878ff5d5dc,FORMAL_10K,HELDOUT_TRIPLE_AUDIT,STRICT_LUMPED,f12d43eace12231077007dc497fee8dad00fbe58cb2f1fe2c6159c47636b97a0,all_candidates,all_finite_diagnostic,emx_minus_frozen_proxy,K_abs,dimensionless,11,0.007386306313020539,0.009790833037547686,-0.0008489053102417435,0.003695299374182004,0.018186342349144374,0.01858070216204563,PROVISIONAL_SMALL_REQUEST_N,2,0.004525492657697102,0.009770317692456737,0.005143281733530342,0.012397565569552713,-0.003708203576075278,0.0025822526087584978,0.003695299374182004,0.009023578941371874,0.008729288391048612,0.018896190012366636,0.008729288391048612,0.01897506197494689,220,11,9,2,47,2,0,0,160,6,11,11,22,,0.2727272727272727,0.02727272727272727,0.6666666666666666,NOT_ESTIMABLE,,,PROVISIONAL_SMALL_REQUEST_N,0.18181818181818182,0.36363636363636365,PROVISIONAL_SMALL_REQUEST_N,0.6666666666666666,0.6666666666666666,NOT_PRIMARY; use physical units and frozen spans
17,f17-7b878ff5d5dc,FORMAL_10K,HELDOUT_TRIPLE_AUDIT,STRICT_LUMPED,f12d43eace12231077007dc497fee8dad00fbe58cb2f1fe2c6159c47636b97a0,selected_q_proxy,strict_valid,emx_minus_target,Lp_nH,nH,2,0.008820578903059872,0.008932095398834205,0.008820578903059872,0.008820578903059872,0.009946197958696801,0.010086900340651416,PROVISIONAL_SMALL_REQUEST_N,2,0.007413555083513712,0.010227602722606033,0.007413555083513712,0.010227602722606033,0.007413555083513712,0.010227602722606033,0.007413555083513712,0.010227602722606033,0.007413555083513712,0.010227602722606033,0.007413555083513712,0.010227602722606033,20,2,2,0,0,0,0,0,18,2,2,2,2,,1.0,0.1,1.0,NOT_ESTIMABLE,,,PROVISIONAL_SMALL_REQUEST_N,1.0,1.0,PROVISIONAL_SMALL_REQUEST_N,1.0,1.0,NOT_PRIMARY; use physical units and frozen spans
17,f17-7b878ff5d5dc,FORMAL_10K,HELDOUT_TRIPLE_AUDIT,STRICT_LUMPED,f12d43eace12231077007dc497fee8dad00fbe58cb2f1fe2c6159c47636b97a0,selected_q_proxy,strict_valid,emx_minus_target,Ls_nH,nH,2,0.005494413005998844,0.005494656016446245,-0.005494413005998844,0.005494413005998844,0.005535754189956066,0.005540921837950718,PROVISIONAL_SMALL_REQUEST_N,2,0.005442736526052316,0.005546089485945371,0.005442736526052316,0.005546089485945371,-0.005546089485945371,-0.005442736526052316,0.005442736526052316,0.005546089485945371,0.005442736526052316,0.005546089485945371,0.005442736526052316,0.005546089485945371,20,2,2,0,0,0,0,0,18,2,2,2,2,,1.0,0.1,1.0,NOT_ESTIMABLE,,,PROVISIONAL_SMALL_REQUEST_N,1.0,1.0,PROVISIONAL_SMALL_REQUEST_N,1.0,1.0,NOT_PRIMARY; use physical units and frozen spans
17,f17-7b878ff5d5dc,FORMAL_10K,HELDOUT_TRIPLE_AUDIT,STRICT_LUMPED,f12d43eace12231077007dc497fee8dad00fbe58cb2f1fe2c6159c47636b97a0,selected_q_proxy,strict_valid,emx_minus_target,Qmin,dimensionless,2,0.07725589737398497,0.09782783342258625,-0.06001509237764768,0.07725589737398497,0.12526797127610312,0.1312694805138679,PROVISIONAL_SMALL_REQUEST_N,2,0.01724080499633729,0.13727098975163265,0.01724080499633729,0.13727098975163265,-0.13727098975163265,0.01724080499633729,0.01724080499633729,0.13727098975163265,0.01724080499633729,0.13727098975163265,0.01724080499633729,0.13727098975163265,20,2,2,0,0,0,0,0,18,2,2,2,2,,1.0,0.1,1.0,NOT_ESTIMABLE,,,PROVISIONAL_SMALL_REQUEST_N,1.0,1.0,PROVISIONAL_SMALL_REQUEST_N,1.0,1.0,NOT_PRIMARY; use physical units and frozen spans
17,f17-7b878ff5d5dc,FORMAL_10K,HELDOUT_TRIPLE_AUDIT,STRICT_LUMPED,f12d43eace12231077007dc497fee8dad00fbe58cb2f1fe2c6159c47636b97a0,selected_q_proxy,strict_valid,emx_minus_target,K_abs,dimensionless,2,0.0030758268710445943,0.0032038251856945864,-0.0030758268710445943,0.0030758268710445943,0.0037930592762694436,0.0038827133269225492,PROVISIONAL_SMALL_REQUEST_N,2,0.002179286364513533,0.003972367377575656,0.002179286364513533,0.003972367377575656,-0.003972367377575656,-0.002179286364513533,0.002179286364513533,0.003972367377575656,0.002179286364513533,0.003972367377575656,0.002179286364513533,0.003972367377575656,20,2,2,0,0,0,0,0,18,2,2,2,2,,1.0,0.1,1.0,NOT_ESTIMABLE,,,PROVISIONAL_SMALL_REQUEST_N,1.0,1.0,PROVISIONAL_SMALL_REQUEST_N,1.0,1.0,NOT_PRIMARY; use physical units and frozen spans
17,f17-7b878ff5d5dc,FORMAL_10K,HELDOUT_TRIPLE_AUDIT,STRICT_LUMPED,f12d43eace12231077007dc497fee8dad00fbe58cb2f1fe2c6159c47636b97a0,selected_q_proxy,strict_valid,emx_minus_frozen_proxy,Lp_nH,nH,2,0.009778654019493849,0.010045904465162367,0.009778654019493849,0.009778654019493849,0.011620066015146046,0.011850242514602571,PROVISIONAL_SMALL_REQUEST_N,2,0.007476889024928601,0.012080419014059096,0.007476889024928601,0.012080419014059096,0.007476889024928601,0.012080419014059096,0.007476889024928601,0.012080419014059096,0.007476889024928601,0.012080419014059096,0.007476889024928601,0.012080419014059096,20,2,2,0,0,0,0,0,18,2,2,2,2,,1.0,0.1,1.0,NOT_ESTIMABLE,,,PROVISIONAL_SMALL_REQUEST_N,1.0,1.0,PROVISIONAL_SMALL_REQUEST_N,1.0,1.0,NOT_PRIMARY; use physical units and frozen spans
17,f17-7b878ff5d5dc,FORMAL_10K,HELDOUT_TRIPLE_AUDIT,STRICT_LUMPED,f12d43eace12231077007dc497fee8dad00fbe58cb2f1fe2c6159c47636b97a0,selected_q_proxy,strict_valid,emx_minus_frozen_proxy,Ls_nH,nH,2,0.005235893692712823,0.0052524790684583865,-0.005235893692712823,0.005235893692712823,0.00556955565645798,0.005611263401926125,PROVISIONAL_SMALL_REQUEST_N,2,0.004818816238031376,0.00565297114739427,0.004818816238031376,0.00565297114739427,-0.00565297114739427,-0.004818816238031376,0.004818816238031376,0.00565297114739427,0.004818816238031376,0.00565297114739427,0.004818816238031376,0.00565297114739427,20,2,2,0,0,0,0,0,18,2,2,2,2,,1.0,0.1,1.0,NOT_ESTIMABLE,,,PROVISIONAL_SMALL_REQUEST_N,1.0,1.0,PROVISIONAL_SMALL_REQUEST_N,1.0,1.0,NOT_PRIMARY; use physical units and frozen spans
17,f17-7b878ff5d5dc,FORMAL_10K,HELDOUT_TRIPLE_AUDIT,STRICT_LUMPED,f12d43eace12231077007dc497fee8dad00fbe58cb2f1fe2c6159c47636b97a0,selected_q_proxy,strict_valid,emx_minus_frozen_proxy,Qmin,dimensionless,2,0.05919664368135802,0.06316989843674996,-0.022049794678673074,0.05919664368135802,0.07683647942429647,0.07904145889216378,PROVISIONAL_SMALL_REQUEST_N,2,0.037146849002684945,0.08124643836003109,0.037146849002684945,0.08124643836003109,-0.08124643836003109,0.037146849002684945,0.037146849002684945,0.08124643836003109,0.037146849002684945,0.08124643836003109,0.037146849002684945,0.08124643836003109,20,2,2,0,0,0,0,0,18,2,2,2,2,,1.0,0.1,1.0,NOT_ESTIMABLE,,,PROVISIONAL_SMALL_REQUEST_N,1.0,1.0,PROVISIONAL_SMALL_REQUEST_N,1.0,1.0,NOT_PRIMARY; use physical units and frozen spans
17,f17-7b878ff5d5dc,FORMAL_10K,HELDOUT_TRIPLE_AUDIT,STRICT_LUMPED,f12d43eace12231077007dc497fee8dad00fbe58cb2f1fe2c6159c47636b97a0,selected_q_proxy,strict_valid,emx_minus_frozen_proxy,K_abs,dimensionless,2,0.003030812441507734,0.003058302787671125,-0.003030812441507734,0.003030812441507734,0.0033581208689985307,0.00339903442243488,PROVISIONAL_SMALL_REQUEST_N,2,0.002621676907144238,0.00343994797587123,0.002621676907144238,0.00343994797587123,-0.00343994797587123,-0.002621676907144238,0.002621676907144238,0.00343994797587123,0.002621676907144238,0.00343994797587123,0.002621676907144238,0.00343994797587123,20,2,2,0,0,0,0,0,18,2,2,2,2,,1.0,0.1,1.0,NOT_ESTIMABLE,,,PROVISIONAL_SMALL_REQUEST_N,1.0,1.0,PROVISIONAL_SMALL_REQUEST_N,1.0,1.0,NOT_PRIMARY; use physical units and frozen spans
17,f17-7b878ff5d5dc,FORMAL_10K,HELDOUT_TRIPLE_AUDIT,STRICT_LUMPED,f12d43eace12231077007dc497fee8dad00fbe58cb2f1fe2c6159c47636b97a0,selected_q_proxy,all_finite_diagnostic,emx_minus_target,Lp_nH,nH,2,0.008820578903059872,0.008932095398834205,0.008820578903059872,0.008820578903059872,0.009946197958696801,0.010086900340651416,PROVISIONAL_SMALL_REQUEST_N,2,0.007413555083513712,0.010227602722606033,0.007413555083513712,0.010227602722606033,0.007413555083513712,0.010227602722606033,0.007413555083513712,0.010227602722606033,0.007413555083513712,0.010227602722606033,0.007413555083513712,0.010227602722606033,20,2,2,0,0,0,0,0,18,2,2,2,2,,1.0,0.1,1.0,NOT_ESTIMABLE,,,PROVISIONAL_SMALL_REQUEST_N,1.0,1.0,PROVISIONAL_SMALL_REQUEST_N,1.0,1.0,NOT_PRIMARY; use physical units and frozen spans
17,f17-7b878ff5d5dc,FORMAL_10K,HELDOUT_TRIPLE_AUDIT,STRICT_LUMPED,f12d43eace12231077007dc497fee8dad00fbe58cb2f1fe2c6159c47636b97a0,selected_q_proxy,all_finite_diagnostic,emx_minus_target,Ls_nH,nH,2,0.005494413005998844,0.005494656016446245,-0.005494413005998844,0.005494413005998844,0.005535754189956066,0.005540921837950718,PROVISIONAL_SMALL_REQUEST_N,2,0.005442736526052316,0.005546089485945371,0.005442736526052316,0.005546089485945371,-0.005546089485945371,-0.005442736526052316,0.005442736526052316,0.005546089485945371,0.005442736526052316,0.005546089485945371,0.005442736526052316,0.005546089485945371,20,2,2,0,0,0,0,0,18,2,2,2,2,,1.0,0.1,1.0,NOT_ESTIMABLE,,,PROVISIONAL_SMALL_REQUEST_N,1.0,1.0,PROVISIONAL_SMALL_REQUEST_N,1.0,1.0,NOT_PRIMARY; use physical units and frozen spans
17,f17-7b878ff5d5dc,FORMAL_10K,HELDOUT_TRIPLE_AUDIT,STRICT_LUMPED,f12d43eace12231077007dc497fee8dad00fbe58cb2f1fe2c6159c47636b97a0,selected_q_proxy,all_finite_diagnostic,emx_minus_target,Qmin,dimensionless,2,0.07725589737398497,0.09782783342258625,-0.06001509237764768,0.07725589737398497,0.12526797127610312,0.1312694805138679,PROVISIONAL_SMALL_REQUEST_N,2,0.01724080499633729,0.13727098975163265,0.01724080499633729,0.13727098975163265,-0.13727098975163265,0.01724080499633729,0.01724080499633729,0.13727098975163265,0.01724080499633729,0.13727098975163265,0.01724080499633729,0.13727098975163265,20,2,2,0,0,0,0,0,18,2,2,2,2,,1.0,0.1,1.0,NOT_ESTIMABLE,,,PROVISIONAL_SMALL_REQUEST_N,1.0,1.0,PROVISIONAL_SMALL_REQUEST_N,1.0,1.0,NOT_PRIMARY; use physical units and frozen spans
17,f17-7b878ff5d5dc,FORMAL_10K,HELDOUT_TRIPLE_AUDIT,STRICT_LUMPED,f12d43eace12231077007dc497fee8dad00fbe58cb2f1fe2c6159c47636b97a0,selected_q_proxy,all_finite_diagnostic,emx_minus_target,K_abs,dimensionless,2,0.0030758268710445943,0.0032038251856945864,-0.0030758268710445943,0.0030758268710445943,0.0037930592762694436,0.0038827133269225492,PROVISIONAL_SMALL_REQUEST_N,2,0.002179286364513533,0.003972367377575656,0.002179286364513533,0.003972367377575656,-0.003972367377575656,-0.002179286364513533,0.002179286364513533,0.003972367377575656,0.002179286364513533,0.003972367377575656,0.002179286364513533,0.003972367377575656,20,2,2,0,0,0,0,0,18,2,2,2,2,,1.0,0.1,1.0,NOT_ESTIMABLE,,,PROVISIONAL_SMALL_REQUEST_N,1.0,1.0,PROVISIONAL_SMALL_REQUEST_N,1.0,1.0,NOT_PRIMARY; use physical units and frozen spans
17,f17-7b878ff5d5dc,FORMAL_10K,HELDOUT_TRIPLE_AUDIT,STRICT_LUMPED,f12d43eace12231077007dc497fee8dad00fbe58cb2f1fe2c6159c47636b97a0,selected_q_proxy,all_finite_diagnostic,emx_minus_frozen_proxy,Lp_nH,nH,2,0.009778654019493849,0.010045904465162367,0.009778654019493849,0.009778654019493849,0.011620066015146046,0.011850242514602571,PROVISIONAL_SMALL_REQUEST_N,2,0.007476889024928601,0.012080419014059096,0.007476889024928601,0.012080419014059096,0.007476889024928601,0.012080419014059096,0.007476889024928601,0.012080419014059096,0.007476889024928601,0.012080419014059096,0.007476889024928601,0.012080419014059096,20,2,2,0,0,0,0,0,18,2,2,2,2,,1.0,0.1,1.0,NOT_ESTIMABLE,,,PROVISIONAL_SMALL_REQUEST_N,1.0,1.0,PROVISIONAL_SMALL_REQUEST_N,1.0,1.0,NOT_PRIMARY; use physical units and frozen spans
17,f17-7b878ff5d5dc,FORMAL_10K,HELDOUT_TRIPLE_AUDIT,STRICT_LUMPED,f12d43eace12231077007dc497fee8dad00fbe58cb2f1fe2c6159c47636b97a0,selected_q_proxy,all_finite_diagnostic,emx_minus_frozen_proxy,Ls_nH,nH,2,0.005235893692712823,0.0052524790684583865,-0.005235893692712823,0.005235893692712823,0.00556955565645798,0.005611263401926125,PROVISIONAL_SMALL_REQUEST_N,2,0.004818816238031376,0.00565297114739427,0.004818816238031376,0.00565297114739427,-0.00565297114739427,-0.004818816238031376,0.004818816238031376,0.00565297114739427,0.004818816238031376,0.00565297114739427,0.004818816238031376,0.00565297114739427,20,2,2,0,0,0,0,0,18,2,2,2,2,,1.0,0.1,1.0,NOT_ESTIMABLE,,,PROVISIONAL_SMALL_REQUEST_N,1.0,1.0,PROVISIONAL_SMALL_REQUEST_N,1.0,1.0,NOT_PRIMARY; use physical units and frozen spans
17,f17-7b878ff5d5dc,FORMAL_10K,HELDOUT_TRIPLE_AUDIT,STRICT_LUMPED,f12d43eace12231077007dc497fee8dad00fbe58cb2f1fe2c6159c47636b97a0,selected_q_proxy,all_finite_diagnostic,emx_minus_frozen_proxy,Qmin,dimensionless,2,0.05919664368135802,0.06316989843674996,-0.022049794678673074,0.05919664368135802,0.07683647942429647,0.07904145889216378,PROVISIONAL_SMALL_REQUEST_N,2,0.037146849002684945,0.08124643836003109,0.037146849002684945,0.08124643836003109,-0.08124643836003109,0.037146849002684945,0.037146849002684945,0.08124643836003109,0.037146849002684945,0.08124643836003109,0.037146849002684945,0.08124643836003109,20,2,2,0,0,0,0,0,18,2,2,2,2,,1.0,0.1,1.0,NOT_ESTIMABLE,,,PROVISIONAL_SMALL_REQUEST_N,1.0,1.0,PROVISIONAL_SMALL_REQUEST_N,1.0,1.0,NOT_PRIMARY; use physical units and frozen spans
17,f17-7b878ff5d5dc,FORMAL_10K,HELDOUT_TRIPLE_AUDIT,STRICT_LUMPED,f12d43eace12231077007dc497fee8dad00fbe58cb2f1fe2c6159c47636b97a0,selected_q_proxy,all_finite_diagnostic,emx_minus_frozen_proxy,K_abs,dimensionless,2,0.003030812441507734,0.003058302787671125,-0.003030812441507734,0.003030812441507734,0.0033581208689985307,0.00339903442243488,PROVISIONAL_SMALL_REQUEST_N,2,0.002621676907144238,0.00343994797587123,0.002621676907144238,0.00343994797587123,-0.00343994797587123,-0.002621676907144238,0.002621676907144238,0.00343994797587123,0.002621676907144238,0.00343994797587123,0.002621676907144238,0.00343994797587123,20,2,2,0,0,0,0,0,18,2,2,2,2,,1.0,0.1,1.0,NOT_ESTIMABLE,,,PROVISIONAL_SMALL_REQUEST_N,1.0,1.0,PROVISIONAL_SMALL_REQUEST_N,1.0,1.0,NOT_PRIMARY; use physical units and frozen spans
18,f18-1a136fda6a2a,FORMAL_10K,HELDOUT_TRIPLE_AUDIT,STRICT_LUMPED,f12d43eace12231077007dc497fee8dad00fbe58cb2f1fe2c6159c47636b97a0,all_candidates,strict_valid,emx_minus_target,Lp_nH,nH,19,0.029277868579804866,0.0475064634388676,0.013475272829379863,0.0169286811419308,0.0561892026562597,0.09378485499861842,PROVISIONAL_SMALL_REQUEST_N,2,0.020697130366760373,0.04107638362274105,0.02410634475703297,0.0675353082356801,0.0029618880513961987,0.0279311768991074,0.016547590100392084,0.0169286811419308,0.04161615093122317,0.12539313749065373,0.04840832441166225,0.16490349060569764,220,21,19,2,45,0,0,0,154,11,21,21,22,,0.5,0.05,0.5789473684210527,NOT_ESTIMABLE,,,PROVISIONAL_SMALL_REQUEST_N,0.45454545454545453,0.5454545454545454,PROVISIONAL_SMALL_REQUEST_N,0.5454545454545454,0.625,NOT_PRIMARY; use physical units and frozen spans
18,f18-1a136fda6a2a,FORMAL_10K,HELDOUT_TRIPLE_AUDIT,STRICT_LUMPED,f12d43eace12231077007dc497fee8dad00fbe58cb2f1fe2c6159c47636b97a0,all_candidates,strict_valid,emx_minus_target,Ls_nH,nH,19,0.08768169981551437,0.14050563496717017,-0.06955250336540604,0.034117268422927394,0.26145021209776426,0.330689125062215,PROVISIONAL_SMALL_REQUEST_N,2,0.07155594633890447,0.0994095205257761,0.11214415906911979,0.15796557058320865,-0.06960175421118256,-0.06951668456847768,0.0273134825385426,0.06165690215178177,0.21724558344981726,0.3263133029450259,0.2452344393859489,0.36788361305832273,220,21,19,2,45,0,0,0,154,11,21,21,22,,0.5,0.05,0.5789473684210527,NOT_ESTIMABLE,,,PROVISIONAL_SMALL_REQUEST_N,0.45454545454545453,0.5454545454545454,PROVISIONAL_SMALL_REQUEST_N,0.5454545454545454,0.625,NOT_PRIMARY; use physical units and frozen spans
18,f18-1a136fda6a2a,FORMAL_10K,HELDOUT_TRIPLE_AUDIT,STRICT_LUMPED,f12d43eace12231077007dc497fee8dad00fbe58cb2f1fe2c6159c47636b97a0,all_candidates,strict_valid,emx_minus_target,Qmin,dimensionless,19,1.5455765031136472,2.4370715222794366,0.5299367847262058,0.5437637861053659,4.687669516600814,5.671321383268417,PROVISIONAL_SMALL_REQUEST_N,2,1.0244710064356182,1.9245623188794865,1.4799621454696508,2.9437874625791136,-0.8208878507024535,1.5123547014015943,0.4668387812239052,0.5437637861053659,2.8101542727928877,5.617856961766012,3.1661028213602016,6.125768966038868,220,21,19,2,45,0,0,0,154,11,21,21,22,,0.5,0.05,0.5789473684210527,NOT_ESTIMABLE,,,PROVISIONAL_SMALL_REQUEST_N,0.45454545454545453,0.5454545454545454,PROVISIONAL_SMALL_REQUEST_N,0.5454545454545454,0.625,NOT_PRIMARY; use physical units and frozen spans
18,f18-1a136fda6a2a,FORMAL_10K,HELDOUT_TRIPLE_AUDIT,STRICT_LUMPED,f12d43eace12231077007dc497fee8dad00fbe58cb2f1fe2c6159c47636b97a0,all_candidates,strict_valid,emx_minus_target,K_abs,dimensionless,19,0.04130052094866987,0.062371019046604304,0.04130052094866987,0.018146905766112054,0.1095133345986254,0.13132447338379438,PROVISIONAL_SMALL_REQUEST_N,2,0.03762720538060667,0.04397202317998856,0.05446421838490154,0.06754253047127867,0.03762720538060667,0.04397202317998856,0.01547434995649391,0.018146905766112054,0.09804707497285069,0.12827724488251882,0.10482235702765207,0.1572259156446373,220,21,19,2,45,0,0,0,154,11,21,21,22,,0.5,0.05,0.5789473684210527,NOT_ESTIMABLE,,,PROVISIONAL_SMALL_REQUEST_N,0.45454545454545453,0.5454545454545454,PROVISIONAL_SMALL_REQUEST_N,0.5454545454545454,0.625,NOT_PRIMARY; use physical units and frozen spans
18,f18-1a136fda6a2a,FORMAL_10K,HELDOUT_TRIPLE_AUDIT,STRICT_LUMPED,f12d43eace12231077007dc497fee8dad00fbe58cb2f1fe2c6159c47636b97a0,all_candidates,strict_valid,emx_minus_frozen_proxy,Lp_nH,nH,19,0.015765402253036215,0.01859411456051172,-0.007677965805900551,0.01610258354200833,0.025770333309194107,0.03397877456616674,PROVISIONAL_SMALL_REQUEST_N,2,0.011331159103376925,0.01899030636187933,0.015594354384405956,0.02050190616452244,-0.01640126387126082,0.004316569033969819,0.010313839649538303,0.020191880932800554,0.023781961451692202,0.026187971275429933,0.033226727774826284,0.036273359008851536,220,21,19,2,45,0,0,0,154,11,21,21,22,,0.5,0.05,0.5789473684210527,NOT_ESTIMABLE,,,PROVISIONAL_SMALL_REQUEST_N,0.45454545454545453,0.5454545454545454,PROVISIONAL_SMALL_REQUEST_N,0.5454545454545454,0.625,NOT_PRIMARY; use physical units and frozen spans
18,f18-1a136fda6a2a,FORMAL_10K,HELDOUT_TRIPLE_AUDIT,STRICT_LUMPED,f12d43eace12231077007dc497fee8dad00fbe58cb2f1fe2c6159c47636b97a0,all_candidates,strict_valid,emx_minus_frozen_proxy,Ls_nH,nH,19,0.008868560559839785,0.011547564543165054,0.003280436609756667,0.007771702733479602,0.020751622122734358,0.022145680211962053,PROVISIONAL_SMALL_REQUEST_N,2,0.00578475320828431,0.013108795668228562,0.00736424815983732,0.015560466855690543,0.002553003258078168,0.004280657468314603,0.003928724867619415,0.013184718249761529,0.012800677503817748,0.023248451126027914,0.012989635852369319,0.02462691476861023,220,21,19,2,45,0,0,0,154,11,21,21,22,,0.5,0.05,0.5789473684210527,NOT_ESTIMABLE,,,PROVISIONAL_SMALL_REQUEST_N,0.45454545454545453,0.5454545454545454,PROVISIONAL_SMALL_REQUEST_N,0.5454545454545454,0.625,NOT_PRIMARY; use physical units and frozen spans
18,f18-1a136fda6a2a,FORMAL_10K,HELDOUT_TRIPLE_AUDIT,STRICT_LUMPED,f12d43eace12231077007dc497fee8dad00fbe58cb2f1fe2c6159c47636b97a0,all_candidates,strict_valid,emx_minus_frozen_proxy,Qmin,dimensionless,19,0.5133493105996592,0.8010153478783301,-0.32496543253646387,0.24844359103367175,1.6181731898035046,1.808445462434706,PROVISIONAL_SMALL_REQUEST_N,2,0.3281816443481975,0.6480167042370858,0.46036011899086854,0.9767959985184357,-0.39058925653408577,-0.2347326745397338,0.22135548962859541,0.26610346066770063,0.8417150096929422,1.775144594630472,1.0136768545966675,2.0915028387707015,220,21,19,2,45,0,0,0,154,11,21,21,22,,0.5,0.05,0.5789473684210527,NOT_ESTIMABLE,,,PROVISIONAL_SMALL_REQUEST_N,0.45454545454545453,0.5454545454545454,PROVISIONAL_SMALL_REQUEST_N,0.5454545454545454,0.625,NOT_PRIMARY; use physical units and frozen spans
18,f18-1a136fda6a2a,FORMAL_10K,HELDOUT_TRIPLE_AUDIT,STRICT_LUMPED,f12d43eace12231077007dc497fee8dad00fbe58cb2f1fe2c6159c47636b97a0,all_candidates,strict_valid,emx_minus_frozen_proxy,K_abs,dimensionless,19,0.02205913876618242,0.03418935756612206,0.02205913876618242,0.009885296332316482,0.05381473069170718,0.08965723678682055,PROVISIONAL_SMALL_REQUEST_N,2,0.007951598823370352,0.03231916781550029,0.012450194180785808,0.043661167022866015,0.007951598823370352,0.03231916781550029,0.003924895120144184,0.021069990011847783,0.020837945251850988,0.08962806244509769,0.031790594171385494,0.08990521869146496,220,21,19,2,45,0,0,0,154,11,21,21,22,,0.5,0.05,0.5789473684210527,NOT_ESTIMABLE,,,PROVISIONAL_SMALL_REQUEST_N,0.45454545454545453,0.5454545454545454,PROVISIONAL_SMALL_REQUEST_N,0.5454545454545454,0.625,NOT_PRIMARY; use physical units and frozen spans
18,f18-1a136fda6a2a,FORMAL_10K,HELDOUT_TRIPLE_AUDIT,STRICT_LUMPED,f12d43eace12231077007dc497fee8dad00fbe58cb2f1fe2c6159c47636b97a0,all_candidates,all_finite_diagnostic,emx_minus_target,Lp_nH,nH,21,0.034687803137736076,0.05275579358794512,0.003993610518192967,0.01843223475160971,0.08588278437560981,0.10539471203084227,PROVISIONAL_SMALL_REQUEST_N,2,0.020697130366760373,0.05007754318580935,0.02410634475703297,0.07214871756724237,0.0029618880513961987,0.005128505231669411,0.0169286811419308,0.02870772484118217,0.04161615093122317,0.11134558988832789,0.04840832441166225,0.16490349060569764,220,21,19,2,45,0,0,0,154,11,21,21,22,,0.5,0.05,0.5789473684210527,NOT_ESTIMABLE,,,PROVISIONAL_SMALL_REQUEST_N,0.45454545454545453,0.5454545454545454,PROVISIONAL_SMALL_REQUEST_N,0.5454545454545454,0.625,NOT_PRIMARY; use physical units and frozen spans
18,f18-1a136fda6a2a,FORMAL_10K,HELDOUT_TRIPLE_AUDIT,STRICT_LUMPED,f12d43eace12231077007dc497fee8dad00fbe58cb2f1fe2c6159c47636b97a0,all_candidates,all_finite_diagnostic,emx_minus_target,Ls_nH,nH,21,0.08205283178153489,0.13410182693347872,-0.06497218699378902,0.034117268422927394,0.2452344393859489,0.3263133029450259,PROVISIONAL_SMALL_REQUEST_N,2,0.06296047416286957,0.0994095205257761,0.10157015473965017,0.15796557058320865,-0.06951668456847768,-0.059973239661631504,0.0273134825385426,0.06165690215178177,0.194854498700912,0.3263133029450259,0.2452344393859489,0.36788361305832273,220,21,19,2,45,0,0,0,154,11,21,21,22,,0.5,0.05,0.5789473684210527,NOT_ESTIMABLE,,,PROVISIONAL_SMALL_REQUEST_N,0.45454545454545453,0.5454545454545454,PROVISIONAL_SMALL_REQUEST_N,0.5454545454545454,0.625,NOT_PRIMARY; use physical units and frozen spans
18,f18-1a136fda6a2a,FORMAL_10K,HELDOUT_TRIPLE_AUDIT,STRICT_LUMPED,f12d43eace12231077007dc497fee8dad00fbe58cb2f1fe2c6159c47636b97a0,all_candidates,all_finite_diagnostic,emx_minus_target,Qmin,dimensionless,21,1.474558619069137,2.336360231855056,0.555646492909071,0.5437637861053659,4.455122655309516,5.617856961766012,PROVISIONAL_SMALL_REQUEST_N,2,0.9795545492777527,1.9245623188794865,1.3894398482716799,2.9437874625791136,-0.49673253643270476,1.5123547014015943,0.4668387812239052,0.5437637861053659,2.5253954339390376,5.617856961766012,3.1661028213602016,6.125768966038868,220,21,19,2,45,0,0,0,154,11,21,21,22,,0.5,0.05,0.5789473684210527,NOT_ESTIMABLE,,,PROVISIONAL_SMALL_REQUEST_N,0.45454545454545453,0.5454545454545454,PROVISIONAL_SMALL_REQUEST_N,0.5454545454545454,0.625,NOT_PRIMARY; use physical units and frozen spans
18,f18-1a136fda6a2a,FORMAL_10K,HELDOUT_TRIPLE_AUDIT,STRICT_LUMPED,f12d43eace12231077007dc497fee8dad00fbe58cb2f1fe2c6159c47636b97a0,all_candidates,all_finite_diagnostic,emx_minus_target,K_abs,dimensionless,21,0.044908278942148626,0.06433888618202546,0.044908278942148626,0.020437644161503704,0.10482235702765207,0.12827724488251882,PROVISIONAL_SMALL_REQUEST_N,2,0.04397202317998856,0.04593816028052469,0.06061964213925754,0.06754253047127867,0.04397202317998856,0.04593816028052469,0.018146905766112054,0.04138157328217542,0.09564554925553664,0.12827724488251882,0.10482235702765207,0.1572259156446373,220,21,19,2,45,0,0,0,154,11,21,21,22,,0.5,0.05,0.5789473684210527,NOT_ESTIMABLE,,,PROVISIONAL_SMALL_REQUEST_N,0.45454545454545453,0.5454545454545454,PROVISIONAL_SMALL_REQUEST_N,0.5454545454545454,0.625,NOT_PRIMARY; use physical units and frozen spans
18,f18-1a136fda6a2a,FORMAL_10K,HELDOUT_TRIPLE_AUDIT,STRICT_LUMPED,f12d43eace12231077007dc497fee8dad00fbe58cb2f1fe2c6159c47636b97a0,all_candidates,all_finite_diagnostic,emx_minus_frozen_proxy,Lp_nH,nH,21,0.015387027964389484,0.01805723017086355,-0.008069823559838171,0.012241540065007217,0.023781961451692202,0.03372382073920177,PROVISIONAL_SMALL_REQUEST_N,2,0.011423421727150652,0.01899030636187933,0.014912159703231205,0.02050190616452244,-0.01640126387126082,0.0010947607827267447,0.010975528478279095,0.020191880932800554,0.01811966108869268,0.023781961451692202,0.033226727774826284,0.036273359008851536,220,21,19,2,45,0,0,0,154,11,21,21,22,,0.5,0.05,0.5789473684210527,NOT_ESTIMABLE,,,PROVISIONAL_SMALL_REQUEST_N,0.45454545454545453,0.5454545454545454,PROVISIONAL_SMALL_REQUEST_N,0.5454545454545454,0.625,NOT_PRIMARY; use physical units and frozen spans
18,f18-1a136fda6a2a,FORMAL_10K,HELDOUT_TRIPLE_AUDIT,STRICT_LUMPED,f12d43eace12231077007dc497fee8dad00fbe58cb2f1fe2c6159c47636b97a0,all_candidates,all_finite_diagnostic,emx_minus_frozen_proxy,Ls_nH,nH,21,0.009655343829847203,0.012968688745506362,0.004334086439306318,0.007771702733479602,0.021869987483445597,0.02462691476861023,PROVISIONAL_SMALL_REQUEST_N,2,0.00578475320828431,0.013912993513566386,0.00736424815983732,0.017132924393628634,0.002553003258078168,0.006293277938657282,0.003928724867619415,0.013184718249761529,0.012800677503817748,0.025311577763243786,0.012989635852369319,0.03147354471494568,220,21,19,2,45,0,0,0,154,11,21,21,22,,0.5,0.05,0.5789473684210527,NOT_ESTIMABLE,,,PROVISIONAL_SMALL_REQUEST_N,0.45454545454545453,0.5454545454545454,PROVISIONAL_SMALL_REQUEST_N,0.5454545454545454,0.625,NOT_PRIMARY; use physical units and frozen spans
18,f18-1a136fda6a2a,FORMAL_10K,HELDOUT_TRIPLE_AUDIT,STRICT_LUMPED,f12d43eace12231077007dc497fee8dad00fbe58cb2f1fe2c6159c47636b97a0,all_candidates,all_finite_diagnostic,emx_minus_frozen_proxy,Qmin,dimensionless,21,0.5217788940263842,0.7842831567922438,-0.3513363376834932,0.26610346066770063,1.5789303385967628,1.775144594630472,PROVISIONAL_SMALL_REQUEST_N,2,0.38291730279461245,0.6480167042370858,0.49210434062810754,0.9767959985184357,-0.39058925653408577,-0.30815812694784145,0.26610346066770063,0.28366868980927684,0.7041455337699625,1.775144594630472,1.0136768545966675,2.0915028387707015,220,21,19,2,45,0,0,0,154,11,21,21,22,,0.5,0.05,0.5789473684210527,NOT_ESTIMABLE,,,PROVISIONAL_SMALL_REQUEST_N,0.45454545454545453,0.5454545454545454,PROVISIONAL_SMALL_REQUEST_N,0.5454545454545454,0.625,NOT_PRIMARY; use physical units and frozen spans
18,f18-1a136fda6a2a,FORMAL_10K,HELDOUT_TRIPLE_AUDIT,STRICT_LUMPED,f12d43eace12231077007dc497fee8dad00fbe58cb2f1fe2c6159c47636b97a0,all_candidates,all_finite_diagnostic,emx_minus_frozen_proxy,K_abs,dimensionless,21,0.023375759751915914,0.034580619381465276,0.023375759751915914,0.010616906377536262,0.04868207200354871,0.08962806244509769,PROVISIONAL_SMALL_REQUEST_N,2,0.013538010881973105,0.03231916781550029,0.02035419221963028,0.043661167022866015,0.013538010881973105,0.03231916781550029,0.006766353479675059,0.021069990011847783,0.03347974195460184,0.08962806244509769,0.04868207200354871,0.08990521869146496,220,21,19,2,45,0,0,0,154,11,21,21,22,,0.5,0.05,0.5789473684210527,NOT_ESTIMABLE,,,PROVISIONAL_SMALL_REQUEST_N,0.45454545454545453,0.5454545454545454,PROVISIONAL_SMALL_REQUEST_N,0.5454545454545454,0.625,NOT_PRIMARY; use physical units and frozen spans
18,f18-1a136fda6a2a,FORMAL_10K,HELDOUT_TRIPLE_AUDIT,STRICT_LUMPED,f12d43eace12231077007dc497fee8dad00fbe58cb2f1fe2c6159c47636b97a0,selected_q_proxy,strict_valid,emx_minus_target,Lp_nH,nH,2,0.01184492655660091,0.014296168991207303,-0.008004883677723729,0.01184492655660091,0.01824883349877989,0.019049321866552265,PROVISIONAL_SMALL_REQUEST_N,2,0.003840042878877181,0.01984981023432464,0.003840042878877181,0.01984981023432464,-0.01984981023432464,0.003840042878877181,0.003840042878877181,0.01984981023432464,0.003840042878877181,0.01984981023432464,0.003840042878877181,0.01984981023432464,20,2,2,0,0,0,0,0,18,2,2,2,2,,1.0,0.1,1.0,NOT_ESTIMABLE,,,PROVISIONAL_SMALL_REQUEST_N,1.0,1.0,PROVISIONAL_SMALL_REQUEST_N,1.0,1.0,NOT_PRIMARY; use physical units and frozen spans
18,f18-1a136fda6a2a,FORMAL_10K,HELDOUT_TRIPLE_AUDIT,STRICT_LUMPED,f12d43eace12231077007dc497fee8dad00fbe58cb2f1fe2c6159c47636b97a0,selected_q_proxy,strict_valid,emx_minus_target,Ls_nH,nH,2,0.00761320385232217,0.008661270513919177,-0.004129979905310999,0.00761320385232217,0.010917187776570969,0.011330185767102069,PROVISIONAL_SMALL_REQUEST_N,2,0.0034832239470111714,0.011743183757633169,0.0034832239470111714,0.011743183757633169,-0.011743183757633169,0.0034832239470111714,0.0034832239470111714,0.011743183757633169,0.0034832239470111714,0.011743183757633169,0.0034832239470111714,0.011743183757633169,20,2,2,0,0,0,0,0,18,2,2,2,2,,1.0,0.1,1.0,NOT_ESTIMABLE,,,PROVISIONAL_SMALL_REQUEST_N,1.0,1.0,PROVISIONAL_SMALL_REQUEST_N,1.0,1.0,NOT_PRIMARY; use physical units and frozen spans
18,f18-1a136fda6a2a,FORMAL_10K,HELDOUT_TRIPLE_AUDIT,STRICT_LUMPED,f12d43eace12231077007dc497fee8dad00fbe58cb2f1fe2c6159c47636b97a0,selected_q_proxy,strict_valid,emx_minus_target,Qmin,dimensionless,2,0.17639077306981576,0.17774733788467473,0.17639077306981576,0.17639077306981576,0.19392540259512217,0.19611723128578545,PROVISIONAL_SMALL_REQUEST_N,2,0.15447248616318277,0.19830905997644876,0.15447248616318277,0.19830905997644876,0.15447248616318277,0.19830905997644876,0.15447248616318277,0.19830905997644876,0.15447248616318277,0.19830905997644876,0.15447248616318277,0.19830905997644876,20,2,2,0,0,0,0,0,18,2,2,2,2,,1.0,0.1,1.0,NOT_ESTIMABLE,,,PROVISIONAL_SMALL_REQUEST_N,1.0,1.0,PROVISIONAL_SMALL_REQUEST_N,1.0,1.0,NOT_PRIMARY; use physical units and frozen spans
18,f18-1a136fda6a2a,FORMAL_10K,HELDOUT_TRIPLE_AUDIT,STRICT_LUMPED,f12d43eace12231077007dc497fee8dad00fbe58cb2f1fe2c6159c47636b97a0,selected_q_proxy,strict_valid,emx_minus_target,K_abs,dimensionless,2,0.005246534855994224,0.005396494323688486,0.005246534855994224,0.005246534855994224,0.006257205283918883,0.006383539087409466,PROVISIONAL_SMALL_REQUEST_N,2,0.0039831968210884,0.006509872890900048,0.0039831968210884,0.006509872890900048,0.0039831968210884,0.006509872890900048,0.0039831968210884,0.006509872890900048,0.0039831968210884,0.006509872890900048,0.0039831968210884,0.006509872890900048,20,2,2,0,0,0,0,0,18,2,2,2,2,,1.0,0.1,1.0,NOT_ESTIMABLE,,,PROVISIONAL_SMALL_REQUEST_N,1.0,1.0,PROVISIONAL_SMALL_REQUEST_N,1.0,1.0,NOT_PRIMARY; use physical units and frozen spans
18,f18-1a136fda6a2a,FORMAL_10K,HELDOUT_TRIPLE_AUDIT,STRICT_LUMPED,f12d43eace12231077007dc497fee8dad00fbe58cb2f1fe2c6159c47636b97a0,selected_q_proxy,strict_valid,emx_minus_frozen_proxy,Lp_nH,nH,2,0.01380138966459682,0.014211316310733493,-0.01380138966459682,0.01380138966459682,0.01651233395583468,0.016851201992239412,PROVISIONAL_SMALL_REQUEST_N,2,0.010412709300549494,0.017190070028644144,0.010412709300549494,0.017190070028644144,-0.017190070028644144,-0.010412709300549494,0.010412709300549494,0.017190070028644144,0.010412709300549494,0.017190070028644144,0.010412709300549494,0.017190070028644144,20,2,2,0,0,0,0,0,18,2,2,2,2,,1.0,0.1,1.0,NOT_ESTIMABLE,,,PROVISIONAL_SMALL_REQUEST_N,1.0,1.0,PROVISIONAL_SMALL_REQUEST_N,1.0,1.0,NOT_PRIMARY; use physical units and frozen spans
18,f18-1a136fda6a2a,FORMAL_10K,HELDOUT_TRIPLE_AUDIT,STRICT_LUMPED,f12d43eace12231077007dc497fee8dad00fbe58cb2f1fe2c6159c47636b97a0,selected_q_proxy,strict_valid,emx_minus_frozen_proxy,Ls_nH,nH,2,0.008848974609085292,0.010124880698093742,-0.004920249741465876,0.008848974609085292,0.012785174402257992,0.01327719937640458,PROVISIONAL_SMALL_REQUEST_N,2,0.003928724867619415,0.013769224350551168,0.003928724867619415,0.013769224350551168,-0.013769224350551168,0.003928724867619415,0.003928724867619415,0.013769224350551168,0.003928724867619415,0.013769224350551168,0.003928724867619415,0.013769224350551168,20,2,2,0,0,0,0,0,18,2,2,2,2,,1.0,0.1,1.0,NOT_ESTIMABLE,,,PROVISIONAL_SMALL_REQUEST_N,1.0,1.0,PROVISIONAL_SMALL_REQUEST_N,1.0,1.0,NOT_PRIMARY; use physical units and frozen spans
18,f18-1a136fda6a2a,FORMAL_10K,HELDOUT_TRIPLE_AUDIT,STRICT_LUMPED,f12d43eace12231077007dc497fee8dad00fbe58cb2f1fe2c6159c47636b97a0,selected_q_proxy,strict_valid,emx_minus_frozen_proxy,Qmin,dimensionless,2,0.21491253973241342,0.21590188052692216,0.21491253973241342,0.21491253973241342,0.2314286609395289,0.23349317609041834,PROVISIONAL_SMALL_REQUEST_N,2,0.19426738822351908,0.23555769124130777,0.19426738822351908,0.23555769124130777,0.19426738822351908,0.23555769124130777,0.19426738822351908,0.23555769124130777,0.19426738822351908,0.23555769124130777,0.19426738822351908,0.23555769124130777,20,2,2,0,0,0,0,0,18,2,2,2,2,,1.0,0.1,1.0,NOT_ESTIMABLE,,,PROVISIONAL_SMALL_REQUEST_N,1.0,1.0,PROVISIONAL_SMALL_REQUEST_N,1.0,1.0,NOT_PRIMARY; use physical units and frozen spans
18,f18-1a136fda6a2a,FORMAL_10K,HELDOUT_TRIPLE_AUDIT,STRICT_LUMPED,f12d43eace12231077007dc497fee8dad00fbe58cb2f1fe2c6159c47636b97a0,selected_q_proxy,strict_valid,emx_minus_frozen_proxy,K_abs,dimensionless,2,0.004065826237819231,0.0048377032910592,0.004065826237819231,0.004065826237819231,0.006163051854475405,0.006425205056557426,PROVISIONAL_SMALL_REQUEST_N,2,0.0014442942169990147,0.0066873582586394476,0.0014442942169990147,0.0066873582586394476,0.0014442942169990147,0.0066873582586394476,0.0014442942169990147,0.0066873582586394476,0.0014442942169990147,0.0066873582586394476,0.0014442942169990147,0.0066873582586394476,20,2,2,0,0,0,0,0,18,2,2,2,2,,1.0,0.1,1.0,NOT_ESTIMABLE,,,PROVISIONAL_SMALL_REQUEST_N,1.0,1.0,PROVISIONAL_SMALL_REQUEST_N,1.0,1.0,NOT_PRIMARY; use physical units and frozen spans
18,f18-1a136fda6a2a,FORMAL_10K,HELDOUT_TRIPLE_AUDIT,STRICT_LUMPED,f12d43eace12231077007dc497fee8dad00fbe58cb2f1fe2c6159c47636b97a0,selected_q_proxy,all_finite_diagnostic,emx_minus_target,Lp_nH,nH,2,0.01184492655660091,0.014296168991207303,-0.008004883677723729,0.01184492655660091,0.01824883349877989,0.019049321866552265,PROVISIONAL_SMALL_REQUEST_N,2,0.003840042878877181,0.01984981023432464,0.003840042878877181,0.01984981023432464,-0.01984981023432464,0.003840042878877181,0.003840042878877181,0.01984981023432464,0.003840042878877181,0.01984981023432464,0.003840042878877181,0.01984981023432464,20,2,2,0,0,0,0,0,18,2,2,2,2,,1.0,0.1,1.0,NOT_ESTIMABLE,,,PROVISIONAL_SMALL_REQUEST_N,1.0,1.0,PROVISIONAL_SMALL_REQUEST_N,1.0,1.0,NOT_PRIMARY; use physical units and frozen spans
18,f18-1a136fda6a2a,FORMAL_10K,HELDOUT_TRIPLE_AUDIT,STRICT_LUMPED,f12d43eace12231077007dc497fee8dad00fbe58cb2f1fe2c6159c47636b97a0,selected_q_proxy,all_finite_diagnostic,emx_minus_target,Ls_nH,nH,2,0.00761320385232217,0.008661270513919177,-0.004129979905310999,0.00761320385232217,0.010917187776570969,0.011330185767102069,PROVISIONAL_SMALL_REQUEST_N,2,0.0034832239470111714,0.011743183757633169,0.0034832239470111714,0.011743183757633169,-0.011743183757633169,0.0034832239470111714,0.0034832239470111714,0.011743183757633169,0.0034832239470111714,0.011743183757633169,0.0034832239470111714,0.011743183757633169,20,2,2,0,0,0,0,0,18,2,2,2,2,,1.0,0.1,1.0,NOT_ESTIMABLE,,,PROVISIONAL_SMALL_REQUEST_N,1.0,1.0,PROVISIONAL_SMALL_REQUEST_N,1.0,1.0,NOT_PRIMARY; use physical units and frozen spans
18,f18-1a136fda6a2a,FORMAL_10K,HELDOUT_TRIPLE_AUDIT,STRICT_LUMPED,f12d43eace12231077007dc497fee8dad00fbe58cb2f1fe2c6159c47636b97a0,selected_q_proxy,all_finite_diagnostic,emx_minus_target,Qmin,dimensionless,2,0.17639077306981576,0.17774733788467473,0.17639077306981576,0.17639077306981576,0.19392540259512217,0.19611723128578545,PROVISIONAL_SMALL_REQUEST_N,2,0.15447248616318277,0.19830905997644876,0.15447248616318277,0.19830905997644876,0.15447248616318277,0.19830905997644876,0.15447248616318277,0.19830905997644876,0.15447248616318277,0.19830905997644876,0.15447248616318277,0.19830905997644876,20,2,2,0,0,0,0,0,18,2,2,2,2,,1.0,0.1,1.0,NOT_ESTIMABLE,,,PROVISIONAL_SMALL_REQUEST_N,1.0,1.0,PROVISIONAL_SMALL_REQUEST_N,1.0,1.0,NOT_PRIMARY; use physical units and frozen spans
18,f18-1a136fda6a2a,FORMAL_10K,HELDOUT_TRIPLE_AUDIT,STRICT_LUMPED,f12d43eace12231077007dc497fee8dad00fbe58cb2f1fe2c6159c47636b97a0,selected_q_proxy,all_finite_diagnostic,emx_minus_target,K_abs,dimensionless,2,0.005246534855994224,0.005396494323688486,0.005246534855994224,0.005246534855994224,0.006257205283918883,0.006383539087409466,PROVISIONAL_SMALL_REQUEST_N,2,0.0039831968210884,0.006509872890900048,0.0039831968210884,0.006509872890900048,0.0039831968210884,0.006509872890900048,0.0039831968210884,0.006509872890900048,0.0039831968210884,0.006509872890900048,0.0039831968210884,0.006509872890900048,20,2,2,0,0,0,0,0,18,2,2,2,2,,1.0,0.1,1.0,NOT_ESTIMABLE,,,PROVISIONAL_SMALL_REQUEST_N,1.0,1.0,PROVISIONAL_SMALL_REQUEST_N,1.0,1.0,NOT_PRIMARY; use physical units and frozen spans
18,f18-1a136fda6a2a,FORMAL_10K,HELDOUT_TRIPLE_AUDIT,STRICT_LUMPED,f12d43eace12231077007dc497fee8dad00fbe58cb2f1fe2c6159c47636b97a0,selected_q_proxy,all_finite_diagnostic,emx_minus_frozen_proxy,Lp_nH,nH,2,0.01380138966459682,0.014211316310733493,-0.01380138966459682,0.01380138966459682,0.01651233395583468,0.016851201992239412,PROVISIONAL_SMALL_REQUEST_N,2,0.010412709300549494,0.017190070028644144,0.010412709300549494,0.017190070028644144,-0.017190070028644144,-0.010412709300549494,0.010412709300549494,0.017190070028644144,0.010412709300549494,0.017190070028644144,0.010412709300549494,0.017190070028644144,20,2,2,0,0,0,0,0,18,2,2,2,2,,1.0,0.1,1.0,NOT_ESTIMABLE,,,PROVISIONAL_SMALL_REQUEST_N,1.0,1.0,PROVISIONAL_SMALL_REQUEST_N,1.0,1.0,NOT_PRIMARY; use physical units and frozen spans
18,f18-1a136fda6a2a,FORMAL_10K,HELDOUT_TRIPLE_AUDIT,STRICT_LUMPED,f12d43eace12231077007dc497fee8dad00fbe58cb2f1fe2c6159c47636b97a0,selected_q_proxy,all_finite_diagnostic,emx_minus_frozen_proxy,Ls_nH,nH,2,0.008848974609085292,0.010124880698093742,-0.004920249741465876,0.008848974609085292,0.012785174402257992,0.01327719937640458,PROVISIONAL_SMALL_REQUEST_N,2,0.003928724867619415,0.013769224350551168,0.003928724867619415,0.013769224350551168,-0.013769224350551168,0.003928724867619415,0.003928724867619415,0.013769224350551168,0.003928724867619415,0.013769224350551168,0.003928724867619415,0.013769224350551168,20,2,2,0,0,0,0,0,18,2,2,2,2,,1.0,0.1,1.0,NOT_ESTIMABLE,,,PROVISIONAL_SMALL_REQUEST_N,1.0,1.0,PROVISIONAL_SMALL_REQUEST_N,1.0,1.0,NOT_PRIMARY; use physical units and frozen spans
18,f18-1a136fda6a2a,FORMAL_10K,HELDOUT_TRIPLE_AUDIT,STRICT_LUMPED,f12d43eace12231077007dc497fee8dad00fbe58cb2f1fe2c6159c47636b97a0,selected_q_proxy,all_finite_diagnostic,emx_minus_frozen_proxy,Qmin,dimensionless,2,0.21491253973241342,0.21590188052692216,0.21491253973241342,0.21491253973241342,0.2314286609395289,0.23349317609041834,PROVISIONAL_SMALL_REQUEST_N,2,0.19426738822351908,0.23555769124130777,0.19426738822351908,0.23555769124130777,0.19426738822351908,0.23555769124130777,0.19426738822351908,0.23555769124130777,0.19426738822351908,0.23555769124130777,0.19426738822351908,0.23555769124130777,20,2,2,0,0,0,0,0,18,2,2,2,2,,1.0,0.1,1.0,NOT_ESTIMABLE,,,PROVISIONAL_SMALL_REQUEST_N,1.0,1.0,PROVISIONAL_SMALL_REQUEST_N,1.0,1.0,NOT_PRIMARY; use physical units and frozen spans
18,f18-1a136fda6a2a,FORMAL_10K,HELDOUT_TRIPLE_AUDIT,STRICT_LUMPED,f12d43eace12231077007dc497fee8dad00fbe58cb2f1fe2c6159c47636b97a0,selected_q_proxy,all_finite_diagnostic,emx_minus_frozen_proxy,K_abs,dimensionless,2,0.004065826237819231,0.0048377032910592,0.004065826237819231,0.004065826237819231,0.006163051854475405,0.006425205056557426,PROVISIONAL_SMALL_REQUEST_N,2,0.0014442942169990147,0.0066873582586394476,0.0014442942169990147,0.0066873582586394476,0.0014442942169990147,0.0066873582586394476,0.0014442942169990147,0.0066873582586394476,0.0014442942169990147,0.0066873582586394476,0.0014442942169990147,0.0066873582586394476,20,2,2,0,0,0,0,0,18,2,2,2,2,,1.0,0.1,1.0,NOT_ESTIMABLE,,,PROVISIONAL_SMALL_REQUEST_N,1.0,1.0,PROVISIONAL_SMALL_REQUEST_N,1.0,1.0,NOT_PRIMARY; use physical units and frozen spans
19,f19-e02801471b97,FORMAL_10K,HELDOUT_TRIPLE_AUDIT,STRICT_LUMPED,f12d43eace12231077007dc497fee8dad00fbe58cb2f1fe2c6159c47636b97a0,all_candidates,strict_valid,emx_minus_target,Lp_nH,nH,13,0.021066700418879345,0.02587714235979847,0.005348482807545689,0.01948512564893956,0.037690164947008546,0.04400846899371558,PROVISIONAL_SMALL_REQUEST_N,2,0.012768351671898623,0.028179570773434248,0.017007625703223957,0.03155400917441805,-0.002781636607875134,0.012317156592192109,0.008358075109032803,0.02797089503676875,0.032751473967339365,0.04809757472669127,0.034225512669383784,0.0521866804596669,220,16,13,3,24,3,0,0,177,10,16,16,22,,0.45454545454545453,0.045454545454545456,0.7692307692307693,NOT_ESTIMABLE,,,PROVISIONAL_SMALL_REQUEST_N,0.36363636363636365,0.5454545454545454,PROVISIONAL_SMALL_REQUEST_N,0.6666666666666666,0.8571428571428571,NOT_PRIMARY; use physical units and frozen spans
19,f19-e02801471b97,FORMAL_10K,HELDOUT_TRIPLE_AUDIT,STRICT_LUMPED,f12d43eace12231077007dc497fee8dad00fbe58cb2f1fe2c6159c47636b97a0,all_candidates,strict_valid,emx_minus_target,Ls_nH,nH,13,0.013830789551173877,0.01955487183544654,0.008415111418829703,0.009132847455077697,0.017500651640908905,0.03384707026665937,PROVISIONAL_SMALL_REQUEST_N,2,0.011146745844670422,0.016131398442462554,0.012434441093939643,0.02403395577272674,0.006836086617383409,0.010257307020517045,0.008109490357195881,0.01158854332732423,0.01731644651366663,0.0460731908033826,0.01732095333376349,0.058299311340105686,220,16,13,3,24,3,0,0,177,10,16,16,22,,0.45454545454545453,0.045454545454545456,0.7692307692307693,NOT_ESTIMABLE,,,PROVISIONAL_SMALL_REQUEST_N,0.36363636363636365,0.5454545454545454,PROVISIONAL_SMALL_REQUEST_N,0.6666666666666666,0.8571428571428571,NOT_PRIMARY; use physical units and frozen spans
19,f19-e02801471b97,FORMAL_10K,HELDOUT_TRIPLE_AUDIT,STRICT_LUMPED,f12d43eace12231077007dc497fee8dad00fbe58cb2f1fe2c6159c47636b97a0,all_candidates,strict_valid,emx_minus_target,Qmin,dimensionless,13,0.5709803452733087,0.6988519727441967,0.1803994083669756,0.4637814456767799,1.1100251364089517,1.2577884910738664,PROVISIONAL_SMALL_REQUEST_N,2,0.5678376936046394,0.5736740467035967,0.697102098648499,0.7008879708304472,0.018037056197684958,0.31956713879779614,0.36875847731074884,0.5326609901506281,1.1100251364089517,1.2489638336973237,1.1273901733338043,1.4533859676839604,220,16,13,3,24,3,0,0,177,10,16,16,22,,0.45454545454545453,0.045454545454545456,0.7692307692307693,NOT_ESTIMABLE,,,PROVISIONAL_SMALL_REQUEST_N,0.36363636363636365,0.5454545454545454,PROVISIONAL_SMALL_REQUEST_N,0.6666666666666666,0.8571428571428571,NOT_PRIMARY; use physical units and frozen spans
19,f19-e02801471b97,FORMAL_10K,HELDOUT_TRIPLE_AUDIT,STRICT_LUMPED,f12d43eace12231077007dc497fee8dad00fbe58cb2f1fe2c6159c47636b97a0,all_candidates,strict_valid,emx_minus_target,K_abs,dimensionless,13,0.017062507679520444,0.023676027408776546,0.006837660895618201,0.008726028548542819,0.044324812680604335,0.050423880630484794,PROVISIONAL_SMALL_REQUEST_N,2,0.016855908420083828,0.017239592759037546,0.02338596014044889,0.024010010545465362,-0.002704070276719738,0.015016287614765006,0.007781568004953887,0.010951649475077513,0.04199978859305536,0.049392890811386425,0.048974860855702296,0.05259741029265855,220,16,13,3,24,3,0,0,177,10,16,16,22,,0.45454545454545453,0.045454545454545456,0.7692307692307693,NOT_ESTIMABLE,,,PROVISIONAL_SMALL_REQUEST_N,0.36363636363636365,0.5454545454545454,PROVISIONAL_SMALL_REQUEST_N,0.6666666666666666,0.8571428571428571,NOT_PRIMARY; use physical units and frozen spans
19,f19-e02801471b97,FORMAL_10K,HELDOUT_TRIPLE_AUDIT,STRICT_LUMPED,f12d43eace12231077007dc497fee8dad00fbe58cb2f1fe2c6159c47636b97a0,all_candidates,strict_valid,emx_minus_frozen_proxy,Lp_nH,nH,13,0.013211362958834636,0.017347303849789112,0.0035180498839968177,0.009915486079472569,0.03233307297419508,0.035570197045117075,PROVISIONAL_SMALL_REQUEST_N,2,0.006032961881059451,0.019364278168356223,0.006877451794187685,0.022766768708710867,0.003096574268506939,0.0038793146972738563,0.0057739775509556,0.01384401674719471,0.01202399595436882,0.036473766915057375,0.012643854341865213,0.03737733678499766,220,16,13,3,24,3,0,0,177,10,16,16,22,,0.45454545454545453,0.045454545454545456,0.7692307692307693,NOT_ESTIMABLE,,,PROVISIONAL_SMALL_REQUEST_N,0.36363636363636365,0.5454545454545454,PROVISIONAL_SMALL_REQUEST_N,0.6666666666666666,0.8571428571428571,NOT_PRIMARY; use physical units and frozen spans
19,f19-e02801471b97,FORMAL_10K,HELDOUT_TRIPLE_AUDIT,STRICT_LUMPED,f12d43eace12231077007dc497fee8dad00fbe58cb2f1fe2c6159c47636b97a0,all_candidates,strict_valid,emx_minus_frozen_proxy,Ls_nH,nH,13,0.005182278945984809,0.0066837680690784934,-0.001518792652540299,0.0051716945297695105,0.008053351785380981,0.011977960866482694,PROVISIONAL_SMALL_REQUEST_N,2,0.0036084791042969946,0.006531250238860079,0.004452231780834944,0.008122381915198205,-0.004118889238671842,0.0015146533646131684,0.003966055564545878,0.0051716945297695105,0.0067015567708061385,0.014680857561865211,0.006770364503014048,0.017383754257247697,220,16,13,3,24,3,0,0,177,10,16,16,22,,0.45454545454545453,0.045454545454545456,0.7692307692307693,NOT_ESTIMABLE,,,PROVISIONAL_SMALL_REQUEST_N,0.36363636363636365,0.5454545454545454,PROVISIONAL_SMALL_REQUEST_N,0.6666666666666666,0.8571428571428571,NOT_PRIMARY; use physical units and frozen spans
19,f19-e02801471b97,FORMAL_10K,HELDOUT_TRIPLE_AUDIT,STRICT_LUMPED,f12d43eace12231077007dc497fee8dad00fbe58cb2f1fe2c6159c47636b97a0,all_candidates,strict_valid,emx_minus_frozen_proxy,Qmin,dimensionless,13,0.2069183787864987,0.24085715671627494,0.0511124222360411,0.20706821829554833,0.33699284534316903,0.3949462871114564,PROVISIONAL_SMALL_REQUEST_N,2,0.20076251618603358,0.21219483244404028,0.23626945791850176,0.24610140593635663,-0.04052252047264382,0.12965665884348532,0.15176694943158964,0.21600675509096945,0.33343373692513567,0.4523112112304852,0.3441110621792358,0.47119912450978774,220,16,13,3,24,3,0,0,177,10,16,16,22,,0.45454545454545453,0.045454545454545456,0.7692307692307693,NOT_ESTIMABLE,,,PROVISIONAL_SMALL_REQUEST_N,0.36363636363636365,0.5454545454545454,PROVISIONAL_SMALL_REQUEST_N,0.6666666666666666,0.8571428571428571,NOT_PRIMARY; use physical units and frozen spans
19,f19-e02801471b97,FORMAL_10K,HELDOUT_TRIPLE_AUDIT,STRICT_LUMPED,f12d43eace12231077007dc497fee8dad00fbe58cb2f1fe2c6159c47636b97a0,all_candidates,strict_valid,emx_minus_frozen_proxy,K_abs,dimensionless,13,0.008134268393959717,0.009559731057347552,-0.0007475873406914285,0.009061127105410682,0.014185592775823066,0.014885348728950486,PROVISIONAL_SMALL_REQUEST_N,2,0.006851524253912119,0.00963080322401525,0.007600593873714433,0.011428522519866554,-0.0009348599690173764,-0.0005291026076444891,0.008043864113020632,0.012873843806543689,0.00987655751479259,0.015370690111353542,0.01014735356182192,0.015467758387834152,220,16,13,3,24,3,0,0,177,10,16,16,22,,0.45454545454545453,0.045454545454545456,0.7692307692307693,NOT_ESTIMABLE,,,PROVISIONAL_SMALL_REQUEST_N,0.36363636363636365,0.5454545454545454,PROVISIONAL_SMALL_REQUEST_N,0.6666666666666666,0.8571428571428571,NOT_PRIMARY; use physical units and frozen spans
19,f19-e02801471b97,FORMAL_10K,HELDOUT_TRIPLE_AUDIT,STRICT_LUMPED,f12d43eace12231077007dc497fee8dad00fbe58cb2f1fe2c6159c47636b97a0,all_candidates,all_finite_diagnostic,emx_minus_target,Lp_nH,nH,16,0.03015636842050115,0.03830588658143326,-0.008694032049030812,0.02703276826485357,0.0655615326484616,0.07541504702018961,PROVISIONAL_SMALL_REQUEST_N,2,0.028179570773434248,0.031693877701553186,0.03155400917441805,0.042827647720938465,-0.02503606765887086,0.012317156592192109,0.01948512564893956,0.02797089503676875,0.04809757472669127,0.07555482548455456,0.0521866804596669,0.07751172398566375,220,16,13,3,24,3,0,0,177,10,16,16,22,,0.45454545454545453,0.045454545454545456,0.7692307692307693,NOT_ESTIMABLE,,,PROVISIONAL_SMALL_REQUEST_N,0.36363636363636365,0.5454545454545454,PROVISIONAL_SMALL_REQUEST_N,0.6666666666666666,0.8571428571428571,NOT_PRIMARY; use physical units and frozen spans
19,f19-e02801471b97,FORMAL_10K,HELDOUT_TRIPLE_AUDIT,STRICT_LUMPED,f12d43eace12231077007dc497fee8dad00fbe58cb2f1fe2c6159c47636b97a0,all_candidates,all_finite_diagnostic,emx_minus_target,Ls_nH,nH,16,0.030963103270066336,0.051882388195167016,-0.012888308731938428,0.014010817605865034,0.08552578422274748,0.12218003880069561,PROVISIONAL_SMALL_REQUEST_N,2,0.016131398442462554,0.042498873691535946,0.02403395577272674,0.06584923695394097,-0.0282295051147443,0.006836086617383409,0.008109490357195881,0.017275885132794877,0.0460731908033826,0.1240655951397569,0.058299311340105686,0.15046338388661462,220,16,13,3,24,3,0,0,177,10,16,16,22,,0.45454545454545453,0.045454545454545456,0.7692307692307693,NOT_ESTIMABLE,,,PROVISIONAL_SMALL_REQUEST_N,0.36363636363636365,0.5454545454545454,PROVISIONAL_SMALL_REQUEST_N,0.6666666666666666,0.8571428571428571,NOT_PRIMARY; use physical units and frozen spans
19,f19-e02801471b97,FORMAL_10K,HELDOUT_TRIPLE_AUDIT,STRICT_LUMPED,f12d43eace12231077007dc497fee8dad00fbe58cb2f1fe2c6159c47636b97a0,all_candidates,all_finite_diagnostic,emx_minus_target,Qmin,dimensionless,16,1.201075635702665,1.8289477560776324,0.8837286244662695,0.5610781174920145,3.6471749499821593,4.1589360604915395,PROVISIONAL_SMALL_REQUEST_N,2,0.5736740467035967,1.6890546493686074,0.697102098648499,2.3598290653680243,0.31956713879779614,1.3225208910973043,0.36875847731074884,1.0405649887095407,1.2489638336973237,4.181681375307124,1.4533859676839604,4.500115782725311,220,16,13,3,24,3,0,0,177,10,16,16,22,,0.45454545454545453,0.045454545454545456,0.7692307692307693,NOT_ESTIMABLE,,,PROVISIONAL_SMALL_REQUEST_N,0.36363636363636365,0.5454545454545454,PROVISIONAL_SMALL_REQUEST_N,0.6666666666666666,0.8571428571428571,NOT_PRIMARY; use physical units and frozen spans
19,f19-e02801471b97,FORMAL_10K,HELDOUT_TRIPLE_AUDIT,STRICT_LUMPED,f12d43eace12231077007dc497fee8dad00fbe58cb2f1fe2c6159c47636b97a0,all_candidates,all_finite_diagnostic,emx_minus_target,K_abs,dimensionless,16,0.028213087837656813,0.0395446663149036,0.01990539982573624,0.016864742940774724,0.0713431936258459,0.07544793746796064,PROVISIONAL_SMALL_REQUEST_N,2,0.017239592759037546,0.03674802845436069,0.02338596014044889,0.04852510028781038,0.015016287614765006,0.023708042656491644,0.007781568004953887,0.02055221547993724,0.04199978859305536,0.07621210285790003,0.048974860855702296,0.08691041831705143,220,16,13,3,24,3,0,0,177,10,16,16,22,,0.45454545454545453,0.045454545454545456,0.7692307692307693,NOT_ESTIMABLE,,,PROVISIONAL_SMALL_REQUEST_N,0.36363636363636365,0.5454545454545454,PROVISIONAL_SMALL_REQUEST_N,0.6666666666666666,0.8571428571428571,NOT_PRIMARY; use physical units and frozen spans
19,f19-e02801471b97,FORMAL_10K,HELDOUT_TRIPLE_AUDIT,STRICT_LUMPED,f12d43eace12231077007dc497fee8dad00fbe58cb2f1fe2c6159c47636b97a0,all_candidates,all_finite_diagnostic,emx_minus_frozen_proxy,Lp_nH,nH,16,0.01270430231833223,0.01669481822174105,0.004828485445026502,0.009034922695250303,0.02928452660769265,0.035118412110146935,PROVISIONAL_SMALL_REQUEST_N,2,0.0075243211016469014,0.019364278168356223,0.009610127674374911,0.022766768708710867,0.0038793146972738563,0.005566729359945227,0.006116033118396702,0.01384401674719471,0.015414378042506002,0.036473766915057375,0.02187893334400115,0.03737733678499766,220,16,13,3,24,3,0,0,177,10,16,16,22,,0.45454545454545453,0.045454545454545456,0.7692307692307693,NOT_ESTIMABLE,,,PROVISIONAL_SMALL_REQUEST_N,0.36363636363636365,0.5454545454545454,PROVISIONAL_SMALL_REQUEST_N,0.6666666666666666,0.8571428571428571,NOT_PRIMARY; use physical units and frozen spans
19,f19-e02801471b97,FORMAL_10K,HELDOUT_TRIPLE_AUDIT,STRICT_LUMPED,f12d43eace12231077007dc497fee8dad00fbe58cb2f1fe2c6159c47636b97a0,all_candidates,all_finite_diagnostic,emx_minus_frozen_proxy,Ls_nH,nH,16,0.008317622278351082,0.011491663021423815,0.0028730016045494314,0.005571463329917814,0.01808070061569883,0.02151287072534086,PROVISIONAL_SMALL_REQUEST_N,2,0.006531250238860079,0.009707022753510751,0.008122381915198205,0.013544664747637231,-0.004118889238671842,0.008311138927054866,0.0051716945297695105,0.006082287180934953,0.014680857561865211,0.022059915475579048,0.017383754257247697,0.02971854197891355,220,16,13,3,24,3,0,0,177,10,16,16,22,,0.45454545454545453,0.045454545454545456,0.7692307692307693,NOT_ESTIMABLE,,,PROVISIONAL_SMALL_REQUEST_N,0.36363636363636365,0.5454545454545454,PROVISIONAL_SMALL_REQUEST_N,0.6666666666666666,0.8571428571428571,NOT_PRIMARY; use physical units and frozen spans
19,f19-e02801471b97,FORMAL_10K,HELDOUT_TRIPLE_AUDIT,STRICT_LUMPED,f12d43eace12231077007dc497fee8dad00fbe58cb2f1fe2c6159c47636b97a0,all_candidates,all_finite_diagnostic,emx_minus_frozen_proxy,Qmin,dimensionless,16,0.376933798176983,0.5585986966501924,-0.16728377234616942,0.24279059807341774,0.8752144619441102,1.2768172849979629,PROVISIONAL_SMALL_REQUEST_N,2,0.21219483244404028,0.5050641048581608,0.23626945791850176,0.7150568947971887,-0.3982374410492342,0.12965665884348532,0.21600675509096945,0.28231999171676136,0.33343373692513567,1.2977343275127007,0.3441110621792358,1.5905729227190246,220,16,13,3,24,3,0,0,177,10,16,16,22,,0.45454545454545453,0.045454545454545456,0.7692307692307693,NOT_ESTIMABLE,,,PROVISIONAL_SMALL_REQUEST_N,0.36363636363636365,0.5454545454545454,PROVISIONAL_SMALL_REQUEST_N,0.6666666666666666,0.8571428571428571,NOT_PRIMARY; use physical units and frozen spans
19,f19-e02801471b97,FORMAL_10K,HELDOUT_TRIPLE_AUDIT,STRICT_LUMPED,f12d43eace12231077007dc497fee8dad00fbe58cb2f1fe2c6159c47636b97a0,all_candidates,all_finite_diagnostic,emx_minus_frozen_proxy,K_abs,dimensionless,16,0.016294646799880054,0.02530119593629606,0.009078139015475996,0.009696026816773035,0.0394728648842016,0.0552898095142651,PROVISIONAL_SMALL_REQUEST_N,2,0.006851524253912119,0.023639297668966223,0.007600593873714433,0.033062272998216714,-0.0009348599690173764,0.016866027114526397,0.008043864113020632,0.014497075623028044,0.00987655751479259,0.056672030873860864,0.01014735356182192,0.07602312990820131,220,16,13,3,24,3,0,0,177,10,16,16,22,,0.45454545454545453,0.045454545454545456,0.7692307692307693,NOT_ESTIMABLE,,,PROVISIONAL_SMALL_REQUEST_N,0.36363636363636365,0.5454545454545454,PROVISIONAL_SMALL_REQUEST_N,0.6666666666666666,0.8571428571428571,NOT_PRIMARY; use physical units and frozen spans
19,f19-e02801471b97,FORMAL_10K,HELDOUT_TRIPLE_AUDIT,STRICT_LUMPED,f12d43eace12231077007dc497fee8dad00fbe58cb2f1fe2c6159c47636b97a0,selected_q_proxy,strict_valid,emx_minus_target,Lp_nH,nH,2,0.011830681228847506,0.013472713153676886,0.011830681228847506,0.011830681228847506,0.016987361176730463,0.017631946170215834,PROVISIONAL_SMALL_REQUEST_N,2,0.005384831293993808,0.018276531163701204,0.005384831293993808,0.018276531163701204,0.005384831293993808,0.018276531163701204,0.005384831293993808,0.018276531163701204,0.005384831293993808,0.018276531163701204,0.005384831293993808,0.018276531163701204,20,2,2,0,0,0,0,0,18,2,2,2,2,,1.0,0.1,1.0,NOT_ESTIMABLE,,,PROVISIONAL_SMALL_REQUEST_N,1.0,1.0,PROVISIONAL_SMALL_REQUEST_N,1.0,1.0,NOT_PRIMARY; use physical units and frozen spans
19,f19-e02801471b97,FORMAL_10K,HELDOUT_TRIPLE_AUDIT,STRICT_LUMPED,f12d43eace12231077007dc497fee8dad00fbe58cb2f1fe2c6159c47636b97a0,selected_q_proxy,strict_valid,emx_minus_target,Ls_nH,nH,2,0.005388903414828006,0.006036710472213118,0.0027205869423678752,0.005388903414828006,0.007565372968722306,0.007837431662959093,PROVISIONAL_SMALL_REQUEST_N,2,0.0026683164724601305,0.008109490357195881,0.0026683164724601305,0.008109490357195881,-0.0026683164724601305,0.008109490357195881,0.0026683164724601305,0.008109490357195881,0.0026683164724601305,0.008109490357195881,0.0026683164724601305,0.008109490357195881,20,2,2,0,0,0,0,0,18,2,2,2,2,,1.0,0.1,1.0,NOT_ESTIMABLE,,,PROVISIONAL_SMALL_REQUEST_N,1.0,1.0,PROVISIONAL_SMALL_REQUEST_N,1.0,1.0,NOT_PRIMARY; use physical units and frozen spans
19,f19-e02801471b97,FORMAL_10K,HELDOUT_TRIPLE_AUDIT,STRICT_LUMPED,f12d43eace12231077007dc497fee8dad00fbe58cb2f1fe2c6159c47636b97a0,selected_q_proxy,strict_valid,emx_minus_target,Qmin,dimensionless,2,0.3312687193152657,0.35678927540571875,-0.13251272636151423,0.3312687193152657,0.4372789004044771,0.4505301730406285,PROVISIONAL_SMALL_REQUEST_N,2,0.19875599295375146,0.4637814456767799,0.19875599295375146,0.4637814456767799,-0.4637814456767799,0.19875599295375146,0.19875599295375146,0.4637814456767799,0.19875599295375146,0.4637814456767799,0.19875599295375146,0.4637814456767799,20,2,2,0,0,0,0,0,18,2,2,2,2,,1.0,0.1,1.0,NOT_ESTIMABLE,,,PROVISIONAL_SMALL_REQUEST_N,1.0,1.0,PROVISIONAL_SMALL_REQUEST_N,1.0,1.0,NOT_PRIMARY; use physical units and frozen spans
19,f19-e02801471b97,FORMAL_10K,HELDOUT_TRIPLE_AUDIT,STRICT_LUMPED,f12d43eace12231077007dc497fee8dad00fbe58cb2f1fe2c6159c47636b97a0,selected_q_proxy,strict_valid,emx_minus_target,K_abs,dimensionless,2,0.010479419203283047,0.010821119532029187,0.0026978511983291598,0.010479419203283047,0.012637700161946375,0.01290748528177929,PROVISIONAL_SMALL_REQUEST_N,2,0.007781568004953887,0.013177270401612207,0.007781568004953887,0.013177270401612207,-0.007781568004953887,0.013177270401612207,0.007781568004953887,0.013177270401612207,0.007781568004953887,0.013177270401612207,0.007781568004953887,0.013177270401612207,20,2,2,0,0,0,0,0,18,2,2,2,2,,1.0,0.1,1.0,NOT_ESTIMABLE,,,PROVISIONAL_SMALL_REQUEST_N,1.0,1.0,PROVISIONAL_SMALL_REQUEST_N,1.0,1.0,NOT_PRIMARY; use physical units and frozen spans
19,f19-e02801471b97,FORMAL_10K,HELDOUT_TRIPLE_AUDIT,STRICT_LUMPED,f12d43eace12231077007dc497fee8dad00fbe58cb2f1fe2c6159c47636b97a0,selected_q_proxy,strict_valid,emx_minus_frozen_proxy,Lp_nH,nH,2,0.009492034426622054,0.010074527402777637,0.0033760013082253515,0.009492034426622054,0.012192835473202334,0.01253043560402487,PROVISIONAL_SMALL_REQUEST_N,2,0.006116033118396702,0.012868035734847405,0.006116033118396702,0.012868035734847405,-0.006116033118396702,0.012868035734847405,0.006116033118396702,0.012868035734847405,0.006116033118396702,0.012868035734847405,0.006116033118396702,0.012868035734847405,20,2,2,0,0,0,0,0,18,2,2,2,2,,1.0,0.1,1.0,NOT_ESTIMABLE,,,PROVISIONAL_SMALL_REQUEST_N,1.0,1.0,PROVISIONAL_SMALL_REQUEST_N,1.0,1.0,NOT_PRIMARY; use physical units and frozen spans
19,f19-e02801471b97,FORMAL_10K,HELDOUT_TRIPLE_AUDIT,STRICT_LUMPED,f12d43eace12231077007dc497fee8dad00fbe58cb2f1fe2c6159c47636b97a0,selected_q_proxy,strict_valid,emx_minus_frozen_proxy,Ls_nH,nH,2,0.0029888702308158988,0.004053859121198821,0.0027386910227094607,0.0029888702308158988,0.0051798230489834675,0.005453692151254413,PROVISIONAL_SMALL_REQUEST_N,2,0.000250179208106438,0.0057275612535253595,0.000250179208106438,0.0057275612535253595,-0.000250179208106438,0.0057275612535253595,0.000250179208106438,0.0057275612535253595,0.000250179208106438,0.0057275612535253595,0.000250179208106438,0.0057275612535253595,20,2,2,0,0,0,0,0,18,2,2,2,2,,1.0,0.1,1.0,NOT_ESTIMABLE,,,PROVISIONAL_SMALL_REQUEST_N,1.0,1.0,PROVISIONAL_SMALL_REQUEST_N,1.0,1.0,NOT_PRIMARY; use physical units and frozen spans
19,f19-e02801471b97,FORMAL_10K,HELDOUT_TRIPLE_AUDIT,STRICT_LUMPED,f12d43eace12231077007dc497fee8dad00fbe58cb2f1fe2c6159c47636b97a0,selected_q_proxy,strict_valid,emx_minus_frozen_proxy,Qmin,dimensionless,2,0.33913367140266804,0.3639408344545053,-0.1320654531071197,0.33913367140266804,0.4447860338883638,0.45799257919907577,PROVISIONAL_SMALL_REQUEST_N,2,0.20706821829554833,0.47119912450978774,0.20706821829554833,0.47119912450978774,-0.47119912450978774,0.20706821829554833,0.20706821829554833,0.47119912450978774,0.20706821829554833,0.47119912450978774,0.20706821829554833,0.47119912450978774,20,2,2,0,0,0,0,0,18,2,2,2,2,,1.0,0.1,1.0,NOT_ESTIMABLE,,,PROVISIONAL_SMALL_REQUEST_N,1.0,1.0,PROVISIONAL_SMALL_REQUEST_N,1.0,1.0,NOT_PRIMARY; use physical units and frozen spans
19,f19-e02801471b97,FORMAL_10K,HELDOUT_TRIPLE_AUDIT,STRICT_LUMPED,f12d43eace12231077007dc497fee8dad00fbe58cb2f1fe2c6159c47636b97a0,selected_q_proxy,strict_valid,emx_minus_frozen_proxy,K_abs,dimensionless,2,0.010425945169552434,0.010694608119907965,0.0023820810565318012,0.010425945169552434,0.012331610014777875,0.012569818120431054,PROVISIONAL_SMALL_REQUEST_N,2,0.008043864113020632,0.012808026226084235,0.008043864113020632,0.012808026226084235,-0.008043864113020632,0.012808026226084235,0.008043864113020632,0.012808026226084235,0.008043864113020632,0.012808026226084235,0.008043864113020632,0.012808026226084235,20,2,2,0,0,0,0,0,18,2,2,2,2,,1.0,0.1,1.0,NOT_ESTIMABLE,,,PROVISIONAL_SMALL_REQUEST_N,1.0,1.0,PROVISIONAL_SMALL_REQUEST_N,1.0,1.0,NOT_PRIMARY; use physical units and frozen spans
19,f19-e02801471b97,FORMAL_10K,HELDOUT_TRIPLE_AUDIT,STRICT_LUMPED,f12d43eace12231077007dc497fee8dad00fbe58cb2f1fe2c6159c47636b97a0,selected_q_proxy,all_finite_diagnostic,emx_minus_target,Lp_nH,nH,2,0.011830681228847506,0.013472713153676886,0.011830681228847506,0.011830681228847506,0.016987361176730463,0.017631946170215834,PROVISIONAL_SMALL_REQUEST_N,2,0.005384831293993808,0.018276531163701204,0.005384831293993808,0.018276531163701204,0.005384831293993808,0.018276531163701204,0.005384831293993808,0.018276531163701204,0.005384831293993808,0.018276531163701204,0.005384831293993808,0.018276531163701204,20,2,2,0,0,0,0,0,18,2,2,2,2,,1.0,0.1,1.0,NOT_ESTIMABLE,,,PROVISIONAL_SMALL_REQUEST_N,1.0,1.0,PROVISIONAL_SMALL_REQUEST_N,1.0,1.0,NOT_PRIMARY; use physical units and frozen spans
19,f19-e02801471b97,FORMAL_10K,HELDOUT_TRIPLE_AUDIT,STRICT_LUMPED,f12d43eace12231077007dc497fee8dad00fbe58cb2f1fe2c6159c47636b97a0,selected_q_proxy,all_finite_diagnostic,emx_minus_target,Ls_nH,nH,2,0.005388903414828006,0.006036710472213118,0.0027205869423678752,0.005388903414828006,0.007565372968722306,0.007837431662959093,PROVISIONAL_SMALL_REQUEST_N,2,0.0026683164724601305,0.008109490357195881,0.0026683164724601305,0.008109490357195881,-0.0026683164724601305,0.008109490357195881,0.0026683164724601305,0.008109490357195881,0.0026683164724601305,0.008109490357195881,0.0026683164724601305,0.008109490357195881,20,2,2,0,0,0,0,0,18,2,2,2,2,,1.0,0.1,1.0,NOT_ESTIMABLE,,,PROVISIONAL_SMALL_REQUEST_N,1.0,1.0,PROVISIONAL_SMALL_REQUEST_N,1.0,1.0,NOT_PRIMARY; use physical units and frozen spans
19,f19-e02801471b97,FORMAL_10K,HELDOUT_TRIPLE_AUDIT,STRICT_LUMPED,f12d43eace12231077007dc497fee8dad00fbe58cb2f1fe2c6159c47636b97a0,selected_q_proxy,all_finite_diagnostic,emx_minus_target,Qmin,dimensionless,2,0.3312687193152657,0.35678927540571875,-0.13251272636151423,0.3312687193152657,0.4372789004044771,0.4505301730406285,PROVISIONAL_SMALL_REQUEST_N,2,0.19875599295375146,0.4637814456767799,0.19875599295375146,0.4637814456767799,-0.4637814456767799,0.19875599295375146,0.19875599295375146,0.4637814456767799,0.19875599295375146,0.4637814456767799,0.19875599295375146,0.4637814456767799,20,2,2,0,0,0,0,0,18,2,2,2,2,,1.0,0.1,1.0,NOT_ESTIMABLE,,,PROVISIONAL_SMALL_REQUEST_N,1.0,1.0,PROVISIONAL_SMALL_REQUEST_N,1.0,1.0,NOT_PRIMARY; use physical units and frozen spans
19,f19-e02801471b97,FORMAL_10K,HELDOUT_TRIPLE_AUDIT,STRICT_LUMPED,f12d43eace12231077007dc497fee8dad00fbe58cb2f1fe2c6159c47636b97a0,selected_q_proxy,all_finite_diagnostic,emx_minus_target,K_abs,dimensionless,2,0.010479419203283047,0.010821119532029187,0.0026978511983291598,0.010479419203283047,0.012637700161946375,0.01290748528177929,PROVISIONAL_SMALL_REQUEST_N,2,0.007781568004953887,0.013177270401612207,0.007781568004953887,0.013177270401612207,-0.007781568004953887,0.013177270401612207,0.007781568004953887,0.013177270401612207,0.007781568004953887,0.013177270401612207,0.007781568004953887,0.013177270401612207,20,2,2,0,0,0,0,0,18,2,2,2,2,,1.0,0.1,1.0,NOT_ESTIMABLE,,,PROVISIONAL_SMALL_REQUEST_N,1.0,1.0,PROVISIONAL_SMALL_REQUEST_N,1.0,1.0,NOT_PRIMARY; use physical units and frozen spans
19,f19-e02801471b97,FORMAL_10K,HELDOUT_TRIPLE_AUDIT,STRICT_LUMPED,f12d43eace12231077007dc497fee8dad00fbe58cb2f1fe2c6159c47636b97a0,selected_q_proxy,all_finite_diagnostic,emx_minus_frozen_proxy,Lp_nH,nH,2,0.009492034426622054,0.010074527402777637,0.0033760013082253515,0.009492034426622054,0.012192835473202334,0.01253043560402487,PROVISIONAL_SMALL_REQUEST_N,2,0.006116033118396702,0.012868035734847405,0.006116033118396702,0.012868035734847405,-0.006116033118396702,0.012868035734847405,0.006116033118396702,0.012868035734847405,0.006116033118396702,0.012868035734847405,0.006116033118396702,0.012868035734847405,20,2,2,0,0,0,0,0,18,2,2,2,2,,1.0,0.1,1.0,NOT_ESTIMABLE,,,PROVISIONAL_SMALL_REQUEST_N,1.0,1.0,PROVISIONAL_SMALL_REQUEST_N,1.0,1.0,NOT_PRIMARY; use physical units and frozen spans
19,f19-e02801471b97,FORMAL_10K,HELDOUT_TRIPLE_AUDIT,STRICT_LUMPED,f12d43eace12231077007dc497fee8dad00fbe58cb2f1fe2c6159c47636b97a0,selected_q_proxy,all_finite_diagnostic,emx_minus_frozen_proxy,Ls_nH,nH,2,0.0029888702308158988,0.004053859121198821,0.0027386910227094607,0.0029888702308158988,0.0051798230489834675,0.005453692151254413,PROVISIONAL_SMALL_REQUEST_N,2,0.000250179208106438,0.0057275612535253595,0.000250179208106438,0.0057275612535253595,-0.000250179208106438,0.0057275612535253595,0.000250179208106438,0.0057275612535253595,0.000250179208106438,0.0057275612535253595,0.000250179208106438,0.0057275612535253595,20,2,2,0,0,0,0,0,18,2,2,2,2,,1.0,0.1,1.0,NOT_ESTIMABLE,,,PROVISIONAL_SMALL_REQUEST_N,1.0,1.0,PROVISIONAL_SMALL_REQUEST_N,1.0,1.0,NOT_PRIMARY; use physical units and frozen spans
19,f19-e02801471b97,FORMAL_10K,HELDOUT_TRIPLE_AUDIT,STRICT_LUMPED,f12d43eace12231077007dc497fee8dad00fbe58cb2f1fe2c6159c47636b97a0,selected_q_proxy,all_finite_diagnostic,emx_minus_frozen_proxy,Qmin,dimensionless,2,0.33913367140266804,0.3639408344545053,-0.1320654531071197,0.33913367140266804,0.4447860338883638,0.45799257919907577,PROVISIONAL_SMALL_REQUEST_N,2,0.20706821829554833,0.47119912450978774,0.20706821829554833,0.47119912450978774,-0.47119912450978774,0.20706821829554833,0.20706821829554833,0.47119912450978774,0.20706821829554833,0.47119912450978774,0.20706821829554833,0.47119912450978774,20,2,2,0,0,0,0,0,18,2,2,2,2,,1.0,0.1,1.0,NOT_ESTIMABLE,,,PROVISIONAL_SMALL_REQUEST_N,1.0,1.0,PROVISIONAL_SMALL_REQUEST_N,1.0,1.0,NOT_PRIMARY; use physical units and frozen spans
19,f19-e02801471b97,FORMAL_10K,HELDOUT_TRIPLE_AUDIT,STRICT_LUMPED,f12d43eace12231077007dc497fee8dad00fbe58cb2f1fe2c6159c47636b97a0,selected_q_proxy,all_finite_diagnostic,emx_minus_frozen_proxy,K_abs,dimensionless,2,0.010425945169552434,0.010694608119907965,0.0023820810565318012,0.010425945169552434,0.012331610014777875,0.012569818120431054,PROVISIONAL_SMALL_REQUEST_N,2,0.008043864113020632,0.012808026226084235,0.008043864113020632,0.012808026226084235,-0.008043864113020632,0.012808026226084235,0.008043864113020632,0.012808026226084235,0.008043864113020632,0.012808026226084235,0.008043864113020632,0.012808026226084235,20,2,2,0,0,0,0,0,18,2,2,2,2,,1.0,0.1,1.0,NOT_ESTIMABLE,,,PROVISIONAL_SMALL_REQUEST_N,1.0,1.0,PROVISIONAL_SMALL_REQUEST_N,1.0,1.0,NOT_PRIMARY; use physical units and frozen spans
