frequency_ghz,model_id,dataset_scope,target_source,label_mode,protocol_sha256,estimand,validity,comparison,feature,unit,n,mae,rmse,bias,abs_error_p50,abs_error_p90,abs_error_p95,ci_status,n_request_groups,mae_ci_low,mae_ci_high,rmse_ci_low,rmse_ci_high,bias_ci_low,bias_ci_high,abs_error_p50_ci_low,abs_error_p50_ci_high,abs_error_p90_ci_low,abs_error_p90_ci_high,abs_error_p95_ci_low,abs_error_p95_ci_high,N_original,N_solved,N_strict_valid,N_invalid,N_analytic_fail,N_gds_fail,N_drc_fail,N_emx_not_solved,N_pending,N_joint_hit,N_independent_solves,N_unique_s4p_sha,N_accounted_candidates,joint_hit_fraction_original,joint_hit_fraction_accounted_original,confirmed_joint_hit_coverage_original,joint_hit_fraction_strict,joint_hit_original_ci_status,joint_hit_original_ci_low,joint_hit_original_ci_high,joint_hit_accounted_original_ci_status,joint_hit_accounted_original_ci_low,joint_hit_accounted_original_ci_high,joint_hit_strict_ci_status,joint_hit_strict_ci_low,joint_hit_strict_ci_high,percentage_metric
15,f15-5a9547401a37,DEVELOPMENT_5K_NOT_FORMAL_10K,HELDOUT_TRIPLE_AUDIT,STRICT_LUMPED,f12d43eace12231077007dc497fee8dad00fbe58cb2f1fe2c6159c47636b97a0,all_candidates,strict_valid,emx_minus_target,Lp_nH,nH,32,0.048181504187762396,0.0953440845423901,0.02183725008624466,0.011079873220052217,0.19169937730179776,0.24392233231106095,PROVISIONAL_SMALL_REQUEST_N,4,0.009430512344123673,0.09209929494388629,0.012249381265137192,0.13864703815271545,-0.04149057849205165,0.07775189836871556,0.007479180019442477,0.04313083558979258,0.017030360146835122,0.26880556453472093,0.023472761499765356,0.3130000404054224,220,36,32,4,13,0,0,0,171,19,36,36,44,,0.4318181818181818,0.08636363636363636,0.59375,NOT_ESTIMABLE,,,PROVISIONAL_SMALL_REQUEST_N,0.3181818181818182,0.5227272727272727,PROVISIONAL_SMALL_REQUEST_N,0.5675675675675675,0.6176470588235294,NOT_PRIMARY; use physical units and frozen spans
15,f15-5a9547401a37,DEVELOPMENT_5K_NOT_FORMAL_10K,HELDOUT_TRIPLE_AUDIT,STRICT_LUMPED,f12d43eace12231077007dc497fee8dad00fbe58cb2f1fe2c6159c47636b97a0,all_candidates,strict_valid,emx_minus_target,Ls_nH,nH,32,0.06385563993940971,0.09797387126268475,0.01629021252476077,0.029958773045594467,0.19852222554834476,0.21136004372456674,PROVISIONAL_SMALL_REQUEST_N,4,0.04586212081775701,0.0798083416174197,0.06867935942867556,0.1189246719692784,-0.05129883461535547,0.06935406619365556,0.021078237435568914,0.034979154529583334,0.11074777317132956,0.217315533360654,0.12833270372579014,0.2508010134872938,220,36,32,4,13,0,0,0,171,19,36,36,44,,0.4318181818181818,0.08636363636363636,0.59375,NOT_ESTIMABLE,,,PROVISIONAL_SMALL_REQUEST_N,0.3181818181818182,0.5227272727272727,PROVISIONAL_SMALL_REQUEST_N,0.5675675675675675,0.6176470588235294,NOT_PRIMARY; use physical units and frozen spans
15,f15-5a9547401a37,DEVELOPMENT_5K_NOT_FORMAL_10K,HELDOUT_TRIPLE_AUDIT,STRICT_LUMPED,f12d43eace12231077007dc497fee8dad00fbe58cb2f1fe2c6159c47636b97a0,all_candidates,strict_valid,emx_minus_target,Qmin,dimensionless,32,0.7821860842852411,1.150136882712077,-0.45804554697203453,0.43291721045750453,1.8715642615929569,2.4834413043618775,PROVISIONAL_SMALL_REQUEST_N,4,0.729535128470726,0.8385354495566105,1.004435467059176,1.3686028082737565,-0.7047701933909724,-0.2105173347453233,0.16789830562996588,0.6671432253744403,1.7222873330816129,3.1455720702924768,1.8964437496781805,3.3817196223518113,220,36,32,4,13,0,0,0,171,19,36,36,44,,0.4318181818181818,0.08636363636363636,0.59375,NOT_ESTIMABLE,,,PROVISIONAL_SMALL_REQUEST_N,0.3181818181818182,0.5227272727272727,PROVISIONAL_SMALL_REQUEST_N,0.5675675675675675,0.6176470588235294,NOT_PRIMARY; use physical units and frozen spans
15,f15-5a9547401a37,DEVELOPMENT_5K_NOT_FORMAL_10K,HELDOUT_TRIPLE_AUDIT,STRICT_LUMPED,f12d43eace12231077007dc497fee8dad00fbe58cb2f1fe2c6159c47636b97a0,all_candidates,strict_valid,emx_minus_target,K_abs,dimensionless,32,0.010171309202426015,0.014757219328066425,0.0019111532011818599,0.008077515208180563,0.023108424120587934,0.0271171273072481,PROVISIONAL_SMALL_REQUEST_N,4,0.008691879641090609,0.012073432924142966,0.010515635003320313,0.019933673663753922,-0.003906128158463524,0.009390514949297353,0.003491155545512964,0.008388995451459852,0.015436779350727403,0.04474519265873775,0.01581817107434776,0.05210044947960199,220,36,32,4,13,0,0,0,171,19,36,36,44,,0.4318181818181818,0.08636363636363636,0.59375,NOT_ESTIMABLE,,,PROVISIONAL_SMALL_REQUEST_N,0.3181818181818182,0.5227272727272727,PROVISIONAL_SMALL_REQUEST_N,0.5675675675675675,0.6176470588235294,NOT_PRIMARY; use physical units and frozen spans
15,f15-5a9547401a37,DEVELOPMENT_5K_NOT_FORMAL_10K,HELDOUT_TRIPLE_AUDIT,STRICT_LUMPED,f12d43eace12231077007dc497fee8dad00fbe58cb2f1fe2c6159c47636b97a0,all_candidates,strict_valid,emx_minus_frozen_proxy,Lp_nH,nH,32,0.009881946474803185,0.012517436380638219,-0.006056041998430857,0.008476280211521359,0.015916594371343785,0.02417005689133543,PROVISIONAL_SMALL_REQUEST_N,4,0.007678467964461115,0.013102415066841596,0.008948124312670286,0.01639101345672586,-0.008756637559303676,-0.004459474691148265,0.007009401456467668,0.010605754501543219,0.013221381809055965,0.0338757430641512,0.013716845060200036,0.034552517122567794,220,36,32,4,13,0,0,0,171,19,36,36,44,,0.4318181818181818,0.08636363636363636,0.59375,NOT_ESTIMABLE,,,PROVISIONAL_SMALL_REQUEST_N,0.3181818181818182,0.5227272727272727,PROVISIONAL_SMALL_REQUEST_N,0.5675675675675675,0.6176470588235294,NOT_PRIMARY; use physical units and frozen spans
15,f15-5a9547401a37,DEVELOPMENT_5K_NOT_FORMAL_10K,HELDOUT_TRIPLE_AUDIT,STRICT_LUMPED,f12d43eace12231077007dc497fee8dad00fbe58cb2f1fe2c6159c47636b97a0,all_candidates,strict_valid,emx_minus_frozen_proxy,Ls_nH,nH,32,0.005751468983609488,0.006910205350597929,0.00018464819205996769,0.004839347621620804,0.011261010162414375,0.012251182138329651,PROVISIONAL_SMALL_REQUEST_N,4,0.0040727446143304655,0.007845061018482577,0.0047285793181347955,0.008889558468664193,-0.0011589099094324025,0.002030471143899608,0.0037186276651725025,0.008058230398000576,0.00696852191623365,0.013193440803342282,0.007898589948515507,0.015667809549434697,220,36,32,4,13,0,0,0,171,19,36,36,44,,0.4318181818181818,0.08636363636363636,0.59375,NOT_ESTIMABLE,,,PROVISIONAL_SMALL_REQUEST_N,0.3181818181818182,0.5227272727272727,PROVISIONAL_SMALL_REQUEST_N,0.5675675675675675,0.6176470588235294,NOT_PRIMARY; use physical units and frozen spans
15,f15-5a9547401a37,DEVELOPMENT_5K_NOT_FORMAL_10K,HELDOUT_TRIPLE_AUDIT,STRICT_LUMPED,f12d43eace12231077007dc497fee8dad00fbe58cb2f1fe2c6159c47636b97a0,all_candidates,strict_valid,emx_minus_frozen_proxy,Qmin,dimensionless,32,0.2654767089492251,0.38011296288676794,-0.028905277215717395,0.15321788162761507,0.7656877587479484,0.8959017032568343,PROVISIONAL_SMALL_REQUEST_N,4,0.1845393253860003,0.3423442767987836,0.26163892845027986,0.45649683141547825,-0.15277484181861006,0.05584758277573548,0.08093107580780057,0.24212347713147153,0.3616854810557708,0.9298502192925677,0.4690197534904578,0.9505825373908738,220,36,32,4,13,0,0,0,171,19,36,36,44,,0.4318181818181818,0.08636363636363636,0.59375,NOT_ESTIMABLE,,,PROVISIONAL_SMALL_REQUEST_N,0.3181818181818182,0.5227272727272727,PROVISIONAL_SMALL_REQUEST_N,0.5675675675675675,0.6176470588235294,NOT_PRIMARY; use physical units and frozen spans
15,f15-5a9547401a37,DEVELOPMENT_5K_NOT_FORMAL_10K,HELDOUT_TRIPLE_AUDIT,STRICT_LUMPED,f12d43eace12231077007dc497fee8dad00fbe58cb2f1fe2c6159c47636b97a0,all_candidates,strict_valid,emx_minus_frozen_proxy,K_abs,dimensionless,32,0.009013729181981456,0.011899461868585783,-0.002989033627059978,0.007530428245557552,0.015466175321956922,0.026167052776848033,PROVISIONAL_SMALL_REQUEST_N,4,0.006394083836151437,0.011325180957713824,0.007795916902487116,0.014779938982029877,-0.005481209449392057,-9.125217247382689e-05,0.003969759072926515,0.010288009861447706,0.012656620371608931,0.026335478395538903,0.012928869263091634,0.032959960951727485,220,36,32,4,13,0,0,0,171,19,36,36,44,,0.4318181818181818,0.08636363636363636,0.59375,NOT_ESTIMABLE,,,PROVISIONAL_SMALL_REQUEST_N,0.3181818181818182,0.5227272727272727,PROVISIONAL_SMALL_REQUEST_N,0.5675675675675675,0.6176470588235294,NOT_PRIMARY; use physical units and frozen spans
15,f15-5a9547401a37,DEVELOPMENT_5K_NOT_FORMAL_10K,HELDOUT_TRIPLE_AUDIT,STRICT_LUMPED,f12d43eace12231077007dc497fee8dad00fbe58cb2f1fe2c6159c47636b97a0,all_candidates,all_finite_diagnostic,emx_minus_target,Lp_nH,nH,36,0.057652493049954026,0.10141385361026863,0.009390786420135232,0.014020901073971137,0.19352244256892104,0.23487388422973007,PROVISIONAL_SMALL_REQUEST_N,4,0.009430512344123673,0.10079847578674961,0.012249381265137192,0.13911390723614378,-0.07174660207670473,0.07790663960768984,0.008099182760385792,0.0742262644255327,0.018669685295278748,0.26880556453472093,0.023472761499765356,0.3130000404054224,220,36,32,4,13,0,0,0,171,19,36,36,44,,0.4318181818181818,0.08636363636363636,0.59375,NOT_ESTIMABLE,,,PROVISIONAL_SMALL_REQUEST_N,0.3181818181818182,0.5227272727272727,PROVISIONAL_SMALL_REQUEST_N,0.5675675675675675,0.6176470588235294,NOT_PRIMARY; use physical units and frozen spans
15,f15-5a9547401a37,DEVELOPMENT_5K_NOT_FORMAL_10K,HELDOUT_TRIPLE_AUDIT,STRICT_LUMPED,f12d43eace12231077007dc497fee8dad00fbe58cb2f1fe2c6159c47636b97a0,all_candidates,all_finite_diagnostic,emx_minus_target,Ls_nH,nH,36,0.07477639307628926,0.1105654939116795,0.03148197093904561,0.033474322392354816,0.21017981456528395,0.21673687941218445,PROVISIONAL_SMALL_REQUEST_N,4,0.0481832112360963,0.11289345198053127,0.07476157331666054,0.14322206109570823,-0.041971743673054354,0.10873668434952267,0.01825275983600272,0.13057256670553252,0.11074777317132956,0.21677545634208242,0.15714274799367844,0.2508010134872938,220,36,32,4,13,0,0,0,171,19,36,36,44,,0.4318181818181818,0.08636363636363636,0.59375,NOT_ESTIMABLE,,,PROVISIONAL_SMALL_REQUEST_N,0.3181818181818182,0.5227272727272727,PROVISIONAL_SMALL_REQUEST_N,0.5675675675675675,0.6176470588235294,NOT_PRIMARY; use physical units and frozen spans
15,f15-5a9547401a37,DEVELOPMENT_5K_NOT_FORMAL_10K,HELDOUT_TRIPLE_AUDIT,STRICT_LUMPED,f12d43eace12231077007dc497fee8dad00fbe58cb2f1fe2c6159c47636b97a0,all_candidates,all_finite_diagnostic,emx_minus_target,Qmin,dimensionless,36,0.8660966130203787,1.2105339791203584,-0.5043823477360242,0.5478664925048697,2.048712805866657,2.4680030627280694,PROVISIONAL_SMALL_REQUEST_N,4,0.732466056104621,1.0282221943477925,1.004435467059176,1.4693652910779418,-0.891685902904006,-0.22358376674267583,0.4761307504805643,0.6671432253744403,1.6476488688259394,2.4920474926545784,1.8964437496781805,3.3817196223518113,220,36,32,4,13,0,0,0,171,19,36,36,44,,0.4318181818181818,0.08636363636363636,0.59375,NOT_ESTIMABLE,,,PROVISIONAL_SMALL_REQUEST_N,0.3181818181818182,0.5227272727272727,PROVISIONAL_SMALL_REQUEST_N,0.5675675675675675,0.6176470588235294,NOT_PRIMARY; use physical units and frozen spans
15,f15-5a9547401a37,DEVELOPMENT_5K_NOT_FORMAL_10K,HELDOUT_TRIPLE_AUDIT,STRICT_LUMPED,f12d43eace12231077007dc497fee8dad00fbe58cb2f1fe2c6159c47636b97a0,all_candidates,all_finite_diagnostic,emx_minus_target,K_abs,dimensionless,36,0.013527189021877578,0.019664536698919648,0.0061848281318827745,0.009036155614660313,0.0363992119958762,0.046191038120396835,PROVISIONAL_SMALL_REQUEST_N,4,0.008955501078345793,0.021354767742314425,0.011338228469163422,0.0298313173158805,-0.0025164124769408466,0.017571464737701024,0.008348787658427448,0.009470852403711566,0.015436779350727403,0.048292338665899104,0.022599945587498692,0.05210044947960199,220,36,32,4,13,0,0,0,171,19,36,36,44,,0.4318181818181818,0.08636363636363636,0.59375,NOT_ESTIMABLE,,,PROVISIONAL_SMALL_REQUEST_N,0.3181818181818182,0.5227272727272727,PROVISIONAL_SMALL_REQUEST_N,0.5675675675675675,0.6176470588235294,NOT_PRIMARY; use physical units and frozen spans
15,f15-5a9547401a37,DEVELOPMENT_5K_NOT_FORMAL_10K,HELDOUT_TRIPLE_AUDIT,STRICT_LUMPED,f12d43eace12231077007dc497fee8dad00fbe58cb2f1fe2c6159c47636b97a0,all_candidates,all_finite_diagnostic,emx_minus_frozen_proxy,Lp_nH,nH,36,0.010885469152315372,0.013879855024989608,-0.003281631712781554,0.008831100259845792,0.016111321941476575,0.03404493657875535,PROVISIONAL_SMALL_REQUEST_N,4,0.00796613458328967,0.014800425106120646,0.009224215158988794,0.01851062305188129,-0.005454047468303456,-0.0005375923655914803,0.007339554775037005,0.013222432464256473,0.013467091353699556,0.034552517122567794,0.013549437049923396,0.037991240223846034,220,36,32,4,13,0,0,0,171,19,36,36,44,,0.4318181818181818,0.08636363636363636,0.59375,NOT_ESTIMABLE,,,PROVISIONAL_SMALL_REQUEST_N,0.3181818181818182,0.5227272727272727,PROVISIONAL_SMALL_REQUEST_N,0.5675675675675675,0.6176470588235294,NOT_PRIMARY; use physical units and frozen spans
15,f15-5a9547401a37,DEVELOPMENT_5K_NOT_FORMAL_10K,HELDOUT_TRIPLE_AUDIT,STRICT_LUMPED,f12d43eace12231077007dc497fee8dad00fbe58cb2f1fe2c6159c47636b97a0,all_candidates,all_finite_diagnostic,emx_minus_frozen_proxy,Ls_nH,nH,36,0.006008809871207844,0.007196166931881906,0.00012516829803138618,0.0050743107921148445,0.01138888987301745,0.013753513661405425,PROVISIONAL_SMALL_REQUEST_N,4,0.00420834432391484,0.008387108962562026,0.004829750798324715,0.009507573438736054,-0.0012745513635853728,0.00137578973331836,0.0037186276651725025,0.008058230398000576,0.00696852191623365,0.015433732235594855,0.007898589948515507,0.015667809549434697,220,36,32,4,13,0,0,0,171,19,36,36,44,,0.4318181818181818,0.08636363636363636,0.59375,NOT_ESTIMABLE,,,PROVISIONAL_SMALL_REQUEST_N,0.3181818181818182,0.5227272727272727,PROVISIONAL_SMALL_REQUEST_N,0.5675675675675675,0.6176470588235294,NOT_PRIMARY; use physical units and frozen spans
15,f15-5a9547401a37,DEVELOPMENT_5K_NOT_FORMAL_10K,HELDOUT_TRIPLE_AUDIT,STRICT_LUMPED,f12d43eace12231077007dc497fee8dad00fbe58cb2f1fe2c6159c47636b97a0,all_candidates,all_finite_diagnostic,emx_minus_frozen_proxy,Qmin,dimensionless,36,0.2939743229281108,0.40625119115846925,-0.08368860583165955,0.16666099293019077,0.7952849749166422,0.8894897508744726,PROVISIONAL_SMALL_REQUEST_N,4,0.20187990555691546,0.37465023231537287,0.26869395611760255,0.49836423697267956,-0.24472711311266818,0.044299011666447896,0.15305811010792247,0.24290354757594024,0.3616854810557708,0.9037647788968153,0.4614501637922256,0.9505825373908738,220,36,32,4,13,0,0,0,171,19,36,36,44,,0.4318181818181818,0.08636363636363636,0.59375,NOT_ESTIMABLE,,,PROVISIONAL_SMALL_REQUEST_N,0.3181818181818182,0.5227272727272727,PROVISIONAL_SMALL_REQUEST_N,0.5675675675675675,0.6176470588235294,NOT_PRIMARY; use physical units and frozen spans
15,f15-5a9547401a37,DEVELOPMENT_5K_NOT_FORMAL_10K,HELDOUT_TRIPLE_AUDIT,STRICT_LUMPED,f12d43eace12231077007dc497fee8dad00fbe58cb2f1fe2c6159c47636b97a0,all_candidates,all_finite_diagnostic,emx_minus_frozen_proxy,K_abs,dimensionless,36,0.008838125890855279,0.011618694861947325,-0.0018309966060704398,0.006885975211107301,0.015846086244758764,0.026070809566167537,PROVISIONAL_SMALL_REQUEST_N,4,0.006612866094192369,0.011325180957713824,0.008079607753301814,0.014591426497865514,-0.004782349370000321,0.0014675741300864866,0.003969759072926515,0.009820269951791735,0.012656620371608931,0.026287356790198654,0.012656620371608931,0.032959960951727485,220,36,32,4,13,0,0,0,171,19,36,36,44,,0.4318181818181818,0.08636363636363636,0.59375,NOT_ESTIMABLE,,,PROVISIONAL_SMALL_REQUEST_N,0.3181818181818182,0.5227272727272727,PROVISIONAL_SMALL_REQUEST_N,0.5675675675675675,0.6176470588235294,NOT_PRIMARY; use physical units and frozen spans
15,f15-5a9547401a37,DEVELOPMENT_5K_NOT_FORMAL_10K,HELDOUT_TRIPLE_AUDIT,STRICT_LUMPED,f12d43eace12231077007dc497fee8dad00fbe58cb2f1fe2c6159c47636b97a0,selected_q_proxy,strict_valid,emx_minus_target,Lp_nH,nH,4,0.003969815659699616,0.0049722347795446145,-0.0017898764165273362,0.002893261716555906,0.007261395111708913,0.008121324219610225,PROVISIONAL_SMALL_REQUEST_N,4,0.0016457125606736955,0.007370472701869246,0.0018880053700240107,0.007880844530939148,-0.006458068526089877,0.0021799392431722797,0.0011114858781751114,0.00898125332751154,0.002538130824942364,0.00898125332751154,0.002538130824942364,0.00898125332751154,20,4,4,0,0,0,0,0,16,4,4,4,4,,1.0,0.2,1.0,NOT_ESTIMABLE,,,PROVISIONAL_SMALL_REQUEST_N,1.0,1.0,PROVISIONAL_SMALL_REQUEST_N,1.0,1.0,NOT_PRIMARY; use physical units and frozen spans
15,f15-5a9547401a37,DEVELOPMENT_5K_NOT_FORMAL_10K,HELDOUT_TRIPLE_AUDIT,STRICT_LUMPED,f12d43eace12231077007dc497fee8dad00fbe58cb2f1fe2c6159c47636b97a0,selected_q_proxy,strict_valid,emx_minus_target,Ls_nH,nH,4,0.006620791407294324,0.007123488149387033,0.0023404692482064116,0.006911613067005051,0.009313405421271348,0.009474711371934674,PROVISIONAL_SMALL_REQUEST_N,4,0.004143251994201735,0.009098330820386913,0.004291787079650224,0.009114204874363006,-0.0051048377846732995,0.007982993535090799,0.0030239221725691934,0.009636017322598,0.005262581815834277,0.009636017322598,0.005262581815834277,0.009636017322598,20,4,4,0,0,0,0,0,16,4,4,4,4,,1.0,0.2,1.0,NOT_ESTIMABLE,,,PROVISIONAL_SMALL_REQUEST_N,1.0,1.0,PROVISIONAL_SMALL_REQUEST_N,1.0,1.0,NOT_PRIMARY; use physical units and frozen spans
15,f15-5a9547401a37,DEVELOPMENT_5K_NOT_FORMAL_10K,HELDOUT_TRIPLE_AUDIT,STRICT_LUMPED,f12d43eace12231077007dc497fee8dad00fbe58cb2f1fe2c6159c47636b97a0,selected_q_proxy,strict_valid,emx_minus_target,Qmin,dimensionless,4,0.09527340452155242,0.10276171447825425,0.05075199546299336,0.08420588769732262,0.137507855256659,0.14789322035798919,PROVISIONAL_SMALL_REQUEST_N,4,0.06306314745346331,0.13855117841387132,0.06482238550584135,0.14270228031143295,-0.046939874268456805,0.1323097534025508,0.05440325723224504,0.1582785854593194,0.0786509498516562,0.1582785854593194,0.07936895727752713,0.1582785854593194,20,4,4,0,0,0,0,0,16,4,4,4,4,,1.0,0.2,1.0,NOT_ESTIMABLE,,,PROVISIONAL_SMALL_REQUEST_N,1.0,1.0,PROVISIONAL_SMALL_REQUEST_N,1.0,1.0,NOT_PRIMARY; use physical units and frozen spans
15,f15-5a9547401a37,DEVELOPMENT_5K_NOT_FORMAL_10K,HELDOUT_TRIPLE_AUDIT,STRICT_LUMPED,f12d43eace12231077007dc497fee8dad00fbe58cb2f1fe2c6159c47636b97a0,selected_q_proxy,strict_valid,emx_minus_target,K_abs,dimensionless,4,0.0027322144098664986,0.003201258456082696,-0.0025245632861693457,0.002795355579951156,0.004492154049877181,0.0047074991410232785,PROVISIONAL_SMALL_REQUEST_N,4,0.0011832792583445773,0.0042180083913037625,0.0015161121101919754,0.004391124625516243,-0.0042180083913037625,-0.0005603258872531186,0.00041530224739430577,0.004922844232169377,0.00210350086870692,0.004922844232169377,0.00210350086870692,0.004922844232169377,20,4,4,0,0,0,0,0,16,4,4,4,4,,1.0,0.2,1.0,NOT_ESTIMABLE,,,PROVISIONAL_SMALL_REQUEST_N,1.0,1.0,PROVISIONAL_SMALL_REQUEST_N,1.0,1.0,NOT_PRIMARY; use physical units and frozen spans
15,f15-5a9547401a37,DEVELOPMENT_5K_NOT_FORMAL_10K,HELDOUT_TRIPLE_AUDIT,STRICT_LUMPED,f12d43eace12231077007dc497fee8dad00fbe58cb2f1fe2c6159c47636b97a0,selected_q_proxy,strict_valid,emx_minus_frozen_proxy,Lp_nH,nH,4,0.0063133828385427415,0.0086723692149273,-0.0018011376273367186,0.004120278502482311,0.012957051644850216,0.014593046288304564,PROVISIONAL_SMALL_REQUEST_N,4,0.0018510402235077383,0.012901317456211203,0.00213660170471331,0.014130294501356793,-0.011442243941427177,0.004187790835909283,0.0007839334174474244,0.01622904093175892,0.0029181470295680523,0.01622904093175892,0.0029181470295680523,0.01622904093175892,20,4,4,0,0,0,0,0,16,4,4,4,4,,1.0,0.2,1.0,NOT_ESTIMABLE,,,PROVISIONAL_SMALL_REQUEST_N,1.0,1.0,PROVISIONAL_SMALL_REQUEST_N,1.0,1.0,NOT_PRIMARY; use physical units and frozen spans
15,f15-5a9547401a37,DEVELOPMENT_5K_NOT_FORMAL_10K,HELDOUT_TRIPLE_AUDIT,STRICT_LUMPED,f12d43eace12231077007dc497fee8dad00fbe58cb2f1fe2c6159c47636b97a0,selected_q_proxy,strict_valid,emx_minus_frozen_proxy,Ls_nH,nH,4,0.006682747003617345,0.008493010629519107,-0.0011511577711000032,0.004089817386286609,0.012434095323176965,0.014050952436305827,PROVISIONAL_SMALL_REQUEST_N,4,0.0030872081682295494,0.012573575323075431,0.003093918792191084,0.013668125429179043,-0.010928139001076614,0.0043874575195470555,0.0028835436924614655,0.015667809549434697,0.0032908726439976332,0.015667809549434697,0.0032908726439976332,0.015667809549434697,20,4,4,0,0,0,0,0,16,4,4,4,4,,1.0,0.2,1.0,NOT_ESTIMABLE,,,PROVISIONAL_SMALL_REQUEST_N,1.0,1.0,PROVISIONAL_SMALL_REQUEST_N,1.0,1.0,NOT_PRIMARY; use physical units and frozen spans
15,f15-5a9547401a37,DEVELOPMENT_5K_NOT_FORMAL_10K,HELDOUT_TRIPLE_AUDIT,STRICT_LUMPED,f12d43eace12231077007dc497fee8dad00fbe58cb2f1fe2c6159c47636b97a0,selected_q_proxy,strict_valid,emx_minus_frozen_proxy,Qmin,dimensionless,4,0.09162130872687468,0.09913586495774744,0.05065710486851094,0.08142974176226403,0.13194287951813363,0.1426602663327206,PROVISIONAL_SMALL_REQUEST_N,4,0.05816817560592913,0.1352660088124309,0.05976386475099492,0.13885599778757796,-0.04121353683559548,0.1275952644193965,0.05024809823566301,0.15337765314730767,0.07242431487240815,0.15337765314730767,0.07717636129456781,0.15337765314730767,20,4,4,0,0,0,0,0,16,4,4,4,4,,1.0,0.2,1.0,NOT_ESTIMABLE,,,PROVISIONAL_SMALL_REQUEST_N,1.0,1.0,PROVISIONAL_SMALL_REQUEST_N,1.0,1.0,NOT_PRIMARY; use physical units and frozen spans
15,f15-5a9547401a37,DEVELOPMENT_5K_NOT_FORMAL_10K,HELDOUT_TRIPLE_AUDIT,STRICT_LUMPED,f12d43eace12231077007dc497fee8dad00fbe58cb2f1fe2c6159c47636b97a0,selected_q_proxy,strict_valid,emx_minus_frozen_proxy,K_abs,dimensionless,4,0.003333585610382696,0.0035912204497509396,-0.0025963769373332155,0.003597588518850711,0.004626695128517847,0.004645721593124123,PROVISIONAL_SMALL_REQUEST_N,4,0.002065844711722581,0.004601326509042811,0.00214883705798291,0.004601763567987607,-0.004601326509042811,-2.8663230514584803e-05,0.0014744173460989607,0.0046647480577304,0.002657272077346201,0.0046647480577304,0.002657272077346201,0.0046647480577304,20,4,4,0,0,0,0,0,16,4,4,4,4,,1.0,0.2,1.0,NOT_ESTIMABLE,,,PROVISIONAL_SMALL_REQUEST_N,1.0,1.0,PROVISIONAL_SMALL_REQUEST_N,1.0,1.0,NOT_PRIMARY; use physical units and frozen spans
15,f15-5a9547401a37,DEVELOPMENT_5K_NOT_FORMAL_10K,HELDOUT_TRIPLE_AUDIT,STRICT_LUMPED,f12d43eace12231077007dc497fee8dad00fbe58cb2f1fe2c6159c47636b97a0,selected_q_proxy,all_finite_diagnostic,emx_minus_target,Lp_nH,nH,4,0.003969815659699616,0.0049722347795446145,-0.0017898764165273362,0.002893261716555906,0.007261395111708913,0.008121324219610225,PROVISIONAL_SMALL_REQUEST_N,4,0.0016457125606736955,0.007370472701869246,0.0018880053700240107,0.007880844530939148,-0.006458068526089877,0.0021799392431722797,0.0011114858781751114,0.00898125332751154,0.002538130824942364,0.00898125332751154,0.002538130824942364,0.00898125332751154,20,4,4,0,0,0,0,0,16,4,4,4,4,,1.0,0.2,1.0,NOT_ESTIMABLE,,,PROVISIONAL_SMALL_REQUEST_N,1.0,1.0,PROVISIONAL_SMALL_REQUEST_N,1.0,1.0,NOT_PRIMARY; use physical units and frozen spans
15,f15-5a9547401a37,DEVELOPMENT_5K_NOT_FORMAL_10K,HELDOUT_TRIPLE_AUDIT,STRICT_LUMPED,f12d43eace12231077007dc497fee8dad00fbe58cb2f1fe2c6159c47636b97a0,selected_q_proxy,all_finite_diagnostic,emx_minus_target,Ls_nH,nH,4,0.006620791407294324,0.007123488149387033,0.0023404692482064116,0.006911613067005051,0.009313405421271348,0.009474711371934674,PROVISIONAL_SMALL_REQUEST_N,4,0.004143251994201735,0.009098330820386913,0.004291787079650224,0.009114204874363006,-0.0051048377846732995,0.007982993535090799,0.0030239221725691934,0.009636017322598,0.005262581815834277,0.009636017322598,0.005262581815834277,0.009636017322598,20,4,4,0,0,0,0,0,16,4,4,4,4,,1.0,0.2,1.0,NOT_ESTIMABLE,,,PROVISIONAL_SMALL_REQUEST_N,1.0,1.0,PROVISIONAL_SMALL_REQUEST_N,1.0,1.0,NOT_PRIMARY; use physical units and frozen spans
15,f15-5a9547401a37,DEVELOPMENT_5K_NOT_FORMAL_10K,HELDOUT_TRIPLE_AUDIT,STRICT_LUMPED,f12d43eace12231077007dc497fee8dad00fbe58cb2f1fe2c6159c47636b97a0,selected_q_proxy,all_finite_diagnostic,emx_minus_target,Qmin,dimensionless,4,0.09527340452155242,0.10276171447825425,0.05075199546299336,0.08420588769732262,0.137507855256659,0.14789322035798919,PROVISIONAL_SMALL_REQUEST_N,4,0.06306314745346331,0.13855117841387132,0.06482238550584135,0.14270228031143295,-0.046939874268456805,0.1323097534025508,0.05440325723224504,0.1582785854593194,0.0786509498516562,0.1582785854593194,0.07936895727752713,0.1582785854593194,20,4,4,0,0,0,0,0,16,4,4,4,4,,1.0,0.2,1.0,NOT_ESTIMABLE,,,PROVISIONAL_SMALL_REQUEST_N,1.0,1.0,PROVISIONAL_SMALL_REQUEST_N,1.0,1.0,NOT_PRIMARY; use physical units and frozen spans
15,f15-5a9547401a37,DEVELOPMENT_5K_NOT_FORMAL_10K,HELDOUT_TRIPLE_AUDIT,STRICT_LUMPED,f12d43eace12231077007dc497fee8dad00fbe58cb2f1fe2c6159c47636b97a0,selected_q_proxy,all_finite_diagnostic,emx_minus_target,K_abs,dimensionless,4,0.0027322144098664986,0.003201258456082696,-0.0025245632861693457,0.002795355579951156,0.004492154049877181,0.0047074991410232785,PROVISIONAL_SMALL_REQUEST_N,4,0.0011832792583445773,0.0042180083913037625,0.0015161121101919754,0.004391124625516243,-0.0042180083913037625,-0.0005603258872531186,0.00041530224739430577,0.004922844232169377,0.00210350086870692,0.004922844232169377,0.00210350086870692,0.004922844232169377,20,4,4,0,0,0,0,0,16,4,4,4,4,,1.0,0.2,1.0,NOT_ESTIMABLE,,,PROVISIONAL_SMALL_REQUEST_N,1.0,1.0,PROVISIONAL_SMALL_REQUEST_N,1.0,1.0,NOT_PRIMARY; use physical units and frozen spans
15,f15-5a9547401a37,DEVELOPMENT_5K_NOT_FORMAL_10K,HELDOUT_TRIPLE_AUDIT,STRICT_LUMPED,f12d43eace12231077007dc497fee8dad00fbe58cb2f1fe2c6159c47636b97a0,selected_q_proxy,all_finite_diagnostic,emx_minus_frozen_proxy,Lp_nH,nH,4,0.0063133828385427415,0.0086723692149273,-0.0018011376273367186,0.004120278502482311,0.012957051644850216,0.014593046288304564,PROVISIONAL_SMALL_REQUEST_N,4,0.0018510402235077383,0.012901317456211203,0.00213660170471331,0.014130294501356793,-0.011442243941427177,0.004187790835909283,0.0007839334174474244,0.01622904093175892,0.0029181470295680523,0.01622904093175892,0.0029181470295680523,0.01622904093175892,20,4,4,0,0,0,0,0,16,4,4,4,4,,1.0,0.2,1.0,NOT_ESTIMABLE,,,PROVISIONAL_SMALL_REQUEST_N,1.0,1.0,PROVISIONAL_SMALL_REQUEST_N,1.0,1.0,NOT_PRIMARY; use physical units and frozen spans
15,f15-5a9547401a37,DEVELOPMENT_5K_NOT_FORMAL_10K,HELDOUT_TRIPLE_AUDIT,STRICT_LUMPED,f12d43eace12231077007dc497fee8dad00fbe58cb2f1fe2c6159c47636b97a0,selected_q_proxy,all_finite_diagnostic,emx_minus_frozen_proxy,Ls_nH,nH,4,0.006682747003617345,0.008493010629519107,-0.0011511577711000032,0.004089817386286609,0.012434095323176965,0.014050952436305827,PROVISIONAL_SMALL_REQUEST_N,4,0.0030872081682295494,0.012573575323075431,0.003093918792191084,0.013668125429179043,-0.010928139001076614,0.0043874575195470555,0.0028835436924614655,0.015667809549434697,0.0032908726439976332,0.015667809549434697,0.0032908726439976332,0.015667809549434697,20,4,4,0,0,0,0,0,16,4,4,4,4,,1.0,0.2,1.0,NOT_ESTIMABLE,,,PROVISIONAL_SMALL_REQUEST_N,1.0,1.0,PROVISIONAL_SMALL_REQUEST_N,1.0,1.0,NOT_PRIMARY; use physical units and frozen spans
15,f15-5a9547401a37,DEVELOPMENT_5K_NOT_FORMAL_10K,HELDOUT_TRIPLE_AUDIT,STRICT_LUMPED,f12d43eace12231077007dc497fee8dad00fbe58cb2f1fe2c6159c47636b97a0,selected_q_proxy,all_finite_diagnostic,emx_minus_frozen_proxy,Qmin,dimensionless,4,0.09162130872687468,0.09913586495774744,0.05065710486851094,0.08142974176226403,0.13194287951813363,0.1426602663327206,PROVISIONAL_SMALL_REQUEST_N,4,0.05816817560592913,0.1352660088124309,0.05976386475099492,0.13885599778757796,-0.04121353683559548,0.1275952644193965,0.05024809823566301,0.15337765314730767,0.07242431487240815,0.15337765314730767,0.07717636129456781,0.15337765314730767,20,4,4,0,0,0,0,0,16,4,4,4,4,,1.0,0.2,1.0,NOT_ESTIMABLE,,,PROVISIONAL_SMALL_REQUEST_N,1.0,1.0,PROVISIONAL_SMALL_REQUEST_N,1.0,1.0,NOT_PRIMARY; use physical units and frozen spans
15,f15-5a9547401a37,DEVELOPMENT_5K_NOT_FORMAL_10K,HELDOUT_TRIPLE_AUDIT,STRICT_LUMPED,f12d43eace12231077007dc497fee8dad00fbe58cb2f1fe2c6159c47636b97a0,selected_q_proxy,all_finite_diagnostic,emx_minus_frozen_proxy,K_abs,dimensionless,4,0.003333585610382696,0.0035912204497509396,-0.0025963769373332155,0.003597588518850711,0.004626695128517847,0.004645721593124123,PROVISIONAL_SMALL_REQUEST_N,4,0.002065844711722581,0.004601326509042811,0.00214883705798291,0.004601763567987607,-0.004601326509042811,-2.8663230514584803e-05,0.0014744173460989607,0.0046647480577304,0.002657272077346201,0.0046647480577304,0.002657272077346201,0.0046647480577304,20,4,4,0,0,0,0,0,16,4,4,4,4,,1.0,0.2,1.0,NOT_ESTIMABLE,,,PROVISIONAL_SMALL_REQUEST_N,1.0,1.0,PROVISIONAL_SMALL_REQUEST_N,1.0,1.0,NOT_PRIMARY; use physical units and frozen spans
5,f5-fac1f3ff42e4,FORMAL_10K,HELDOUT_TRIPLE_AUDIT,STRICT_LUMPED,f12d43eace12231077007dc497fee8dad00fbe58cb2f1fe2c6159c47636b97a0,all_candidates,strict_valid,emx_minus_target,Lp_nH,nH,34,0.07693848657332178,0.10638488055585661,-0.004540996245103601,0.06746498711563498,0.15204488902928762,0.22230815717950606,PROVISIONAL_SMALL_REQUEST_N,4,0.04610770207375023,0.12227485773170717,0.06382536349130206,0.15624770878037184,-0.07289385508389469,0.07985427100880427,0.02221486042147358,0.13079226587104775,0.11000166311720729,0.25988845471080946,0.11789118416100011,0.26617405277394357,220,34,34,0,0,3,7,0,176,10,34,34,44,,0.22727272727272727,0.045454545454545456,0.29411764705882354,NOT_ESTIMABLE,,,PROVISIONAL_SMALL_REQUEST_N,0.13636363636363635,0.2727272727272727,PROVISIONAL_SMALL_REQUEST_N,0.21428571428571427,0.35294117647058826,NOT_PRIMARY; use physical units and frozen spans
5,f5-fac1f3ff42e4,FORMAL_10K,HELDOUT_TRIPLE_AUDIT,STRICT_LUMPED,f12d43eace12231077007dc497fee8dad00fbe58cb2f1fe2c6159c47636b97a0,all_candidates,strict_valid,emx_minus_target,Ls_nH,nH,34,0.15149963337007408,0.2424063992152408,0.1466814806558132,0.03226384374818947,0.4296641344088401,0.49582006947506624,PROVISIONAL_SMALL_REQUEST_N,4,0.015147344456159867,0.27270166796022005,0.02104534508555492,0.33256434766996046,0.004908769938355512,0.27270166796022005,0.004660770026530314,0.33712668049600414,0.041356830145497195,0.5242941890534156,0.042911499301691546,0.5280235392810966,220,34,34,0,0,3,7,0,176,10,34,34,44,,0.22727272727272727,0.045454545454545456,0.29411764705882354,NOT_ESTIMABLE,,,PROVISIONAL_SMALL_REQUEST_N,0.13636363636363635,0.2727272727272727,PROVISIONAL_SMALL_REQUEST_N,0.21428571428571427,0.35294117647058826,NOT_PRIMARY; use physical units and frozen spans
5,f5-fac1f3ff42e4,FORMAL_10K,HELDOUT_TRIPLE_AUDIT,STRICT_LUMPED,f12d43eace12231077007dc497fee8dad00fbe58cb2f1fe2c6159c47636b97a0,all_candidates,strict_valid,emx_minus_target,Qmin,dimensionless,34,3.396542844992031,4.495851389175571,-3.384793353788759,2.7595028148618725,7.8464761999478165,8.116358850511874,PROVISIONAL_SMALL_REQUEST_N,4,3.0981883870968385,3.81897707900922,4.278897736927974,4.82652377138367,-3.8167775075286663,-3.0683741489095655,1.9814382773023453,3.5655752599999353,7.211918343971519,8.1210908787868,8.1109919112547,8.1311898463189,220,34,34,0,0,3,7,0,176,10,34,34,44,,0.22727272727272727,0.045454545454545456,0.29411764705882354,NOT_ESTIMABLE,,,PROVISIONAL_SMALL_REQUEST_N,0.13636363636363635,0.2727272727272727,PROVISIONAL_SMALL_REQUEST_N,0.21428571428571427,0.35294117647058826,NOT_PRIMARY; use physical units and frozen spans
5,f5-fac1f3ff42e4,FORMAL_10K,HELDOUT_TRIPLE_AUDIT,STRICT_LUMPED,f12d43eace12231077007dc497fee8dad00fbe58cb2f1fe2c6159c47636b97a0,all_candidates,strict_valid,emx_minus_target,K_abs,dimensionless,34,0.06376154753142897,0.09472835486010826,-0.06081133358105703,0.03971701182836346,0.17868132402705947,0.1849838814303081,PROVISIONAL_SMALL_REQUEST_N,4,0.023130957606897252,0.09987762746434607,0.032318305168783236,0.1265758700256198,-0.09957612704796451,-0.01720094093078612,0.005407822588483699,0.11603269402932474,0.057607785727054404,0.19417477781800668,0.05921908293891007,0.19544924807391995,220,34,34,0,0,3,7,0,176,10,34,34,44,,0.22727272727272727,0.045454545454545456,0.29411764705882354,NOT_ESTIMABLE,,,PROVISIONAL_SMALL_REQUEST_N,0.13636363636363635,0.2727272727272727,PROVISIONAL_SMALL_REQUEST_N,0.21428571428571427,0.35294117647058826,NOT_PRIMARY; use physical units and frozen spans
5,f5-fac1f3ff42e4,FORMAL_10K,HELDOUT_TRIPLE_AUDIT,STRICT_LUMPED,f12d43eace12231077007dc497fee8dad00fbe58cb2f1fe2c6159c47636b97a0,all_candidates,strict_valid,emx_minus_frozen_proxy,Lp_nH,nH,34,0.011352694363888053,0.014882486447941169,-0.009475640715805027,0.007195634127948658,0.023850112081456154,0.025157676830143805,PROVISIONAL_SMALL_REQUEST_N,4,0.01055923090185834,0.012158234564253668,0.014049923921288777,0.015475612431897203,-0.010739203002388224,-0.008101083323307934,0.006317834028970903,0.010402775754142501,0.023362045194273318,0.02536326850257198,0.02348059522597329,0.025501598193970132,220,34,34,0,0,3,7,0,176,10,34,34,44,,0.22727272727272727,0.045454545454545456,0.29411764705882354,NOT_ESTIMABLE,,,PROVISIONAL_SMALL_REQUEST_N,0.13636363636363635,0.2727272727272727,PROVISIONAL_SMALL_REQUEST_N,0.21428571428571427,0.35294117647058826,NOT_PRIMARY; use physical units and frozen spans
5,f5-fac1f3ff42e4,FORMAL_10K,HELDOUT_TRIPLE_AUDIT,STRICT_LUMPED,f12d43eace12231077007dc497fee8dad00fbe58cb2f1fe2c6159c47636b97a0,all_candidates,strict_valid,emx_minus_frozen_proxy,Ls_nH,nH,34,0.015543600637474678,0.018472322885943842,0.014596978569106533,0.02065864553154262,0.02701546327290196,0.027356910150929205,PROVISIONAL_SMALL_REQUEST_N,4,0.014230282284037887,0.016957941539669917,0.017522453713354553,0.01910915861226503,0.01261599348764908,0.016180780299766606,0.015198097075173944,0.021012827039712634,0.022424844314591196,0.02736643248756887,0.02319610834575626,0.02764964912180412,220,34,34,0,0,3,7,0,176,10,34,34,44,,0.22727272727272727,0.045454545454545456,0.29411764705882354,NOT_ESTIMABLE,,,PROVISIONAL_SMALL_REQUEST_N,0.13636363636363635,0.2727272727272727,PROVISIONAL_SMALL_REQUEST_N,0.21428571428571427,0.35294117647058826,NOT_PRIMARY; use physical units and frozen spans
5,f5-fac1f3ff42e4,FORMAL_10K,HELDOUT_TRIPLE_AUDIT,STRICT_LUMPED,f12d43eace12231077007dc497fee8dad00fbe58cb2f1fe2c6159c47636b97a0,all_candidates,strict_valid,emx_minus_frozen_proxy,Qmin,dimensionless,34,0.3020056521951826,0.38117118830833546,-0.24917040362755416,0.16255739483429643,0.6171316232079794,0.6345809555866309,PROVISIONAL_SMALL_REQUEST_N,4,0.27693974664739207,0.32428645712655196,0.3521460312855547,0.4052297637331841,-0.27037417270997377,-0.22411792080282159,0.15880336395429406,0.22063010406710326,0.5741092873297291,0.6354727309568489,0.5786048740973717,0.7415323569024928,220,34,34,0,0,3,7,0,176,10,34,34,44,,0.22727272727272727,0.045454545454545456,0.29411764705882354,NOT_ESTIMABLE,,,PROVISIONAL_SMALL_REQUEST_N,0.13636363636363635,0.2727272727272727,PROVISIONAL_SMALL_REQUEST_N,0.21428571428571427,0.35294117647058826,NOT_PRIMARY; use physical units and frozen spans
5,f5-fac1f3ff42e4,FORMAL_10K,HELDOUT_TRIPLE_AUDIT,STRICT_LUMPED,f12d43eace12231077007dc497fee8dad00fbe58cb2f1fe2c6159c47636b97a0,all_candidates,strict_valid,emx_minus_frozen_proxy,K_abs,dimensionless,34,0.004712326841428804,0.005390036035199377,0.0032121967434139208,0.004602652448740051,0.008254072732107005,0.008598844130737256,PROVISIONAL_SMALL_REQUEST_N,4,0.0036690008201114748,0.006126506675801095,0.003963434084692231,0.006755071392954366,0.002149856591712942,0.004407329414077522,0.0033800463033846206,0.006601743829412948,0.005732966810015372,0.008623020247214452,0.005975501266249112,0.010864948770442806,220,34,34,0,0,3,7,0,176,10,34,34,44,,0.22727272727272727,0.045454545454545456,0.29411764705882354,NOT_ESTIMABLE,,,PROVISIONAL_SMALL_REQUEST_N,0.13636363636363635,0.2727272727272727,PROVISIONAL_SMALL_REQUEST_N,0.21428571428571427,0.35294117647058826,NOT_PRIMARY; use physical units and frozen spans
5,f5-fac1f3ff42e4,FORMAL_10K,HELDOUT_TRIPLE_AUDIT,STRICT_LUMPED,f12d43eace12231077007dc497fee8dad00fbe58cb2f1fe2c6159c47636b97a0,all_candidates,all_finite_diagnostic,emx_minus_target,Lp_nH,nH,34,0.07693848657332178,0.10638488055585661,-0.004540996245103601,0.06746498711563498,0.15204488902928762,0.22230815717950606,PROVISIONAL_SMALL_REQUEST_N,4,0.04610770207375023,0.12227485773170717,0.06382536349130206,0.15624770878037184,-0.07289385508389469,0.07985427100880427,0.02221486042147358,0.13079226587104775,0.11000166311720729,0.25988845471080946,0.11789118416100011,0.26617405277394357,220,34,34,0,0,3,7,0,176,10,34,34,44,,0.22727272727272727,0.045454545454545456,0.29411764705882354,NOT_ESTIMABLE,,,PROVISIONAL_SMALL_REQUEST_N,0.13636363636363635,0.2727272727272727,PROVISIONAL_SMALL_REQUEST_N,0.21428571428571427,0.35294117647058826,NOT_PRIMARY; use physical units and frozen spans
5,f5-fac1f3ff42e4,FORMAL_10K,HELDOUT_TRIPLE_AUDIT,STRICT_LUMPED,f12d43eace12231077007dc497fee8dad00fbe58cb2f1fe2c6159c47636b97a0,all_candidates,all_finite_diagnostic,emx_minus_target,Ls_nH,nH,34,0.15149963337007408,0.2424063992152408,0.1466814806558132,0.03226384374818947,0.4296641344088401,0.49582006947506624,PROVISIONAL_SMALL_REQUEST_N,4,0.015147344456159867,0.27270166796022005,0.02104534508555492,0.33256434766996046,0.004908769938355512,0.27270166796022005,0.004660770026530314,0.33712668049600414,0.041356830145497195,0.5242941890534156,0.042911499301691546,0.5280235392810966,220,34,34,0,0,3,7,0,176,10,34,34,44,,0.22727272727272727,0.045454545454545456,0.29411764705882354,NOT_ESTIMABLE,,,PROVISIONAL_SMALL_REQUEST_N,0.13636363636363635,0.2727272727272727,PROVISIONAL_SMALL_REQUEST_N,0.21428571428571427,0.35294117647058826,NOT_PRIMARY; use physical units and frozen spans
5,f5-fac1f3ff42e4,FORMAL_10K,HELDOUT_TRIPLE_AUDIT,STRICT_LUMPED,f12d43eace12231077007dc497fee8dad00fbe58cb2f1fe2c6159c47636b97a0,all_candidates,all_finite_diagnostic,emx_minus_target,Qmin,dimensionless,34,3.396542844992031,4.495851389175571,-3.384793353788759,2.7595028148618725,7.8464761999478165,8.116358850511874,PROVISIONAL_SMALL_REQUEST_N,4,3.0981883870968385,3.81897707900922,4.278897736927974,4.82652377138367,-3.8167775075286663,-3.0683741489095655,1.9814382773023453,3.5655752599999353,7.211918343971519,8.1210908787868,8.1109919112547,8.1311898463189,220,34,34,0,0,3,7,0,176,10,34,34,44,,0.22727272727272727,0.045454545454545456,0.29411764705882354,NOT_ESTIMABLE,,,PROVISIONAL_SMALL_REQUEST_N,0.13636363636363635,0.2727272727272727,PROVISIONAL_SMALL_REQUEST_N,0.21428571428571427,0.35294117647058826,NOT_PRIMARY; use physical units and frozen spans
5,f5-fac1f3ff42e4,FORMAL_10K,HELDOUT_TRIPLE_AUDIT,STRICT_LUMPED,f12d43eace12231077007dc497fee8dad00fbe58cb2f1fe2c6159c47636b97a0,all_candidates,all_finite_diagnostic,emx_minus_target,K_abs,dimensionless,34,0.06376154753142897,0.09472835486010826,-0.06081133358105703,0.03971701182836346,0.17868132402705947,0.1849838814303081,PROVISIONAL_SMALL_REQUEST_N,4,0.023130957606897252,0.09987762746434607,0.032318305168783236,0.1265758700256198,-0.09957612704796451,-0.01720094093078612,0.005407822588483699,0.11603269402932474,0.057607785727054404,0.19417477781800668,0.05921908293891007,0.19544924807391995,220,34,34,0,0,3,7,0,176,10,34,34,44,,0.22727272727272727,0.045454545454545456,0.29411764705882354,NOT_ESTIMABLE,,,PROVISIONAL_SMALL_REQUEST_N,0.13636363636363635,0.2727272727272727,PROVISIONAL_SMALL_REQUEST_N,0.21428571428571427,0.35294117647058826,NOT_PRIMARY; use physical units and frozen spans
5,f5-fac1f3ff42e4,FORMAL_10K,HELDOUT_TRIPLE_AUDIT,STRICT_LUMPED,f12d43eace12231077007dc497fee8dad00fbe58cb2f1fe2c6159c47636b97a0,all_candidates,all_finite_diagnostic,emx_minus_frozen_proxy,Lp_nH,nH,34,0.011352694363888053,0.014882486447941169,-0.009475640715805027,0.007195634127948658,0.023850112081456154,0.025157676830143805,PROVISIONAL_SMALL_REQUEST_N,4,0.01055923090185834,0.012158234564253668,0.014049923921288777,0.015475612431897203,-0.010739203002388224,-0.008101083323307934,0.006317834028970903,0.010402775754142501,0.023362045194273318,0.02536326850257198,0.02348059522597329,0.025501598193970132,220,34,34,0,0,3,7,0,176,10,34,34,44,,0.22727272727272727,0.045454545454545456,0.29411764705882354,NOT_ESTIMABLE,,,PROVISIONAL_SMALL_REQUEST_N,0.13636363636363635,0.2727272727272727,PROVISIONAL_SMALL_REQUEST_N,0.21428571428571427,0.35294117647058826,NOT_PRIMARY; use physical units and frozen spans
5,f5-fac1f3ff42e4,FORMAL_10K,HELDOUT_TRIPLE_AUDIT,STRICT_LUMPED,f12d43eace12231077007dc497fee8dad00fbe58cb2f1fe2c6159c47636b97a0,all_candidates,all_finite_diagnostic,emx_minus_frozen_proxy,Ls_nH,nH,34,0.015543600637474678,0.018472322885943842,0.014596978569106533,0.02065864553154262,0.02701546327290196,0.027356910150929205,PROVISIONAL_SMALL_REQUEST_N,4,0.014230282284037887,0.016957941539669917,0.017522453713354553,0.01910915861226503,0.01261599348764908,0.016180780299766606,0.015198097075173944,0.021012827039712634,0.022424844314591196,0.02736643248756887,0.02319610834575626,0.02764964912180412,220,34,34,0,0,3,7,0,176,10,34,34,44,,0.22727272727272727,0.045454545454545456,0.29411764705882354,NOT_ESTIMABLE,,,PROVISIONAL_SMALL_REQUEST_N,0.13636363636363635,0.2727272727272727,PROVISIONAL_SMALL_REQUEST_N,0.21428571428571427,0.35294117647058826,NOT_PRIMARY; use physical units and frozen spans
5,f5-fac1f3ff42e4,FORMAL_10K,HELDOUT_TRIPLE_AUDIT,STRICT_LUMPED,f12d43eace12231077007dc497fee8dad00fbe58cb2f1fe2c6159c47636b97a0,all_candidates,all_finite_diagnostic,emx_minus_frozen_proxy,Qmin,dimensionless,34,0.3020056521951826,0.38117118830833546,-0.24917040362755416,0.16255739483429643,0.6171316232079794,0.6345809555866309,PROVISIONAL_SMALL_REQUEST_N,4,0.27693974664739207,0.32428645712655196,0.3521460312855547,0.4052297637331841,-0.27037417270997377,-0.22411792080282159,0.15880336395429406,0.22063010406710326,0.5741092873297291,0.6354727309568489,0.5786048740973717,0.7415323569024928,220,34,34,0,0,3,7,0,176,10,34,34,44,,0.22727272727272727,0.045454545454545456,0.29411764705882354,NOT_ESTIMABLE,,,PROVISIONAL_SMALL_REQUEST_N,0.13636363636363635,0.2727272727272727,PROVISIONAL_SMALL_REQUEST_N,0.21428571428571427,0.35294117647058826,NOT_PRIMARY; use physical units and frozen spans
5,f5-fac1f3ff42e4,FORMAL_10K,HELDOUT_TRIPLE_AUDIT,STRICT_LUMPED,f12d43eace12231077007dc497fee8dad00fbe58cb2f1fe2c6159c47636b97a0,all_candidates,all_finite_diagnostic,emx_minus_frozen_proxy,K_abs,dimensionless,34,0.004712326841428804,0.005390036035199377,0.0032121967434139208,0.004602652448740051,0.008254072732107005,0.008598844130737256,PROVISIONAL_SMALL_REQUEST_N,4,0.0036690008201114748,0.006126506675801095,0.003963434084692231,0.006755071392954366,0.002149856591712942,0.004407329414077522,0.0033800463033846206,0.006601743829412948,0.005732966810015372,0.008623020247214452,0.005975501266249112,0.010864948770442806,220,34,34,0,0,3,7,0,176,10,34,34,44,,0.22727272727272727,0.045454545454545456,0.29411764705882354,NOT_ESTIMABLE,,,PROVISIONAL_SMALL_REQUEST_N,0.13636363636363635,0.2727272727272727,PROVISIONAL_SMALL_REQUEST_N,0.21428571428571427,0.35294117647058826,NOT_PRIMARY; use physical units and frozen spans
5,f5-fac1f3ff42e4,FORMAL_10K,HELDOUT_TRIPLE_AUDIT,STRICT_LUMPED,f12d43eace12231077007dc497fee8dad00fbe58cb2f1fe2c6159c47636b97a0,selected_q_proxy,strict_valid,emx_minus_target,Lp_nH,nH,3,0.0026663619325695276,0.0029289288483776,-0.0012777610922380205,0.0020829012604972608,0.0038997313090087804,0.00412683506507272,PROVISIONAL_SMALL_REQUEST_N,3,0.0015622457160746617,0.00435393882113666,0.0015622457160746617,0.00435393882113666,-0.00435393882113666,0.0020829012604972608,0.0015622457160746617,0.00435393882113666,0.0015622457160746617,0.00435393882113666,0.0015622457160746617,0.00435393882113666,20,3,3,0,0,1,0,0,16,3,3,3,4,,0.75,0.15,1.0,NOT_ESTIMABLE,,,PROVISIONAL_SMALL_REQUEST_N,0.25,1.0,PROVISIONAL_SMALL_REQUEST_N,1.0,1.0,NOT_PRIMARY; use physical units and frozen spans
5,f5-fac1f3ff42e4,FORMAL_10K,HELDOUT_TRIPLE_AUDIT,STRICT_LUMPED,f12d43eace12231077007dc497fee8dad00fbe58cb2f1fe2c6159c47636b97a0,selected_q_proxy,strict_valid,emx_minus_target,Ls_nH,nH,3,0.000987011427358242,0.0016095327953788432,0.000987011427358242,0.00016060889639812892,0.0022586084987668456,0.002520858449062935,PROVISIONAL_SMALL_REQUEST_N,3,1.7316986317572614e-05,0.0027831083993590244,1.7316986317572614e-05,0.0027831083993590244,1.7316986317572614e-05,0.0027831083993590244,1.7316986317572614e-05,0.0027831083993590244,1.7316986317572614e-05,0.0027831083993590244,1.7316986317572614e-05,0.0027831083993590244,20,3,3,0,0,1,0,0,16,3,3,3,4,,0.75,0.15,1.0,NOT_ESTIMABLE,,,PROVISIONAL_SMALL_REQUEST_N,0.25,1.0,PROVISIONAL_SMALL_REQUEST_N,1.0,1.0,NOT_PRIMARY; use physical units and frozen spans
5,f5-fac1f3ff42e4,FORMAL_10K,HELDOUT_TRIPLE_AUDIT,STRICT_LUMPED,f12d43eace12231077007dc497fee8dad00fbe58cb2f1fe2c6159c47636b97a0,selected_q_proxy,strict_valid,emx_minus_target,Qmin,dimensionless,3,0.09531821880093598,0.11035112124017532,0.01731334768431836,0.08241544947615154,0.15164096967753551,0.1602941597027085,PROVISIONAL_SMALL_REQUEST_N,3,0.03459185719877489,0.1689473497278815,0.03459185719877489,0.1689473497278815,-0.08241544947615154,0.1689473497278815,0.03459185719877489,0.1689473497278815,0.03459185719877489,0.1689473497278815,0.03459185719877489,0.1689473497278815,20,3,3,0,0,1,0,0,16,3,3,3,4,,0.75,0.15,1.0,NOT_ESTIMABLE,,,PROVISIONAL_SMALL_REQUEST_N,0.25,1.0,PROVISIONAL_SMALL_REQUEST_N,1.0,1.0,NOT_PRIMARY; use physical units and frozen spans
5,f5-fac1f3ff42e4,FORMAL_10K,HELDOUT_TRIPLE_AUDIT,STRICT_LUMPED,f12d43eace12231077007dc497fee8dad00fbe58cb2f1fe2c6159c47636b97a0,selected_q_proxy,strict_valid,emx_minus_target,K_abs,dimensionless,3,0.0006764753311728858,0.000986650676530755,0.0004426814662373176,0.00031816485838381814,0.001406621128569008,0.0015426781623421564,PROVISIONAL_SMALL_REQUEST_N,3,3.252593901953427e-05,0.0016787351961153052,3.252593901953427e-05,0.0016787351961153052,-0.00031816485838381814,0.0016787351961153052,3.252593901953427e-05,0.0016787351961153052,3.252593901953427e-05,0.0016787351961153052,3.252593901953427e-05,0.0016787351961153052,20,3,3,0,0,1,0,0,16,3,3,3,4,,0.75,0.15,1.0,NOT_ESTIMABLE,,,PROVISIONAL_SMALL_REQUEST_N,0.25,1.0,PROVISIONAL_SMALL_REQUEST_N,1.0,1.0,NOT_PRIMARY; use physical units and frozen spans
5,f5-fac1f3ff42e4,FORMAL_10K,HELDOUT_TRIPLE_AUDIT,STRICT_LUMPED,f12d43eace12231077007dc497fee8dad00fbe58cb2f1fe2c6159c47636b97a0,selected_q_proxy,strict_valid,emx_minus_frozen_proxy,Lp_nH,nH,3,0.001419217708317877,0.0016886023624171184,-0.0013054047774749833,0.0017489545119109273,0.002220174275804876,0.0022790767462916193,PROVISIONAL_SMALL_REQUEST_N,3,0.00017071939626434052,0.002337979216778363,0.00017071939626434052,0.002337979216778363,-0.002337979216778363,0.00017071939626434052,0.00017071939626434052,0.002337979216778363,0.00017071939626434052,0.002337979216778363,0.00017071939626434052,0.002337979216778363,20,3,3,0,0,1,0,0,16,3,3,3,4,,0.75,0.15,1.0,NOT_ESTIMABLE,,,PROVISIONAL_SMALL_REQUEST_N,0.25,1.0,PROVISIONAL_SMALL_REQUEST_N,1.0,1.0,NOT_PRIMARY; use physical units and frozen spans
5,f5-fac1f3ff42e4,FORMAL_10K,HELDOUT_TRIPLE_AUDIT,STRICT_LUMPED,f12d43eace12231077007dc497fee8dad00fbe58cb2f1fe2c6159c47636b97a0,selected_q_proxy,strict_valid,emx_minus_frozen_proxy,Ls_nH,nH,3,0.0021435549145798483,0.002147105251194451,-0.0021435549145798483,0.002193629213872006,0.0022493864502461046,0.0022563561047928673,PROVISIONAL_SMALL_REQUEST_N,3,0.0019737097705279094,0.0022633257593396294,0.0019737097705279094,0.0022633257593396294,-0.0022633257593396294,-0.0019737097705279094,0.0019737097705279094,0.0022633257593396294,0.0019737097705279094,0.0022633257593396294,0.0019737097705279094,0.0022633257593396294,20,3,3,0,0,1,0,0,16,3,3,3,4,,0.75,0.15,1.0,NOT_ESTIMABLE,,,PROVISIONAL_SMALL_REQUEST_N,0.25,1.0,PROVISIONAL_SMALL_REQUEST_N,1.0,1.0,NOT_PRIMARY; use physical units and frozen spans
5,f5-fac1f3ff42e4,FORMAL_10K,HELDOUT_TRIPLE_AUDIT,STRICT_LUMPED,f12d43eace12231077007dc497fee8dad00fbe58cb2f1fe2c6159c47636b97a0,selected_q_proxy,strict_valid,emx_minus_frozen_proxy,Qmin,dimensionless,3,0.08167495403042817,0.0937492502900591,0.015082385566805337,0.062462675428299974,0.12860134260234019,0.13686867599909522,PROVISIONAL_SMALL_REQUEST_N,3,0.037426177267134264,0.14513600939585025,0.037426177267134264,0.14513600939585025,-0.062462675428299974,0.14513600939585025,0.037426177267134264,0.14513600939585025,0.037426177267134264,0.14513600939585025,0.037426177267134264,0.14513600939585025,20,3,3,0,0,1,0,0,16,3,3,3,4,,0.75,0.15,1.0,NOT_ESTIMABLE,,,PROVISIONAL_SMALL_REQUEST_N,0.25,1.0,PROVISIONAL_SMALL_REQUEST_N,1.0,1.0,NOT_PRIMARY; use physical units and frozen spans
5,f5-fac1f3ff42e4,FORMAL_10K,HELDOUT_TRIPLE_AUDIT,STRICT_LUMPED,f12d43eace12231077007dc497fee8dad00fbe58cb2f1fe2c6159c47636b97a0,selected_q_proxy,strict_valid,emx_minus_frozen_proxy,K_abs,dimensionless,3,0.0020125340393990867,0.0022397875401674754,0.0012159227232871144,0.0014476079064068559,0.003005583371379328,0.0032003303045008867,PROVISIONAL_SMALL_REQUEST_N,3,0.0011949169741679588,0.003395077237622446,0.0011949169741679588,0.003395077237622446,-0.0011949169741679588,0.003395077237622446,0.0011949169741679588,0.003395077237622446,0.0011949169741679588,0.003395077237622446,0.0011949169741679588,0.003395077237622446,20,3,3,0,0,1,0,0,16,3,3,3,4,,0.75,0.15,1.0,NOT_ESTIMABLE,,,PROVISIONAL_SMALL_REQUEST_N,0.25,1.0,PROVISIONAL_SMALL_REQUEST_N,1.0,1.0,NOT_PRIMARY; use physical units and frozen spans
5,f5-fac1f3ff42e4,FORMAL_10K,HELDOUT_TRIPLE_AUDIT,STRICT_LUMPED,f12d43eace12231077007dc497fee8dad00fbe58cb2f1fe2c6159c47636b97a0,selected_q_proxy,all_finite_diagnostic,emx_minus_target,Lp_nH,nH,3,0.0026663619325695276,0.0029289288483776,-0.0012777610922380205,0.0020829012604972608,0.0038997313090087804,0.00412683506507272,PROVISIONAL_SMALL_REQUEST_N,3,0.0015622457160746617,0.00435393882113666,0.0015622457160746617,0.00435393882113666,-0.00435393882113666,0.0020829012604972608,0.0015622457160746617,0.00435393882113666,0.0015622457160746617,0.00435393882113666,0.0015622457160746617,0.00435393882113666,20,3,3,0,0,1,0,0,16,3,3,3,4,,0.75,0.15,1.0,NOT_ESTIMABLE,,,PROVISIONAL_SMALL_REQUEST_N,0.25,1.0,PROVISIONAL_SMALL_REQUEST_N,1.0,1.0,NOT_PRIMARY; use physical units and frozen spans
5,f5-fac1f3ff42e4,FORMAL_10K,HELDOUT_TRIPLE_AUDIT,STRICT_LUMPED,f12d43eace12231077007dc497fee8dad00fbe58cb2f1fe2c6159c47636b97a0,selected_q_proxy,all_finite_diagnostic,emx_minus_target,Ls_nH,nH,3,0.000987011427358242,0.0016095327953788432,0.000987011427358242,0.00016060889639812892,0.0022586084987668456,0.002520858449062935,PROVISIONAL_SMALL_REQUEST_N,3,1.7316986317572614e-05,0.0027831083993590244,1.7316986317572614e-05,0.0027831083993590244,1.7316986317572614e-05,0.0027831083993590244,1.7316986317572614e-05,0.0027831083993590244,1.7316986317572614e-05,0.0027831083993590244,1.7316986317572614e-05,0.0027831083993590244,20,3,3,0,0,1,0,0,16,3,3,3,4,,0.75,0.15,1.0,NOT_ESTIMABLE,,,PROVISIONAL_SMALL_REQUEST_N,0.25,1.0,PROVISIONAL_SMALL_REQUEST_N,1.0,1.0,NOT_PRIMARY; use physical units and frozen spans
5,f5-fac1f3ff42e4,FORMAL_10K,HELDOUT_TRIPLE_AUDIT,STRICT_LUMPED,f12d43eace12231077007dc497fee8dad00fbe58cb2f1fe2c6159c47636b97a0,selected_q_proxy,all_finite_diagnostic,emx_minus_target,Qmin,dimensionless,3,0.09531821880093598,0.11035112124017532,0.01731334768431836,0.08241544947615154,0.15164096967753551,0.1602941597027085,PROVISIONAL_SMALL_REQUEST_N,3,0.03459185719877489,0.1689473497278815,0.03459185719877489,0.1689473497278815,-0.08241544947615154,0.1689473497278815,0.03459185719877489,0.1689473497278815,0.03459185719877489,0.1689473497278815,0.03459185719877489,0.1689473497278815,20,3,3,0,0,1,0,0,16,3,3,3,4,,0.75,0.15,1.0,NOT_ESTIMABLE,,,PROVISIONAL_SMALL_REQUEST_N,0.25,1.0,PROVISIONAL_SMALL_REQUEST_N,1.0,1.0,NOT_PRIMARY; use physical units and frozen spans
5,f5-fac1f3ff42e4,FORMAL_10K,HELDOUT_TRIPLE_AUDIT,STRICT_LUMPED,f12d43eace12231077007dc497fee8dad00fbe58cb2f1fe2c6159c47636b97a0,selected_q_proxy,all_finite_diagnostic,emx_minus_target,K_abs,dimensionless,3,0.0006764753311728858,0.000986650676530755,0.0004426814662373176,0.00031816485838381814,0.001406621128569008,0.0015426781623421564,PROVISIONAL_SMALL_REQUEST_N,3,3.252593901953427e-05,0.0016787351961153052,3.252593901953427e-05,0.0016787351961153052,-0.00031816485838381814,0.0016787351961153052,3.252593901953427e-05,0.0016787351961153052,3.252593901953427e-05,0.0016787351961153052,3.252593901953427e-05,0.0016787351961153052,20,3,3,0,0,1,0,0,16,3,3,3,4,,0.75,0.15,1.0,NOT_ESTIMABLE,,,PROVISIONAL_SMALL_REQUEST_N,0.25,1.0,PROVISIONAL_SMALL_REQUEST_N,1.0,1.0,NOT_PRIMARY; use physical units and frozen spans
5,f5-fac1f3ff42e4,FORMAL_10K,HELDOUT_TRIPLE_AUDIT,STRICT_LUMPED,f12d43eace12231077007dc497fee8dad00fbe58cb2f1fe2c6159c47636b97a0,selected_q_proxy,all_finite_diagnostic,emx_minus_frozen_proxy,Lp_nH,nH,3,0.001419217708317877,0.0016886023624171184,-0.0013054047774749833,0.0017489545119109273,0.002220174275804876,0.0022790767462916193,PROVISIONAL_SMALL_REQUEST_N,3,0.00017071939626434052,0.002337979216778363,0.00017071939626434052,0.002337979216778363,-0.002337979216778363,0.00017071939626434052,0.00017071939626434052,0.002337979216778363,0.00017071939626434052,0.002337979216778363,0.00017071939626434052,0.002337979216778363,20,3,3,0,0,1,0,0,16,3,3,3,4,,0.75,0.15,1.0,NOT_ESTIMABLE,,,PROVISIONAL_SMALL_REQUEST_N,0.25,1.0,PROVISIONAL_SMALL_REQUEST_N,1.0,1.0,NOT_PRIMARY; use physical units and frozen spans
5,f5-fac1f3ff42e4,FORMAL_10K,HELDOUT_TRIPLE_AUDIT,STRICT_LUMPED,f12d43eace12231077007dc497fee8dad00fbe58cb2f1fe2c6159c47636b97a0,selected_q_proxy,all_finite_diagnostic,emx_minus_frozen_proxy,Ls_nH,nH,3,0.0021435549145798483,0.002147105251194451,-0.0021435549145798483,0.002193629213872006,0.0022493864502461046,0.0022563561047928673,PROVISIONAL_SMALL_REQUEST_N,3,0.0019737097705279094,0.0022633257593396294,0.0019737097705279094,0.0022633257593396294,-0.0022633257593396294,-0.0019737097705279094,0.0019737097705279094,0.0022633257593396294,0.0019737097705279094,0.0022633257593396294,0.0019737097705279094,0.0022633257593396294,20,3,3,0,0,1,0,0,16,3,3,3,4,,0.75,0.15,1.0,NOT_ESTIMABLE,,,PROVISIONAL_SMALL_REQUEST_N,0.25,1.0,PROVISIONAL_SMALL_REQUEST_N,1.0,1.0,NOT_PRIMARY; use physical units and frozen spans
5,f5-fac1f3ff42e4,FORMAL_10K,HELDOUT_TRIPLE_AUDIT,STRICT_LUMPED,f12d43eace12231077007dc497fee8dad00fbe58cb2f1fe2c6159c47636b97a0,selected_q_proxy,all_finite_diagnostic,emx_minus_frozen_proxy,Qmin,dimensionless,3,0.08167495403042817,0.0937492502900591,0.015082385566805337,0.062462675428299974,0.12860134260234019,0.13686867599909522,PROVISIONAL_SMALL_REQUEST_N,3,0.037426177267134264,0.14513600939585025,0.037426177267134264,0.14513600939585025,-0.062462675428299974,0.14513600939585025,0.037426177267134264,0.14513600939585025,0.037426177267134264,0.14513600939585025,0.037426177267134264,0.14513600939585025,20,3,3,0,0,1,0,0,16,3,3,3,4,,0.75,0.15,1.0,NOT_ESTIMABLE,,,PROVISIONAL_SMALL_REQUEST_N,0.25,1.0,PROVISIONAL_SMALL_REQUEST_N,1.0,1.0,NOT_PRIMARY; use physical units and frozen spans
5,f5-fac1f3ff42e4,FORMAL_10K,HELDOUT_TRIPLE_AUDIT,STRICT_LUMPED,f12d43eace12231077007dc497fee8dad00fbe58cb2f1fe2c6159c47636b97a0,selected_q_proxy,all_finite_diagnostic,emx_minus_frozen_proxy,K_abs,dimensionless,3,0.0020125340393990867,0.0022397875401674754,0.0012159227232871144,0.0014476079064068559,0.003005583371379328,0.0032003303045008867,PROVISIONAL_SMALL_REQUEST_N,3,0.0011949169741679588,0.003395077237622446,0.0011949169741679588,0.003395077237622446,-0.0011949169741679588,0.003395077237622446,0.0011949169741679588,0.003395077237622446,0.0011949169741679588,0.003395077237622446,0.0011949169741679588,0.003395077237622446,20,3,3,0,0,1,0,0,16,3,3,3,4,,0.75,0.15,1.0,NOT_ESTIMABLE,,,PROVISIONAL_SMALL_REQUEST_N,0.25,1.0,PROVISIONAL_SMALL_REQUEST_N,1.0,1.0,NOT_PRIMARY; use physical units and frozen spans
10,f10-d26d41688df1,FORMAL_10K,HELDOUT_TRIPLE_AUDIT,STRICT_LUMPED,f12d43eace12231077007dc497fee8dad00fbe58cb2f1fe2c6159c47636b97a0,all_candidates,strict_valid,emx_minus_target,Lp_nH,nH,38,0.14038030972878723,0.22580290655286123,-0.13291594825122027,0.02146443753205629,0.42215968422870115,0.5021463991691986,PROVISIONAL_SMALL_REQUEST_N,4,0.08942118036586783,0.18426755889549284,0.15119008377058143,0.2762292755432857,-0.17755757306360698,-0.08059975921583229,0.012596742500599944,0.10354890532776562,0.2747798462497981,0.4987952079125468,0.3216137665805372,0.5896642599383293,220,38,38,0,0,5,1,0,176,19,38,38,44,,0.4318181818181818,0.08636363636363636,0.5,NOT_ESTIMABLE,,,PROVISIONAL_SMALL_REQUEST_N,0.36363636363636365,0.5,PROVISIONAL_SMALL_REQUEST_N,0.4,0.6111111111111112,NOT_PRIMARY; use physical units and frozen spans
10,f10-d26d41688df1,FORMAL_10K,HELDOUT_TRIPLE_AUDIT,STRICT_LUMPED,f12d43eace12231077007dc497fee8dad00fbe58cb2f1fe2c6159c47636b97a0,all_candidates,strict_valid,emx_minus_target,Ls_nH,nH,38,0.08434830843326266,0.1397706493793342,-0.0582563190967855,0.035606839357126496,0.3114676374376091,0.32550499931415966,PROVISIONAL_SMALL_REQUEST_N,4,0.02662052694678569,0.16849324241075608,0.03534792233037949,0.21997181409220704,-0.15544343830317944,0.02385700903967294,0.010681406242572633,0.14763974106420052,0.06012640652861556,0.3306527844650353,0.06195872247187334,0.3363851519360247,220,38,38,0,0,5,1,0,176,19,38,38,44,,0.4318181818181818,0.08636363636363636,0.5,NOT_ESTIMABLE,,,PROVISIONAL_SMALL_REQUEST_N,0.36363636363636365,0.5,PROVISIONAL_SMALL_REQUEST_N,0.4,0.6111111111111112,NOT_PRIMARY; use physical units and frozen spans
10,f10-d26d41688df1,FORMAL_10K,HELDOUT_TRIPLE_AUDIT,STRICT_LUMPED,f12d43eace12231077007dc497fee8dad00fbe58cb2f1fe2c6159c47636b97a0,all_candidates,strict_valid,emx_minus_target,Qmin,dimensionless,38,1.878798093403536,2.7655987537368203,-1.789657848537782,0.7944959661360107,5.0194277969043215,5.293675818363678,PROVISIONAL_SMALL_REQUEST_N,4,1.2755257416250176,2.392106962410285,2.1031440891647493,3.2889830129079445,-2.245952487844788,-1.208817732860972,0.24968817072778293,2.01070616716477,4.6220245395193755,5.776711631094223,4.945613095931995,6.64511576675368,220,38,38,0,0,5,1,0,176,19,38,38,44,,0.4318181818181818,0.08636363636363636,0.5,NOT_ESTIMABLE,,,PROVISIONAL_SMALL_REQUEST_N,0.36363636363636365,0.5,PROVISIONAL_SMALL_REQUEST_N,0.4,0.6111111111111112,NOT_PRIMARY; use physical units and frozen spans
10,f10-d26d41688df1,FORMAL_10K,HELDOUT_TRIPLE_AUDIT,STRICT_LUMPED,f12d43eace12231077007dc497fee8dad00fbe58cb2f1fe2c6159c47636b97a0,all_candidates,strict_valid,emx_minus_target,K_abs,dimensionless,38,0.04269028646761387,0.0748575654281134,-0.031072786976439302,0.013436530715507322,0.12086610229446103,0.18401690945965637,PROVISIONAL_SMALL_REQUEST_N,4,0.013795613034341143,0.07136991132441228,0.03233303183943203,0.10803872497653935,-0.06351375208271387,-0.005046604811390928,0.003107119748526649,0.028791155014518108,0.03516119310004526,0.21795959878198296,0.08090887261310867,0.2406852249136624,220,38,38,0,0,5,1,0,176,19,38,38,44,,0.4318181818181818,0.08636363636363636,0.5,NOT_ESTIMABLE,,,PROVISIONAL_SMALL_REQUEST_N,0.36363636363636365,0.5,PROVISIONAL_SMALL_REQUEST_N,0.4,0.6111111111111112,NOT_PRIMARY; use physical units and frozen spans
10,f10-d26d41688df1,FORMAL_10K,HELDOUT_TRIPLE_AUDIT,STRICT_LUMPED,f12d43eace12231077007dc497fee8dad00fbe58cb2f1fe2c6159c47636b97a0,all_candidates,strict_valid,emx_minus_frozen_proxy,Lp_nH,nH,38,0.009218496197829931,0.011461948787800876,0.007402239404344234,0.008343002861775362,0.01741964907708318,0.018004258509204327,PROVISIONAL_SMALL_REQUEST_N,4,0.008092983666566222,0.010560862030617358,0.009566334543396646,0.013671123202306007,0.004550349893470251,0.00983605040730573,0.005969146830314909,0.010459146103602546,0.015418047896470477,0.019697218267022754,0.01555333475182404,0.031970048390266737,220,38,38,0,0,5,1,0,176,19,38,38,44,,0.4318181818181818,0.08636363636363636,0.5,NOT_ESTIMABLE,,,PROVISIONAL_SMALL_REQUEST_N,0.36363636363636365,0.5,PROVISIONAL_SMALL_REQUEST_N,0.4,0.6111111111111112,NOT_PRIMARY; use physical units and frozen spans
10,f10-d26d41688df1,FORMAL_10K,HELDOUT_TRIPLE_AUDIT,STRICT_LUMPED,f12d43eace12231077007dc497fee8dad00fbe58cb2f1fe2c6159c47636b97a0,all_candidates,strict_valid,emx_minus_frozen_proxy,Ls_nH,nH,38,0.01581964612382407,0.019803621322920618,0.01377389132635473,0.014002640655079057,0.0344145589469328,0.040256700813556257,PROVISIONAL_SMALL_REQUEST_N,4,0.0139227735203643,0.018148216841748797,0.017415928965875443,0.0230690123450576,0.01307297895528381,0.014841533720546442,0.013064936781019165,0.01629731048634353,0.026847510979508868,0.04073138749285632,0.03189055139769792,0.04261459079253371,220,38,38,0,0,5,1,0,176,19,38,38,44,,0.4318181818181818,0.08636363636363636,0.5,NOT_ESTIMABLE,,,PROVISIONAL_SMALL_REQUEST_N,0.36363636363636365,0.5,PROVISIONAL_SMALL_REQUEST_N,0.4,0.6111111111111112,NOT_PRIMARY; use physical units and frozen spans
10,f10-d26d41688df1,FORMAL_10K,HELDOUT_TRIPLE_AUDIT,STRICT_LUMPED,f12d43eace12231077007dc497fee8dad00fbe58cb2f1fe2c6159c47636b97a0,all_candidates,strict_valid,emx_minus_frozen_proxy,Qmin,dimensionless,38,0.14517830157547254,0.17193503515730083,-0.07188549019556108,0.1433317299793755,0.2654265240400321,0.31657442996808394,PROVISIONAL_SMALL_REQUEST_N,4,0.13976866044718572,0.14979926242129726,0.16351809428061095,0.18082827900914278,-0.11731731875258126,-0.04789232838594568,0.1329367518787663,0.15488779461892133,0.20469191175592452,0.30220027972840047,0.23041131454190594,0.3639153913190117,220,38,38,0,0,5,1,0,176,19,38,38,44,,0.4318181818181818,0.08636363636363636,0.5,NOT_ESTIMABLE,,,PROVISIONAL_SMALL_REQUEST_N,0.36363636363636365,0.5,PROVISIONAL_SMALL_REQUEST_N,0.4,0.6111111111111112,NOT_PRIMARY; use physical units and frozen spans
10,f10-d26d41688df1,FORMAL_10K,HELDOUT_TRIPLE_AUDIT,STRICT_LUMPED,f12d43eace12231077007dc497fee8dad00fbe58cb2f1fe2c6159c47636b97a0,all_candidates,strict_valid,emx_minus_frozen_proxy,K_abs,dimensionless,38,0.004472849746729943,0.006685745251389354,0.0011947963636048024,0.003122482005985694,0.011226416166447003,0.014198835549483743,PROVISIONAL_SMALL_REQUEST_N,4,0.002195103486179681,0.00653861296962182,0.0033529187960795585,0.009175067790952859,-0.00030681786399027535,0.0028632566164882222,0.000811230420448672,0.003756326132067056,0.004974591041017572,0.018556712306968703,0.006331471770008958,0.022284446695816536,220,38,38,0,0,5,1,0,176,19,38,38,44,,0.4318181818181818,0.08636363636363636,0.5,NOT_ESTIMABLE,,,PROVISIONAL_SMALL_REQUEST_N,0.36363636363636365,0.5,PROVISIONAL_SMALL_REQUEST_N,0.4,0.6111111111111112,NOT_PRIMARY; use physical units and frozen spans
10,f10-d26d41688df1,FORMAL_10K,HELDOUT_TRIPLE_AUDIT,STRICT_LUMPED,f12d43eace12231077007dc497fee8dad00fbe58cb2f1fe2c6159c47636b97a0,all_candidates,all_finite_diagnostic,emx_minus_target,Lp_nH,nH,38,0.14038030972878723,0.22580290655286123,-0.13291594825122027,0.02146443753205629,0.42215968422870115,0.5021463991691986,PROVISIONAL_SMALL_REQUEST_N,4,0.08942118036586783,0.18426755889549284,0.15119008377058143,0.2762292755432857,-0.17755757306360698,-0.08059975921583229,0.012596742500599944,0.10354890532776562,0.2747798462497981,0.4987952079125468,0.3216137665805372,0.5896642599383293,220,38,38,0,0,5,1,0,176,19,38,38,44,,0.4318181818181818,0.08636363636363636,0.5,NOT_ESTIMABLE,,,PROVISIONAL_SMALL_REQUEST_N,0.36363636363636365,0.5,PROVISIONAL_SMALL_REQUEST_N,0.4,0.6111111111111112,NOT_PRIMARY; use physical units and frozen spans
10,f10-d26d41688df1,FORMAL_10K,HELDOUT_TRIPLE_AUDIT,STRICT_LUMPED,f12d43eace12231077007dc497fee8dad00fbe58cb2f1fe2c6159c47636b97a0,all_candidates,all_finite_diagnostic,emx_minus_target,Ls_nH,nH,38,0.08434830843326266,0.1397706493793342,-0.0582563190967855,0.035606839357126496,0.3114676374376091,0.32550499931415966,PROVISIONAL_SMALL_REQUEST_N,4,0.02662052694678569,0.16849324241075608,0.03534792233037949,0.21997181409220704,-0.15544343830317944,0.02385700903967294,0.010681406242572633,0.14763974106420052,0.06012640652861556,0.3306527844650353,0.06195872247187334,0.3363851519360247,220,38,38,0,0,5,1,0,176,19,38,38,44,,0.4318181818181818,0.08636363636363636,0.5,NOT_ESTIMABLE,,,PROVISIONAL_SMALL_REQUEST_N,0.36363636363636365,0.5,PROVISIONAL_SMALL_REQUEST_N,0.4,0.6111111111111112,NOT_PRIMARY; use physical units and frozen spans
10,f10-d26d41688df1,FORMAL_10K,HELDOUT_TRIPLE_AUDIT,STRICT_LUMPED,f12d43eace12231077007dc497fee8dad00fbe58cb2f1fe2c6159c47636b97a0,all_candidates,all_finite_diagnostic,emx_minus_target,Qmin,dimensionless,38,1.878798093403536,2.7655987537368203,-1.789657848537782,0.7944959661360107,5.0194277969043215,5.293675818363678,PROVISIONAL_SMALL_REQUEST_N,4,1.2755257416250176,2.392106962410285,2.1031440891647493,3.2889830129079445,-2.245952487844788,-1.208817732860972,0.24968817072778293,2.01070616716477,4.6220245395193755,5.776711631094223,4.945613095931995,6.64511576675368,220,38,38,0,0,5,1,0,176,19,38,38,44,,0.4318181818181818,0.08636363636363636,0.5,NOT_ESTIMABLE,,,PROVISIONAL_SMALL_REQUEST_N,0.36363636363636365,0.5,PROVISIONAL_SMALL_REQUEST_N,0.4,0.6111111111111112,NOT_PRIMARY; use physical units and frozen spans
10,f10-d26d41688df1,FORMAL_10K,HELDOUT_TRIPLE_AUDIT,STRICT_LUMPED,f12d43eace12231077007dc497fee8dad00fbe58cb2f1fe2c6159c47636b97a0,all_candidates,all_finite_diagnostic,emx_minus_target,K_abs,dimensionless,38,0.04269028646761387,0.0748575654281134,-0.031072786976439302,0.013436530715507322,0.12086610229446103,0.18401690945965637,PROVISIONAL_SMALL_REQUEST_N,4,0.013795613034341143,0.07136991132441228,0.03233303183943203,0.10803872497653935,-0.06351375208271387,-0.005046604811390928,0.003107119748526649,0.028791155014518108,0.03516119310004526,0.21795959878198296,0.08090887261310867,0.2406852249136624,220,38,38,0,0,5,1,0,176,19,38,38,44,,0.4318181818181818,0.08636363636363636,0.5,NOT_ESTIMABLE,,,PROVISIONAL_SMALL_REQUEST_N,0.36363636363636365,0.5,PROVISIONAL_SMALL_REQUEST_N,0.4,0.6111111111111112,NOT_PRIMARY; use physical units and frozen spans
10,f10-d26d41688df1,FORMAL_10K,HELDOUT_TRIPLE_AUDIT,STRICT_LUMPED,f12d43eace12231077007dc497fee8dad00fbe58cb2f1fe2c6159c47636b97a0,all_candidates,all_finite_diagnostic,emx_minus_frozen_proxy,Lp_nH,nH,38,0.009218496197829931,0.011461948787800876,0.007402239404344234,0.008343002861775362,0.01741964907708318,0.018004258509204327,PROVISIONAL_SMALL_REQUEST_N,4,0.008092983666566222,0.010560862030617358,0.009566334543396646,0.013671123202306007,0.004550349893470251,0.00983605040730573,0.005969146830314909,0.010459146103602546,0.015418047896470477,0.019697218267022754,0.01555333475182404,0.031970048390266737,220,38,38,0,0,5,1,0,176,19,38,38,44,,0.4318181818181818,0.08636363636363636,0.5,NOT_ESTIMABLE,,,PROVISIONAL_SMALL_REQUEST_N,0.36363636363636365,0.5,PROVISIONAL_SMALL_REQUEST_N,0.4,0.6111111111111112,NOT_PRIMARY; use physical units and frozen spans
10,f10-d26d41688df1,FORMAL_10K,HELDOUT_TRIPLE_AUDIT,STRICT_LUMPED,f12d43eace12231077007dc497fee8dad00fbe58cb2f1fe2c6159c47636b97a0,all_candidates,all_finite_diagnostic,emx_minus_frozen_proxy,Ls_nH,nH,38,0.01581964612382407,0.019803621322920618,0.01377389132635473,0.014002640655079057,0.0344145589469328,0.040256700813556257,PROVISIONAL_SMALL_REQUEST_N,4,0.0139227735203643,0.018148216841748797,0.017415928965875443,0.0230690123450576,0.01307297895528381,0.014841533720546442,0.013064936781019165,0.01629731048634353,0.026847510979508868,0.04073138749285632,0.03189055139769792,0.04261459079253371,220,38,38,0,0,5,1,0,176,19,38,38,44,,0.4318181818181818,0.08636363636363636,0.5,NOT_ESTIMABLE,,,PROVISIONAL_SMALL_REQUEST_N,0.36363636363636365,0.5,PROVISIONAL_SMALL_REQUEST_N,0.4,0.6111111111111112,NOT_PRIMARY; use physical units and frozen spans
10,f10-d26d41688df1,FORMAL_10K,HELDOUT_TRIPLE_AUDIT,STRICT_LUMPED,f12d43eace12231077007dc497fee8dad00fbe58cb2f1fe2c6159c47636b97a0,all_candidates,all_finite_diagnostic,emx_minus_frozen_proxy,Qmin,dimensionless,38,0.14517830157547254,0.17193503515730083,-0.07188549019556108,0.1433317299793755,0.2654265240400321,0.31657442996808394,PROVISIONAL_SMALL_REQUEST_N,4,0.13976866044718572,0.14979926242129726,0.16351809428061095,0.18082827900914278,-0.11731731875258126,-0.04789232838594568,0.1329367518787663,0.15488779461892133,0.20469191175592452,0.30220027972840047,0.23041131454190594,0.3639153913190117,220,38,38,0,0,5,1,0,176,19,38,38,44,,0.4318181818181818,0.08636363636363636,0.5,NOT_ESTIMABLE,,,PROVISIONAL_SMALL_REQUEST_N,0.36363636363636365,0.5,PROVISIONAL_SMALL_REQUEST_N,0.4,0.6111111111111112,NOT_PRIMARY; use physical units and frozen spans
10,f10-d26d41688df1,FORMAL_10K,HELDOUT_TRIPLE_AUDIT,STRICT_LUMPED,f12d43eace12231077007dc497fee8dad00fbe58cb2f1fe2c6159c47636b97a0,all_candidates,all_finite_diagnostic,emx_minus_frozen_proxy,K_abs,dimensionless,38,0.004472849746729943,0.006685745251389354,0.0011947963636048024,0.003122482005985694,0.011226416166447003,0.014198835549483743,PROVISIONAL_SMALL_REQUEST_N,4,0.002195103486179681,0.00653861296962182,0.0033529187960795585,0.009175067790952859,-0.00030681786399027535,0.0028632566164882222,0.000811230420448672,0.003756326132067056,0.004974591041017572,0.018556712306968703,0.006331471770008958,0.022284446695816536,220,38,38,0,0,5,1,0,176,19,38,38,44,,0.4318181818181818,0.08636363636363636,0.5,NOT_ESTIMABLE,,,PROVISIONAL_SMALL_REQUEST_N,0.36363636363636365,0.5,PROVISIONAL_SMALL_REQUEST_N,0.4,0.6111111111111112,NOT_PRIMARY; use physical units and frozen spans
10,f10-d26d41688df1,FORMAL_10K,HELDOUT_TRIPLE_AUDIT,STRICT_LUMPED,f12d43eace12231077007dc497fee8dad00fbe58cb2f1fe2c6159c47636b97a0,selected_q_proxy,strict_valid,emx_minus_target,Lp_nH,nH,4,0.005561968510146342,0.008131951098008473,0.005076543643130815,0.002822147278004783,0.01217261022138423,0.013902669985964485,PROVISIONAL_SMALL_REQUEST_N,4,0.0012580731516821375,0.012110871455241867,0.0012904438564426564,0.013560371121837833,0.0002872234176510835,0.012110871455241867,0.000970849734031054,0.01563272975054475,0.001545296569333221,0.01563272975054475,0.001545296569333221,0.01563272975054475,20,4,4,0,0,0,0,0,16,4,4,4,4,,1.0,0.2,1.0,NOT_ESTIMABLE,,,PROVISIONAL_SMALL_REQUEST_N,1.0,1.0,PROVISIONAL_SMALL_REQUEST_N,1.0,1.0,NOT_PRIMARY; use physical units and frozen spans
10,f10-d26d41688df1,FORMAL_10K,HELDOUT_TRIPLE_AUDIT,STRICT_LUMPED,f12d43eace12231077007dc497fee8dad00fbe58cb2f1fe2c6159c47636b97a0,selected_q_proxy,strict_valid,emx_minus_target,Ls_nH,nH,4,0.008327592842743092,0.009259211644127088,0.004229651168004889,0.009218888240223766,0.012120526126299703,0.012523090339584396,PROVISIONAL_SMALL_REQUEST_N,4,0.00402067853598459,0.011743211752020921,0.00539138444514502,0.01192046707074162,-0.003586439229364524,0.011583773841920109,0.0019469403376557448,0.012925654552869092,0.007753407292976512,0.012925654552869092,0.008195883349476407,0.012925654552869092,20,4,4,0,0,0,0,0,16,4,4,4,4,,1.0,0.2,1.0,NOT_ESTIMABLE,,,PROVISIONAL_SMALL_REQUEST_N,1.0,1.0,PROVISIONAL_SMALL_REQUEST_N,1.0,1.0,NOT_PRIMARY; use physical units and frozen spans
10,f10-d26d41688df1,FORMAL_10K,HELDOUT_TRIPLE_AUDIT,STRICT_LUMPED,f12d43eace12231077007dc497fee8dad00fbe58cb2f1fe2c6159c47636b97a0,selected_q_proxy,strict_valid,emx_minus_target,Qmin,dimensionless,4,0.08964602566975843,0.09659697712665354,0.006130156742311765,0.08932456407490275,0.12767923162007602,0.12961471712122624,PROVISIONAL_SMALL_REQUEST_N,4,0.05419346705430783,0.12509858428520904,0.05450387885905395,0.12526483612463643,-0.08351586892744667,0.0957761824120702,0.04838477190685175,0.1315502026223765,0.06000216220176391,0.1315502026223765,0.06000216220176391,0.1315502026223765,20,4,4,0,0,0,0,0,16,4,4,4,4,,1.0,0.2,1.0,NOT_ESTIMABLE,,,PROVISIONAL_SMALL_REQUEST_N,1.0,1.0,PROVISIONAL_SMALL_REQUEST_N,1.0,1.0,NOT_PRIMARY; use physical units and frozen spans
10,f10-d26d41688df1,FORMAL_10K,HELDOUT_TRIPLE_AUDIT,STRICT_LUMPED,f12d43eace12231077007dc497fee8dad00fbe58cb2f1fe2c6159c47636b97a0,selected_q_proxy,strict_valid,emx_minus_target,K_abs,dimensionless,4,0.00692151381948438,0.010976900480092304,0.00529678036127481,0.002279843830979386,0.01599262776197173,0.01882337794788112,PROVISIONAL_SMALL_REQUEST_N,4,0.0016247334582095707,0.016684902958900627,0.0016318741443347986,0.01877406677478829,-0.0016247334582095707,0.01587253622979584,0.00147223948218822,0.02165412813379053,0.0017772274342309213,0.02165412813379053,0.0017772274342309213,0.02165412813379053,20,4,4,0,0,0,0,0,16,4,4,4,4,,1.0,0.2,1.0,NOT_ESTIMABLE,,,PROVISIONAL_SMALL_REQUEST_N,1.0,1.0,PROVISIONAL_SMALL_REQUEST_N,1.0,1.0,NOT_PRIMARY; use physical units and frozen spans
10,f10-d26d41688df1,FORMAL_10K,HELDOUT_TRIPLE_AUDIT,STRICT_LUMPED,f12d43eace12231077007dc497fee8dad00fbe58cb2f1fe2c6159c47636b97a0,selected_q_proxy,strict_valid,emx_minus_frozen_proxy,Lp_nH,nH,4,0.005994462847807469,0.008143872410153725,0.004366254240713796,0.003231650843053213,0.011829360561738424,0.013666419850499363,PROVISIONAL_SMALL_REQUEST_N,4,0.00232240722794419,0.012429330472425004,0.0023841910334272145,0.01352181297275512,-0.0016405917926607394,0.012130376995911019,0.002011070565863138,0.015503479139260312,0.0028828132196900835,0.015503479139260312,0.0030696152169387143,0.015503479139260312,20,4,4,0,0,0,0,0,16,4,4,4,4,,1.0,0.2,1.0,NOT_ESTIMABLE,,,PROVISIONAL_SMALL_REQUEST_N,1.0,1.0,PROVISIONAL_SMALL_REQUEST_N,1.0,1.0,NOT_PRIMARY; use physical units and frozen spans
10,f10-d26d41688df1,FORMAL_10K,HELDOUT_TRIPLE_AUDIT,STRICT_LUMPED,f12d43eace12231077007dc497fee8dad00fbe58cb2f1fe2c6159c47636b97a0,selected_q_proxy,strict_valid,emx_minus_frozen_proxy,Ls_nH,nH,4,0.007511064251732091,0.008488120927598326,0.005421786479066659,0.006794049440196126,0.011968318747231832,0.012516627764125498,PROVISIONAL_SMALL_REQUEST_N,4,0.0037848884454239062,0.011237240058040276,0.0038053060757122477,0.011505846836733679,-0.0007815308252328013,0.011237240058040276,0.003391221345516948,0.013064936781019165,0.004178555545330864,0.013064936781019165,0.004178555545330864,0.013064936781019165,20,4,4,0,0,0,0,0,16,4,4,4,4,,1.0,0.2,1.0,NOT_ESTIMABLE,,,PROVISIONAL_SMALL_REQUEST_N,1.0,1.0,PROVISIONAL_SMALL_REQUEST_N,1.0,1.0,NOT_PRIMARY; use physical units and frozen spans
10,f10-d26d41688df1,FORMAL_10K,HELDOUT_TRIPLE_AUDIT,STRICT_LUMPED,f12d43eace12231077007dc497fee8dad00fbe58cb2f1fe2c6159c47636b97a0,selected_q_proxy,strict_valid,emx_minus_frozen_proxy,Qmin,dimensionless,4,0.09031964053750441,0.10607378243403816,-0.019953074229978274,0.08782031919101918,0.1478641207271975,0.1493921896083715,PROVISIONAL_SMALL_REQUEST_N,4,0.03481258552270994,0.14582669555229888,0.03481271492757735,0.14591562465719207,-0.12186961018676756,0.09682297301954268,0.034717665278433785,0.1509202584895455,0.03490750576698609,0.1509202584895455,0.03490750576698609,0.1509202584895455,20,4,4,0,0,0,0,0,16,4,4,4,4,,1.0,0.2,1.0,NOT_ESTIMABLE,,,PROVISIONAL_SMALL_REQUEST_N,1.0,1.0,PROVISIONAL_SMALL_REQUEST_N,1.0,1.0,NOT_PRIMARY; use physical units and frozen spans
10,f10-d26d41688df1,FORMAL_10K,HELDOUT_TRIPLE_AUDIT,STRICT_LUMPED,f12d43eace12231077007dc497fee8dad00fbe58cb2f1fe2c6159c47636b97a0,selected_q_proxy,strict_valid,emx_minus_frozen_proxy,K_abs,dimensionless,4,0.007511080226518363,0.01147001974691814,0.005361078364778754,0.00305495924828543,0.01671555245181748,0.019598097847207743,PROVISIONAL_SMALL_REQUEST_N,4,0.001906237860177483,0.017572043571092176,0.002061056448322537,0.019520752226020486,-0.002150001861739609,0.01649704264022237,0.0014537591669045724,0.02248064324259802,0.002720699508068722,0.02248064324259802,0.0028462445565746453,0.02248064324259802,20,4,4,0,0,0,0,0,16,4,4,4,4,,1.0,0.2,1.0,NOT_ESTIMABLE,,,PROVISIONAL_SMALL_REQUEST_N,1.0,1.0,PROVISIONAL_SMALL_REQUEST_N,1.0,1.0,NOT_PRIMARY; use physical units and frozen spans
10,f10-d26d41688df1,FORMAL_10K,HELDOUT_TRIPLE_AUDIT,STRICT_LUMPED,f12d43eace12231077007dc497fee8dad00fbe58cb2f1fe2c6159c47636b97a0,selected_q_proxy,all_finite_diagnostic,emx_minus_target,Lp_nH,nH,4,0.005561968510146342,0.008131951098008473,0.005076543643130815,0.002822147278004783,0.01217261022138423,0.013902669985964485,PROVISIONAL_SMALL_REQUEST_N,4,0.0012580731516821375,0.012110871455241867,0.0012904438564426564,0.013560371121837833,0.0002872234176510835,0.012110871455241867,0.000970849734031054,0.01563272975054475,0.001545296569333221,0.01563272975054475,0.001545296569333221,0.01563272975054475,20,4,4,0,0,0,0,0,16,4,4,4,4,,1.0,0.2,1.0,NOT_ESTIMABLE,,,PROVISIONAL_SMALL_REQUEST_N,1.0,1.0,PROVISIONAL_SMALL_REQUEST_N,1.0,1.0,NOT_PRIMARY; use physical units and frozen spans
10,f10-d26d41688df1,FORMAL_10K,HELDOUT_TRIPLE_AUDIT,STRICT_LUMPED,f12d43eace12231077007dc497fee8dad00fbe58cb2f1fe2c6159c47636b97a0,selected_q_proxy,all_finite_diagnostic,emx_minus_target,Ls_nH,nH,4,0.008327592842743092,0.009259211644127088,0.004229651168004889,0.009218888240223766,0.012120526126299703,0.012523090339584396,PROVISIONAL_SMALL_REQUEST_N,4,0.00402067853598459,0.011743211752020921,0.00539138444514502,0.01192046707074162,-0.003586439229364524,0.011583773841920109,0.0019469403376557448,0.012925654552869092,0.007753407292976512,0.012925654552869092,0.008195883349476407,0.012925654552869092,20,4,4,0,0,0,0,0,16,4,4,4,4,,1.0,0.2,1.0,NOT_ESTIMABLE,,,PROVISIONAL_SMALL_REQUEST_N,1.0,1.0,PROVISIONAL_SMALL_REQUEST_N,1.0,1.0,NOT_PRIMARY; use physical units and frozen spans
10,f10-d26d41688df1,FORMAL_10K,HELDOUT_TRIPLE_AUDIT,STRICT_LUMPED,f12d43eace12231077007dc497fee8dad00fbe58cb2f1fe2c6159c47636b97a0,selected_q_proxy,all_finite_diagnostic,emx_minus_target,Qmin,dimensionless,4,0.08964602566975843,0.09659697712665354,0.006130156742311765,0.08932456407490275,0.12767923162007602,0.12961471712122624,PROVISIONAL_SMALL_REQUEST_N,4,0.05419346705430783,0.12509858428520904,0.05450387885905395,0.12526483612463643,-0.08351586892744667,0.0957761824120702,0.04838477190685175,0.1315502026223765,0.06000216220176391,0.1315502026223765,0.06000216220176391,0.1315502026223765,20,4,4,0,0,0,0,0,16,4,4,4,4,,1.0,0.2,1.0,NOT_ESTIMABLE,,,PROVISIONAL_SMALL_REQUEST_N,1.0,1.0,PROVISIONAL_SMALL_REQUEST_N,1.0,1.0,NOT_PRIMARY; use physical units and frozen spans
10,f10-d26d41688df1,FORMAL_10K,HELDOUT_TRIPLE_AUDIT,STRICT_LUMPED,f12d43eace12231077007dc497fee8dad00fbe58cb2f1fe2c6159c47636b97a0,selected_q_proxy,all_finite_diagnostic,emx_minus_target,K_abs,dimensionless,4,0.00692151381948438,0.010976900480092304,0.00529678036127481,0.002279843830979386,0.01599262776197173,0.01882337794788112,PROVISIONAL_SMALL_REQUEST_N,4,0.0016247334582095707,0.016684902958900627,0.0016318741443347986,0.01877406677478829,-0.0016247334582095707,0.01587253622979584,0.00147223948218822,0.02165412813379053,0.0017772274342309213,0.02165412813379053,0.0017772274342309213,0.02165412813379053,20,4,4,0,0,0,0,0,16,4,4,4,4,,1.0,0.2,1.0,NOT_ESTIMABLE,,,PROVISIONAL_SMALL_REQUEST_N,1.0,1.0,PROVISIONAL_SMALL_REQUEST_N,1.0,1.0,NOT_PRIMARY; use physical units and frozen spans
10,f10-d26d41688df1,FORMAL_10K,HELDOUT_TRIPLE_AUDIT,STRICT_LUMPED,f12d43eace12231077007dc497fee8dad00fbe58cb2f1fe2c6159c47636b97a0,selected_q_proxy,all_finite_diagnostic,emx_minus_frozen_proxy,Lp_nH,nH,4,0.005994462847807469,0.008143872410153725,0.004366254240713796,0.003231650843053213,0.011829360561738424,0.013666419850499363,PROVISIONAL_SMALL_REQUEST_N,4,0.00232240722794419,0.012429330472425004,0.0023841910334272145,0.01352181297275512,-0.0016405917926607394,0.012130376995911019,0.002011070565863138,0.015503479139260312,0.0028828132196900835,0.015503479139260312,0.0030696152169387143,0.015503479139260312,20,4,4,0,0,0,0,0,16,4,4,4,4,,1.0,0.2,1.0,NOT_ESTIMABLE,,,PROVISIONAL_SMALL_REQUEST_N,1.0,1.0,PROVISIONAL_SMALL_REQUEST_N,1.0,1.0,NOT_PRIMARY; use physical units and frozen spans
10,f10-d26d41688df1,FORMAL_10K,HELDOUT_TRIPLE_AUDIT,STRICT_LUMPED,f12d43eace12231077007dc497fee8dad00fbe58cb2f1fe2c6159c47636b97a0,selected_q_proxy,all_finite_diagnostic,emx_minus_frozen_proxy,Ls_nH,nH,4,0.007511064251732091,0.008488120927598326,0.005421786479066659,0.006794049440196126,0.011968318747231832,0.012516627764125498,PROVISIONAL_SMALL_REQUEST_N,4,0.0037848884454239062,0.011237240058040276,0.0038053060757122477,0.011505846836733679,-0.0007815308252328013,0.011237240058040276,0.003391221345516948,0.013064936781019165,0.004178555545330864,0.013064936781019165,0.004178555545330864,0.013064936781019165,20,4,4,0,0,0,0,0,16,4,4,4,4,,1.0,0.2,1.0,NOT_ESTIMABLE,,,PROVISIONAL_SMALL_REQUEST_N,1.0,1.0,PROVISIONAL_SMALL_REQUEST_N,1.0,1.0,NOT_PRIMARY; use physical units and frozen spans
10,f10-d26d41688df1,FORMAL_10K,HELDOUT_TRIPLE_AUDIT,STRICT_LUMPED,f12d43eace12231077007dc497fee8dad00fbe58cb2f1fe2c6159c47636b97a0,selected_q_proxy,all_finite_diagnostic,emx_minus_frozen_proxy,Qmin,dimensionless,4,0.09031964053750441,0.10607378243403816,-0.019953074229978274,0.08782031919101918,0.1478641207271975,0.1493921896083715,PROVISIONAL_SMALL_REQUEST_N,4,0.03481258552270994,0.14582669555229888,0.03481271492757735,0.14591562465719207,-0.12186961018676756,0.09682297301954268,0.034717665278433785,0.1509202584895455,0.03490750576698609,0.1509202584895455,0.03490750576698609,0.1509202584895455,20,4,4,0,0,0,0,0,16,4,4,4,4,,1.0,0.2,1.0,NOT_ESTIMABLE,,,PROVISIONAL_SMALL_REQUEST_N,1.0,1.0,PROVISIONAL_SMALL_REQUEST_N,1.0,1.0,NOT_PRIMARY; use physical units and frozen spans
10,f10-d26d41688df1,FORMAL_10K,HELDOUT_TRIPLE_AUDIT,STRICT_LUMPED,f12d43eace12231077007dc497fee8dad00fbe58cb2f1fe2c6159c47636b97a0,selected_q_proxy,all_finite_diagnostic,emx_minus_frozen_proxy,K_abs,dimensionless,4,0.007511080226518363,0.01147001974691814,0.005361078364778754,0.00305495924828543,0.01671555245181748,0.019598097847207743,PROVISIONAL_SMALL_REQUEST_N,4,0.001906237860177483,0.017572043571092176,0.002061056448322537,0.019520752226020486,-0.002150001861739609,0.01649704264022237,0.0014537591669045724,0.02248064324259802,0.002720699508068722,0.02248064324259802,0.0028462445565746453,0.02248064324259802,20,4,4,0,0,0,0,0,16,4,4,4,4,,1.0,0.2,1.0,NOT_ESTIMABLE,,,PROVISIONAL_SMALL_REQUEST_N,1.0,1.0,PROVISIONAL_SMALL_REQUEST_N,1.0,1.0,NOT_PRIMARY; use physical units and frozen spans
20,f20-4d6b0c6066ee,FORMAL_10K,HELDOUT_TRIPLE_AUDIT,STRICT_LUMPED,f12d43eace12231077007dc497fee8dad00fbe58cb2f1fe2c6159c47636b97a0,all_candidates,strict_valid,emx_minus_target,Lp_nH,nH,29,0.06867585698155468,0.10255816459525029,0.05660795174157856,0.03914198474720543,0.22304702610216853,0.24397734933668536,PROVISIONAL_SMALL_REQUEST_N,4,0.035034106846547064,0.13055569713104845,0.042484202924716295,0.1644024650242542,-0.0018945486396089672,0.12581804526663895,0.034466351554269026,0.14749735271244102,0.06783274542836082,0.24859542721849018,0.0745724303834471,0.2515658081081664,220,37,29,8,5,5,0,0,173,8,37,37,44,,0.18181818181818182,0.03636363636363636,0.27586206896551724,NOT_ESTIMABLE,,,PROVISIONAL_SMALL_REQUEST_N,0.045454545454545456,0.3181818181818182,PROVISIONAL_SMALL_REQUEST_N,0.08,0.42857142857142855,NOT_PRIMARY; use physical units and frozen spans
20,f20-4d6b0c6066ee,FORMAL_10K,HELDOUT_TRIPLE_AUDIT,STRICT_LUMPED,f12d43eace12231077007dc497fee8dad00fbe58cb2f1fe2c6159c47636b97a0,all_candidates,strict_valid,emx_minus_target,Ls_nH,nH,29,0.03172405701881119,0.039630253490028106,-0.004219381334503112,0.025024096423339692,0.0634447020086093,0.07457246048451041,PROVISIONAL_SMALL_REQUEST_N,4,0.027513698696418242,0.038308325165999024,0.031454631442955225,0.04588435691471166,-0.020739889666331463,0.016544648151447915,0.02074870466494383,0.02861038533178084,0.03472058956162013,0.07569682386856078,0.05698788597556502,0.10540424043741037,220,37,29,8,5,5,0,0,173,8,37,37,44,,0.18181818181818182,0.03636363636363636,0.27586206896551724,NOT_ESTIMABLE,,,PROVISIONAL_SMALL_REQUEST_N,0.045454545454545456,0.3181818181818182,PROVISIONAL_SMALL_REQUEST_N,0.08,0.42857142857142855,NOT_PRIMARY; use physical units and frozen spans
20,f20-4d6b0c6066ee,FORMAL_10K,HELDOUT_TRIPLE_AUDIT,STRICT_LUMPED,f12d43eace12231077007dc497fee8dad00fbe58cb2f1fe2c6159c47636b97a0,all_candidates,strict_valid,emx_minus_target,Qmin,dimensionless,29,1.9643162568770869,2.7024683609817397,-0.4302957398809507,1.2480452727522362,5.23866565979949,5.512548757695384,PROVISIONAL_SMALL_REQUEST_N,4,1.3665614715646714,2.611475970423381,1.9738389767264115,3.418941993790448,-2.2262307486638364,0.7961244660285455,0.9486290772088486,2.601335144358126,2.8607862091744574,5.789521414051865,3.6209378687042575,6.498872553239231,220,37,29,8,5,5,0,0,173,8,37,37,44,,0.18181818181818182,0.03636363636363636,0.27586206896551724,NOT_ESTIMABLE,,,PROVISIONAL_SMALL_REQUEST_N,0.045454545454545456,0.3181818181818182,PROVISIONAL_SMALL_REQUEST_N,0.08,0.42857142857142855,NOT_PRIMARY; use physical units and frozen spans
20,f20-4d6b0c6066ee,FORMAL_10K,HELDOUT_TRIPLE_AUDIT,STRICT_LUMPED,f12d43eace12231077007dc497fee8dad00fbe58cb2f1fe2c6159c47636b97a0,all_candidates,strict_valid,emx_minus_target,K_abs,dimensionless,29,0.025607612343187456,0.035488203950918604,-0.0003682439082895876,0.012863615875956136,0.05353965215836937,0.07467746517828898,PROVISIONAL_SMALL_REQUEST_N,4,0.019823514784338744,0.03249800253062996,0.026230819699185098,0.04548444389261763,-0.01865336949526272,0.01669787330621867,0.01002465149130699,0.02080077345231851,0.041929252693614166,0.0754758346933942,0.04432159404638847,0.09931020455643275,220,37,29,8,5,5,0,0,173,8,37,37,44,,0.18181818181818182,0.03636363636363636,0.27586206896551724,NOT_ESTIMABLE,,,PROVISIONAL_SMALL_REQUEST_N,0.045454545454545456,0.3181818181818182,PROVISIONAL_SMALL_REQUEST_N,0.08,0.42857142857142855,NOT_PRIMARY; use physical units and frozen spans
20,f20-4d6b0c6066ee,FORMAL_10K,HELDOUT_TRIPLE_AUDIT,STRICT_LUMPED,f12d43eace12231077007dc497fee8dad00fbe58cb2f1fe2c6159c47636b97a0,all_candidates,strict_valid,emx_minus_frozen_proxy,Lp_nH,nH,29,0.017629444479815178,0.02171383377756085,0.011009251770675656,0.016090760694089212,0.036489595299288524,0.03910036481296676,PROVISIONAL_SMALL_REQUEST_N,4,0.011589034107506264,0.02588120223862176,0.0152045069639853,0.028804724721367483,0.0010058283848349875,0.023886597472444614,0.007625361764202143,0.030530743126850002,0.023863539773629483,0.04075875531152793,0.02545435156701269,0.041572862899466934,220,37,29,8,5,5,0,0,173,8,37,37,44,,0.18181818181818182,0.03636363636363636,0.27586206896551724,NOT_ESTIMABLE,,,PROVISIONAL_SMALL_REQUEST_N,0.045454545454545456,0.3181818181818182,PROVISIONAL_SMALL_REQUEST_N,0.08,0.42857142857142855,NOT_PRIMARY; use physical units and frozen spans
20,f20-4d6b0c6066ee,FORMAL_10K,HELDOUT_TRIPLE_AUDIT,STRICT_LUMPED,f12d43eace12231077007dc497fee8dad00fbe58cb2f1fe2c6159c47636b97a0,all_candidates,strict_valid,emx_minus_frozen_proxy,Ls_nH,nH,29,0.009585296203098715,0.013028389189124655,-0.0023477002239762805,0.00631555719128829,0.025098130388732896,0.027875645124362376,PROVISIONAL_SMALL_REQUEST_N,4,0.006790965480061622,0.011475082796923908,0.009463860683965545,0.014611840211081901,-0.005350480407567824,0.00054751463948877,0.004220021228732329,0.010503638035284868,0.012716838745455875,0.02675124068860002,0.022124449759468867,0.029466817239584886,220,37,29,8,5,5,0,0,173,8,37,37,44,,0.18181818181818182,0.03636363636363636,0.27586206896551724,NOT_ESTIMABLE,,,PROVISIONAL_SMALL_REQUEST_N,0.045454545454545456,0.3181818181818182,PROVISIONAL_SMALL_REQUEST_N,0.08,0.42857142857142855,NOT_PRIMARY; use physical units and frozen spans
20,f20-4d6b0c6066ee,FORMAL_10K,HELDOUT_TRIPLE_AUDIT,STRICT_LUMPED,f12d43eace12231077007dc497fee8dad00fbe58cb2f1fe2c6159c47636b97a0,all_candidates,strict_valid,emx_minus_frozen_proxy,Qmin,dimensionless,29,0.31030480563044466,0.38232786167841526,-0.15543177330085572,0.2380276123673255,0.5646697556303323,0.5812333859434368,PROVISIONAL_SMALL_REQUEST_N,4,0.17263919384871765,0.47179621231645813,0.2230365287431815,0.520399600963713,-0.3088918738878667,-0.024793930319881547,0.15278816574856613,0.5589916766848795,0.2212631449970388,0.5864309758254542,0.4876371615306369,0.9105015165902905,220,37,29,8,5,5,0,0,173,8,37,37,44,,0.18181818181818182,0.03636363636363636,0.27586206896551724,NOT_ESTIMABLE,,,PROVISIONAL_SMALL_REQUEST_N,0.045454545454545456,0.3181818181818182,PROVISIONAL_SMALL_REQUEST_N,0.08,0.42857142857142855,NOT_PRIMARY; use physical units and frozen spans
20,f20-4d6b0c6066ee,FORMAL_10K,HELDOUT_TRIPLE_AUDIT,STRICT_LUMPED,f12d43eace12231077007dc497fee8dad00fbe58cb2f1fe2c6159c47636b97a0,all_candidates,strict_valid,emx_minus_frozen_proxy,K_abs,dimensionless,29,0.019165003154817953,0.028927603458038118,0.004307742890470768,0.015266775926737752,0.03539200416375847,0.06251342487077044,PROVISIONAL_SMALL_REQUEST_N,4,0.009471227085040947,0.02742227866325757,0.015035001218936507,0.03995634837409131,-0.00825964521386589,0.018957544540461918,0.0020355613102379794,0.021276767994928433,0.025327131328594765,0.0757286559935263,0.03258575045745702,0.09166255205369067,220,37,29,8,5,5,0,0,173,8,37,37,44,,0.18181818181818182,0.03636363636363636,0.27586206896551724,NOT_ESTIMABLE,,,PROVISIONAL_SMALL_REQUEST_N,0.045454545454545456,0.3181818181818182,PROVISIONAL_SMALL_REQUEST_N,0.08,0.42857142857142855,NOT_PRIMARY; use physical units and frozen spans
20,f20-4d6b0c6066ee,FORMAL_10K,HELDOUT_TRIPLE_AUDIT,STRICT_LUMPED,f12d43eace12231077007dc497fee8dad00fbe58cb2f1fe2c6159c47636b97a0,all_candidates,all_finite_diagnostic,emx_minus_target,Lp_nH,nH,37,0.07298621533856939,0.10706403873258648,0.06352758690723675,0.03914198474720543,0.2268263009135281,0.24859542721849015,PROVISIONAL_SMALL_REQUEST_N,4,0.03956879734675436,0.11115152641084566,0.05001486902948613,0.1482630442312341,0.036602332111996705,0.10733508463118246,0.03873797008294033,0.060170740416254476,0.06783274542836082,0.24970932005211877,0.09619514363528549,0.25224815271562395,220,37,29,8,5,5,0,0,173,8,37,37,44,,0.18181818181818182,0.03636363636363636,0.27586206896551724,NOT_ESTIMABLE,,,PROVISIONAL_SMALL_REQUEST_N,0.045454545454545456,0.3181818181818182,PROVISIONAL_SMALL_REQUEST_N,0.08,0.42857142857142855,NOT_PRIMARY; use physical units and frozen spans
20,f20-4d6b0c6066ee,FORMAL_10K,HELDOUT_TRIPLE_AUDIT,STRICT_LUMPED,f12d43eace12231077007dc497fee8dad00fbe58cb2f1fe2c6159c47636b97a0,all_candidates,all_finite_diagnostic,emx_minus_target,Ls_nH,nH,37,0.031106385520665258,0.038783622463716555,-0.001480961556173115,0.0231320484025328,0.06400818090415984,0.07007500694830897,PROVISIONAL_SMALL_REQUEST_N,4,0.026628745236720413,0.038398043034898875,0.030920939848696205,0.04510258694656854,-0.01881503237635915,0.010125653474752139,0.02078516847477041,0.028135080638512777,0.05059651683815558,0.07119937033235942,0.05855401639591973,0.10540424043741037,220,37,29,8,5,5,0,0,173,8,37,37,44,,0.18181818181818182,0.03636363636363636,0.27586206896551724,NOT_ESTIMABLE,,,PROVISIONAL_SMALL_REQUEST_N,0.045454545454545456,0.3181818181818182,PROVISIONAL_SMALL_REQUEST_N,0.08,0.42857142857142855,NOT_PRIMARY; use physical units and frozen spans
20,f20-4d6b0c6066ee,FORMAL_10K,HELDOUT_TRIPLE_AUDIT,STRICT_LUMPED,f12d43eace12231077007dc497fee8dad00fbe58cb2f1fe2c6159c47636b97a0,all_candidates,all_finite_diagnostic,emx_minus_target,Qmin,dimensionless,37,1.6941836030236657,2.4298397243662513,-0.29990676213721035,1.1151313859020924,4.477289788979453,5.412913886135744,PROVISIONAL_SMALL_REQUEST_N,4,1.2073082575560237,2.1761233315990838,1.642914299569486,3.0145412189448355,-1.6847502808476302,0.7491782270139193,0.7821267685156048,1.3753179997512355,2.290819451626887,5.487640039805475,2.9700110843544163,6.498872553239231,220,37,29,8,5,5,0,0,173,8,37,37,44,,0.18181818181818182,0.03636363636363636,0.27586206896551724,NOT_ESTIMABLE,,,PROVISIONAL_SMALL_REQUEST_N,0.045454545454545456,0.3181818181818182,PROVISIONAL_SMALL_REQUEST_N,0.08,0.42857142857142855,NOT_PRIMARY; use physical units and frozen spans
20,f20-4d6b0c6066ee,FORMAL_10K,HELDOUT_TRIPLE_AUDIT,STRICT_LUMPED,f12d43eace12231077007dc497fee8dad00fbe58cb2f1fe2c6159c47636b97a0,all_candidates,all_finite_diagnostic,emx_minus_target,K_abs,dimensionless,37,0.024678445455066346,0.03426173327127165,0.004182301542700429,0.01342829840576043,0.054924863698845174,0.07387909566318376,PROVISIONAL_SMALL_REQUEST_N,4,0.017989679562548606,0.03221507108512063,0.02494499255007725,0.04402776912638552,-0.009643304997482558,0.018971814331245486,0.010546396973324976,0.020092691220532144,0.041929252693614166,0.07447787279951268,0.0435540107988262,0.09931020455643275,220,37,29,8,5,5,0,0,173,8,37,37,44,,0.18181818181818182,0.03636363636363636,0.27586206896551724,NOT_ESTIMABLE,,,PROVISIONAL_SMALL_REQUEST_N,0.045454545454545456,0.3181818181818182,PROVISIONAL_SMALL_REQUEST_N,0.08,0.42857142857142855,NOT_PRIMARY; use physical units and frozen spans
20,f20-4d6b0c6066ee,FORMAL_10K,HELDOUT_TRIPLE_AUDIT,STRICT_LUMPED,f12d43eace12231077007dc497fee8dad00fbe58cb2f1fe2c6159c47636b97a0,all_candidates,all_finite_diagnostic,emx_minus_frozen_proxy,Lp_nH,nH,37,0.020595937718748503,0.02554183905780598,0.015010640858027485,0.017453777874134047,0.03845829560483728,0.044083951747581895,PROVISIONAL_SMALL_REQUEST_N,4,0.013318149429926445,0.028161582098261383,0.017651392883309736,0.03218045336267791,0.004925056292161579,0.025656535677552605,0.010093659395159937,0.02713611944365535,0.026691986266032912,0.05412830714004202,0.03313984979284473,0.06226646007709635,220,37,29,8,5,5,0,0,173,8,37,37,44,,0.18181818181818182,0.03636363636363636,0.27586206896551724,NOT_ESTIMABLE,,,PROVISIONAL_SMALL_REQUEST_N,0.045454545454545456,0.3181818181818182,PROVISIONAL_SMALL_REQUEST_N,0.08,0.42857142857142855,NOT_PRIMARY; use physical units and frozen spans
20,f20-4d6b0c6066ee,FORMAL_10K,HELDOUT_TRIPLE_AUDIT,STRICT_LUMPED,f12d43eace12231077007dc497fee8dad00fbe58cb2f1fe2c6159c47636b97a0,all_candidates,all_finite_diagnostic,emx_minus_frozen_proxy,Ls_nH,nH,37,0.009929815846916684,0.013324431233212107,0.0001757527736096333,0.006598795112728428,0.025458940559546048,0.02890549237534121,PROVISIONAL_SMALL_REQUEST_N,4,0.008339782447918097,0.011436163277546924,0.010897738564113699,0.015271756869715348,-0.004120331154469951,0.004685428989077718,0.005194417518937566,0.010503638035284868,0.01652613976576056,0.027653266115632902,0.019872448563179088,0.0297923123653685,220,37,29,8,5,5,0,0,173,8,37,37,44,,0.18181818181818182,0.03636363636363636,0.27586206896551724,NOT_ESTIMABLE,,,PROVISIONAL_SMALL_REQUEST_N,0.045454545454545456,0.3181818181818182,PROVISIONAL_SMALL_REQUEST_N,0.08,0.42857142857142855,NOT_PRIMARY; use physical units and frozen spans
20,f20-4d6b0c6066ee,FORMAL_10K,HELDOUT_TRIPLE_AUDIT,STRICT_LUMPED,f12d43eace12231077007dc497fee8dad00fbe58cb2f1fe2c6159c47636b97a0,all_candidates,all_finite_diagnostic,emx_minus_frozen_proxy,Qmin,dimensionless,37,0.3703984846598485,0.4691665281231265,-0.12052701541661279,0.2748887815780776,0.5957511632261961,0.9579356643620707,PROVISIONAL_SMALL_REQUEST_N,4,0.2711235938882886,0.485311626090398,0.32861998543740867,0.5817839781111123,-0.3214710816686657,0.06984104734849002,0.18443704742639788,0.5589916766848795,0.5257280207670271,1.147672255449196,0.5641218027872024,1.2292909567716244,220,37,29,8,5,5,0,0,173,8,37,37,44,,0.18181818181818182,0.03636363636363636,0.27586206896551724,NOT_ESTIMABLE,,,PROVISIONAL_SMALL_REQUEST_N,0.045454545454545456,0.3181818181818182,PROVISIONAL_SMALL_REQUEST_N,0.08,0.42857142857142855,NOT_PRIMARY; use physical units and frozen spans
20,f20-4d6b0c6066ee,FORMAL_10K,HELDOUT_TRIPLE_AUDIT,STRICT_LUMPED,f12d43eace12231077007dc497fee8dad00fbe58cb2f1fe2c6159c47636b97a0,all_candidates,all_finite_diagnostic,emx_minus_frozen_proxy,K_abs,dimensionless,37,0.021341518052104887,0.03006577489762897,0.009696638385454391,0.016387465918525274,0.04313146127212907,0.06693192669059307,PROVISIONAL_SMALL_REQUEST_N,4,0.013361467270532392,0.030518887202534407,0.0184861289714699,0.042295717924286165,-0.005060451690127886,0.022927470266559464,0.011318510546122679,0.02339435545263724,0.032892840811407954,0.0757286559935263,0.03299592352060333,0.09166255205369067,220,37,29,8,5,5,0,0,173,8,37,37,44,,0.18181818181818182,0.03636363636363636,0.27586206896551724,NOT_ESTIMABLE,,,PROVISIONAL_SMALL_REQUEST_N,0.045454545454545456,0.3181818181818182,PROVISIONAL_SMALL_REQUEST_N,0.08,0.42857142857142855,NOT_PRIMARY; use physical units and frozen spans
20,f20-4d6b0c6066ee,FORMAL_10K,HELDOUT_TRIPLE_AUDIT,STRICT_LUMPED,f12d43eace12231077007dc497fee8dad00fbe58cb2f1fe2c6159c47636b97a0,selected_q_proxy,strict_valid,emx_minus_target,Lp_nH,nH,2,0.010970564923147741,0.01177565661358156,0.004279345037267679,0.010970564923147741,0.014394040952961883,0.014821975456688652,PROVISIONAL_SMALL_REQUEST_N,2,0.006691219885880062,0.01524990996041542,0.006691219885880062,0.01524990996041542,-0.006691219885880062,0.01524990996041542,0.006691219885880062,0.01524990996041542,0.006691219885880062,0.01524990996041542,0.006691219885880062,0.01524990996041542,20,4,2,2,0,0,0,0,16,1,4,4,4,,0.25,0.05,0.5,NOT_ESTIMABLE,,,PROVISIONAL_SMALL_REQUEST_N,0.0,0.75,PROVISIONAL_SMALL_REQUEST_N,0.0,1.0,NOT_PRIMARY; use physical units and frozen spans
20,f20-4d6b0c6066ee,FORMAL_10K,HELDOUT_TRIPLE_AUDIT,STRICT_LUMPED,f12d43eace12231077007dc497fee8dad00fbe58cb2f1fe2c6159c47636b97a0,selected_q_proxy,strict_valid,emx_minus_target,Ls_nH,nH,2,0.026199814024455037,0.02659793164137686,-0.026199814024455037,0.026199814024455037,0.029867594840879086,0.030326067442932092,PROVISIONAL_SMALL_REQUEST_N,2,0.021615088003924976,0.030784540044985098,0.021615088003924976,0.030784540044985098,-0.030784540044985098,-0.021615088003924976,0.021615088003924976,0.030784540044985098,0.021615088003924976,0.030784540044985098,0.021615088003924976,0.030784540044985098,20,4,2,2,0,0,0,0,16,1,4,4,4,,0.25,0.05,0.5,NOT_ESTIMABLE,,,PROVISIONAL_SMALL_REQUEST_N,0.0,0.75,PROVISIONAL_SMALL_REQUEST_N,0.0,1.0,NOT_PRIMARY; use physical units and frozen spans
20,f20-4d6b0c6066ee,FORMAL_10K,HELDOUT_TRIPLE_AUDIT,STRICT_LUMPED,f12d43eace12231077007dc497fee8dad00fbe58cb2f1fe2c6159c47636b97a0,selected_q_proxy,strict_valid,emx_minus_target,Qmin,dimensionless,2,0.2635208718990496,0.3313714068174012,-0.2635208718990496,0.2635208718990496,0.42424674402613843,0.4443374780420245,PROVISIONAL_SMALL_REQUEST_N,2,0.06261353174018858,0.4644282120579106,0.06261353174018858,0.4644282120579106,-0.4644282120579106,-0.06261353174018858,0.06261353174018858,0.4644282120579106,0.06261353174018858,0.4644282120579106,0.06261353174018858,0.4644282120579106,20,4,2,2,0,0,0,0,16,1,4,4,4,,0.25,0.05,0.5,NOT_ESTIMABLE,,,PROVISIONAL_SMALL_REQUEST_N,0.0,0.75,PROVISIONAL_SMALL_REQUEST_N,0.0,1.0,NOT_PRIMARY; use physical units and frozen spans
20,f20-4d6b0c6066ee,FORMAL_10K,HELDOUT_TRIPLE_AUDIT,STRICT_LUMPED,f12d43eace12231077007dc497fee8dad00fbe58cb2f1fe2c6159c47636b97a0,selected_q_proxy,strict_valid,emx_minus_target,K_abs,dimensionless,2,0.02297748843337409,0.02943447464866566,0.018396285579896324,0.02297748843337409,0.03769451689729115,0.03953414545528078,PROVISIONAL_SMALL_REQUEST_N,2,0.004581202853477767,0.041373774013270415,0.004581202853477767,0.041373774013270415,-0.004581202853477767,0.041373774013270415,0.004581202853477767,0.041373774013270415,0.004581202853477767,0.041373774013270415,0.004581202853477767,0.041373774013270415,20,4,2,2,0,0,0,0,16,1,4,4,4,,0.25,0.05,0.5,NOT_ESTIMABLE,,,PROVISIONAL_SMALL_REQUEST_N,0.0,0.75,PROVISIONAL_SMALL_REQUEST_N,0.0,1.0,NOT_PRIMARY; use physical units and frozen spans
20,f20-4d6b0c6066ee,FORMAL_10K,HELDOUT_TRIPLE_AUDIT,STRICT_LUMPED,f12d43eace12231077007dc497fee8dad00fbe58cb2f1fe2c6159c47636b97a0,selected_q_proxy,strict_valid,emx_minus_frozen_proxy,Lp_nH,nH,2,0.004158180410112455,0.005414038313975086,-0.004158180410112455,0.004158180410112455,0.006931925493384206,0.007278643628793174,PROVISIONAL_SMALL_REQUEST_N,2,0.0006909990560227675,0.007625361764202143,0.0006909990560227675,0.007625361764202143,-0.007625361764202143,-0.0006909990560227675,0.0006909990560227675,0.007625361764202143,0.0006909990560227675,0.007625361764202143,0.0006909990560227675,0.007625361764202143,20,4,2,2,0,0,0,0,16,1,4,4,4,,0.25,0.05,0.5,NOT_ESTIMABLE,,,PROVISIONAL_SMALL_REQUEST_N,0.0,0.75,PROVISIONAL_SMALL_REQUEST_N,0.0,1.0,NOT_PRIMARY; use physical units and frozen spans
20,f20-4d6b0c6066ee,FORMAL_10K,HELDOUT_TRIPLE_AUDIT,STRICT_LUMPED,f12d43eace12231077007dc497fee8dad00fbe58cb2f1fe2c6159c47636b97a0,selected_q_proxy,strict_valid,emx_minus_frozen_proxy,Ls_nH,nH,2,0.023185500471332277,0.023237374564094974,-0.023185500471332277,0.023185500471332277,0.02442695626860225,0.024582138243260998,PROVISIONAL_SMALL_REQUEST_N,2,0.021633680724744808,0.024737320217919745,0.021633680724744808,0.024737320217919745,-0.024737320217919745,-0.021633680724744808,0.021633680724744808,0.024737320217919745,0.021633680724744808,0.024737320217919745,0.021633680724744808,0.024737320217919745,20,4,2,2,0,0,0,0,16,1,4,4,4,,0.25,0.05,0.5,NOT_ESTIMABLE,,,PROVISIONAL_SMALL_REQUEST_N,0.0,0.75,PROVISIONAL_SMALL_REQUEST_N,0.0,1.0,NOT_PRIMARY; use physical units and frozen spans
20,f20-4d6b0c6066ee,FORMAL_10K,HELDOUT_TRIPLE_AUDIT,STRICT_LUMPED,f12d43eace12231077007dc497fee8dad00fbe58cb2f1fe2c6159c47636b97a0,selected_q_proxy,strict_valid,emx_minus_frozen_proxy,Qmin,dimensionless,2,0.33533922364465507,0.4112699193394703,-0.33533922364465507,0.33533922364465507,0.5258174456252596,0.549627223372835,PROVISIONAL_SMALL_REQUEST_N,2,0.09724144616889951,0.5734370011204106,0.09724144616889951,0.5734370011204106,-0.5734370011204106,-0.09724144616889951,0.09724144616889951,0.5734370011204106,0.09724144616889951,0.5734370011204106,0.09724144616889951,0.5734370011204106,20,4,2,2,0,0,0,0,16,1,4,4,4,,0.25,0.05,0.5,NOT_ESTIMABLE,,,PROVISIONAL_SMALL_REQUEST_N,0.0,0.75,PROVISIONAL_SMALL_REQUEST_N,0.0,1.0,NOT_PRIMARY; use physical units and frozen spans
20,f20-4d6b0c6066ee,FORMAL_10K,HELDOUT_TRIPLE_AUDIT,STRICT_LUMPED,f12d43eace12231077007dc497fee8dad00fbe58cb2f1fe2c6159c47636b97a0,selected_q_proxy,strict_valid,emx_minus_frozen_proxy,K_abs,dimensionless,2,0.019635166389467343,0.023733908779994515,0.013332616653719279,0.019635166389467343,0.030301259712442765,0.031634521377814695,PROVISIONAL_SMALL_REQUEST_N,2,0.006302549735748064,0.03296778304318662,0.006302549735748064,0.03296778304318662,-0.006302549735748064,0.03296778304318662,0.006302549735748064,0.03296778304318662,0.006302549735748064,0.03296778304318662,0.006302549735748064,0.03296778304318662,20,4,2,2,0,0,0,0,16,1,4,4,4,,0.25,0.05,0.5,NOT_ESTIMABLE,,,PROVISIONAL_SMALL_REQUEST_N,0.0,0.75,PROVISIONAL_SMALL_REQUEST_N,0.0,1.0,NOT_PRIMARY; use physical units and frozen spans
20,f20-4d6b0c6066ee,FORMAL_10K,HELDOUT_TRIPLE_AUDIT,STRICT_LUMPED,f12d43eace12231077007dc497fee8dad00fbe58cb2f1fe2c6159c47636b97a0,selected_q_proxy,all_finite_diagnostic,emx_minus_target,Lp_nH,nH,4,0.026631912546173503,0.031438601084504636,0.023286302603233472,0.02525785016157872,0.045104248091782165,0.04721248903371933,PROVISIONAL_SMALL_REQUEST_N,4,0.010970564923147741,0.042293260169199265,0.01177565661358156,0.04338825581247662,0.003798032676275459,0.042293260169199265,0.006691219885880062,0.04932072997565651,0.01524990996041542,0.04932072997565651,0.01524990996041542,0.04932072997565651,20,4,2,2,0,0,0,0,16,1,4,4,4,,0.25,0.05,0.5,NOT_ESTIMABLE,,,PROVISIONAL_SMALL_REQUEST_N,0.0,0.75,PROVISIONAL_SMALL_REQUEST_N,0.0,1.0,NOT_PRIMARY; use physical units and frozen spans
20,f20-4d6b0c6066ee,FORMAL_10K,HELDOUT_TRIPLE_AUDIT,STRICT_LUMPED,f12d43eace12231077007dc497fee8dad00fbe58cb2f1fe2c6159c47636b97a0,selected_q_proxy,all_finite_diagnostic,emx_minus_target,Ls_nH,nH,4,0.024900692704461103,0.025368969866870095,-0.0012991213199939344,0.02498977488550691,0.030058516561616223,0.03042152830330066,PROVISIONAL_SMALL_REQUEST_N,4,0.020226884502885234,0.02957450090603697,0.020274465853712592,0.029599244898459283,-0.026199814024455037,0.023601571384467168,0.018838681001845492,0.030784540044985098,0.021615088003924976,0.030784540044985098,0.021615088003924976,0.030784540044985098,20,4,2,2,0,0,0,0,16,1,4,4,4,,0.25,0.05,0.5,NOT_ESTIMABLE,,,PROVISIONAL_SMALL_REQUEST_N,0.0,0.75,PROVISIONAL_SMALL_REQUEST_N,0.0,1.0,NOT_PRIMARY; use physical units and frozen spans
20,f20-4d6b0c6066ee,FORMAL_10K,HELDOUT_TRIPLE_AUDIT,STRICT_LUMPED,f12d43eace12231077007dc497fee8dad00fbe58cb2f1fe2c6159c47636b97a0,selected_q_proxy,all_finite_diagnostic,emx_minus_target,Qmin,dimensionless,4,0.37932309167422673,0.42941410973367056,-0.37932309167422673,0.42096164468604247,0.5682573455266166,0.5905064455556249,PROVISIONAL_SMALL_REQUEST_N,4,0.1630672018196191,0.5539404285170186,0.23846117463134664,0.5632296621562557,-0.5539404285170186,-0.1630672018196191,0.06261353174018858,0.6127555455846334,0.3438838079625941,0.6127555455846334,0.3774950773141743,0.6127555455846334,20,4,2,2,0,0,0,0,16,1,4,4,4,,0.25,0.05,0.5,NOT_ESTIMABLE,,,PROVISIONAL_SMALL_REQUEST_N,0.0,0.75,PROVISIONAL_SMALL_REQUEST_N,0.0,1.0,NOT_PRIMARY; use physical units and frozen spans
20,f20-4d6b0c6066ee,FORMAL_10K,HELDOUT_TRIPLE_AUDIT,STRICT_LUMPED,f12d43eace12231077007dc497fee8dad00fbe58cb2f1fe2c6159c47636b97a0,selected_q_proxy,all_finite_diagnostic,emx_minus_target,K_abs,dimensionless,4,0.03878507829666377,0.04441009200509171,0.03649447686992489,0.04303941614669762,0.0585477121118849,0.06151399507583348,PROVISIONAL_SMALL_REQUEST_N,4,0.014612166710139533,0.058703652033154155,0.022701896917347548,0.05955020559234866,0.007740362429922883,0.058703652033154155,0.004581202853477767,0.06448027803978207,0.032667901652130724,0.06448027803978207,0.03868647996612776,0.06448027803978207,20,4,2,2,0,0,0,0,16,1,4,4,4,,0.25,0.05,0.5,NOT_ESTIMABLE,,,PROVISIONAL_SMALL_REQUEST_N,0.0,0.75,PROVISIONAL_SMALL_REQUEST_N,0.0,1.0,NOT_PRIMARY; use physical units and frozen spans
20,f20-4d6b0c6066ee,FORMAL_10K,HELDOUT_TRIPLE_AUDIT,STRICT_LUMPED,f12d43eace12231077007dc497fee8dad00fbe58cb2f1fe2c6159c47636b97a0,selected_q_proxy,all_finite_diagnostic,emx_minus_frozen_proxy,Lp_nH,nH,4,0.01665549065068414,0.02169938699280369,0.012497310240571685,0.014435311574173548,0.03231581669410018,0.03468807854623343,PROVISIONAL_SMALL_REQUEST_N,4,0.004158180410112455,0.02970159573982556,0.005414038313975086,0.03232086258658402,-0.004158180410112455,0.029152800891255826,0.0006909990560227675,0.0370603403983667,0.007625361764202143,0.0370603403983667,0.007625361764202143,0.0370603403983667,20,4,2,2,0,0,0,0,16,1,4,4,4,,0.25,0.05,0.5,NOT_ESTIMABLE,,,PROVISIONAL_SMALL_REQUEST_N,0.0,0.75,PROVISIONAL_SMALL_REQUEST_N,0.0,1.0,NOT_PRIMARY; use physical units and frozen spans
20,f20-4d6b0c6066ee,FORMAL_10K,HELDOUT_TRIPLE_AUDIT,STRICT_LUMPED,f12d43eace12231077007dc497fee8dad00fbe58cb2f1fe2c6159c47636b97a0,selected_q_proxy,all_finite_diagnostic,emx_minus_frozen_proxy,Ls_nH,nH,4,0.016549077060460105,0.01795050188871039,-0.010347282742668662,0.017018634680163847,0.023806228369967264,0.024271774293943504,PROVISIONAL_SMALL_REQUEST_N,4,0.009912653649587932,0.023185500471332277,0.01022083457850398,0.023237374564094974,-0.023185500471332277,0.0038942712955009617,0.00742171866359298,0.024737320217919745,0.012403588635582885,0.024737320217919745,0.012403588635582885,0.024737320217919745,20,4,2,2,0,0,0,0,16,1,4,4,4,,0.25,0.05,0.5,NOT_ESTIMABLE,,,PROVISIONAL_SMALL_REQUEST_N,0.0,0.75,PROVISIONAL_SMALL_REQUEST_N,0.0,1.0,NOT_PRIMARY; use physical units and frozen spans
20,f20-4d6b0c6066ee,FORMAL_10K,HELDOUT_TRIPLE_AUDIT,STRICT_LUMPED,f12d43eace12231077007dc497fee8dad00fbe58cb2f1fe2c6159c47636b97a0,selected_q_proxy,all_finite_diagnostic,emx_minus_frozen_proxy,Qmin,dimensionless,4,0.40720685975589177,0.45592025471828074,-0.40720685975589177,0.4609272742636792,0.5988431113652396,0.6042872778462743,PROVISIONAL_SMALL_REQUEST_N,4,0.2162903349067773,0.5915842227238599,0.2557837819273259,0.5918624960476193,-0.5915842227238599,-0.2162903349067773,0.09724144616889951,0.6097314443273092,0.34841754740694775,0.6097314443273092,0.34841754740694775,0.6097314443273092,20,4,2,2,0,0,0,0,16,1,4,4,4,,0.25,0.05,0.5,NOT_ESTIMABLE,,,PROVISIONAL_SMALL_REQUEST_N,0.0,0.75,PROVISIONAL_SMALL_REQUEST_N,0.0,1.0,NOT_PRIMARY; use physical units and frozen spans
20,f20-4d6b0c6066ee,FORMAL_10K,HELDOUT_TRIPLE_AUDIT,STRICT_LUMPED,f12d43eace12231077007dc497fee8dad00fbe58cb2f1fe2c6159c47636b97a0,selected_q_proxy,all_finite_diagnostic,emx_minus_frozen_proxy,K_abs,dimensionless,4,0.03694896576104049,0.04252861725319762,0.033797690893166456,0.038380284471777035,0.05845075682551211,0.06159175059518596,PROVISIONAL_SMALL_REQUEST_N,4,0.01567510877690291,0.05679150403444152,0.02256642692380739,0.058433422152483705,0.006221284173280814,0.05679150403444152,0.006302549735748064,0.06473274436485982,0.03254571505098164,0.06473274436485982,0.03296778304318662,0.06473274436485982,20,4,2,2,0,0,0,0,16,1,4,4,4,,0.25,0.05,0.5,NOT_ESTIMABLE,,,PROVISIONAL_SMALL_REQUEST_N,0.0,0.75,PROVISIONAL_SMALL_REQUEST_N,0.0,1.0,NOT_PRIMARY; use physical units and frozen spans
6,f6-ba844c981dd6,FORMAL_10K,HELDOUT_TRIPLE_AUDIT,STRICT_LUMPED,f12d43eace12231077007dc497fee8dad00fbe58cb2f1fe2c6159c47636b97a0,all_candidates,strict_valid,emx_minus_target,Lp_nH,nH,35,0.07852891742030427,0.11925683586226302,-0.0756693377812285,0.03216092373006152,0.19237756435868944,0.220506489740915,PROVISIONAL_SMALL_REQUEST_N,4,0.06510868036860483,0.0894517190525221,0.09258104196034876,0.1425664119575752,-0.08626438042779659,-0.062383132053881914,0.008025178269731814,0.08834259145259704,0.14255760986410482,0.2634463960826663,0.17277584996829684,0.3444231333666936,220,35,35,0,0,3,6,0,176,18,35,35,44,,0.4090909090909091,0.08181818181818182,0.5142857142857142,NOT_ESTIMABLE,,,PROVISIONAL_SMALL_REQUEST_N,0.3181818181818182,0.5,PROVISIONAL_SMALL_REQUEST_N,0.4166666666666667,0.6571428571428571,NOT_PRIMARY; use physical units and frozen spans
6,f6-ba844c981dd6,FORMAL_10K,HELDOUT_TRIPLE_AUDIT,STRICT_LUMPED,f12d43eace12231077007dc497fee8dad00fbe58cb2f1fe2c6159c47636b97a0,all_candidates,strict_valid,emx_minus_target,Ls_nH,nH,35,0.18828797483744317,0.278236870178972,0.18615042359852624,0.09265467065075084,0.5265009812666747,0.5792854834072909,PROVISIONAL_SMALL_REQUEST_N,4,0.09070190023488134,0.2685259148343559,0.17275156284789914,0.3586595992668122,0.09022046234288793,0.265518181444574,0.014427275544178109,0.2557943251974891,0.30799330621119125,0.5920180559450771,0.3649807752838102,0.6250725295452829,220,35,35,0,0,3,6,0,176,18,35,35,44,,0.4090909090909091,0.08181818181818182,0.5142857142857142,NOT_ESTIMABLE,,,PROVISIONAL_SMALL_REQUEST_N,0.3181818181818182,0.5,PROVISIONAL_SMALL_REQUEST_N,0.4166666666666667,0.6571428571428571,NOT_PRIMARY; use physical units and frozen spans
6,f6-ba844c981dd6,FORMAL_10K,HELDOUT_TRIPLE_AUDIT,STRICT_LUMPED,f12d43eace12231077007dc497fee8dad00fbe58cb2f1fe2c6159c47636b97a0,all_candidates,strict_valid,emx_minus_target,Qmin,dimensionless,35,1.7146302776583586,2.604785816666761,-1.685544428852723,0.770690462569597,5.108814958287453,5.362831003687233,PROVISIONAL_SMALL_REQUEST_N,4,1.4484037978508726,2.0443303091459213,2.3590864166475645,3.085981416656622,-2.021451392508108,-1.4201357184957202,0.12432074061631582,1.2255064306387267,4.338288602685913,5.533173999736471,5.060751456586917,6.052480551601878,220,35,35,0,0,3,6,0,176,18,35,35,44,,0.4090909090909091,0.08181818181818182,0.5142857142857142,NOT_ESTIMABLE,,,PROVISIONAL_SMALL_REQUEST_N,0.3181818181818182,0.5,PROVISIONAL_SMALL_REQUEST_N,0.4166666666666667,0.6571428571428571,NOT_PRIMARY; use physical units and frozen spans
6,f6-ba844c981dd6,FORMAL_10K,HELDOUT_TRIPLE_AUDIT,STRICT_LUMPED,f12d43eace12231077007dc497fee8dad00fbe58cb2f1fe2c6159c47636b97a0,all_candidates,strict_valid,emx_minus_target,K_abs,dimensionless,35,0.03566926445400372,0.05495692887085625,-0.0321527057082613,0.02561926243392265,0.08597190235820933,0.13622042459475617,PROVISIONAL_SMALL_REQUEST_N,4,0.016985764868625342,0.05712717138950388,0.022350828102327882,0.08077814669797624,-0.051875035692256474,-0.014883923846917963,0.008643000264495299,0.03145719285660212,0.03877970159352086,0.1544858531673404,0.038904955014115804,0.16037449244396618,220,35,35,0,0,3,6,0,176,18,35,35,44,,0.4090909090909091,0.08181818181818182,0.5142857142857142,NOT_ESTIMABLE,,,PROVISIONAL_SMALL_REQUEST_N,0.3181818181818182,0.5,PROVISIONAL_SMALL_REQUEST_N,0.4166666666666667,0.6571428571428571,NOT_PRIMARY; use physical units and frozen spans
6,f6-ba844c981dd6,FORMAL_10K,HELDOUT_TRIPLE_AUDIT,STRICT_LUMPED,f12d43eace12231077007dc497fee8dad00fbe58cb2f1fe2c6159c47636b97a0,all_candidates,strict_valid,emx_minus_frozen_proxy,Lp_nH,nH,35,0.012461172756751673,0.014368541153885911,0.011689222998052157,0.014467109017274327,0.020786413565935337,0.02135703264685117,PROVISIONAL_SMALL_REQUEST_N,4,0.011070258766270435,0.013388448750405832,0.012965812759300822,0.015232096303924261,0.011022555650899681,0.012133667896153808,0.012561437021223698,0.015997979346836777,0.018918699385507276,0.021295561230059934,0.019247307081309506,0.02214640879004781,220,35,35,0,0,3,6,0,176,18,35,35,44,,0.4090909090909091,0.08181818181818182,0.5142857142857142,NOT_ESTIMABLE,,,PROVISIONAL_SMALL_REQUEST_N,0.3181818181818182,0.5,PROVISIONAL_SMALL_REQUEST_N,0.4166666666666667,0.6571428571428571,NOT_PRIMARY; use physical units and frozen spans
6,f6-ba844c981dd6,FORMAL_10K,HELDOUT_TRIPLE_AUDIT,STRICT_LUMPED,f12d43eace12231077007dc497fee8dad00fbe58cb2f1fe2c6159c47636b97a0,all_candidates,strict_valid,emx_minus_frozen_proxy,Ls_nH,nH,35,0.016347025568598794,0.02025672732565388,0.012203475452946751,0.014726788961550774,0.03324005109289292,0.0340184604110171,PROVISIONAL_SMALL_REQUEST_N,4,0.01440870123494918,0.017850029248662615,0.01878919459300184,0.021702691708823243,0.008863450368061049,0.014611836497006076,0.01100084248717792,0.014956047989561183,0.032415443303327574,0.0348849364710357,0.033081407291540854,0.035257346460184635,220,35,35,0,0,3,6,0,176,18,35,35,44,,0.4090909090909091,0.08181818181818182,0.5142857142857142,NOT_ESTIMABLE,,,PROVISIONAL_SMALL_REQUEST_N,0.3181818181818182,0.5,PROVISIONAL_SMALL_REQUEST_N,0.4166666666666667,0.6571428571428571,NOT_PRIMARY; use physical units and frozen spans
6,f6-ba844c981dd6,FORMAL_10K,HELDOUT_TRIPLE_AUDIT,STRICT_LUMPED,f12d43eace12231077007dc497fee8dad00fbe58cb2f1fe2c6159c47636b97a0,all_candidates,strict_valid,emx_minus_frozen_proxy,Qmin,dimensionless,35,0.25135846018972213,0.3510511166858708,0.22060843260619167,0.1525087816004138,0.685759082961139,0.769608183481047,PROVISIONAL_SMALL_REQUEST_N,4,0.11745786846594733,0.3406255213389053,0.16071618041547947,0.44574007329268356,0.0773628548719593,0.31610548442901326,0.09021906167072835,0.25028199176568755,0.22880202446691023,0.7896283491289768,0.3509604550329299,0.8221802527026334,220,35,35,0,0,3,6,0,176,18,35,35,44,,0.4090909090909091,0.08181818181818182,0.5142857142857142,NOT_ESTIMABLE,,,PROVISIONAL_SMALL_REQUEST_N,0.3181818181818182,0.5,PROVISIONAL_SMALL_REQUEST_N,0.4166666666666667,0.6571428571428571,NOT_PRIMARY; use physical units and frozen spans
6,f6-ba844c981dd6,FORMAL_10K,HELDOUT_TRIPLE_AUDIT,STRICT_LUMPED,f12d43eace12231077007dc497fee8dad00fbe58cb2f1fe2c6159c47636b97a0,all_candidates,strict_valid,emx_minus_frozen_proxy,K_abs,dimensionless,35,0.002990187786961806,0.0036122968637764615,-0.0014401897176205766,0.0026064387306714704,0.005772966093060951,0.006735642406168173,PROVISIONAL_SMALL_REQUEST_N,4,0.002613162876328266,0.003389390633514966,0.0031056785786661677,0.004080727964973448,-0.002349111602179034,-0.0001795998398225416,0.002381378919241013,0.002777568956693205,0.004947373070447167,0.006944836249967467,0.005124885332370682,0.008140716434829248,220,35,35,0,0,3,6,0,176,18,35,35,44,,0.4090909090909091,0.08181818181818182,0.5142857142857142,NOT_ESTIMABLE,,,PROVISIONAL_SMALL_REQUEST_N,0.3181818181818182,0.5,PROVISIONAL_SMALL_REQUEST_N,0.4166666666666667,0.6571428571428571,NOT_PRIMARY; use physical units and frozen spans
6,f6-ba844c981dd6,FORMAL_10K,HELDOUT_TRIPLE_AUDIT,STRICT_LUMPED,f12d43eace12231077007dc497fee8dad00fbe58cb2f1fe2c6159c47636b97a0,all_candidates,all_finite_diagnostic,emx_minus_target,Lp_nH,nH,35,0.07852891742030427,0.11925683586226302,-0.0756693377812285,0.03216092373006152,0.19237756435868944,0.220506489740915,PROVISIONAL_SMALL_REQUEST_N,4,0.06510868036860483,0.0894517190525221,0.09258104196034876,0.1425664119575752,-0.08626438042779659,-0.062383132053881914,0.008025178269731814,0.08834259145259704,0.14255760986410482,0.2634463960826663,0.17277584996829684,0.3444231333666936,220,35,35,0,0,3,6,0,176,18,35,35,44,,0.4090909090909091,0.08181818181818182,0.5142857142857142,NOT_ESTIMABLE,,,PROVISIONAL_SMALL_REQUEST_N,0.3181818181818182,0.5,PROVISIONAL_SMALL_REQUEST_N,0.4166666666666667,0.6571428571428571,NOT_PRIMARY; use physical units and frozen spans
6,f6-ba844c981dd6,FORMAL_10K,HELDOUT_TRIPLE_AUDIT,STRICT_LUMPED,f12d43eace12231077007dc497fee8dad00fbe58cb2f1fe2c6159c47636b97a0,all_candidates,all_finite_diagnostic,emx_minus_target,Ls_nH,nH,35,0.18828797483744317,0.278236870178972,0.18615042359852624,0.09265467065075084,0.5265009812666747,0.5792854834072909,PROVISIONAL_SMALL_REQUEST_N,4,0.09070190023488134,0.2685259148343559,0.17275156284789914,0.3586595992668122,0.09022046234288793,0.265518181444574,0.014427275544178109,0.2557943251974891,0.30799330621119125,0.5920180559450771,0.3649807752838102,0.6250725295452829,220,35,35,0,0,3,6,0,176,18,35,35,44,,0.4090909090909091,0.08181818181818182,0.5142857142857142,NOT_ESTIMABLE,,,PROVISIONAL_SMALL_REQUEST_N,0.3181818181818182,0.5,PROVISIONAL_SMALL_REQUEST_N,0.4166666666666667,0.6571428571428571,NOT_PRIMARY; use physical units and frozen spans
6,f6-ba844c981dd6,FORMAL_10K,HELDOUT_TRIPLE_AUDIT,STRICT_LUMPED,f12d43eace12231077007dc497fee8dad00fbe58cb2f1fe2c6159c47636b97a0,all_candidates,all_finite_diagnostic,emx_minus_target,Qmin,dimensionless,35,1.7146302776583586,2.604785816666761,-1.685544428852723,0.770690462569597,5.108814958287453,5.362831003687233,PROVISIONAL_SMALL_REQUEST_N,4,1.4484037978508726,2.0443303091459213,2.3590864166475645,3.085981416656622,-2.021451392508108,-1.4201357184957202,0.12432074061631582,1.2255064306387267,4.338288602685913,5.533173999736471,5.060751456586917,6.052480551601878,220,35,35,0,0,3,6,0,176,18,35,35,44,,0.4090909090909091,0.08181818181818182,0.5142857142857142,NOT_ESTIMABLE,,,PROVISIONAL_SMALL_REQUEST_N,0.3181818181818182,0.5,PROVISIONAL_SMALL_REQUEST_N,0.4166666666666667,0.6571428571428571,NOT_PRIMARY; use physical units and frozen spans
6,f6-ba844c981dd6,FORMAL_10K,HELDOUT_TRIPLE_AUDIT,STRICT_LUMPED,f12d43eace12231077007dc497fee8dad00fbe58cb2f1fe2c6159c47636b97a0,all_candidates,all_finite_diagnostic,emx_minus_target,K_abs,dimensionless,35,0.03566926445400372,0.05495692887085625,-0.0321527057082613,0.02561926243392265,0.08597190235820933,0.13622042459475617,PROVISIONAL_SMALL_REQUEST_N,4,0.016985764868625342,0.05712717138950388,0.022350828102327882,0.08077814669797624,-0.051875035692256474,-0.014883923846917963,0.008643000264495299,0.03145719285660212,0.03877970159352086,0.1544858531673404,0.038904955014115804,0.16037449244396618,220,35,35,0,0,3,6,0,176,18,35,35,44,,0.4090909090909091,0.08181818181818182,0.5142857142857142,NOT_ESTIMABLE,,,PROVISIONAL_SMALL_REQUEST_N,0.3181818181818182,0.5,PROVISIONAL_SMALL_REQUEST_N,0.4166666666666667,0.6571428571428571,NOT_PRIMARY; use physical units and frozen spans
6,f6-ba844c981dd6,FORMAL_10K,HELDOUT_TRIPLE_AUDIT,STRICT_LUMPED,f12d43eace12231077007dc497fee8dad00fbe58cb2f1fe2c6159c47636b97a0,all_candidates,all_finite_diagnostic,emx_minus_frozen_proxy,Lp_nH,nH,35,0.012461172756751673,0.014368541153885911,0.011689222998052157,0.014467109017274327,0.020786413565935337,0.02135703264685117,PROVISIONAL_SMALL_REQUEST_N,4,0.011070258766270435,0.013388448750405832,0.012965812759300822,0.015232096303924261,0.011022555650899681,0.012133667896153808,0.012561437021223698,0.015997979346836777,0.018918699385507276,0.021295561230059934,0.019247307081309506,0.02214640879004781,220,35,35,0,0,3,6,0,176,18,35,35,44,,0.4090909090909091,0.08181818181818182,0.5142857142857142,NOT_ESTIMABLE,,,PROVISIONAL_SMALL_REQUEST_N,0.3181818181818182,0.5,PROVISIONAL_SMALL_REQUEST_N,0.4166666666666667,0.6571428571428571,NOT_PRIMARY; use physical units and frozen spans
6,f6-ba844c981dd6,FORMAL_10K,HELDOUT_TRIPLE_AUDIT,STRICT_LUMPED,f12d43eace12231077007dc497fee8dad00fbe58cb2f1fe2c6159c47636b97a0,all_candidates,all_finite_diagnostic,emx_minus_frozen_proxy,Ls_nH,nH,35,0.016347025568598794,0.02025672732565388,0.012203475452946751,0.014726788961550774,0.03324005109289292,0.0340184604110171,PROVISIONAL_SMALL_REQUEST_N,4,0.01440870123494918,0.017850029248662615,0.01878919459300184,0.021702691708823243,0.008863450368061049,0.014611836497006076,0.01100084248717792,0.014956047989561183,0.032415443303327574,0.0348849364710357,0.033081407291540854,0.035257346460184635,220,35,35,0,0,3,6,0,176,18,35,35,44,,0.4090909090909091,0.08181818181818182,0.5142857142857142,NOT_ESTIMABLE,,,PROVISIONAL_SMALL_REQUEST_N,0.3181818181818182,0.5,PROVISIONAL_SMALL_REQUEST_N,0.4166666666666667,0.6571428571428571,NOT_PRIMARY; use physical units and frozen spans
6,f6-ba844c981dd6,FORMAL_10K,HELDOUT_TRIPLE_AUDIT,STRICT_LUMPED,f12d43eace12231077007dc497fee8dad00fbe58cb2f1fe2c6159c47636b97a0,all_candidates,all_finite_diagnostic,emx_minus_frozen_proxy,Qmin,dimensionless,35,0.25135846018972213,0.3510511166858708,0.22060843260619167,0.1525087816004138,0.685759082961139,0.769608183481047,PROVISIONAL_SMALL_REQUEST_N,4,0.11745786846594733,0.3406255213389053,0.16071618041547947,0.44574007329268356,0.0773628548719593,0.31610548442901326,0.09021906167072835,0.25028199176568755,0.22880202446691023,0.7896283491289768,0.3509604550329299,0.8221802527026334,220,35,35,0,0,3,6,0,176,18,35,35,44,,0.4090909090909091,0.08181818181818182,0.5142857142857142,NOT_ESTIMABLE,,,PROVISIONAL_SMALL_REQUEST_N,0.3181818181818182,0.5,PROVISIONAL_SMALL_REQUEST_N,0.4166666666666667,0.6571428571428571,NOT_PRIMARY; use physical units and frozen spans
6,f6-ba844c981dd6,FORMAL_10K,HELDOUT_TRIPLE_AUDIT,STRICT_LUMPED,f12d43eace12231077007dc497fee8dad00fbe58cb2f1fe2c6159c47636b97a0,all_candidates,all_finite_diagnostic,emx_minus_frozen_proxy,K_abs,dimensionless,35,0.002990187786961806,0.0036122968637764615,-0.0014401897176205766,0.0026064387306714704,0.005772966093060951,0.006735642406168173,PROVISIONAL_SMALL_REQUEST_N,4,0.002613162876328266,0.003389390633514966,0.0031056785786661677,0.004080727964973448,-0.002349111602179034,-0.0001795998398225416,0.002381378919241013,0.002777568956693205,0.004947373070447167,0.006944836249967467,0.005124885332370682,0.008140716434829248,220,35,35,0,0,3,6,0,176,18,35,35,44,,0.4090909090909091,0.08181818181818182,0.5142857142857142,NOT_ESTIMABLE,,,PROVISIONAL_SMALL_REQUEST_N,0.3181818181818182,0.5,PROVISIONAL_SMALL_REQUEST_N,0.4166666666666667,0.6571428571428571,NOT_PRIMARY; use physical units and frozen spans
6,f6-ba844c981dd6,FORMAL_10K,HELDOUT_TRIPLE_AUDIT,STRICT_LUMPED,f12d43eace12231077007dc497fee8dad00fbe58cb2f1fe2c6159c47636b97a0,selected_q_proxy,strict_valid,emx_minus_target,Lp_nH,nH,4,0.003477419339635579,0.0038186651178859915,-0.0011447645143836671,0.0032516518197897026,0.005137376964809315,0.0055237717979018655,PROVISIONAL_SMALL_REQUEST_N,4,0.0019557055852373884,0.005224900613879646,0.0021114452261675734,0.0053580178207576845,-0.004622183854019246,0.002332654825251912,0.001496207087968493,0.005910166630994418,0.0027828028803214004,0.005910166630994418,0.0030585019786827363,0.005910166630994418,20,4,4,0,0,0,0,0,16,4,4,4,4,,1.0,0.2,1.0,NOT_ESTIMABLE,,,PROVISIONAL_SMALL_REQUEST_N,1.0,1.0,PROVISIONAL_SMALL_REQUEST_N,1.0,1.0,NOT_PRIMARY; use physical units and frozen spans
6,f6-ba844c981dd6,FORMAL_10K,HELDOUT_TRIPLE_AUDIT,STRICT_LUMPED,f12d43eace12231077007dc497fee8dad00fbe58cb2f1fe2c6159c47636b97a0,selected_q_proxy,strict_valid,emx_minus_target,Ls_nH,nH,4,0.007231665204955162,0.007537185598503667,-0.005072711294258958,0.0071639716368753215,0.009452313468875484,0.00986656159677654,PROVISIONAL_SMALL_REQUEST_N,4,0.005118219750711944,0.00941280422727822,0.005302609826228148,0.00953211330459376,-0.00941280422727822,0.0013586419813766681,0.004317907821392408,0.010280809724677598,0.0065587812234871095,0.010280809724677598,0.006808787735080091,0.010280809724677598,20,4,4,0,0,0,0,0,16,4,4,4,4,,1.0,0.2,1.0,NOT_ESTIMABLE,,,PROVISIONAL_SMALL_REQUEST_N,1.0,1.0,PROVISIONAL_SMALL_REQUEST_N,1.0,1.0,NOT_PRIMARY; use physical units and frozen spans
6,f6-ba844c981dd6,FORMAL_10K,HELDOUT_TRIPLE_AUDIT,STRICT_LUMPED,f12d43eace12231077007dc497fee8dad00fbe58cb2f1fe2c6159c47636b97a0,selected_q_proxy,strict_valid,emx_minus_target,Qmin,dimensionless,4,0.06866413793260628,0.08107852209443177,-0.027260323165023248,0.05862157937687318,0.117835721305668,0.12534174097077552,PROVISIONAL_SMALL_REQUEST_N,4,0.02950058077968798,0.1082447027815574,0.029910499535003115,0.11633076569685936,-0.10577722856211125,0.05349683984672948,0.024565632340795673,0.1328477606358831,0.034435529218580285,0.1328477606358831,0.034435529218580285,0.1328477606358831,20,4,4,0,0,0,0,0,16,4,4,4,4,,1.0,0.2,1.0,NOT_ESTIMABLE,,,PROVISIONAL_SMALL_REQUEST_N,1.0,1.0,PROVISIONAL_SMALL_REQUEST_N,1.0,1.0,NOT_PRIMARY; use physical units and frozen spans
6,f6-ba844c981dd6,FORMAL_10K,HELDOUT_TRIPLE_AUDIT,STRICT_LUMPED,f12d43eace12231077007dc497fee8dad00fbe58cb2f1fe2c6159c47636b97a0,selected_q_proxy,strict_valid,emx_minus_target,K_abs,dimensionless,4,0.0042625315293972,0.0045525938627684935,0.0027002655133235784,0.0043098456117034445,0.005946481980668175,0.006043194006970003,PROVISIONAL_SMALL_REQUEST_N,4,0.002707530446528661,0.005817532612265738,0.0027394545882872563,0.005826457784739078,-0.0009696092262955203,0.005817532612265738,0.0022905288609100793,0.00613990603327183,0.0031245320321472425,0.00613990603327183,0.0031245320321472425,0.00613990603327183,20,4,4,0,0,0,0,0,16,4,4,4,4,,1.0,0.2,1.0,NOT_ESTIMABLE,,,PROVISIONAL_SMALL_REQUEST_N,1.0,1.0,PROVISIONAL_SMALL_REQUEST_N,1.0,1.0,NOT_PRIMARY; use physical units and frozen spans
6,f6-ba844c981dd6,FORMAL_10K,HELDOUT_TRIPLE_AUDIT,STRICT_LUMPED,f12d43eace12231077007dc497fee8dad00fbe58cb2f1fe2c6159c47636b97a0,selected_q_proxy,strict_valid,emx_minus_frozen_proxy,Lp_nH,nH,4,0.002965781847273752,0.0034163946044979123,-0.001655083473825647,0.0034771789157751476,0.004502281750360826,0.004538564750155127,PROVISIONAL_SMALL_REQUEST_N,4,0.0013336816268599838,0.004453904417301757,0.0018685856520675914,0.004455546189657563,-0.004453904417301757,0.0011437374696504632,0.0003339218075952832,0.004574847749949429,0.0026213967468962096,0.004574847749949429,0.0026213967468962096,0.004574847749949429,20,4,4,0,0,0,0,0,16,4,4,4,4,,1.0,0.2,1.0,NOT_ESTIMABLE,,,PROVISIONAL_SMALL_REQUEST_N,1.0,1.0,PROVISIONAL_SMALL_REQUEST_N,1.0,1.0,NOT_PRIMARY; use physical units and frozen spans
6,f6-ba844c981dd6,FORMAL_10K,HELDOUT_TRIPLE_AUDIT,STRICT_LUMPED,f12d43eace12231077007dc497fee8dad00fbe58cb2f1fe2c6159c47636b97a0,selected_q_proxy,strict_valid,emx_minus_frozen_proxy,Ls_nH,nH,4,0.005295464682753104,0.005982552738842995,-0.005295464682753104,0.005657613628949787,0.008043250973435324,0.008411013593281634,PROVISIONAL_SMALL_REQUEST_N,4,0.002397647798526803,0.007831132620782721,0.0033008157246112065,0.008001295098834073,-0.007831132620782721,-0.002397647798526803,0.0010878552599848934,0.008778776213127948,0.004755274367902241,0.008778776213127948,0.004988201843747042,0.008778776213127948,20,4,4,0,0,0,0,0,16,4,4,4,4,,1.0,0.2,1.0,NOT_ESTIMABLE,,,PROVISIONAL_SMALL_REQUEST_N,1.0,1.0,PROVISIONAL_SMALL_REQUEST_N,1.0,1.0,NOT_PRIMARY; use physical units and frozen spans
6,f6-ba844c981dd6,FORMAL_10K,HELDOUT_TRIPLE_AUDIT,STRICT_LUMPED,f12d43eace12231077007dc497fee8dad00fbe58cb2f1fe2c6159c47636b97a0,selected_q_proxy,strict_valid,emx_minus_frozen_proxy,Qmin,dimensionless,4,0.0773943110435682,0.08329429530223227,-0.038102884886825006,0.08085013649218009,0.10693908802870454,0.11204373103395396,PROVISIONAL_SMALL_REQUEST_N,4,0.04382580303075034,0.10750699360777416,0.049348874524984654,0.10879624223498087,-0.10013289735503861,0.03815778406739634,0.03072859715070919,0.11714837403920342,0.06740077361482442,0.11714837403920342,0.07525909714284909,0.11714837403920342,20,4,4,0,0,0,0,0,16,4,4,4,4,,1.0,0.2,1.0,NOT_ESTIMABLE,,,PROVISIONAL_SMALL_REQUEST_N,1.0,1.0,PROVISIONAL_SMALL_REQUEST_N,1.0,1.0,NOT_PRIMARY; use physical units and frozen spans
6,f6-ba844c981dd6,FORMAL_10K,HELDOUT_TRIPLE_AUDIT,STRICT_LUMPED,f12d43eace12231077007dc497fee8dad00fbe58cb2f1fe2c6159c47636b97a0,selected_q_proxy,strict_valid,emx_minus_frozen_proxy,K_abs,dimensionless,4,0.0042459493072621035,0.004540255959772702,0.0029684446998588104,0.003925020495461562,0.006070077009045652,0.006324412016182177,PROVISIONAL_SMALL_REQUEST_N,4,0.0027609349483272566,0.00573096366619695,0.0027686038352608086,0.005887316865431342,-0.0006954618338361404,0.00573096366619695,0.002555009214806586,0.006578747023318704,0.002966860681847927,0.006578747023318704,0.002966860681847927,0.006578747023318704,20,4,4,0,0,0,0,0,16,4,4,4,4,,1.0,0.2,1.0,NOT_ESTIMABLE,,,PROVISIONAL_SMALL_REQUEST_N,1.0,1.0,PROVISIONAL_SMALL_REQUEST_N,1.0,1.0,NOT_PRIMARY; use physical units and frozen spans
6,f6-ba844c981dd6,FORMAL_10K,HELDOUT_TRIPLE_AUDIT,STRICT_LUMPED,f12d43eace12231077007dc497fee8dad00fbe58cb2f1fe2c6159c47636b97a0,selected_q_proxy,all_finite_diagnostic,emx_minus_target,Lp_nH,nH,4,0.003477419339635579,0.0038186651178859915,-0.0011447645143836671,0.0032516518197897026,0.005137376964809315,0.0055237717979018655,PROVISIONAL_SMALL_REQUEST_N,4,0.0019557055852373884,0.005224900613879646,0.0021114452261675734,0.0053580178207576845,-0.004622183854019246,0.002332654825251912,0.001496207087968493,0.005910166630994418,0.0027828028803214004,0.005910166630994418,0.0030585019786827363,0.005910166630994418,20,4,4,0,0,0,0,0,16,4,4,4,4,,1.0,0.2,1.0,NOT_ESTIMABLE,,,PROVISIONAL_SMALL_REQUEST_N,1.0,1.0,PROVISIONAL_SMALL_REQUEST_N,1.0,1.0,NOT_PRIMARY; use physical units and frozen spans
6,f6-ba844c981dd6,FORMAL_10K,HELDOUT_TRIPLE_AUDIT,STRICT_LUMPED,f12d43eace12231077007dc497fee8dad00fbe58cb2f1fe2c6159c47636b97a0,selected_q_proxy,all_finite_diagnostic,emx_minus_target,Ls_nH,nH,4,0.007231665204955162,0.007537185598503667,-0.005072711294258958,0.0071639716368753215,0.009452313468875484,0.00986656159677654,PROVISIONAL_SMALL_REQUEST_N,4,0.005118219750711944,0.00941280422727822,0.005302609826228148,0.00953211330459376,-0.00941280422727822,0.0013586419813766681,0.004317907821392408,0.010280809724677598,0.0065587812234871095,0.010280809724677598,0.006808787735080091,0.010280809724677598,20,4,4,0,0,0,0,0,16,4,4,4,4,,1.0,0.2,1.0,NOT_ESTIMABLE,,,PROVISIONAL_SMALL_REQUEST_N,1.0,1.0,PROVISIONAL_SMALL_REQUEST_N,1.0,1.0,NOT_PRIMARY; use physical units and frozen spans
6,f6-ba844c981dd6,FORMAL_10K,HELDOUT_TRIPLE_AUDIT,STRICT_LUMPED,f12d43eace12231077007dc497fee8dad00fbe58cb2f1fe2c6159c47636b97a0,selected_q_proxy,all_finite_diagnostic,emx_minus_target,Qmin,dimensionless,4,0.06866413793260628,0.08107852209443177,-0.027260323165023248,0.05862157937687318,0.117835721305668,0.12534174097077552,PROVISIONAL_SMALL_REQUEST_N,4,0.02950058077968798,0.1082447027815574,0.029910499535003115,0.11633076569685936,-0.10577722856211125,0.05349683984672948,0.024565632340795673,0.1328477606358831,0.034435529218580285,0.1328477606358831,0.034435529218580285,0.1328477606358831,20,4,4,0,0,0,0,0,16,4,4,4,4,,1.0,0.2,1.0,NOT_ESTIMABLE,,,PROVISIONAL_SMALL_REQUEST_N,1.0,1.0,PROVISIONAL_SMALL_REQUEST_N,1.0,1.0,NOT_PRIMARY; use physical units and frozen spans
6,f6-ba844c981dd6,FORMAL_10K,HELDOUT_TRIPLE_AUDIT,STRICT_LUMPED,f12d43eace12231077007dc497fee8dad00fbe58cb2f1fe2c6159c47636b97a0,selected_q_proxy,all_finite_diagnostic,emx_minus_target,K_abs,dimensionless,4,0.0042625315293972,0.0045525938627684935,0.0027002655133235784,0.0043098456117034445,0.005946481980668175,0.006043194006970003,PROVISIONAL_SMALL_REQUEST_N,4,0.002707530446528661,0.005817532612265738,0.0027394545882872563,0.005826457784739078,-0.0009696092262955203,0.005817532612265738,0.0022905288609100793,0.00613990603327183,0.0031245320321472425,0.00613990603327183,0.0031245320321472425,0.00613990603327183,20,4,4,0,0,0,0,0,16,4,4,4,4,,1.0,0.2,1.0,NOT_ESTIMABLE,,,PROVISIONAL_SMALL_REQUEST_N,1.0,1.0,PROVISIONAL_SMALL_REQUEST_N,1.0,1.0,NOT_PRIMARY; use physical units and frozen spans
6,f6-ba844c981dd6,FORMAL_10K,HELDOUT_TRIPLE_AUDIT,STRICT_LUMPED,f12d43eace12231077007dc497fee8dad00fbe58cb2f1fe2c6159c47636b97a0,selected_q_proxy,all_finite_diagnostic,emx_minus_frozen_proxy,Lp_nH,nH,4,0.002965781847273752,0.0034163946044979123,-0.001655083473825647,0.0034771789157751476,0.004502281750360826,0.004538564750155127,PROVISIONAL_SMALL_REQUEST_N,4,0.0013336816268599838,0.004453904417301757,0.0018685856520675914,0.004455546189657563,-0.004453904417301757,0.0011437374696504632,0.0003339218075952832,0.004574847749949429,0.0026213967468962096,0.004574847749949429,0.0026213967468962096,0.004574847749949429,20,4,4,0,0,0,0,0,16,4,4,4,4,,1.0,0.2,1.0,NOT_ESTIMABLE,,,PROVISIONAL_SMALL_REQUEST_N,1.0,1.0,PROVISIONAL_SMALL_REQUEST_N,1.0,1.0,NOT_PRIMARY; use physical units and frozen spans
6,f6-ba844c981dd6,FORMAL_10K,HELDOUT_TRIPLE_AUDIT,STRICT_LUMPED,f12d43eace12231077007dc497fee8dad00fbe58cb2f1fe2c6159c47636b97a0,selected_q_proxy,all_finite_diagnostic,emx_minus_frozen_proxy,Ls_nH,nH,4,0.005295464682753104,0.005982552738842995,-0.005295464682753104,0.005657613628949787,0.008043250973435324,0.008411013593281634,PROVISIONAL_SMALL_REQUEST_N,4,0.002397647798526803,0.007831132620782721,0.0033008157246112065,0.008001295098834073,-0.007831132620782721,-0.002397647798526803,0.0010878552599848934,0.008778776213127948,0.004755274367902241,0.008778776213127948,0.004988201843747042,0.008778776213127948,20,4,4,0,0,0,0,0,16,4,4,4,4,,1.0,0.2,1.0,NOT_ESTIMABLE,,,PROVISIONAL_SMALL_REQUEST_N,1.0,1.0,PROVISIONAL_SMALL_REQUEST_N,1.0,1.0,NOT_PRIMARY; use physical units and frozen spans
6,f6-ba844c981dd6,FORMAL_10K,HELDOUT_TRIPLE_AUDIT,STRICT_LUMPED,f12d43eace12231077007dc497fee8dad00fbe58cb2f1fe2c6159c47636b97a0,selected_q_proxy,all_finite_diagnostic,emx_minus_frozen_proxy,Qmin,dimensionless,4,0.0773943110435682,0.08329429530223227,-0.038102884886825006,0.08085013649218009,0.10693908802870454,0.11204373103395396,PROVISIONAL_SMALL_REQUEST_N,4,0.04382580303075034,0.10750699360777416,0.049348874524984654,0.10879624223498087,-0.10013289735503861,0.03815778406739634,0.03072859715070919,0.11714837403920342,0.06740077361482442,0.11714837403920342,0.07525909714284909,0.11714837403920342,20,4,4,0,0,0,0,0,16,4,4,4,4,,1.0,0.2,1.0,NOT_ESTIMABLE,,,PROVISIONAL_SMALL_REQUEST_N,1.0,1.0,PROVISIONAL_SMALL_REQUEST_N,1.0,1.0,NOT_PRIMARY; use physical units and frozen spans
6,f6-ba844c981dd6,FORMAL_10K,HELDOUT_TRIPLE_AUDIT,STRICT_LUMPED,f12d43eace12231077007dc497fee8dad00fbe58cb2f1fe2c6159c47636b97a0,selected_q_proxy,all_finite_diagnostic,emx_minus_frozen_proxy,K_abs,dimensionless,4,0.0042459493072621035,0.004540255959772702,0.0029684446998588104,0.003925020495461562,0.006070077009045652,0.006324412016182177,PROVISIONAL_SMALL_REQUEST_N,4,0.0027609349483272566,0.00573096366619695,0.0027686038352608086,0.005887316865431342,-0.0006954618338361404,0.00573096366619695,0.002555009214806586,0.006578747023318704,0.002966860681847927,0.006578747023318704,0.002966860681847927,0.006578747023318704,20,4,4,0,0,0,0,0,16,4,4,4,4,,1.0,0.2,1.0,NOT_ESTIMABLE,,,PROVISIONAL_SMALL_REQUEST_N,1.0,1.0,PROVISIONAL_SMALL_REQUEST_N,1.0,1.0,NOT_PRIMARY; use physical units and frozen spans
7,f7-d0ffa9b31525,FORMAL_10K,HELDOUT_TRIPLE_AUDIT,STRICT_LUMPED,f12d43eace12231077007dc497fee8dad00fbe58cb2f1fe2c6159c47636b97a0,all_candidates,strict_valid,emx_minus_target,Lp_nH,nH,35,0.04964476552634166,0.08482967700146223,-0.03564748875313217,0.021618033606112252,0.14582058771683282,0.19219524752935607,PROVISIONAL_SMALL_REQUEST_N,4,0.03356493068192116,0.0648312762127388,0.05410225456169344,0.10596191044659072,-0.05828688760014114,-0.017524018062172714,0.012831471889062085,0.025248655612180038,0.08857857328741443,0.2002527312135065,0.09521168860651108,0.29355940544791537,220,35,35,0,0,4,5,0,176,17,35,35,44,,0.38636363636363635,0.07727272727272727,0.4857142857142857,NOT_ESTIMABLE,,,PROVISIONAL_SMALL_REQUEST_N,0.36363636363636365,0.4318181818181818,PROVISIONAL_SMALL_REQUEST_N,0.4444444444444444,0.5333333333333333,NOT_PRIMARY; use physical units and frozen spans
7,f7-d0ffa9b31525,FORMAL_10K,HELDOUT_TRIPLE_AUDIT,STRICT_LUMPED,f12d43eace12231077007dc497fee8dad00fbe58cb2f1fe2c6159c47636b97a0,all_candidates,strict_valid,emx_minus_target,Ls_nH,nH,35,0.183080972151775,0.26935359407847376,0.1686417732275994,0.0870565779690391,0.48353073538503294,0.5331068603332195,PROVISIONAL_SMALL_REQUEST_N,4,0.13683464316662144,0.22713185758476112,0.20244760082655375,0.3114393863875941,0.09596113389542031,0.22702926180086938,0.01206047692008222,0.25750882307959777,0.2898595320141055,0.5314252514103313,0.4046039737318139,0.5648854439330554,220,35,35,0,0,4,5,0,176,17,35,35,44,,0.38636363636363635,0.07727272727272727,0.4857142857142857,NOT_ESTIMABLE,,,PROVISIONAL_SMALL_REQUEST_N,0.36363636363636365,0.4318181818181818,PROVISIONAL_SMALL_REQUEST_N,0.4444444444444444,0.5333333333333333,NOT_PRIMARY; use physical units and frozen spans
7,f7-d0ffa9b31525,FORMAL_10K,HELDOUT_TRIPLE_AUDIT,STRICT_LUMPED,f12d43eace12231077007dc497fee8dad00fbe58cb2f1fe2c6159c47636b97a0,all_candidates,strict_valid,emx_minus_target,Qmin,dimensionless,35,1.5907536836030467,2.3535893106068366,-1.5655408575355314,0.9994273191716765,4.291371735738756,4.889085254250781,PROVISIONAL_SMALL_REQUEST_N,4,1.2959084924472775,1.8692185863612731,2.0186674232618755,2.6310441916084506,-1.851484443631464,-1.2627770604927793,0.19654061161579772,1.2848542942889178,3.8098948859104773,4.617897877737284,4.178390725062361,5.225701042282106,220,35,35,0,0,4,5,0,176,17,35,35,44,,0.38636363636363635,0.07727272727272727,0.4857142857142857,NOT_ESTIMABLE,,,PROVISIONAL_SMALL_REQUEST_N,0.36363636363636365,0.4318181818181818,PROVISIONAL_SMALL_REQUEST_N,0.4444444444444444,0.5333333333333333,NOT_PRIMARY; use physical units and frozen spans
7,f7-d0ffa9b31525,FORMAL_10K,HELDOUT_TRIPLE_AUDIT,STRICT_LUMPED,f12d43eace12231077007dc497fee8dad00fbe58cb2f1fe2c6159c47636b97a0,all_candidates,strict_valid,emx_minus_target,K_abs,dimensionless,35,0.03856465305375058,0.06007527077138414,-0.02236418187535229,0.01627229075039982,0.09701726041141219,0.11190139334386288,PROVISIONAL_SMALL_REQUEST_N,4,0.026145164986867538,0.050294169561362345,0.04154782468311917,0.07339791324184856,-0.04233168777560781,0.0005895564187202848,0.005310786564988623,0.03931099486160569,0.07332494664126504,0.11321409016255715,0.08101454320296661,0.20679934956003568,220,35,35,0,0,4,5,0,176,17,35,35,44,,0.38636363636363635,0.07727272727272727,0.4857142857142857,NOT_ESTIMABLE,,,PROVISIONAL_SMALL_REQUEST_N,0.36363636363636365,0.4318181818181818,PROVISIONAL_SMALL_REQUEST_N,0.4444444444444444,0.5333333333333333,NOT_PRIMARY; use physical units and frozen spans
7,f7-d0ffa9b31525,FORMAL_10K,HELDOUT_TRIPLE_AUDIT,STRICT_LUMPED,f12d43eace12231077007dc497fee8dad00fbe58cb2f1fe2c6159c47636b97a0,all_candidates,strict_valid,emx_minus_frozen_proxy,Lp_nH,nH,35,0.004350589430859727,0.005436965221885008,0.0033552718748432954,0.0033873863579123586,0.008893179830407228,0.009906327938623687,PROVISIONAL_SMALL_REQUEST_N,4,0.0038805803577803316,0.004796426018928385,0.0048542589776914054,0.006064394424396783,0.0020109899420486937,0.0044872987656176975,0.0021568850876628742,0.004267987066007395,0.008033652661972429,0.010201835892075906,0.008759122911175421,0.0114487410162869,220,35,35,0,0,4,5,0,176,17,35,35,44,,0.38636363636363635,0.07727272727272727,0.4857142857142857,NOT_ESTIMABLE,,,PROVISIONAL_SMALL_REQUEST_N,0.36363636363636365,0.4318181818181818,PROVISIONAL_SMALL_REQUEST_N,0.4444444444444444,0.5333333333333333,NOT_PRIMARY; use physical units and frozen spans
7,f7-d0ffa9b31525,FORMAL_10K,HELDOUT_TRIPLE_AUDIT,STRICT_LUMPED,f12d43eace12231077007dc497fee8dad00fbe58cb2f1fe2c6159c47636b97a0,all_candidates,strict_valid,emx_minus_frozen_proxy,Ls_nH,nH,35,0.0070743281516051455,0.010726746110680816,0.005743920927262154,0.003669467137905169,0.021527167499603865,0.02468104702886171,PROVISIONAL_SMALL_REQUEST_N,4,0.0054858123103375955,0.009262541165869106,0.008443745908213321,0.013349948833448711,0.003970097982812115,0.007863474115971589,0.0025631931431568944,0.004305050481287487,0.016433989236916306,0.02468104702886172,0.01748844923929105,0.026663009068152554,220,35,35,0,0,4,5,0,176,17,35,35,44,,0.38636363636363635,0.07727272727272727,0.4857142857142857,NOT_ESTIMABLE,,,PROVISIONAL_SMALL_REQUEST_N,0.36363636363636365,0.4318181818181818,PROVISIONAL_SMALL_REQUEST_N,0.4444444444444444,0.5333333333333333,NOT_PRIMARY; use physical units and frozen spans
7,f7-d0ffa9b31525,FORMAL_10K,HELDOUT_TRIPLE_AUDIT,STRICT_LUMPED,f12d43eace12231077007dc497fee8dad00fbe58cb2f1fe2c6159c47636b97a0,all_candidates,strict_valid,emx_minus_frozen_proxy,Qmin,dimensionless,35,0.1520281627426172,0.1711474772135705,0.020598140223606468,0.13730372670945457,0.25824969675076126,0.27636165519031636,PROVISIONAL_SMALL_REQUEST_N,4,0.13221658486376914,0.1690879289142479,0.1426145065924606,0.19579483785042304,-0.04664181446031007,0.08727243414055308,0.11386759689201842,0.14267299176257175,0.19288674799856764,0.2684848272766221,0.22842057208538957,0.4159359560665141,220,35,35,0,0,4,5,0,176,17,35,35,44,,0.38636363636363635,0.07727272727272727,0.4857142857142857,NOT_ESTIMABLE,,,PROVISIONAL_SMALL_REQUEST_N,0.36363636363636365,0.4318181818181818,PROVISIONAL_SMALL_REQUEST_N,0.4444444444444444,0.5333333333333333,NOT_PRIMARY; use physical units and frozen spans
7,f7-d0ffa9b31525,FORMAL_10K,HELDOUT_TRIPLE_AUDIT,STRICT_LUMPED,f12d43eace12231077007dc497fee8dad00fbe58cb2f1fe2c6159c47636b97a0,all_candidates,strict_valid,emx_minus_frozen_proxy,K_abs,dimensionless,35,0.004614812940508542,0.00578756777320835,-0.0007946431423307595,0.003968595403516989,0.006895585167119117,0.011909613730862769,PROVISIONAL_SMALL_REQUEST_N,4,0.0035771667718491294,0.006205757255129278,0.004179812397664941,0.007832793502099995,-0.004588507364730274,0.0017045288986000872,0.003518521670174024,0.005798907390100791,0.0065798740253266465,0.014816761630817576,0.006644005518509313,0.015076319118446008,220,35,35,0,0,4,5,0,176,17,35,35,44,,0.38636363636363635,0.07727272727272727,0.4857142857142857,NOT_ESTIMABLE,,,PROVISIONAL_SMALL_REQUEST_N,0.36363636363636365,0.4318181818181818,PROVISIONAL_SMALL_REQUEST_N,0.4444444444444444,0.5333333333333333,NOT_PRIMARY; use physical units and frozen spans
7,f7-d0ffa9b31525,FORMAL_10K,HELDOUT_TRIPLE_AUDIT,STRICT_LUMPED,f12d43eace12231077007dc497fee8dad00fbe58cb2f1fe2c6159c47636b97a0,all_candidates,all_finite_diagnostic,emx_minus_target,Lp_nH,nH,35,0.04964476552634166,0.08482967700146223,-0.03564748875313217,0.021618033606112252,0.14582058771683282,0.19219524752935607,PROVISIONAL_SMALL_REQUEST_N,4,0.03356493068192116,0.0648312762127388,0.05410225456169344,0.10596191044659072,-0.05828688760014114,-0.017524018062172714,0.012831471889062085,0.025248655612180038,0.08857857328741443,0.2002527312135065,0.09521168860651108,0.29355940544791537,220,35,35,0,0,4,5,0,176,17,35,35,44,,0.38636363636363635,0.07727272727272727,0.4857142857142857,NOT_ESTIMABLE,,,PROVISIONAL_SMALL_REQUEST_N,0.36363636363636365,0.4318181818181818,PROVISIONAL_SMALL_REQUEST_N,0.4444444444444444,0.5333333333333333,NOT_PRIMARY; use physical units and frozen spans
7,f7-d0ffa9b31525,FORMAL_10K,HELDOUT_TRIPLE_AUDIT,STRICT_LUMPED,f12d43eace12231077007dc497fee8dad00fbe58cb2f1fe2c6159c47636b97a0,all_candidates,all_finite_diagnostic,emx_minus_target,Ls_nH,nH,35,0.183080972151775,0.26935359407847376,0.1686417732275994,0.0870565779690391,0.48353073538503294,0.5331068603332195,PROVISIONAL_SMALL_REQUEST_N,4,0.13683464316662144,0.22713185758476112,0.20244760082655375,0.3114393863875941,0.09596113389542031,0.22702926180086938,0.01206047692008222,0.25750882307959777,0.2898595320141055,0.5314252514103313,0.4046039737318139,0.5648854439330554,220,35,35,0,0,4,5,0,176,17,35,35,44,,0.38636363636363635,0.07727272727272727,0.4857142857142857,NOT_ESTIMABLE,,,PROVISIONAL_SMALL_REQUEST_N,0.36363636363636365,0.4318181818181818,PROVISIONAL_SMALL_REQUEST_N,0.4444444444444444,0.5333333333333333,NOT_PRIMARY; use physical units and frozen spans
7,f7-d0ffa9b31525,FORMAL_10K,HELDOUT_TRIPLE_AUDIT,STRICT_LUMPED,f12d43eace12231077007dc497fee8dad00fbe58cb2f1fe2c6159c47636b97a0,all_candidates,all_finite_diagnostic,emx_minus_target,Qmin,dimensionless,35,1.5907536836030467,2.3535893106068366,-1.5655408575355314,0.9994273191716765,4.291371735738756,4.889085254250781,PROVISIONAL_SMALL_REQUEST_N,4,1.2959084924472775,1.8692185863612731,2.0186674232618755,2.6310441916084506,-1.851484443631464,-1.2627770604927793,0.19654061161579772,1.2848542942889178,3.8098948859104773,4.617897877737284,4.178390725062361,5.225701042282106,220,35,35,0,0,4,5,0,176,17,35,35,44,,0.38636363636363635,0.07727272727272727,0.4857142857142857,NOT_ESTIMABLE,,,PROVISIONAL_SMALL_REQUEST_N,0.36363636363636365,0.4318181818181818,PROVISIONAL_SMALL_REQUEST_N,0.4444444444444444,0.5333333333333333,NOT_PRIMARY; use physical units and frozen spans
7,f7-d0ffa9b31525,FORMAL_10K,HELDOUT_TRIPLE_AUDIT,STRICT_LUMPED,f12d43eace12231077007dc497fee8dad00fbe58cb2f1fe2c6159c47636b97a0,all_candidates,all_finite_diagnostic,emx_minus_target,K_abs,dimensionless,35,0.03856465305375058,0.06007527077138414,-0.02236418187535229,0.01627229075039982,0.09701726041141219,0.11190139334386288,PROVISIONAL_SMALL_REQUEST_N,4,0.026145164986867538,0.050294169561362345,0.04154782468311917,0.07339791324184856,-0.04233168777560781,0.0005895564187202848,0.005310786564988623,0.03931099486160569,0.07332494664126504,0.11321409016255715,0.08101454320296661,0.20679934956003568,220,35,35,0,0,4,5,0,176,17,35,35,44,,0.38636363636363635,0.07727272727272727,0.4857142857142857,NOT_ESTIMABLE,,,PROVISIONAL_SMALL_REQUEST_N,0.36363636363636365,0.4318181818181818,PROVISIONAL_SMALL_REQUEST_N,0.4444444444444444,0.5333333333333333,NOT_PRIMARY; use physical units and frozen spans
7,f7-d0ffa9b31525,FORMAL_10K,HELDOUT_TRIPLE_AUDIT,STRICT_LUMPED,f12d43eace12231077007dc497fee8dad00fbe58cb2f1fe2c6159c47636b97a0,all_candidates,all_finite_diagnostic,emx_minus_frozen_proxy,Lp_nH,nH,35,0.004350589430859727,0.005436965221885008,0.0033552718748432954,0.0033873863579123586,0.008893179830407228,0.009906327938623687,PROVISIONAL_SMALL_REQUEST_N,4,0.0038805803577803316,0.004796426018928385,0.0048542589776914054,0.006064394424396783,0.0020109899420486937,0.0044872987656176975,0.0021568850876628742,0.004267987066007395,0.008033652661972429,0.010201835892075906,0.008759122911175421,0.0114487410162869,220,35,35,0,0,4,5,0,176,17,35,35,44,,0.38636363636363635,0.07727272727272727,0.4857142857142857,NOT_ESTIMABLE,,,PROVISIONAL_SMALL_REQUEST_N,0.36363636363636365,0.4318181818181818,PROVISIONAL_SMALL_REQUEST_N,0.4444444444444444,0.5333333333333333,NOT_PRIMARY; use physical units and frozen spans
7,f7-d0ffa9b31525,FORMAL_10K,HELDOUT_TRIPLE_AUDIT,STRICT_LUMPED,f12d43eace12231077007dc497fee8dad00fbe58cb2f1fe2c6159c47636b97a0,all_candidates,all_finite_diagnostic,emx_minus_frozen_proxy,Ls_nH,nH,35,0.0070743281516051455,0.010726746110680816,0.005743920927262154,0.003669467137905169,0.021527167499603865,0.02468104702886171,PROVISIONAL_SMALL_REQUEST_N,4,0.0054858123103375955,0.009262541165869106,0.008443745908213321,0.013349948833448711,0.003970097982812115,0.007863474115971589,0.0025631931431568944,0.004305050481287487,0.016433989236916306,0.02468104702886172,0.01748844923929105,0.026663009068152554,220,35,35,0,0,4,5,0,176,17,35,35,44,,0.38636363636363635,0.07727272727272727,0.4857142857142857,NOT_ESTIMABLE,,,PROVISIONAL_SMALL_REQUEST_N,0.36363636363636365,0.4318181818181818,PROVISIONAL_SMALL_REQUEST_N,0.4444444444444444,0.5333333333333333,NOT_PRIMARY; use physical units and frozen spans
7,f7-d0ffa9b31525,FORMAL_10K,HELDOUT_TRIPLE_AUDIT,STRICT_LUMPED,f12d43eace12231077007dc497fee8dad00fbe58cb2f1fe2c6159c47636b97a0,all_candidates,all_finite_diagnostic,emx_minus_frozen_proxy,Qmin,dimensionless,35,0.1520281627426172,0.1711474772135705,0.020598140223606468,0.13730372670945457,0.25824969675076126,0.27636165519031636,PROVISIONAL_SMALL_REQUEST_N,4,0.13221658486376914,0.1690879289142479,0.1426145065924606,0.19579483785042304,-0.04664181446031007,0.08727243414055308,0.11386759689201842,0.14267299176257175,0.19288674799856764,0.2684848272766221,0.22842057208538957,0.4159359560665141,220,35,35,0,0,4,5,0,176,17,35,35,44,,0.38636363636363635,0.07727272727272727,0.4857142857142857,NOT_ESTIMABLE,,,PROVISIONAL_SMALL_REQUEST_N,0.36363636363636365,0.4318181818181818,PROVISIONAL_SMALL_REQUEST_N,0.4444444444444444,0.5333333333333333,NOT_PRIMARY; use physical units and frozen spans
7,f7-d0ffa9b31525,FORMAL_10K,HELDOUT_TRIPLE_AUDIT,STRICT_LUMPED,f12d43eace12231077007dc497fee8dad00fbe58cb2f1fe2c6159c47636b97a0,all_candidates,all_finite_diagnostic,emx_minus_frozen_proxy,K_abs,dimensionless,35,0.004614812940508542,0.00578756777320835,-0.0007946431423307595,0.003968595403516989,0.006895585167119117,0.011909613730862769,PROVISIONAL_SMALL_REQUEST_N,4,0.0035771667718491294,0.006205757255129278,0.004179812397664941,0.007832793502099995,-0.004588507364730274,0.0017045288986000872,0.003518521670174024,0.005798907390100791,0.0065798740253266465,0.014816761630817576,0.006644005518509313,0.015076319118446008,220,35,35,0,0,4,5,0,176,17,35,35,44,,0.38636363636363635,0.07727272727272727,0.4857142857142857,NOT_ESTIMABLE,,,PROVISIONAL_SMALL_REQUEST_N,0.36363636363636365,0.4318181818181818,PROVISIONAL_SMALL_REQUEST_N,0.4444444444444444,0.5333333333333333,NOT_PRIMARY; use physical units and frozen spans
7,f7-d0ffa9b31525,FORMAL_10K,HELDOUT_TRIPLE_AUDIT,STRICT_LUMPED,f12d43eace12231077007dc497fee8dad00fbe58cb2f1fe2c6159c47636b97a0,selected_q_proxy,strict_valid,emx_minus_target,Lp_nH,nH,4,0.004476373501089537,0.005345706777925217,0.004476373501089537,0.005287764730250943,0.007168038340510119,0.007182665033388469,PROVISIONAL_SMALL_REQUEST_N,4,0.0018042109188400879,0.0071485360833389855,0.002459515534326712,0.007148702347105857,0.0018042109188400879,0.0071485360833389855,0.00013267281758944094,0.007197291726266819,0.003475749020090735,0.007197291726266819,0.003475749020090735,0.007197291726266819,20,4,4,0,0,0,0,0,16,4,4,4,4,,1.0,0.2,1.0,NOT_ESTIMABLE,,,PROVISIONAL_SMALL_REQUEST_N,1.0,1.0,PROVISIONAL_SMALL_REQUEST_N,1.0,1.0,NOT_PRIMARY; use physical units and frozen spans
7,f7-d0ffa9b31525,FORMAL_10K,HELDOUT_TRIPLE_AUDIT,STRICT_LUMPED,f12d43eace12231077007dc497fee8dad00fbe58cb2f1fe2c6159c47636b97a0,selected_q_proxy,strict_valid,emx_minus_target,Ls_nH,nH,4,0.0024883059766632187,0.002537002378939492,0.0012132009560133494,0.002365973240973762,0.003049152190715987,0.0031560683655908967,PROVISIONAL_SMALL_REQUEST_N,4,0.0020700146624436644,0.002992672515511302,0.0020730273655832064,0.00302907486827278,-0.0013672234208128575,0.0029368116264092414,0.001958292884239543,0.0032629845404658075,0.0021817364406477857,0.0032629845404658075,0.0021817364406477857,0.0032629845404658075,20,4,4,0,0,0,0,0,16,4,4,4,4,,1.0,0.2,1.0,NOT_ESTIMABLE,,,PROVISIONAL_SMALL_REQUEST_N,1.0,1.0,PROVISIONAL_SMALL_REQUEST_N,1.0,1.0,NOT_PRIMARY; use physical units and frozen spans
7,f7-d0ffa9b31525,FORMAL_10K,HELDOUT_TRIPLE_AUDIT,STRICT_LUMPED,f12d43eace12231077007dc497fee8dad00fbe58cb2f1fe2c6159c47636b97a0,selected_q_proxy,strict_valid,emx_minus_target,Qmin,dimensionless,4,0.08694050000964637,0.09039974684369684,-0.041715544872163335,0.07899843062498402,0.11535007992612929,0.12068583056566426,PROVISIONAL_SMALL_REQUEST_N,4,0.06564525427921009,0.11140292364764992,0.06567279390816974,0.11424415452704265,-0.11045207529975398,0.050950694962474063,0.06374355758341821,0.12602158120519924,0.06754695097500196,0.12602158120519924,0.06754695097500196,0.12602158120519924,20,4,4,0,0,0,0,0,16,4,4,4,4,,1.0,0.2,1.0,NOT_ESTIMABLE,,,PROVISIONAL_SMALL_REQUEST_N,1.0,1.0,PROVISIONAL_SMALL_REQUEST_N,1.0,1.0,NOT_PRIMARY; use physical units and frozen spans
7,f7-d0ffa9b31525,FORMAL_10K,HELDOUT_TRIPLE_AUDIT,STRICT_LUMPED,f12d43eace12231077007dc497fee8dad00fbe58cb2f1fe2c6159c47636b97a0,selected_q_proxy,strict_valid,emx_minus_target,K_abs,dimensionless,4,0.003158582803525156,0.004417143045585511,-0.0025094830663304757,0.0014997329482025895,0.006456911498839975,0.007475978301016576,PROVISIONAL_SMALL_REQUEST_N,4,0.001219009844445812,0.006695833695992227,0.0012215793049763076,0.007385504312353426,-0.006656238881020453,0.0005483330002880663,0.001139820214502263,0.008495045103193183,0.001298199474389361,0.008495045103193183,0.001298199474389361,0.008495045103193183,20,4,4,0,0,0,0,0,16,4,4,4,4,,1.0,0.2,1.0,NOT_ESTIMABLE,,,PROVISIONAL_SMALL_REQUEST_N,1.0,1.0,PROVISIONAL_SMALL_REQUEST_N,1.0,1.0,NOT_PRIMARY; use physical units and frozen spans
7,f7-d0ffa9b31525,FORMAL_10K,HELDOUT_TRIPLE_AUDIT,STRICT_LUMPED,f12d43eace12231077007dc497fee8dad00fbe58cb2f1fe2c6159c47636b97a0,selected_q_proxy,strict_valid,emx_minus_frozen_proxy,Lp_nH,nH,4,0.0024923292909682093,0.0027843884626031377,0.0011303384077081535,0.002718032650287694,0.0037167802349819647,0.0037873646372111654,PROVISIONAL_SMALL_REQUEST_N,4,0.0013533237073709015,0.003622667698676363,0.0015253064141378704,0.0036303000653313496,-0.0013619908832600558,0.003622667698676363,0.0006753028238570824,0.003857949039440367,0.002048678942663029,0.003857949039440367,0.002048678942663029,0.003857949039440367,20,4,4,0,0,0,0,0,16,4,4,4,4,,1.0,0.2,1.0,NOT_ESTIMABLE,,,PROVISIONAL_SMALL_REQUEST_N,1.0,1.0,PROVISIONAL_SMALL_REQUEST_N,1.0,1.0,NOT_PRIMARY; use physical units and frozen spans
7,f7-d0ffa9b31525,FORMAL_10K,HELDOUT_TRIPLE_AUDIT,STRICT_LUMPED,f12d43eace12231077007dc497fee8dad00fbe58cb2f1fe2c6159c47636b97a0,selected_q_proxy,strict_valid,emx_minus_frozen_proxy,Ls_nH,nH,4,0.0013579805212552143,0.001712171111149255,-0.001203843921465747,0.0010321334446675157,0.002530769726041349,0.0027950758610741193,PROVISIONAL_SMALL_REQUEST_N,4,0.0005375994965127751,0.0024862679454418224,0.0005844687922517141,0.0026771080369945234,-0.0024862679454418224,-9.313037428790305e-05,0.0003082731995789345,0.0030593819961068913,0.0007669257934466156,0.0030593819961068913,0.0007669257934466156,0.0030593819961068913,20,4,4,0,0,0,0,0,16,4,4,4,4,,1.0,0.2,1.0,NOT_ESTIMABLE,,,PROVISIONAL_SMALL_REQUEST_N,1.0,1.0,PROVISIONAL_SMALL_REQUEST_N,1.0,1.0,NOT_PRIMARY; use physical units and frozen spans
7,f7-d0ffa9b31525,FORMAL_10K,HELDOUT_TRIPLE_AUDIT,STRICT_LUMPED,f12d43eace12231077007dc497fee8dad00fbe58cb2f1fe2c6159c47636b97a0,selected_q_proxy,strict_valid,emx_minus_frozen_proxy,Qmin,dimensionless,4,0.0925607411748075,0.09656927395406828,-0.05263726156222681,0.07879291380979847,0.12197783032285782,0.131005874129507,PROVISIONAL_SMALL_REQUEST_N,4,0.07442915416389795,0.12446015555072609,0.0744948534695333,0.1273497410449839,-0.1231812432379864,0.04045050232026215,0.0726232191434768,0.14003391793615627,0.07767983720065601,0.14003391793615627,0.07773886839443556,0.14003391793615627,20,4,4,0,0,0,0,0,16,4,4,4,4,,1.0,0.2,1.0,NOT_ESTIMABLE,,,PROVISIONAL_SMALL_REQUEST_N,1.0,1.0,PROVISIONAL_SMALL_REQUEST_N,1.0,1.0,NOT_PRIMARY; use physical units and frozen spans
7,f7-d0ffa9b31525,FORMAL_10K,HELDOUT_TRIPLE_AUDIT,STRICT_LUMPED,f12d43eace12231077007dc497fee8dad00fbe58cb2f1fe2c6159c47636b97a0,selected_q_proxy,strict_valid,emx_minus_frozen_proxy,K_abs,dimensionless,4,0.003073744397966073,0.0036870578393119143,-0.0022154613622847943,0.0020408092762084495,0.005306524044649542,0.005936839379705653,PROVISIONAL_SMALL_REQUEST_N,4,0.0016813851980240907,0.005354507553911966,0.0016817532155412602,0.00575172066038082,-0.005336917117242733,0.0006961614332583327,0.001646204324685624,0.006567154714761769,0.0017165660713625575,0.006567154714761769,0.0017165660713625575,0.006567154714761769,20,4,4,0,0,0,0,0,16,4,4,4,4,,1.0,0.2,1.0,NOT_ESTIMABLE,,,PROVISIONAL_SMALL_REQUEST_N,1.0,1.0,PROVISIONAL_SMALL_REQUEST_N,1.0,1.0,NOT_PRIMARY; use physical units and frozen spans
7,f7-d0ffa9b31525,FORMAL_10K,HELDOUT_TRIPLE_AUDIT,STRICT_LUMPED,f12d43eace12231077007dc497fee8dad00fbe58cb2f1fe2c6159c47636b97a0,selected_q_proxy,all_finite_diagnostic,emx_minus_target,Lp_nH,nH,4,0.004476373501089537,0.005345706777925217,0.004476373501089537,0.005287764730250943,0.007168038340510119,0.007182665033388469,PROVISIONAL_SMALL_REQUEST_N,4,0.0018042109188400879,0.0071485360833389855,0.002459515534326712,0.007148702347105857,0.0018042109188400879,0.0071485360833389855,0.00013267281758944094,0.007197291726266819,0.003475749020090735,0.007197291726266819,0.003475749020090735,0.007197291726266819,20,4,4,0,0,0,0,0,16,4,4,4,4,,1.0,0.2,1.0,NOT_ESTIMABLE,,,PROVISIONAL_SMALL_REQUEST_N,1.0,1.0,PROVISIONAL_SMALL_REQUEST_N,1.0,1.0,NOT_PRIMARY; use physical units and frozen spans
7,f7-d0ffa9b31525,FORMAL_10K,HELDOUT_TRIPLE_AUDIT,STRICT_LUMPED,f12d43eace12231077007dc497fee8dad00fbe58cb2f1fe2c6159c47636b97a0,selected_q_proxy,all_finite_diagnostic,emx_minus_target,Ls_nH,nH,4,0.0024883059766632187,0.002537002378939492,0.0012132009560133494,0.002365973240973762,0.003049152190715987,0.0031560683655908967,PROVISIONAL_SMALL_REQUEST_N,4,0.0020700146624436644,0.002992672515511302,0.0020730273655832064,0.00302907486827278,-0.0013672234208128575,0.0029368116264092414,0.001958292884239543,0.0032629845404658075,0.0021817364406477857,0.0032629845404658075,0.0021817364406477857,0.0032629845404658075,20,4,4,0,0,0,0,0,16,4,4,4,4,,1.0,0.2,1.0,NOT_ESTIMABLE,,,PROVISIONAL_SMALL_REQUEST_N,1.0,1.0,PROVISIONAL_SMALL_REQUEST_N,1.0,1.0,NOT_PRIMARY; use physical units and frozen spans
7,f7-d0ffa9b31525,FORMAL_10K,HELDOUT_TRIPLE_AUDIT,STRICT_LUMPED,f12d43eace12231077007dc497fee8dad00fbe58cb2f1fe2c6159c47636b97a0,selected_q_proxy,all_finite_diagnostic,emx_minus_target,Qmin,dimensionless,4,0.08694050000964637,0.09039974684369684,-0.041715544872163335,0.07899843062498402,0.11535007992612929,0.12068583056566426,PROVISIONAL_SMALL_REQUEST_N,4,0.06564525427921009,0.11140292364764992,0.06567279390816974,0.11424415452704265,-0.11045207529975398,0.050950694962474063,0.06374355758341821,0.12602158120519924,0.06754695097500196,0.12602158120519924,0.06754695097500196,0.12602158120519924,20,4,4,0,0,0,0,0,16,4,4,4,4,,1.0,0.2,1.0,NOT_ESTIMABLE,,,PROVISIONAL_SMALL_REQUEST_N,1.0,1.0,PROVISIONAL_SMALL_REQUEST_N,1.0,1.0,NOT_PRIMARY; use physical units and frozen spans
7,f7-d0ffa9b31525,FORMAL_10K,HELDOUT_TRIPLE_AUDIT,STRICT_LUMPED,f12d43eace12231077007dc497fee8dad00fbe58cb2f1fe2c6159c47636b97a0,selected_q_proxy,all_finite_diagnostic,emx_minus_target,K_abs,dimensionless,4,0.003158582803525156,0.004417143045585511,-0.0025094830663304757,0.0014997329482025895,0.006456911498839975,0.007475978301016576,PROVISIONAL_SMALL_REQUEST_N,4,0.001219009844445812,0.006695833695992227,0.0012215793049763076,0.007385504312353426,-0.006656238881020453,0.0005483330002880663,0.001139820214502263,0.008495045103193183,0.001298199474389361,0.008495045103193183,0.001298199474389361,0.008495045103193183,20,4,4,0,0,0,0,0,16,4,4,4,4,,1.0,0.2,1.0,NOT_ESTIMABLE,,,PROVISIONAL_SMALL_REQUEST_N,1.0,1.0,PROVISIONAL_SMALL_REQUEST_N,1.0,1.0,NOT_PRIMARY; use physical units and frozen spans
7,f7-d0ffa9b31525,FORMAL_10K,HELDOUT_TRIPLE_AUDIT,STRICT_LUMPED,f12d43eace12231077007dc497fee8dad00fbe58cb2f1fe2c6159c47636b97a0,selected_q_proxy,all_finite_diagnostic,emx_minus_frozen_proxy,Lp_nH,nH,4,0.0024923292909682093,0.0027843884626031377,0.0011303384077081535,0.002718032650287694,0.0037167802349819647,0.0037873646372111654,PROVISIONAL_SMALL_REQUEST_N,4,0.0013533237073709015,0.003622667698676363,0.0015253064141378704,0.0036303000653313496,-0.0013619908832600558,0.003622667698676363,0.0006753028238570824,0.003857949039440367,0.002048678942663029,0.003857949039440367,0.002048678942663029,0.003857949039440367,20,4,4,0,0,0,0,0,16,4,4,4,4,,1.0,0.2,1.0,NOT_ESTIMABLE,,,PROVISIONAL_SMALL_REQUEST_N,1.0,1.0,PROVISIONAL_SMALL_REQUEST_N,1.0,1.0,NOT_PRIMARY; use physical units and frozen spans
7,f7-d0ffa9b31525,FORMAL_10K,HELDOUT_TRIPLE_AUDIT,STRICT_LUMPED,f12d43eace12231077007dc497fee8dad00fbe58cb2f1fe2c6159c47636b97a0,selected_q_proxy,all_finite_diagnostic,emx_minus_frozen_proxy,Ls_nH,nH,4,0.0013579805212552143,0.001712171111149255,-0.001203843921465747,0.0010321334446675157,0.002530769726041349,0.0027950758610741193,PROVISIONAL_SMALL_REQUEST_N,4,0.0005375994965127751,0.0024862679454418224,0.0005844687922517141,0.0026771080369945234,-0.0024862679454418224,-9.313037428790305e-05,0.0003082731995789345,0.0030593819961068913,0.0007669257934466156,0.0030593819961068913,0.0007669257934466156,0.0030593819961068913,20,4,4,0,0,0,0,0,16,4,4,4,4,,1.0,0.2,1.0,NOT_ESTIMABLE,,,PROVISIONAL_SMALL_REQUEST_N,1.0,1.0,PROVISIONAL_SMALL_REQUEST_N,1.0,1.0,NOT_PRIMARY; use physical units and frozen spans
7,f7-d0ffa9b31525,FORMAL_10K,HELDOUT_TRIPLE_AUDIT,STRICT_LUMPED,f12d43eace12231077007dc497fee8dad00fbe58cb2f1fe2c6159c47636b97a0,selected_q_proxy,all_finite_diagnostic,emx_minus_frozen_proxy,Qmin,dimensionless,4,0.0925607411748075,0.09656927395406828,-0.05263726156222681,0.07879291380979847,0.12197783032285782,0.131005874129507,PROVISIONAL_SMALL_REQUEST_N,4,0.07442915416389795,0.12446015555072609,0.0744948534695333,0.1273497410449839,-0.1231812432379864,0.04045050232026215,0.0726232191434768,0.14003391793615627,0.07767983720065601,0.14003391793615627,0.07773886839443556,0.14003391793615627,20,4,4,0,0,0,0,0,16,4,4,4,4,,1.0,0.2,1.0,NOT_ESTIMABLE,,,PROVISIONAL_SMALL_REQUEST_N,1.0,1.0,PROVISIONAL_SMALL_REQUEST_N,1.0,1.0,NOT_PRIMARY; use physical units and frozen spans
7,f7-d0ffa9b31525,FORMAL_10K,HELDOUT_TRIPLE_AUDIT,STRICT_LUMPED,f12d43eace12231077007dc497fee8dad00fbe58cb2f1fe2c6159c47636b97a0,selected_q_proxy,all_finite_diagnostic,emx_minus_frozen_proxy,K_abs,dimensionless,4,0.003073744397966073,0.0036870578393119143,-0.0022154613622847943,0.0020408092762084495,0.005306524044649542,0.005936839379705653,PROVISIONAL_SMALL_REQUEST_N,4,0.0016813851980240907,0.005354507553911966,0.0016817532155412602,0.00575172066038082,-0.005336917117242733,0.0006961614332583327,0.001646204324685624,0.006567154714761769,0.0017165660713625575,0.006567154714761769,0.0017165660713625575,0.006567154714761769,20,4,4,0,0,0,0,0,16,4,4,4,4,,1.0,0.2,1.0,NOT_ESTIMABLE,,,PROVISIONAL_SMALL_REQUEST_N,1.0,1.0,PROVISIONAL_SMALL_REQUEST_N,1.0,1.0,NOT_PRIMARY; use physical units and frozen spans
8,f8-dc2e68a2a478,FORMAL_10K,HELDOUT_TRIPLE_AUDIT,STRICT_LUMPED,f12d43eace12231077007dc497fee8dad00fbe58cb2f1fe2c6159c47636b97a0,all_candidates,strict_valid,emx_minus_target,Lp_nH,nH,31,0.021306444098991576,0.03780453346394954,0.008211851211373158,0.008105314634491156,0.05645498666810167,0.07877777244841677,PROVISIONAL_SMALL_REQUEST_N,4,0.01455086000562319,0.03539901287987852,0.025293958026054143,0.05774986949185662,-0.010515318548138166,0.032742400560080216,0.004751679684575683,0.012601833166897891,0.04749122071893439,0.12898339151832383,0.05645498666810167,0.14711549273087932,220,31,31,0,35,5,5,0,144,22,31,31,44,,0.5,0.1,0.7096774193548387,NOT_ESTIMABLE,,,PROVISIONAL_SMALL_REQUEST_N,0.4090909090909091,0.5909090909090909,PROVISIONAL_SMALL_REQUEST_N,0.59375,0.8461538461538461,NOT_PRIMARY; use physical units and frozen spans
8,f8-dc2e68a2a478,FORMAL_10K,HELDOUT_TRIPLE_AUDIT,STRICT_LUMPED,f12d43eace12231077007dc497fee8dad00fbe58cb2f1fe2c6159c47636b97a0,all_candidates,strict_valid,emx_minus_target,Ls_nH,nH,31,0.05046183411625366,0.10287985634711805,0.043105417870443495,0.004684334919103694,0.1751969702660503,0.22058653233085307,PROVISIONAL_SMALL_REQUEST_N,4,0.021681763079339795,0.08605390991964944,0.043451159603682094,0.14890349469275607,0.0030379543223983253,0.08531941461532135,0.002218957732124327,0.006888167643438026,0.05880964576881875,0.25850359116050037,0.07756677736173759,0.3771536180948297,220,31,31,0,35,5,5,0,144,22,31,31,44,,0.5,0.1,0.7096774193548387,NOT_ESTIMABLE,,,PROVISIONAL_SMALL_REQUEST_N,0.4090909090909091,0.5909090909090909,PROVISIONAL_SMALL_REQUEST_N,0.59375,0.8461538461538461,NOT_PRIMARY; use physical units and frozen spans
8,f8-dc2e68a2a478,FORMAL_10K,HELDOUT_TRIPLE_AUDIT,STRICT_LUMPED,f12d43eace12231077007dc497fee8dad00fbe58cb2f1fe2c6159c47636b97a0,all_candidates,strict_valid,emx_minus_target,Qmin,dimensionless,31,0.7236352141347028,1.37628029217815,-0.7110104469589286,0.19979854107974937,1.940781684921129,3.1763387163107293,PROVISIONAL_SMALL_REQUEST_N,4,0.40770380564058395,1.1264325237937898,0.630608807925401,1.9398764776626483,-1.1157772803534145,-0.40710541959477686,0.11912353386947316,0.33128972517797983,0.9304927515697905,3.1763387163107293,1.2010350331066009,5.2107047317462225,220,31,31,0,35,5,5,0,144,22,31,31,44,,0.5,0.1,0.7096774193548387,NOT_ESTIMABLE,,,PROVISIONAL_SMALL_REQUEST_N,0.4090909090909091,0.5909090909090909,PROVISIONAL_SMALL_REQUEST_N,0.59375,0.8461538461538461,NOT_PRIMARY; use physical units and frozen spans
8,f8-dc2e68a2a478,FORMAL_10K,HELDOUT_TRIPLE_AUDIT,STRICT_LUMPED,f12d43eace12231077007dc497fee8dad00fbe58cb2f1fe2c6159c47636b97a0,all_candidates,strict_valid,emx_minus_target,K_abs,dimensionless,31,0.02433095514726341,0.039681041488847026,-0.009499013145796108,0.009543415361450647,0.061632787267659056,0.0892342406963891,PROVISIONAL_SMALL_REQUEST_N,4,0.013246244778445333,0.03776637212891495,0.01885451713288017,0.05671958649533747,-0.031857969456172204,0.008323569148524378,0.0062599971427671625,0.020551035897169015,0.031121223116153784,0.10292300823875916,0.0344371992520713,0.13260013428641018,220,31,31,0,35,5,5,0,144,22,31,31,44,,0.5,0.1,0.7096774193548387,NOT_ESTIMABLE,,,PROVISIONAL_SMALL_REQUEST_N,0.4090909090909091,0.5909090909090909,PROVISIONAL_SMALL_REQUEST_N,0.59375,0.8461538461538461,NOT_PRIMARY; use physical units and frozen spans
8,f8-dc2e68a2a478,FORMAL_10K,HELDOUT_TRIPLE_AUDIT,STRICT_LUMPED,f12d43eace12231077007dc497fee8dad00fbe58cb2f1fe2c6159c47636b97a0,all_candidates,strict_valid,emx_minus_frozen_proxy,Lp_nH,nH,31,0.00646788068534289,0.008452344806133853,0.0011541459250660729,0.00483229173653843,0.011105443918054458,0.01318439922094583,PROVISIONAL_SMALL_REQUEST_N,4,0.00552600629799461,0.007539870512707832,0.006604444871408049,0.010577306675662904,-0.0026104226755694153,0.0032009354195137694,0.00413853268309472,0.007065885772539027,0.00888342566385003,0.01438870113309898,0.010764910763460589,0.028999450137078275,220,31,31,0,35,5,5,0,144,22,31,31,44,,0.5,0.1,0.7096774193548387,NOT_ESTIMABLE,,,PROVISIONAL_SMALL_REQUEST_N,0.4090909090909091,0.5909090909090909,PROVISIONAL_SMALL_REQUEST_N,0.59375,0.8461538461538461,NOT_PRIMARY; use physical units and frozen spans
8,f8-dc2e68a2a478,FORMAL_10K,HELDOUT_TRIPLE_AUDIT,STRICT_LUMPED,f12d43eace12231077007dc497fee8dad00fbe58cb2f1fe2c6159c47636b97a0,all_candidates,strict_valid,emx_minus_frozen_proxy,Ls_nH,nH,31,0.008363400904826747,0.01194124620948207,0.007554085380930745,0.003413222284813777,0.020457977175343922,0.024922872979356137,PROVISIONAL_SMALL_REQUEST_N,4,0.006412984744352955,0.010275795942189702,0.009594209665406587,0.013410188282396707,0.005675302959424723,0.009781580077214583,0.002827367555272464,0.008595297228538024,0.01182834208031558,0.02621862522267257,0.019595013665841075,0.029816994547850362,220,31,31,0,35,5,5,0,144,22,31,31,44,,0.5,0.1,0.7096774193548387,NOT_ESTIMABLE,,,PROVISIONAL_SMALL_REQUEST_N,0.4090909090909091,0.5909090909090909,PROVISIONAL_SMALL_REQUEST_N,0.59375,0.8461538461538461,NOT_PRIMARY; use physical units and frozen spans
8,f8-dc2e68a2a478,FORMAL_10K,HELDOUT_TRIPLE_AUDIT,STRICT_LUMPED,f12d43eace12231077007dc497fee8dad00fbe58cb2f1fe2c6159c47636b97a0,all_candidates,strict_valid,emx_minus_frozen_proxy,Qmin,dimensionless,31,0.1434800569427333,0.18510924976383905,-0.12068435310064034,0.11622138501285484,0.34024533848558214,0.35243888365576304,PROVISIONAL_SMALL_REQUEST_N,4,0.08250924046241907,0.21751604838311486,0.10396179453737191,0.2504982940480476,-0.20397991767824117,-0.04847410534382657,0.06119059879783251,0.2107488897362675,0.17182152816279214,0.3542282165106023,0.1889349819753153,0.4145540036422819,220,31,31,0,35,5,5,0,144,22,31,31,44,,0.5,0.1,0.7096774193548387,NOT_ESTIMABLE,,,PROVISIONAL_SMALL_REQUEST_N,0.4090909090909091,0.5909090909090909,PROVISIONAL_SMALL_REQUEST_N,0.59375,0.8461538461538461,NOT_PRIMARY; use physical units and frozen spans
8,f8-dc2e68a2a478,FORMAL_10K,HELDOUT_TRIPLE_AUDIT,STRICT_LUMPED,f12d43eace12231077007dc497fee8dad00fbe58cb2f1fe2c6159c47636b97a0,all_candidates,strict_valid,emx_minus_frozen_proxy,K_abs,dimensionless,31,0.0049675323535159155,0.006817990299644546,0.002688408975385078,0.003822331984512206,0.011123318511986807,0.012845757848039097,PROVISIONAL_SMALL_REQUEST_N,4,0.0037487918936467755,0.006447431483357015,0.005241582935049082,0.008670755311493165,0.0012305797226431813,0.004264177217156,0.001819801355118722,0.0053816935224779705,0.011032436303444304,0.017992292180970603,0.011094877099117384,0.019986911397712387,220,31,31,0,35,5,5,0,144,22,31,31,44,,0.5,0.1,0.7096774193548387,NOT_ESTIMABLE,,,PROVISIONAL_SMALL_REQUEST_N,0.4090909090909091,0.5909090909090909,PROVISIONAL_SMALL_REQUEST_N,0.59375,0.8461538461538461,NOT_PRIMARY; use physical units and frozen spans
8,f8-dc2e68a2a478,FORMAL_10K,HELDOUT_TRIPLE_AUDIT,STRICT_LUMPED,f12d43eace12231077007dc497fee8dad00fbe58cb2f1fe2c6159c47636b97a0,all_candidates,all_finite_diagnostic,emx_minus_target,Lp_nH,nH,31,0.021306444098991576,0.03780453346394954,0.008211851211373158,0.008105314634491156,0.05645498666810167,0.07877777244841677,PROVISIONAL_SMALL_REQUEST_N,4,0.01455086000562319,0.03539901287987852,0.025293958026054143,0.05774986949185662,-0.010515318548138166,0.032742400560080216,0.004751679684575683,0.012601833166897891,0.04749122071893439,0.12898339151832383,0.05645498666810167,0.14711549273087932,220,31,31,0,35,5,5,0,144,22,31,31,44,,0.5,0.1,0.7096774193548387,NOT_ESTIMABLE,,,PROVISIONAL_SMALL_REQUEST_N,0.4090909090909091,0.5909090909090909,PROVISIONAL_SMALL_REQUEST_N,0.59375,0.8461538461538461,NOT_PRIMARY; use physical units and frozen spans
8,f8-dc2e68a2a478,FORMAL_10K,HELDOUT_TRIPLE_AUDIT,STRICT_LUMPED,f12d43eace12231077007dc497fee8dad00fbe58cb2f1fe2c6159c47636b97a0,all_candidates,all_finite_diagnostic,emx_minus_target,Ls_nH,nH,31,0.05046183411625366,0.10287985634711805,0.043105417870443495,0.004684334919103694,0.1751969702660503,0.22058653233085307,PROVISIONAL_SMALL_REQUEST_N,4,0.021681763079339795,0.08605390991964944,0.043451159603682094,0.14890349469275607,0.0030379543223983253,0.08531941461532135,0.002218957732124327,0.006888167643438026,0.05880964576881875,0.25850359116050037,0.07756677736173759,0.3771536180948297,220,31,31,0,35,5,5,0,144,22,31,31,44,,0.5,0.1,0.7096774193548387,NOT_ESTIMABLE,,,PROVISIONAL_SMALL_REQUEST_N,0.4090909090909091,0.5909090909090909,PROVISIONAL_SMALL_REQUEST_N,0.59375,0.8461538461538461,NOT_PRIMARY; use physical units and frozen spans
8,f8-dc2e68a2a478,FORMAL_10K,HELDOUT_TRIPLE_AUDIT,STRICT_LUMPED,f12d43eace12231077007dc497fee8dad00fbe58cb2f1fe2c6159c47636b97a0,all_candidates,all_finite_diagnostic,emx_minus_target,Qmin,dimensionless,31,0.7236352141347028,1.37628029217815,-0.7110104469589286,0.19979854107974937,1.940781684921129,3.1763387163107293,PROVISIONAL_SMALL_REQUEST_N,4,0.40770380564058395,1.1264325237937898,0.630608807925401,1.9398764776626483,-1.1157772803534145,-0.40710541959477686,0.11912353386947316,0.33128972517797983,0.9304927515697905,3.1763387163107293,1.2010350331066009,5.2107047317462225,220,31,31,0,35,5,5,0,144,22,31,31,44,,0.5,0.1,0.7096774193548387,NOT_ESTIMABLE,,,PROVISIONAL_SMALL_REQUEST_N,0.4090909090909091,0.5909090909090909,PROVISIONAL_SMALL_REQUEST_N,0.59375,0.8461538461538461,NOT_PRIMARY; use physical units and frozen spans
8,f8-dc2e68a2a478,FORMAL_10K,HELDOUT_TRIPLE_AUDIT,STRICT_LUMPED,f12d43eace12231077007dc497fee8dad00fbe58cb2f1fe2c6159c47636b97a0,all_candidates,all_finite_diagnostic,emx_minus_target,K_abs,dimensionless,31,0.02433095514726341,0.039681041488847026,-0.009499013145796108,0.009543415361450647,0.061632787267659056,0.0892342406963891,PROVISIONAL_SMALL_REQUEST_N,4,0.013246244778445333,0.03776637212891495,0.01885451713288017,0.05671958649533747,-0.031857969456172204,0.008323569148524378,0.0062599971427671625,0.020551035897169015,0.031121223116153784,0.10292300823875916,0.0344371992520713,0.13260013428641018,220,31,31,0,35,5,5,0,144,22,31,31,44,,0.5,0.1,0.7096774193548387,NOT_ESTIMABLE,,,PROVISIONAL_SMALL_REQUEST_N,0.4090909090909091,0.5909090909090909,PROVISIONAL_SMALL_REQUEST_N,0.59375,0.8461538461538461,NOT_PRIMARY; use physical units and frozen spans
8,f8-dc2e68a2a478,FORMAL_10K,HELDOUT_TRIPLE_AUDIT,STRICT_LUMPED,f12d43eace12231077007dc497fee8dad00fbe58cb2f1fe2c6159c47636b97a0,all_candidates,all_finite_diagnostic,emx_minus_frozen_proxy,Lp_nH,nH,31,0.00646788068534289,0.008452344806133853,0.0011541459250660729,0.00483229173653843,0.011105443918054458,0.01318439922094583,PROVISIONAL_SMALL_REQUEST_N,4,0.00552600629799461,0.007539870512707832,0.006604444871408049,0.010577306675662904,-0.0026104226755694153,0.0032009354195137694,0.00413853268309472,0.007065885772539027,0.00888342566385003,0.01438870113309898,0.010764910763460589,0.028999450137078275,220,31,31,0,35,5,5,0,144,22,31,31,44,,0.5,0.1,0.7096774193548387,NOT_ESTIMABLE,,,PROVISIONAL_SMALL_REQUEST_N,0.4090909090909091,0.5909090909090909,PROVISIONAL_SMALL_REQUEST_N,0.59375,0.8461538461538461,NOT_PRIMARY; use physical units and frozen spans
8,f8-dc2e68a2a478,FORMAL_10K,HELDOUT_TRIPLE_AUDIT,STRICT_LUMPED,f12d43eace12231077007dc497fee8dad00fbe58cb2f1fe2c6159c47636b97a0,all_candidates,all_finite_diagnostic,emx_minus_frozen_proxy,Ls_nH,nH,31,0.008363400904826747,0.01194124620948207,0.007554085380930745,0.003413222284813777,0.020457977175343922,0.024922872979356137,PROVISIONAL_SMALL_REQUEST_N,4,0.006412984744352955,0.010275795942189702,0.009594209665406587,0.013410188282396707,0.005675302959424723,0.009781580077214583,0.002827367555272464,0.008595297228538024,0.01182834208031558,0.02621862522267257,0.019595013665841075,0.029816994547850362,220,31,31,0,35,5,5,0,144,22,31,31,44,,0.5,0.1,0.7096774193548387,NOT_ESTIMABLE,,,PROVISIONAL_SMALL_REQUEST_N,0.4090909090909091,0.5909090909090909,PROVISIONAL_SMALL_REQUEST_N,0.59375,0.8461538461538461,NOT_PRIMARY; use physical units and frozen spans
8,f8-dc2e68a2a478,FORMAL_10K,HELDOUT_TRIPLE_AUDIT,STRICT_LUMPED,f12d43eace12231077007dc497fee8dad00fbe58cb2f1fe2c6159c47636b97a0,all_candidates,all_finite_diagnostic,emx_minus_frozen_proxy,Qmin,dimensionless,31,0.1434800569427333,0.18510924976383905,-0.12068435310064034,0.11622138501285484,0.34024533848558214,0.35243888365576304,PROVISIONAL_SMALL_REQUEST_N,4,0.08250924046241907,0.21751604838311486,0.10396179453737191,0.2504982940480476,-0.20397991767824117,-0.04847410534382657,0.06119059879783251,0.2107488897362675,0.17182152816279214,0.3542282165106023,0.1889349819753153,0.4145540036422819,220,31,31,0,35,5,5,0,144,22,31,31,44,,0.5,0.1,0.7096774193548387,NOT_ESTIMABLE,,,PROVISIONAL_SMALL_REQUEST_N,0.4090909090909091,0.5909090909090909,PROVISIONAL_SMALL_REQUEST_N,0.59375,0.8461538461538461,NOT_PRIMARY; use physical units and frozen spans
8,f8-dc2e68a2a478,FORMAL_10K,HELDOUT_TRIPLE_AUDIT,STRICT_LUMPED,f12d43eace12231077007dc497fee8dad00fbe58cb2f1fe2c6159c47636b97a0,all_candidates,all_finite_diagnostic,emx_minus_frozen_proxy,K_abs,dimensionless,31,0.0049675323535159155,0.006817990299644546,0.002688408975385078,0.003822331984512206,0.011123318511986807,0.012845757848039097,PROVISIONAL_SMALL_REQUEST_N,4,0.0037487918936467755,0.006447431483357015,0.005241582935049082,0.008670755311493165,0.0012305797226431813,0.004264177217156,0.001819801355118722,0.0053816935224779705,0.011032436303444304,0.017992292180970603,0.011094877099117384,0.019986911397712387,220,31,31,0,35,5,5,0,144,22,31,31,44,,0.5,0.1,0.7096774193548387,NOT_ESTIMABLE,,,PROVISIONAL_SMALL_REQUEST_N,0.4090909090909091,0.5909090909090909,PROVISIONAL_SMALL_REQUEST_N,0.59375,0.8461538461538461,NOT_PRIMARY; use physical units and frozen spans
8,f8-dc2e68a2a478,FORMAL_10K,HELDOUT_TRIPLE_AUDIT,STRICT_LUMPED,f12d43eace12231077007dc497fee8dad00fbe58cb2f1fe2c6159c47636b97a0,selected_q_proxy,strict_valid,emx_minus_target,Lp_nH,nH,3,0.006195404721685597,0.006618778459415822,-0.0004196728707374457,0.006850435036915847,0.00830096522852095,0.00848228150247159,PROVISIONAL_SMALL_REQUEST_N,3,0.003072181351718717,0.008663597776422227,0.003072181351718717,0.008663597776422227,-0.006850435036915847,0.008663597776422227,0.003072181351718717,0.008663597776422227,0.003072181351718717,0.008663597776422227,0.003072181351718717,0.008663597776422227,20,3,3,0,2,1,0,0,14,3,3,3,4,,0.75,0.15,1.0,NOT_ESTIMABLE,,,PROVISIONAL_SMALL_REQUEST_N,0.25,1.0,PROVISIONAL_SMALL_REQUEST_N,1.0,1.0,NOT_PRIMARY; use physical units and frozen spans
8,f8-dc2e68a2a478,FORMAL_10K,HELDOUT_TRIPLE_AUDIT,STRICT_LUMPED,f12d43eace12231077007dc497fee8dad00fbe58cb2f1fe2c6159c47636b97a0,selected_q_proxy,strict_valid,emx_minus_target,Ls_nH,nH,3,0.0030093124066682777,0.0034665126139178212,0.0030093124066682777,0.0030379677712530917,0.004689382169408196,0.004895808969177583,PROVISIONAL_SMALL_REQUEST_N,3,0.0008877336798047697,0.005102235768946972,0.0008877336798047697,0.005102235768946972,0.0008877336798047697,0.005102235768946972,0.0008877336798047697,0.005102235768946972,0.0008877336798047697,0.005102235768946972,0.0008877336798047697,0.005102235768946972,20,3,3,0,2,1,0,0,14,3,3,3,4,,0.75,0.15,1.0,NOT_ESTIMABLE,,,PROVISIONAL_SMALL_REQUEST_N,0.25,1.0,PROVISIONAL_SMALL_REQUEST_N,1.0,1.0,NOT_PRIMARY; use physical units and frozen spans
8,f8-dc2e68a2a478,FORMAL_10K,HELDOUT_TRIPLE_AUDIT,STRICT_LUMPED,f12d43eace12231077007dc497fee8dad00fbe58cb2f1fe2c6159c47636b97a0,selected_q_proxy,strict_valid,emx_minus_target,Qmin,dimensionless,3,0.20710902268629225,0.24305597758186728,-0.17037921430804973,0.19979854107974937,0.33310675974536075,0.34977028707856217,PROVISIONAL_SMALL_REQUEST_N,3,0.05509471256736376,0.3664338144117636,0.05509471256736376,0.3664338144117636,-0.3664338144117636,0.05509471256736376,0.05509471256736376,0.3664338144117636,0.05509471256736376,0.3664338144117636,0.05509471256736376,0.3664338144117636,20,3,3,0,2,1,0,0,14,3,3,3,4,,0.75,0.15,1.0,NOT_ESTIMABLE,,,PROVISIONAL_SMALL_REQUEST_N,0.25,1.0,PROVISIONAL_SMALL_REQUEST_N,1.0,1.0,NOT_PRIMARY; use physical units and frozen spans
8,f8-dc2e68a2a478,FORMAL_10K,HELDOUT_TRIPLE_AUDIT,STRICT_LUMPED,f12d43eace12231077007dc497fee8dad00fbe58cb2f1fe2c6159c47636b97a0,selected_q_proxy,strict_valid,emx_minus_target,K_abs,dimensionless,3,0.005988581072889419,0.0072198260768772775,0.004330291607584256,0.0038403526571189617,0.010078435622297034,0.01085819599294429,PROVISIONAL_SMALL_REQUEST_N,3,0.002487434197957744,0.01163795636359155,0.002487434197957744,0.01163795636359155,-0.002487434197957744,0.01163795636359155,0.002487434197957744,0.01163795636359155,0.002487434197957744,0.01163795636359155,0.002487434197957744,0.01163795636359155,20,3,3,0,2,1,0,0,14,3,3,3,4,,0.75,0.15,1.0,NOT_ESTIMABLE,,,PROVISIONAL_SMALL_REQUEST_N,0.25,1.0,PROVISIONAL_SMALL_REQUEST_N,1.0,1.0,NOT_PRIMARY; use physical units and frozen spans
8,f8-dc2e68a2a478,FORMAL_10K,HELDOUT_TRIPLE_AUDIT,STRICT_LUMPED,f12d43eace12231077007dc497fee8dad00fbe58cb2f1fe2c6159c47636b97a0,selected_q_proxy,strict_valid,emx_minus_frozen_proxy,Lp_nH,nH,3,0.0033740808475554904,0.0037329282469267273,-0.0033740808475554904,0.00413853268309472,0.004693539925849688,0.004762915831194059,PROVISIONAL_SMALL_REQUEST_N,3,0.001151418123033321,0.00483229173653843,0.001151418123033321,0.00483229173653843,-0.00483229173653843,-0.001151418123033321,0.001151418123033321,0.00483229173653843,0.001151418123033321,0.00483229173653843,0.001151418123033321,0.00483229173653843,20,3,3,0,2,1,0,0,14,3,3,3,4,,0.75,0.15,1.0,NOT_ESTIMABLE,,,PROVISIONAL_SMALL_REQUEST_N,0.25,1.0,PROVISIONAL_SMALL_REQUEST_N,1.0,1.0,NOT_PRIMARY; use physical units and frozen spans
8,f8-dc2e68a2a478,FORMAL_10K,HELDOUT_TRIPLE_AUDIT,STRICT_LUMPED,f12d43eace12231077007dc497fee8dad00fbe58cb2f1fe2c6159c47636b97a0,selected_q_proxy,strict_valid,emx_minus_frozen_proxy,Ls_nH,nH,3,0.004533750826073398,0.004674325099322983,0.004533750826073398,0.004875441425483906,0.005554724715875281,0.005639635127174203,PROVISIONAL_SMALL_REQUEST_N,3,0.003001265514263163,0.005724545538473125,0.003001265514263163,0.005724545538473125,0.003001265514263163,0.005724545538473125,0.003001265514263163,0.005724545538473125,0.003001265514263163,0.005724545538473125,0.003001265514263163,0.005724545538473125,20,3,3,0,2,1,0,0,14,3,3,3,4,,0.75,0.15,1.0,NOT_ESTIMABLE,,,PROVISIONAL_SMALL_REQUEST_N,0.25,1.0,PROVISIONAL_SMALL_REQUEST_N,1.0,1.0,NOT_PRIMARY; use physical units and frozen spans
8,f8-dc2e68a2a478,FORMAL_10K,HELDOUT_TRIPLE_AUDIT,STRICT_LUMPED,f12d43eace12231077007dc497fee8dad00fbe58cb2f1fe2c6159c47636b97a0,selected_q_proxy,strict_valid,emx_minus_frozen_proxy,Qmin,dimensionless,3,0.1760205115372037,0.21618418627984268,-0.13522677900531535,0.11622138501285484,0.30376391764331,0.3272067342221168,PROVISIONAL_SMALL_REQUEST_N,3,0.06119059879783251,0.35064955080092375,0.06119059879783251,0.35064955080092375,-0.35064955080092375,0.06119059879783251,0.06119059879783251,0.35064955080092375,0.06119059879783251,0.35064955080092375,0.06119059879783251,0.35064955080092375,20,3,3,0,2,1,0,0,14,3,3,3,4,,0.75,0.15,1.0,NOT_ESTIMABLE,,,PROVISIONAL_SMALL_REQUEST_N,0.25,1.0,PROVISIONAL_SMALL_REQUEST_N,1.0,1.0,NOT_PRIMARY; use physical units and frozen spans
8,f8-dc2e68a2a478,FORMAL_10K,HELDOUT_TRIPLE_AUDIT,STRICT_LUMPED,f12d43eace12231077007dc497fee8dad00fbe58cb2f1fe2c6159c47636b97a0,selected_q_proxy,strict_valid,emx_minus_frozen_proxy,K_abs,dimensionless,3,0.005428217483692478,0.0073756743165419745,0.0028073391968664596,0.0031634066780414916,0.010515349352279026,0.011434342186558715,PROVISIONAL_SMALL_REQUEST_N,3,0.000767910752197537,0.012353335020838407,0.000767910752197537,0.012353335020838407,-0.0031634066780414916,0.012353335020838407,0.000767910752197537,0.012353335020838407,0.000767910752197537,0.012353335020838407,0.000767910752197537,0.012353335020838407,20,3,3,0,2,1,0,0,14,3,3,3,4,,0.75,0.15,1.0,NOT_ESTIMABLE,,,PROVISIONAL_SMALL_REQUEST_N,0.25,1.0,PROVISIONAL_SMALL_REQUEST_N,1.0,1.0,NOT_PRIMARY; use physical units and frozen spans
8,f8-dc2e68a2a478,FORMAL_10K,HELDOUT_TRIPLE_AUDIT,STRICT_LUMPED,f12d43eace12231077007dc497fee8dad00fbe58cb2f1fe2c6159c47636b97a0,selected_q_proxy,all_finite_diagnostic,emx_minus_target,Lp_nH,nH,3,0.006195404721685597,0.006618778459415822,-0.0004196728707374457,0.006850435036915847,0.00830096522852095,0.00848228150247159,PROVISIONAL_SMALL_REQUEST_N,3,0.003072181351718717,0.008663597776422227,0.003072181351718717,0.008663597776422227,-0.006850435036915847,0.008663597776422227,0.003072181351718717,0.008663597776422227,0.003072181351718717,0.008663597776422227,0.003072181351718717,0.008663597776422227,20,3,3,0,2,1,0,0,14,3,3,3,4,,0.75,0.15,1.0,NOT_ESTIMABLE,,,PROVISIONAL_SMALL_REQUEST_N,0.25,1.0,PROVISIONAL_SMALL_REQUEST_N,1.0,1.0,NOT_PRIMARY; use physical units and frozen spans
8,f8-dc2e68a2a478,FORMAL_10K,HELDOUT_TRIPLE_AUDIT,STRICT_LUMPED,f12d43eace12231077007dc497fee8dad00fbe58cb2f1fe2c6159c47636b97a0,selected_q_proxy,all_finite_diagnostic,emx_minus_target,Ls_nH,nH,3,0.0030093124066682777,0.0034665126139178212,0.0030093124066682777,0.0030379677712530917,0.004689382169408196,0.004895808969177583,PROVISIONAL_SMALL_REQUEST_N,3,0.0008877336798047697,0.005102235768946972,0.0008877336798047697,0.005102235768946972,0.0008877336798047697,0.005102235768946972,0.0008877336798047697,0.005102235768946972,0.0008877336798047697,0.005102235768946972,0.0008877336798047697,0.005102235768946972,20,3,3,0,2,1,0,0,14,3,3,3,4,,0.75,0.15,1.0,NOT_ESTIMABLE,,,PROVISIONAL_SMALL_REQUEST_N,0.25,1.0,PROVISIONAL_SMALL_REQUEST_N,1.0,1.0,NOT_PRIMARY; use physical units and frozen spans
8,f8-dc2e68a2a478,FORMAL_10K,HELDOUT_TRIPLE_AUDIT,STRICT_LUMPED,f12d43eace12231077007dc497fee8dad00fbe58cb2f1fe2c6159c47636b97a0,selected_q_proxy,all_finite_diagnostic,emx_minus_target,Qmin,dimensionless,3,0.20710902268629225,0.24305597758186728,-0.17037921430804973,0.19979854107974937,0.33310675974536075,0.34977028707856217,PROVISIONAL_SMALL_REQUEST_N,3,0.05509471256736376,0.3664338144117636,0.05509471256736376,0.3664338144117636,-0.3664338144117636,0.05509471256736376,0.05509471256736376,0.3664338144117636,0.05509471256736376,0.3664338144117636,0.05509471256736376,0.3664338144117636,20,3,3,0,2,1,0,0,14,3,3,3,4,,0.75,0.15,1.0,NOT_ESTIMABLE,,,PROVISIONAL_SMALL_REQUEST_N,0.25,1.0,PROVISIONAL_SMALL_REQUEST_N,1.0,1.0,NOT_PRIMARY; use physical units and frozen spans
8,f8-dc2e68a2a478,FORMAL_10K,HELDOUT_TRIPLE_AUDIT,STRICT_LUMPED,f12d43eace12231077007dc497fee8dad00fbe58cb2f1fe2c6159c47636b97a0,selected_q_proxy,all_finite_diagnostic,emx_minus_target,K_abs,dimensionless,3,0.005988581072889419,0.0072198260768772775,0.004330291607584256,0.0038403526571189617,0.010078435622297034,0.01085819599294429,PROVISIONAL_SMALL_REQUEST_N,3,0.002487434197957744,0.01163795636359155,0.002487434197957744,0.01163795636359155,-0.002487434197957744,0.01163795636359155,0.002487434197957744,0.01163795636359155,0.002487434197957744,0.01163795636359155,0.002487434197957744,0.01163795636359155,20,3,3,0,2,1,0,0,14,3,3,3,4,,0.75,0.15,1.0,NOT_ESTIMABLE,,,PROVISIONAL_SMALL_REQUEST_N,0.25,1.0,PROVISIONAL_SMALL_REQUEST_N,1.0,1.0,NOT_PRIMARY; use physical units and frozen spans
8,f8-dc2e68a2a478,FORMAL_10K,HELDOUT_TRIPLE_AUDIT,STRICT_LUMPED,f12d43eace12231077007dc497fee8dad00fbe58cb2f1fe2c6159c47636b97a0,selected_q_proxy,all_finite_diagnostic,emx_minus_frozen_proxy,Lp_nH,nH,3,0.0033740808475554904,0.0037329282469267273,-0.0033740808475554904,0.00413853268309472,0.004693539925849688,0.004762915831194059,PROVISIONAL_SMALL_REQUEST_N,3,0.001151418123033321,0.00483229173653843,0.001151418123033321,0.00483229173653843,-0.00483229173653843,-0.001151418123033321,0.001151418123033321,0.00483229173653843,0.001151418123033321,0.00483229173653843,0.001151418123033321,0.00483229173653843,20,3,3,0,2,1,0,0,14,3,3,3,4,,0.75,0.15,1.0,NOT_ESTIMABLE,,,PROVISIONAL_SMALL_REQUEST_N,0.25,1.0,PROVISIONAL_SMALL_REQUEST_N,1.0,1.0,NOT_PRIMARY; use physical units and frozen spans
8,f8-dc2e68a2a478,FORMAL_10K,HELDOUT_TRIPLE_AUDIT,STRICT_LUMPED,f12d43eace12231077007dc497fee8dad00fbe58cb2f1fe2c6159c47636b97a0,selected_q_proxy,all_finite_diagnostic,emx_minus_frozen_proxy,Ls_nH,nH,3,0.004533750826073398,0.004674325099322983,0.004533750826073398,0.004875441425483906,0.005554724715875281,0.005639635127174203,PROVISIONAL_SMALL_REQUEST_N,3,0.003001265514263163,0.005724545538473125,0.003001265514263163,0.005724545538473125,0.003001265514263163,0.005724545538473125,0.003001265514263163,0.005724545538473125,0.003001265514263163,0.005724545538473125,0.003001265514263163,0.005724545538473125,20,3,3,0,2,1,0,0,14,3,3,3,4,,0.75,0.15,1.0,NOT_ESTIMABLE,,,PROVISIONAL_SMALL_REQUEST_N,0.25,1.0,PROVISIONAL_SMALL_REQUEST_N,1.0,1.0,NOT_PRIMARY; use physical units and frozen spans
8,f8-dc2e68a2a478,FORMAL_10K,HELDOUT_TRIPLE_AUDIT,STRICT_LUMPED,f12d43eace12231077007dc497fee8dad00fbe58cb2f1fe2c6159c47636b97a0,selected_q_proxy,all_finite_diagnostic,emx_minus_frozen_proxy,Qmin,dimensionless,3,0.1760205115372037,0.21618418627984268,-0.13522677900531535,0.11622138501285484,0.30376391764331,0.3272067342221168,PROVISIONAL_SMALL_REQUEST_N,3,0.06119059879783251,0.35064955080092375,0.06119059879783251,0.35064955080092375,-0.35064955080092375,0.06119059879783251,0.06119059879783251,0.35064955080092375,0.06119059879783251,0.35064955080092375,0.06119059879783251,0.35064955080092375,20,3,3,0,2,1,0,0,14,3,3,3,4,,0.75,0.15,1.0,NOT_ESTIMABLE,,,PROVISIONAL_SMALL_REQUEST_N,0.25,1.0,PROVISIONAL_SMALL_REQUEST_N,1.0,1.0,NOT_PRIMARY; use physical units and frozen spans
8,f8-dc2e68a2a478,FORMAL_10K,HELDOUT_TRIPLE_AUDIT,STRICT_LUMPED,f12d43eace12231077007dc497fee8dad00fbe58cb2f1fe2c6159c47636b97a0,selected_q_proxy,all_finite_diagnostic,emx_minus_frozen_proxy,K_abs,dimensionless,3,0.005428217483692478,0.0073756743165419745,0.0028073391968664596,0.0031634066780414916,0.010515349352279026,0.011434342186558715,PROVISIONAL_SMALL_REQUEST_N,3,0.000767910752197537,0.012353335020838407,0.000767910752197537,0.012353335020838407,-0.0031634066780414916,0.012353335020838407,0.000767910752197537,0.012353335020838407,0.000767910752197537,0.012353335020838407,0.000767910752197537,0.012353335020838407,20,3,3,0,2,1,0,0,14,3,3,3,4,,0.75,0.15,1.0,NOT_ESTIMABLE,,,PROVISIONAL_SMALL_REQUEST_N,0.25,1.0,PROVISIONAL_SMALL_REQUEST_N,1.0,1.0,NOT_PRIMARY; use physical units and frozen spans
9,f9-0cd8cd2dd857,FORMAL_10K,HELDOUT_TRIPLE_AUDIT,STRICT_LUMPED,f12d43eace12231077007dc497fee8dad00fbe58cb2f1fe2c6159c47636b97a0,all_candidates,strict_valid,emx_minus_target,Lp_nH,nH,39,0.03287692833311865,0.0651156001106222,0.025105143444168244,0.007147189261650921,0.0788521850136423,0.14756479334457062,PROVISIONAL_SMALL_REQUEST_N,4,0.014484362376737865,0.059059563805588584,0.028718772636723944,0.10269971286008382,0.001806792165283179,0.053625348542509645,0.005579945585553969,0.01420421784067949,0.04199844325594855,0.21967803261028485,0.05281955295077489,0.2371411853655171,220,39,39,0,0,2,3,0,176,28,39,39,44,,0.6363636363636364,0.12727272727272726,0.717948717948718,NOT_ESTIMABLE,,,PROVISIONAL_SMALL_REQUEST_N,0.5454545454545454,0.75,PROVISIONAL_SMALL_REQUEST_N,0.65,0.7894736842105263,NOT_PRIMARY; use physical units and frozen spans
9,f9-0cd8cd2dd857,FORMAL_10K,HELDOUT_TRIPLE_AUDIT,STRICT_LUMPED,f12d43eace12231077007dc497fee8dad00fbe58cb2f1fe2c6159c47636b97a0,all_candidates,strict_valid,emx_minus_target,Ls_nH,nH,39,0.08794349734742378,0.16530480749765408,0.07570909089345684,0.01221323012613973,0.30577482060218925,0.42942274981577433,PROVISIONAL_SMALL_REQUEST_N,4,0.053671382269667244,0.11744919334558179,0.10712768788755177,0.2025596305002116,0.03583111007660756,0.10907945990099314,0.011214060520869928,0.015840988337679218,0.20181774846746345,0.4097014325103144,0.21797662981506347,0.4860401812861422,220,39,39,0,0,2,3,0,176,28,39,39,44,,0.6363636363636364,0.12727272727272726,0.717948717948718,NOT_ESTIMABLE,,,PROVISIONAL_SMALL_REQUEST_N,0.5454545454545454,0.75,PROVISIONAL_SMALL_REQUEST_N,0.65,0.7894736842105263,NOT_PRIMARY; use physical units and frozen spans
9,f9-0cd8cd2dd857,FORMAL_10K,HELDOUT_TRIPLE_AUDIT,STRICT_LUMPED,f12d43eace12231077007dc497fee8dad00fbe58cb2f1fe2c6159c47636b97a0,all_candidates,strict_valid,emx_minus_target,Qmin,dimensionless,39,0.8355559111615991,1.5512881255379696,-0.7489808704253783,0.18627714025720543,3.039085502365166,4.089111339919339,PROVISIONAL_SMALL_REQUEST_N,4,0.647657267181019,1.071194389383267,1.2049694520415262,1.84396185647233,-0.9925314608720772,-0.5537680434074745,0.14559528804299937,0.29059496657529227,2.0827369063090693,3.680435220647718,2.9302994791141384,4.914641972042295,220,39,39,0,0,2,3,0,176,28,39,39,44,,0.6363636363636364,0.12727272727272726,0.717948717948718,NOT_ESTIMABLE,,,PROVISIONAL_SMALL_REQUEST_N,0.5454545454545454,0.75,PROVISIONAL_SMALL_REQUEST_N,0.65,0.7894736842105263,NOT_PRIMARY; use physical units and frozen spans
9,f9-0cd8cd2dd857,FORMAL_10K,HELDOUT_TRIPLE_AUDIT,STRICT_LUMPED,f12d43eace12231077007dc497fee8dad00fbe58cb2f1fe2c6159c47636b97a0,all_candidates,strict_valid,emx_minus_target,K_abs,dimensionless,39,0.03282133753369017,0.05581923938608618,-0.030824743351792448,0.012501872213531828,0.10071447681047832,0.12727743951287696,PROVISIONAL_SMALL_REQUEST_N,4,0.018493421281625403,0.046200050577337,0.034862042616055404,0.07242183306424002,-0.044386134945678224,-0.01644607708523267,0.007951350582683689,0.018780015190100127,0.030805248369118687,0.15233906102057046,0.06446636943912197,0.1783403777629552,220,39,39,0,0,2,3,0,176,28,39,39,44,,0.6363636363636364,0.12727272727272726,0.717948717948718,NOT_ESTIMABLE,,,PROVISIONAL_SMALL_REQUEST_N,0.5454545454545454,0.75,PROVISIONAL_SMALL_REQUEST_N,0.65,0.7894736842105263,NOT_PRIMARY; use physical units and frozen spans
9,f9-0cd8cd2dd857,FORMAL_10K,HELDOUT_TRIPLE_AUDIT,STRICT_LUMPED,f12d43eace12231077007dc497fee8dad00fbe58cb2f1fe2c6159c47636b97a0,all_candidates,strict_valid,emx_minus_frozen_proxy,Lp_nH,nH,39,0.005322286673439412,0.006843295833699676,0.002445823754382264,0.004475373631136925,0.012327949371554082,0.012428301585038848,PROVISIONAL_SMALL_REQUEST_N,4,0.004226042699050925,0.006652897605445158,0.005717117682955948,0.008392555320953758,0.0005558092006461487,0.004340061951984171,0.0024232732780233857,0.0053331660385359525,0.009830636126147874,0.01254089719626772,0.011051080398723823,0.014902738786854176,220,39,39,0,0,2,3,0,176,28,39,39,44,,0.6363636363636364,0.12727272727272726,0.717948717948718,NOT_ESTIMABLE,,,PROVISIONAL_SMALL_REQUEST_N,0.5454545454545454,0.75,PROVISIONAL_SMALL_REQUEST_N,0.65,0.7894736842105263,NOT_PRIMARY; use physical units and frozen spans
9,f9-0cd8cd2dd857,FORMAL_10K,HELDOUT_TRIPLE_AUDIT,STRICT_LUMPED,f12d43eace12231077007dc497fee8dad00fbe58cb2f1fe2c6159c47636b97a0,all_candidates,strict_valid,emx_minus_frozen_proxy,Ls_nH,nH,39,0.008732147972199823,0.010151400120944282,-0.005668628422371098,0.008679259690767438,0.014385313481449252,0.01789168943764024,PROVISIONAL_SMALL_REQUEST_N,4,0.007297376166365713,0.010205542983221691,0.008948593186065931,0.011508803865465793,-0.008314002319859544,-0.0022923808464882715,0.006577592595146786,0.010393418949909972,0.013502371802442247,0.019797758754270367,0.0137612388164207,0.02192217899257755,220,39,39,0,0,2,3,0,176,28,39,39,44,,0.6363636363636364,0.12727272727272726,0.717948717948718,NOT_ESTIMABLE,,,PROVISIONAL_SMALL_REQUEST_N,0.5454545454545454,0.75,PROVISIONAL_SMALL_REQUEST_N,0.65,0.7894736842105263,NOT_PRIMARY; use physical units and frozen spans
9,f9-0cd8cd2dd857,FORMAL_10K,HELDOUT_TRIPLE_AUDIT,STRICT_LUMPED,f12d43eace12231077007dc497fee8dad00fbe58cb2f1fe2c6159c47636b97a0,all_candidates,strict_valid,emx_minus_frozen_proxy,Qmin,dimensionless,39,0.12763032532731486,0.15416942420316082,0.07251154478270462,0.09457690592058654,0.24462659242465856,0.25997776737561235,PROVISIONAL_SMALL_REQUEST_N,4,0.10170020415876116,0.16406952964291863,0.12227889841494888,0.18756356377068714,0.02862933542003999,0.11419964367723603,0.07267894932248176,0.14879648256939682,0.200284821160567,0.25997776737561235,0.21602291735346954,0.36824395085966266,220,39,39,0,0,2,3,0,176,28,39,39,44,,0.6363636363636364,0.12727272727272726,0.717948717948718,NOT_ESTIMABLE,,,PROVISIONAL_SMALL_REQUEST_N,0.5454545454545454,0.75,PROVISIONAL_SMALL_REQUEST_N,0.65,0.7894736842105263,NOT_PRIMARY; use physical units and frozen spans
9,f9-0cd8cd2dd857,FORMAL_10K,HELDOUT_TRIPLE_AUDIT,STRICT_LUMPED,f12d43eace12231077007dc497fee8dad00fbe58cb2f1fe2c6159c47636b97a0,all_candidates,strict_valid,emx_minus_frozen_proxy,K_abs,dimensionless,39,0.006682076807617842,0.008717574377820708,-0.004302417624174922,0.005353130439841591,0.014589308076947036,0.016437105542271027,PROVISIONAL_SMALL_REQUEST_N,4,0.0036348175879637396,0.010941025534652376,0.004578234484986766,0.01292219541571693,-0.008908477069993714,-0.0007431898705876741,0.0021831507245529402,0.011694113574693188,0.008266026978358543,0.017415393896948073,0.008576187935961488,0.025260322770640997,220,39,39,0,0,2,3,0,176,28,39,39,44,,0.6363636363636364,0.12727272727272726,0.717948717948718,NOT_ESTIMABLE,,,PROVISIONAL_SMALL_REQUEST_N,0.5454545454545454,0.75,PROVISIONAL_SMALL_REQUEST_N,0.65,0.7894736842105263,NOT_PRIMARY; use physical units and frozen spans
9,f9-0cd8cd2dd857,FORMAL_10K,HELDOUT_TRIPLE_AUDIT,STRICT_LUMPED,f12d43eace12231077007dc497fee8dad00fbe58cb2f1fe2c6159c47636b97a0,all_candidates,all_finite_diagnostic,emx_minus_target,Lp_nH,nH,39,0.03287692833311865,0.0651156001106222,0.025105143444168244,0.007147189261650921,0.0788521850136423,0.14756479334457062,PROVISIONAL_SMALL_REQUEST_N,4,0.014484362376737865,0.059059563805588584,0.028718772636723944,0.10269971286008382,0.001806792165283179,0.053625348542509645,0.005579945585553969,0.01420421784067949,0.04199844325594855,0.21967803261028485,0.05281955295077489,0.2371411853655171,220,39,39,0,0,2,3,0,176,28,39,39,44,,0.6363636363636364,0.12727272727272726,0.717948717948718,NOT_ESTIMABLE,,,PROVISIONAL_SMALL_REQUEST_N,0.5454545454545454,0.75,PROVISIONAL_SMALL_REQUEST_N,0.65,0.7894736842105263,NOT_PRIMARY; use physical units and frozen spans
9,f9-0cd8cd2dd857,FORMAL_10K,HELDOUT_TRIPLE_AUDIT,STRICT_LUMPED,f12d43eace12231077007dc497fee8dad00fbe58cb2f1fe2c6159c47636b97a0,all_candidates,all_finite_diagnostic,emx_minus_target,Ls_nH,nH,39,0.08794349734742378,0.16530480749765408,0.07570909089345684,0.01221323012613973,0.30577482060218925,0.42942274981577433,PROVISIONAL_SMALL_REQUEST_N,4,0.053671382269667244,0.11744919334558179,0.10712768788755177,0.2025596305002116,0.03583111007660756,0.10907945990099314,0.011214060520869928,0.015840988337679218,0.20181774846746345,0.4097014325103144,0.21797662981506347,0.4860401812861422,220,39,39,0,0,2,3,0,176,28,39,39,44,,0.6363636363636364,0.12727272727272726,0.717948717948718,NOT_ESTIMABLE,,,PROVISIONAL_SMALL_REQUEST_N,0.5454545454545454,0.75,PROVISIONAL_SMALL_REQUEST_N,0.65,0.7894736842105263,NOT_PRIMARY; use physical units and frozen spans
9,f9-0cd8cd2dd857,FORMAL_10K,HELDOUT_TRIPLE_AUDIT,STRICT_LUMPED,f12d43eace12231077007dc497fee8dad00fbe58cb2f1fe2c6159c47636b97a0,all_candidates,all_finite_diagnostic,emx_minus_target,Qmin,dimensionless,39,0.8355559111615991,1.5512881255379696,-0.7489808704253783,0.18627714025720543,3.039085502365166,4.089111339919339,PROVISIONAL_SMALL_REQUEST_N,4,0.647657267181019,1.071194389383267,1.2049694520415262,1.84396185647233,-0.9925314608720772,-0.5537680434074745,0.14559528804299937,0.29059496657529227,2.0827369063090693,3.680435220647718,2.9302994791141384,4.914641972042295,220,39,39,0,0,2,3,0,176,28,39,39,44,,0.6363636363636364,0.12727272727272726,0.717948717948718,NOT_ESTIMABLE,,,PROVISIONAL_SMALL_REQUEST_N,0.5454545454545454,0.75,PROVISIONAL_SMALL_REQUEST_N,0.65,0.7894736842105263,NOT_PRIMARY; use physical units and frozen spans
9,f9-0cd8cd2dd857,FORMAL_10K,HELDOUT_TRIPLE_AUDIT,STRICT_LUMPED,f12d43eace12231077007dc497fee8dad00fbe58cb2f1fe2c6159c47636b97a0,all_candidates,all_finite_diagnostic,emx_minus_target,K_abs,dimensionless,39,0.03282133753369017,0.05581923938608618,-0.030824743351792448,0.012501872213531828,0.10071447681047832,0.12727743951287696,PROVISIONAL_SMALL_REQUEST_N,4,0.018493421281625403,0.046200050577337,0.034862042616055404,0.07242183306424002,-0.044386134945678224,-0.01644607708523267,0.007951350582683689,0.018780015190100127,0.030805248369118687,0.15233906102057046,0.06446636943912197,0.1783403777629552,220,39,39,0,0,2,3,0,176,28,39,39,44,,0.6363636363636364,0.12727272727272726,0.717948717948718,NOT_ESTIMABLE,,,PROVISIONAL_SMALL_REQUEST_N,0.5454545454545454,0.75,PROVISIONAL_SMALL_REQUEST_N,0.65,0.7894736842105263,NOT_PRIMARY; use physical units and frozen spans
9,f9-0cd8cd2dd857,FORMAL_10K,HELDOUT_TRIPLE_AUDIT,STRICT_LUMPED,f12d43eace12231077007dc497fee8dad00fbe58cb2f1fe2c6159c47636b97a0,all_candidates,all_finite_diagnostic,emx_minus_frozen_proxy,Lp_nH,nH,39,0.005322286673439412,0.006843295833699676,0.002445823754382264,0.004475373631136925,0.012327949371554082,0.012428301585038848,PROVISIONAL_SMALL_REQUEST_N,4,0.004226042699050925,0.006652897605445158,0.005717117682955948,0.008392555320953758,0.0005558092006461487,0.004340061951984171,0.0024232732780233857,0.0053331660385359525,0.009830636126147874,0.01254089719626772,0.011051080398723823,0.014902738786854176,220,39,39,0,0,2,3,0,176,28,39,39,44,,0.6363636363636364,0.12727272727272726,0.717948717948718,NOT_ESTIMABLE,,,PROVISIONAL_SMALL_REQUEST_N,0.5454545454545454,0.75,PROVISIONAL_SMALL_REQUEST_N,0.65,0.7894736842105263,NOT_PRIMARY; use physical units and frozen spans
9,f9-0cd8cd2dd857,FORMAL_10K,HELDOUT_TRIPLE_AUDIT,STRICT_LUMPED,f12d43eace12231077007dc497fee8dad00fbe58cb2f1fe2c6159c47636b97a0,all_candidates,all_finite_diagnostic,emx_minus_frozen_proxy,Ls_nH,nH,39,0.008732147972199823,0.010151400120944282,-0.005668628422371098,0.008679259690767438,0.014385313481449252,0.01789168943764024,PROVISIONAL_SMALL_REQUEST_N,4,0.007297376166365713,0.010205542983221691,0.008948593186065931,0.011508803865465793,-0.008314002319859544,-0.0022923808464882715,0.006577592595146786,0.010393418949909972,0.013502371802442247,0.019797758754270367,0.0137612388164207,0.02192217899257755,220,39,39,0,0,2,3,0,176,28,39,39,44,,0.6363636363636364,0.12727272727272726,0.717948717948718,NOT_ESTIMABLE,,,PROVISIONAL_SMALL_REQUEST_N,0.5454545454545454,0.75,PROVISIONAL_SMALL_REQUEST_N,0.65,0.7894736842105263,NOT_PRIMARY; use physical units and frozen spans
9,f9-0cd8cd2dd857,FORMAL_10K,HELDOUT_TRIPLE_AUDIT,STRICT_LUMPED,f12d43eace12231077007dc497fee8dad00fbe58cb2f1fe2c6159c47636b97a0,all_candidates,all_finite_diagnostic,emx_minus_frozen_proxy,Qmin,dimensionless,39,0.12763032532731486,0.15416942420316082,0.07251154478270462,0.09457690592058654,0.24462659242465856,0.25997776737561235,PROVISIONAL_SMALL_REQUEST_N,4,0.10170020415876116,0.16406952964291863,0.12227889841494888,0.18756356377068714,0.02862933542003999,0.11419964367723603,0.07267894932248176,0.14879648256939682,0.200284821160567,0.25997776737561235,0.21602291735346954,0.36824395085966266,220,39,39,0,0,2,3,0,176,28,39,39,44,,0.6363636363636364,0.12727272727272726,0.717948717948718,NOT_ESTIMABLE,,,PROVISIONAL_SMALL_REQUEST_N,0.5454545454545454,0.75,PROVISIONAL_SMALL_REQUEST_N,0.65,0.7894736842105263,NOT_PRIMARY; use physical units and frozen spans
9,f9-0cd8cd2dd857,FORMAL_10K,HELDOUT_TRIPLE_AUDIT,STRICT_LUMPED,f12d43eace12231077007dc497fee8dad00fbe58cb2f1fe2c6159c47636b97a0,all_candidates,all_finite_diagnostic,emx_minus_frozen_proxy,K_abs,dimensionless,39,0.006682076807617842,0.008717574377820708,-0.004302417624174922,0.005353130439841591,0.014589308076947036,0.016437105542271027,PROVISIONAL_SMALL_REQUEST_N,4,0.0036348175879637396,0.010941025534652376,0.004578234484986766,0.01292219541571693,-0.008908477069993714,-0.0007431898705876741,0.0021831507245529402,0.011694113574693188,0.008266026978358543,0.017415393896948073,0.008576187935961488,0.025260322770640997,220,39,39,0,0,2,3,0,176,28,39,39,44,,0.6363636363636364,0.12727272727272726,0.717948717948718,NOT_ESTIMABLE,,,PROVISIONAL_SMALL_REQUEST_N,0.5454545454545454,0.75,PROVISIONAL_SMALL_REQUEST_N,0.65,0.7894736842105263,NOT_PRIMARY; use physical units and frozen spans
9,f9-0cd8cd2dd857,FORMAL_10K,HELDOUT_TRIPLE_AUDIT,STRICT_LUMPED,f12d43eace12231077007dc497fee8dad00fbe58cb2f1fe2c6159c47636b97a0,selected_q_proxy,strict_valid,emx_minus_target,Lp_nH,nH,4,0.0031240081811449993,0.003598594310623315,-0.0012566764471665937,0.0022823955571776855,0.0050974152250912955,0.005634963172676071,PROVISIONAL_SMALL_REQUEST_N,4,0.0018673317339784057,0.005123366584693895,0.0018704871116701992,0.0054360829584074585,-0.004380684628311593,0.0018673317339784057,0.001758730489963778,0.0061725111202608485,0.0019759329779930335,0.0061725111202608485,0.0019759329779930335,0.0061725111202608485,20,4,4,0,0,0,0,0,16,4,4,4,4,,1.0,0.2,1.0,NOT_ESTIMABLE,,,PROVISIONAL_SMALL_REQUEST_N,1.0,1.0,PROVISIONAL_SMALL_REQUEST_N,1.0,1.0,NOT_PRIMARY; use physical units and frozen spans
9,f9-0cd8cd2dd857,FORMAL_10K,HELDOUT_TRIPLE_AUDIT,STRICT_LUMPED,f12d43eace12231077007dc497fee8dad00fbe58cb2f1fe2c6159c47636b97a0,selected_q_proxy,strict_valid,emx_minus_target,Ls_nH,nH,4,0.009798928957182651,0.010789018327705043,-0.009798928957182651,0.008254444367963076,0.014985611763449858,0.01593686758802445,PROVISIONAL_SMALL_REQUEST_N,4,0.005880587250348235,0.014156710264572048,0.0058811573119597425,0.014926295550828538,-0.014156710264572048,-0.005880587250348235,0.005798703680205408,0.016888123412599043,0.0059624708204910615,0.016888123412599043,0.0059624708204910615,0.016888123412599043,20,4,4,0,0,0,0,0,16,4,4,4,4,,1.0,0.2,1.0,NOT_ESTIMABLE,,,PROVISIONAL_SMALL_REQUEST_N,1.0,1.0,PROVISIONAL_SMALL_REQUEST_N,1.0,1.0,NOT_PRIMARY; use physical units and frozen spans
9,f9-0cd8cd2dd857,FORMAL_10K,HELDOUT_TRIPLE_AUDIT,STRICT_LUMPED,f12d43eace12231077007dc497fee8dad00fbe58cb2f1fe2c6159c47636b97a0,selected_q_proxy,strict_valid,emx_minus_target,Qmin,dimensionless,4,0.07436107903118883,0.07890665366752705,-0.055825032332432745,0.0743222189502033,0.10053417867971587,0.10613098175327618,PROVISIONAL_SMALL_REQUEST_N,4,0.04640801113224269,0.10235300701112049,0.04914449691572118,0.10363299388467269,-0.10235300701112049,0.009200128964025556,0.03707209339751216,0.11172778482683654,0.06321266305475765,0.11172778482683654,0.06881421369559593,0.11172778482683654,20,4,4,0,0,0,0,0,16,4,4,4,4,,1.0,0.2,1.0,NOT_ESTIMABLE,,,PROVISIONAL_SMALL_REQUEST_N,1.0,1.0,PROVISIONAL_SMALL_REQUEST_N,1.0,1.0,NOT_PRIMARY; use physical units and frozen spans
9,f9-0cd8cd2dd857,FORMAL_10K,HELDOUT_TRIPLE_AUDIT,STRICT_LUMPED,f12d43eace12231077007dc497fee8dad00fbe58cb2f1fe2c6159c47636b97a0,selected_q_proxy,strict_valid,emx_minus_target,K_abs,dimensionless,4,0.007734699724450983,0.009063901589145084,0.0007506565042041391,0.0073367178981388614,0.012842472759752444,0.013187064258907321,PROVISIONAL_SMALL_REQUEST_N,4,0.0030863820213560267,0.01238301742754594,0.0031064663864551877,0.012436176688405388,-0.007566020147960248,0.009465314982680648,0.002733707343464009,0.0135316557580622,0.0034390566992480442,0.0135316557580622,0.0034390566992480442,0.0135316557580622,20,4,4,0,0,0,0,0,16,4,4,4,4,,1.0,0.2,1.0,NOT_ESTIMABLE,,,PROVISIONAL_SMALL_REQUEST_N,1.0,1.0,PROVISIONAL_SMALL_REQUEST_N,1.0,1.0,NOT_PRIMARY; use physical units and frozen spans
9,f9-0cd8cd2dd857,FORMAL_10K,HELDOUT_TRIPLE_AUDIT,STRICT_LUMPED,f12d43eace12231077007dc497fee8dad00fbe58cb2f1fe2c6159c47636b97a0,selected_q_proxy,strict_valid,emx_minus_frozen_proxy,Lp_nH,nH,4,0.002382452172521088,0.0026528788279982125,-0.000399550141026106,0.002782002313547194,0.003386195101013301,0.003438742593246424,PROVISIONAL_SMALL_REQUEST_N,4,0.001141128850780826,0.0033161317780358024,0.001623361087953122,0.003320754492877402,-0.002782002313547194,0.0020127097749840783,0.0004745139775104157,0.003491290085479548,0.002341035622667565,0.003491290085479548,0.002423031156502331,0.003491290085479548,20,4,4,0,0,0,0,0,16,4,4,4,4,,1.0,0.2,1.0,NOT_ESTIMABLE,,,PROVISIONAL_SMALL_REQUEST_N,1.0,1.0,PROVISIONAL_SMALL_REQUEST_N,1.0,1.0,NOT_PRIMARY; use physical units and frozen spans
9,f9-0cd8cd2dd857,FORMAL_10K,HELDOUT_TRIPLE_AUDIT,STRICT_LUMPED,f12d43eace12231077007dc497fee8dad00fbe58cb2f1fe2c6159c47636b97a0,selected_q_proxy,strict_valid,emx_minus_frozen_proxy,Ls_nH,nH,4,0.009325052495443048,0.010125146615793647,-0.009325052495443048,0.007925450790634891,0.013723875625992688,0.014804864754969525,PROVISIONAL_SMALL_REQUEST_N,4,0.006342405810108892,0.01370730088558536,0.006418117853522008,0.014217185975711663,-0.01370730088558536,-0.006342405810108892,0.005563454516556043,0.015885853883946366,0.007171641890502345,0.015885853883946366,0.007171641890502345,0.015885853883946366,20,4,4,0,0,0,0,0,16,4,4,4,4,,1.0,0.2,1.0,NOT_ESTIMABLE,,,PROVISIONAL_SMALL_REQUEST_N,1.0,1.0,PROVISIONAL_SMALL_REQUEST_N,1.0,1.0,NOT_PRIMARY; use physical units and frozen spans
9,f9-0cd8cd2dd857,FORMAL_10K,HELDOUT_TRIPLE_AUDIT,STRICT_LUMPED,f12d43eace12231077007dc497fee8dad00fbe58cb2f1fe2c6159c47636b97a0,selected_q_proxy,strict_valid,emx_minus_frozen_proxy,Qmin,dimensionless,4,0.060129158788879256,0.06383232315033122,-0.042292155364048956,0.05513286119263494,0.083009598994364,0.08879325245747526,PROVISIONAL_SMALL_REQUEST_N,4,0.0407603091788733,0.08449430599512953,0.04170148940397461,0.08628014956737766,-0.08449430599512953,0.0127507010956176,0.0356740068496606,0.09457690592058654,0.04991565337145616,0.09457690592058654,0.05296743476898377,0.09457690592058654,20,4,4,0,0,0,0,0,16,4,4,4,4,,1.0,0.2,1.0,NOT_ESTIMABLE,,,PROVISIONAL_SMALL_REQUEST_N,1.0,1.0,PROVISIONAL_SMALL_REQUEST_N,1.0,1.0,NOT_PRIMARY; use physical units and frozen spans
9,f9-0cd8cd2dd857,FORMAL_10K,HELDOUT_TRIPLE_AUDIT,STRICT_LUMPED,f12d43eace12231077007dc497fee8dad00fbe58cb2f1fe2c6159c47636b97a0,selected_q_proxy,strict_valid,emx_minus_frozen_proxy,K_abs,dimensionless,4,0.00767211472563193,0.00914464460069054,0.0013651719522351294,0.0070510407894079224,0.013211479066083455,0.013807352832621193,PROVISIONAL_SMALL_REQUEST_N,4,0.002927248740564062,0.012416980710699799,0.003020342206864244,0.012607910179795595,-0.0069052144275367,0.010256632268230967,0.0021831507245529402,0.014403226599158936,0.0036713467565751834,0.014403226599158936,0.0036713467565751834,0.014403226599158936,20,4,4,0,0,0,0,0,16,4,4,4,4,,1.0,0.2,1.0,NOT_ESTIMABLE,,,PROVISIONAL_SMALL_REQUEST_N,1.0,1.0,PROVISIONAL_SMALL_REQUEST_N,1.0,1.0,NOT_PRIMARY; use physical units and frozen spans
9,f9-0cd8cd2dd857,FORMAL_10K,HELDOUT_TRIPLE_AUDIT,STRICT_LUMPED,f12d43eace12231077007dc497fee8dad00fbe58cb2f1fe2c6159c47636b97a0,selected_q_proxy,all_finite_diagnostic,emx_minus_target,Lp_nH,nH,4,0.0031240081811449993,0.003598594310623315,-0.0012566764471665937,0.0022823955571776855,0.0050974152250912955,0.005634963172676071,PROVISIONAL_SMALL_REQUEST_N,4,0.0018673317339784057,0.005123366584693895,0.0018704871116701992,0.0054360829584074585,-0.004380684628311593,0.0018673317339784057,0.001758730489963778,0.0061725111202608485,0.0019759329779930335,0.0061725111202608485,0.0019759329779930335,0.0061725111202608485,20,4,4,0,0,0,0,0,16,4,4,4,4,,1.0,0.2,1.0,NOT_ESTIMABLE,,,PROVISIONAL_SMALL_REQUEST_N,1.0,1.0,PROVISIONAL_SMALL_REQUEST_N,1.0,1.0,NOT_PRIMARY; use physical units and frozen spans
9,f9-0cd8cd2dd857,FORMAL_10K,HELDOUT_TRIPLE_AUDIT,STRICT_LUMPED,f12d43eace12231077007dc497fee8dad00fbe58cb2f1fe2c6159c47636b97a0,selected_q_proxy,all_finite_diagnostic,emx_minus_target,Ls_nH,nH,4,0.009798928957182651,0.010789018327705043,-0.009798928957182651,0.008254444367963076,0.014985611763449858,0.01593686758802445,PROVISIONAL_SMALL_REQUEST_N,4,0.005880587250348235,0.014156710264572048,0.0058811573119597425,0.014926295550828538,-0.014156710264572048,-0.005880587250348235,0.005798703680205408,0.016888123412599043,0.0059624708204910615,0.016888123412599043,0.0059624708204910615,0.016888123412599043,20,4,4,0,0,0,0,0,16,4,4,4,4,,1.0,0.2,1.0,NOT_ESTIMABLE,,,PROVISIONAL_SMALL_REQUEST_N,1.0,1.0,PROVISIONAL_SMALL_REQUEST_N,1.0,1.0,NOT_PRIMARY; use physical units and frozen spans
9,f9-0cd8cd2dd857,FORMAL_10K,HELDOUT_TRIPLE_AUDIT,STRICT_LUMPED,f12d43eace12231077007dc497fee8dad00fbe58cb2f1fe2c6159c47636b97a0,selected_q_proxy,all_finite_diagnostic,emx_minus_target,Qmin,dimensionless,4,0.07436107903118883,0.07890665366752705,-0.055825032332432745,0.0743222189502033,0.10053417867971587,0.10613098175327618,PROVISIONAL_SMALL_REQUEST_N,4,0.04640801113224269,0.10235300701112049,0.04914449691572118,0.10363299388467269,-0.10235300701112049,0.009200128964025556,0.03707209339751216,0.11172778482683654,0.06321266305475765,0.11172778482683654,0.06881421369559593,0.11172778482683654,20,4,4,0,0,0,0,0,16,4,4,4,4,,1.0,0.2,1.0,NOT_ESTIMABLE,,,PROVISIONAL_SMALL_REQUEST_N,1.0,1.0,PROVISIONAL_SMALL_REQUEST_N,1.0,1.0,NOT_PRIMARY; use physical units and frozen spans
9,f9-0cd8cd2dd857,FORMAL_10K,HELDOUT_TRIPLE_AUDIT,STRICT_LUMPED,f12d43eace12231077007dc497fee8dad00fbe58cb2f1fe2c6159c47636b97a0,selected_q_proxy,all_finite_diagnostic,emx_minus_target,K_abs,dimensionless,4,0.007734699724450983,0.009063901589145084,0.0007506565042041391,0.0073367178981388614,0.012842472759752444,0.013187064258907321,PROVISIONAL_SMALL_REQUEST_N,4,0.0030863820213560267,0.01238301742754594,0.0031064663864551877,0.012436176688405388,-0.007566020147960248,0.009465314982680648,0.002733707343464009,0.0135316557580622,0.0034390566992480442,0.0135316557580622,0.0034390566992480442,0.0135316557580622,20,4,4,0,0,0,0,0,16,4,4,4,4,,1.0,0.2,1.0,NOT_ESTIMABLE,,,PROVISIONAL_SMALL_REQUEST_N,1.0,1.0,PROVISIONAL_SMALL_REQUEST_N,1.0,1.0,NOT_PRIMARY; use physical units and frozen spans
9,f9-0cd8cd2dd857,FORMAL_10K,HELDOUT_TRIPLE_AUDIT,STRICT_LUMPED,f12d43eace12231077007dc497fee8dad00fbe58cb2f1fe2c6159c47636b97a0,selected_q_proxy,all_finite_diagnostic,emx_minus_frozen_proxy,Lp_nH,nH,4,0.002382452172521088,0.0026528788279982125,-0.000399550141026106,0.002782002313547194,0.003386195101013301,0.003438742593246424,PROVISIONAL_SMALL_REQUEST_N,4,0.001141128850780826,0.0033161317780358024,0.001623361087953122,0.003320754492877402,-0.002782002313547194,0.0020127097749840783,0.0004745139775104157,0.003491290085479548,0.002341035622667565,0.003491290085479548,0.002423031156502331,0.003491290085479548,20,4,4,0,0,0,0,0,16,4,4,4,4,,1.0,0.2,1.0,NOT_ESTIMABLE,,,PROVISIONAL_SMALL_REQUEST_N,1.0,1.0,PROVISIONAL_SMALL_REQUEST_N,1.0,1.0,NOT_PRIMARY; use physical units and frozen spans
9,f9-0cd8cd2dd857,FORMAL_10K,HELDOUT_TRIPLE_AUDIT,STRICT_LUMPED,f12d43eace12231077007dc497fee8dad00fbe58cb2f1fe2c6159c47636b97a0,selected_q_proxy,all_finite_diagnostic,emx_minus_frozen_proxy,Ls_nH,nH,4,0.009325052495443048,0.010125146615793647,-0.009325052495443048,0.007925450790634891,0.013723875625992688,0.014804864754969525,PROVISIONAL_SMALL_REQUEST_N,4,0.006342405810108892,0.01370730088558536,0.006418117853522008,0.014217185975711663,-0.01370730088558536,-0.006342405810108892,0.005563454516556043,0.015885853883946366,0.007171641890502345,0.015885853883946366,0.007171641890502345,0.015885853883946366,20,4,4,0,0,0,0,0,16,4,4,4,4,,1.0,0.2,1.0,NOT_ESTIMABLE,,,PROVISIONAL_SMALL_REQUEST_N,1.0,1.0,PROVISIONAL_SMALL_REQUEST_N,1.0,1.0,NOT_PRIMARY; use physical units and frozen spans
9,f9-0cd8cd2dd857,FORMAL_10K,HELDOUT_TRIPLE_AUDIT,STRICT_LUMPED,f12d43eace12231077007dc497fee8dad00fbe58cb2f1fe2c6159c47636b97a0,selected_q_proxy,all_finite_diagnostic,emx_minus_frozen_proxy,Qmin,dimensionless,4,0.060129158788879256,0.06383232315033122,-0.042292155364048956,0.05513286119263494,0.083009598994364,0.08879325245747526,PROVISIONAL_SMALL_REQUEST_N,4,0.0407603091788733,0.08449430599512953,0.04170148940397461,0.08628014956737766,-0.08449430599512953,0.0127507010956176,0.0356740068496606,0.09457690592058654,0.04991565337145616,0.09457690592058654,0.05296743476898377,0.09457690592058654,20,4,4,0,0,0,0,0,16,4,4,4,4,,1.0,0.2,1.0,NOT_ESTIMABLE,,,PROVISIONAL_SMALL_REQUEST_N,1.0,1.0,PROVISIONAL_SMALL_REQUEST_N,1.0,1.0,NOT_PRIMARY; use physical units and frozen spans
9,f9-0cd8cd2dd857,FORMAL_10K,HELDOUT_TRIPLE_AUDIT,STRICT_LUMPED,f12d43eace12231077007dc497fee8dad00fbe58cb2f1fe2c6159c47636b97a0,selected_q_proxy,all_finite_diagnostic,emx_minus_frozen_proxy,K_abs,dimensionless,4,0.00767211472563193,0.00914464460069054,0.0013651719522351294,0.0070510407894079224,0.013211479066083455,0.013807352832621193,PROVISIONAL_SMALL_REQUEST_N,4,0.002927248740564062,0.012416980710699799,0.003020342206864244,0.012607910179795595,-0.0069052144275367,0.010256632268230967,0.0021831507245529402,0.014403226599158936,0.0036713467565751834,0.014403226599158936,0.0036713467565751834,0.014403226599158936,20,4,4,0,0,0,0,0,16,4,4,4,4,,1.0,0.2,1.0,NOT_ESTIMABLE,,,PROVISIONAL_SMALL_REQUEST_N,1.0,1.0,PROVISIONAL_SMALL_REQUEST_N,1.0,1.0,NOT_PRIMARY; use physical units and frozen spans
11,f11-07165966aa39,FORMAL_10K,HELDOUT_TRIPLE_AUDIT,STRICT_LUMPED,f12d43eace12231077007dc497fee8dad00fbe58cb2f1fe2c6159c47636b97a0,all_candidates,strict_valid,emx_minus_target,Lp_nH,nH,37,0.10240752027377371,0.16150072976595686,-0.09648328374952805,0.03067856123397461,0.2746196033230275,0.3418971786822961,PROVISIONAL_SMALL_REQUEST_N,4,0.06548900692418337,0.14137706214278575,0.11080514173967505,0.20220529921033373,-0.13591676495876498,-0.05912524891972465,0.014146104119093339,0.07328809613378873,0.22503408105241962,0.3826346445401769,0.23009924512271374,0.4265435293102646,220,39,37,2,0,5,0,0,176,21,39,39,44,,0.4772727272727273,0.09545454545454546,0.5675675675675675,NOT_ESTIMABLE,,,PROVISIONAL_SMALL_REQUEST_N,0.3409090909090909,0.5909090909090909,PROVISIONAL_SMALL_REQUEST_N,0.4444444444444444,0.6842105263157895,NOT_PRIMARY; use physical units and frozen spans
11,f11-07165966aa39,FORMAL_10K,HELDOUT_TRIPLE_AUDIT,STRICT_LUMPED,f12d43eace12231077007dc497fee8dad00fbe58cb2f1fe2c6159c47636b97a0,all_candidates,strict_valid,emx_minus_target,Ls_nH,nH,37,0.05883836389967243,0.09016118454543437,0.0535519730486496,0.0210372543964239,0.17920758294900876,0.20145639090450762,PROVISIONAL_SMALL_REQUEST_N,4,0.04082011003784369,0.0873359463058341,0.06073018446328089,0.12310980321205289,0.039846633446532345,0.07647508098236849,0.007423822051535245,0.05208457080130213,0.08277891901579326,0.21550997762912094,0.09008947784299634,0.2240262175274632,220,39,37,2,0,5,0,0,176,21,39,39,44,,0.4772727272727273,0.09545454545454546,0.5675675675675675,NOT_ESTIMABLE,,,PROVISIONAL_SMALL_REQUEST_N,0.3409090909090909,0.5909090909090909,PROVISIONAL_SMALL_REQUEST_N,0.4444444444444444,0.6842105263157895,NOT_PRIMARY; use physical units and frozen spans
11,f11-07165966aa39,FORMAL_10K,HELDOUT_TRIPLE_AUDIT,STRICT_LUMPED,f12d43eace12231077007dc497fee8dad00fbe58cb2f1fe2c6159c47636b97a0,all_candidates,strict_valid,emx_minus_target,Qmin,dimensionless,37,1.5544991386056828,2.5496667172943015,-1.4536546595657713,0.3442506438406969,4.72420657047412,6.016224894213902,PROVISIONAL_SMALL_REQUEST_N,4,0.7952407480239254,2.355938550886427,1.2910970739804846,3.4063495631028586,-2.289412852218326,-0.6618837402107192,0.2758605010068962,1.3817347963214024,2.304362525108141,6.2458486812572325,3.2156937974075173,6.9297742123273185,220,39,37,2,0,5,0,0,176,21,39,39,44,,0.4772727272727273,0.09545454545454546,0.5675675675675675,NOT_ESTIMABLE,,,PROVISIONAL_SMALL_REQUEST_N,0.3409090909090909,0.5909090909090909,PROVISIONAL_SMALL_REQUEST_N,0.4444444444444444,0.6842105263157895,NOT_PRIMARY; use physical units and frozen spans
11,f11-07165966aa39,FORMAL_10K,HELDOUT_TRIPLE_AUDIT,STRICT_LUMPED,f12d43eace12231077007dc497fee8dad00fbe58cb2f1fe2c6159c47636b97a0,all_candidates,strict_valid,emx_minus_target,K_abs,dimensionless,37,0.019779116970131152,0.0329226036041732,-0.0068872308765710625,0.007273890481376444,0.05594563687405107,0.08623820411466324,PROVISIONAL_SMALL_REQUEST_N,4,0.011016917696634071,0.029028105092155847,0.02235788753326575,0.04123549716419845,-0.01773544389560325,0.0038118803741037047,0.004889931750300169,0.02384589397967496,0.022477107380463043,0.07917775541556338,0.04460769690360569,0.09351259983452515,220,39,37,2,0,5,0,0,176,21,39,39,44,,0.4772727272727273,0.09545454545454546,0.5675675675675675,NOT_ESTIMABLE,,,PROVISIONAL_SMALL_REQUEST_N,0.3409090909090909,0.5909090909090909,PROVISIONAL_SMALL_REQUEST_N,0.4444444444444444,0.6842105263157895,NOT_PRIMARY; use physical units and frozen spans
11,f11-07165966aa39,FORMAL_10K,HELDOUT_TRIPLE_AUDIT,STRICT_LUMPED,f12d43eace12231077007dc497fee8dad00fbe58cb2f1fe2c6159c47636b97a0,all_candidates,strict_valid,emx_minus_frozen_proxy,Lp_nH,nH,37,0.007756767671457219,0.009854775163470884,-0.0018480505256081056,0.007568760603824831,0.012793512601246169,0.01965496260340837,PROVISIONAL_SMALL_REQUEST_N,4,0.005277905960561726,0.011266269690222094,0.006771536118863116,0.013588988168753082,-0.004116458356565278,0.0005434417820158312,0.0047121149514932625,0.010430959466926737,0.010645788000642201,0.020799005508001178,0.012329036819416217,0.029588931135752894,220,39,37,2,0,5,0,0,176,21,39,39,44,,0.4772727272727273,0.09545454545454546,0.5675675675675675,NOT_ESTIMABLE,,,PROVISIONAL_SMALL_REQUEST_N,0.3409090909090909,0.5909090909090909,PROVISIONAL_SMALL_REQUEST_N,0.4444444444444444,0.6842105263157895,NOT_PRIMARY; use physical units and frozen spans
11,f11-07165966aa39,FORMAL_10K,HELDOUT_TRIPLE_AUDIT,STRICT_LUMPED,f12d43eace12231077007dc497fee8dad00fbe58cb2f1fe2c6159c47636b97a0,all_candidates,strict_valid,emx_minus_frozen_proxy,Ls_nH,nH,37,0.00902863315684504,0.012841320565501226,0.004308535935304135,0.004857132019334132,0.017795126837116235,0.022370345786884446,PROVISIONAL_SMALL_REQUEST_N,4,0.004481487489761024,0.015477959370679528,0.005970797998046995,0.019825672068936102,0.00023834291058323075,0.010835752762818462,0.0034313873074993673,0.014162081429399231,0.009126028699917297,0.03355679099137787,0.013033468745594117,0.04167714460829752,220,39,37,2,0,5,0,0,176,21,39,39,44,,0.4772727272727273,0.09545454545454546,0.5675675675675675,NOT_ESTIMABLE,,,PROVISIONAL_SMALL_REQUEST_N,0.3409090909090909,0.5909090909090909,PROVISIONAL_SMALL_REQUEST_N,0.4444444444444444,0.6842105263157895,NOT_PRIMARY; use physical units and frozen spans
11,f11-07165966aa39,FORMAL_10K,HELDOUT_TRIPLE_AUDIT,STRICT_LUMPED,f12d43eace12231077007dc497fee8dad00fbe58cb2f1fe2c6159c47636b97a0,all_candidates,strict_valid,emx_minus_frozen_proxy,Qmin,dimensionless,37,0.19622955832064504,0.24991489323101562,0.02770590479497621,0.13608812069758258,0.37878423619450663,0.5493262670351603,PROVISIONAL_SMALL_REQUEST_N,4,0.13131565674890242,0.2577269387570328,0.15292604696367404,0.3153920724274823,-0.07752157851300838,0.11714926560676311,0.10871692639840802,0.22632811812891518,0.26188240840684607,0.5827519970735402,0.28609763934251475,0.6348487541678871,220,39,37,2,0,5,0,0,176,21,39,39,44,,0.4772727272727273,0.09545454545454546,0.5675675675675675,NOT_ESTIMABLE,,,PROVISIONAL_SMALL_REQUEST_N,0.3409090909090909,0.5909090909090909,PROVISIONAL_SMALL_REQUEST_N,0.4444444444444444,0.6842105263157895,NOT_PRIMARY; use physical units and frozen spans
11,f11-07165966aa39,FORMAL_10K,HELDOUT_TRIPLE_AUDIT,STRICT_LUMPED,f12d43eace12231077007dc497fee8dad00fbe58cb2f1fe2c6159c47636b97a0,all_candidates,strict_valid,emx_minus_frozen_proxy,K_abs,dimensionless,37,0.007474809495210544,0.012284280031033313,0.003954370560671852,0.004882467944605007,0.012536386367917263,0.02755373015532893,PROVISIONAL_SMALL_REQUEST_N,4,0.00439807193220092,0.01397020056244383,0.0060479554129297414,0.02013768237485103,-0.0012266686348113807,0.012966112095279238,0.002409462186293093,0.00787231871217492,0.010582425523905797,0.039259111418601,0.0108185465540022,0.04545969898602231,220,39,37,2,0,5,0,0,176,21,39,39,44,,0.4772727272727273,0.09545454545454546,0.5675675675675675,NOT_ESTIMABLE,,,PROVISIONAL_SMALL_REQUEST_N,0.3409090909090909,0.5909090909090909,PROVISIONAL_SMALL_REQUEST_N,0.4444444444444444,0.6842105263157895,NOT_PRIMARY; use physical units and frozen spans
11,f11-07165966aa39,FORMAL_10K,HELDOUT_TRIPLE_AUDIT,STRICT_LUMPED,f12d43eace12231077007dc497fee8dad00fbe58cb2f1fe2c6159c47636b97a0,all_candidates,all_finite_diagnostic,emx_minus_target,Lp_nH,nH,39,0.09885900570398855,0.1576350308353686,-0.09309313923429116,0.03067856123397461,0.25917989714080986,0.33680499545006126,PROVISIONAL_SMALL_REQUEST_N,4,0.06548900692418337,0.13056050454480345,0.11080514173967505,0.19502554693631516,-0.12536263503312933,-0.05912524891972465,0.014146104119093339,0.056208725104718305,0.22503408105241962,0.3826346445401769,0.2292550511109981,0.42434808507176003,220,39,37,2,0,5,0,0,176,21,39,39,44,,0.4772727272727273,0.09545454545454546,0.5675675675675675,NOT_ESTIMABLE,,,PROVISIONAL_SMALL_REQUEST_N,0.3409090909090909,0.5909090909090909,PROVISIONAL_SMALL_REQUEST_N,0.4444444444444444,0.6842105263157895,NOT_PRIMARY; use physical units and frozen spans
11,f11-07165966aa39,FORMAL_10K,HELDOUT_TRIPLE_AUDIT,STRICT_LUMPED,f12d43eace12231077007dc497fee8dad00fbe58cb2f1fe2c6159c47636b97a0,all_candidates,all_finite_diagnostic,emx_minus_target,Ls_nH,nH,39,0.060758968976007785,0.09075866093446906,0.05574367509170408,0.032880767647487597,0.17580735054014116,0.19969969256393105,PROVISIONAL_SMALL_REQUEST_N,4,0.04082011003784369,0.09019454059119543,0.06097496182578458,0.1223618688869572,0.039846633446532345,0.08010945136226308,0.007423822051535245,0.0649152891553687,0.08277891901579326,0.21550997762912094,0.0873480182827952,0.22360040553254606,220,39,37,2,0,5,0,0,176,21,39,39,44,,0.4772727272727273,0.09545454545454546,0.5675675675675675,NOT_ESTIMABLE,,,PROVISIONAL_SMALL_REQUEST_N,0.3409090909090909,0.5909090909090909,PROVISIONAL_SMALL_REQUEST_N,0.4444444444444444,0.6842105263157895,NOT_PRIMARY; use physical units and frozen spans
11,f11-07165966aa39,FORMAL_10K,HELDOUT_TRIPLE_AUDIT,STRICT_LUMPED,f12d43eace12231077007dc497fee8dad00fbe58cb2f1fe2c6159c47636b97a0,all_candidates,all_finite_diagnostic,emx_minus_target,Qmin,dimensionless,39,1.566521428809175,2.516890310175384,-1.4708484615149002,0.3804704721567056,4.708679915305606,5.939683631866131,PROVISIONAL_SMALL_REQUEST_N,4,0.7952407480239254,2.2992380755551625,1.2910970739804846,3.2816385775276697,-2.2393649467538723,-0.6618837402107192,0.2899822834601604,1.788933797573785,2.304362525108141,5.939683631866131,3.2156937974075173,6.876442620186866,220,39,37,2,0,5,0,0,176,21,39,39,44,,0.4772727272727273,0.09545454545454546,0.5675675675675675,NOT_ESTIMABLE,,,PROVISIONAL_SMALL_REQUEST_N,0.3409090909090909,0.5909090909090909,PROVISIONAL_SMALL_REQUEST_N,0.4444444444444444,0.6842105263157895,NOT_PRIMARY; use physical units and frozen spans
11,f11-07165966aa39,FORMAL_10K,HELDOUT_TRIPLE_AUDIT,STRICT_LUMPED,f12d43eace12231077007dc497fee8dad00fbe58cb2f1fe2c6159c47636b97a0,all_candidates,all_finite_diagnostic,emx_minus_target,K_abs,dimensionless,39,0.022545082999258496,0.03696279572787685,-0.0027537598296641153,0.007663315447551833,0.07204920826051169,0.09002805561845255,PROVISIONAL_SMALL_REQUEST_N,4,0.011016917696634071,0.0334968400367517,0.02235788753326575,0.046789985514400535,-0.007990147342396494,0.0038874405859550486,0.004889931750300169,0.030045548051744364,0.022477107380463043,0.09002805561845255,0.0451098287028556,0.10680841717822125,220,39,37,2,0,5,0,0,176,21,39,39,44,,0.4772727272727273,0.09545454545454546,0.5675675675675675,NOT_ESTIMABLE,,,PROVISIONAL_SMALL_REQUEST_N,0.3409090909090909,0.5909090909090909,PROVISIONAL_SMALL_REQUEST_N,0.4444444444444444,0.6842105263157895,NOT_PRIMARY; use physical units and frozen spans
11,f11-07165966aa39,FORMAL_10K,HELDOUT_TRIPLE_AUDIT,STRICT_LUMPED,f12d43eace12231077007dc497fee8dad00fbe58cb2f1fe2c6159c47636b97a0,all_candidates,all_finite_diagnostic,emx_minus_frozen_proxy,Lp_nH,nH,39,0.008393973398662932,0.010903017404709399,-0.0007182900190657109,0.007878865578202277,0.014665971394644933,0.02167799807077636,PROVISIONAL_SMALL_REQUEST_N,4,0.005829371518167783,0.01136814429988342,0.007565018876550485,0.013608048580763612,-0.002364797301174548,0.0010148755410488547,0.0047121149514932625,0.010430959466926737,0.010914448702695366,0.02167799807077636,0.012329036819416217,0.03028912931914217,220,39,37,2,0,5,0,0,176,21,39,39,44,,0.4772727272727273,0.09545454545454546,0.5675675675675675,NOT_ESTIMABLE,,,PROVISIONAL_SMALL_REQUEST_N,0.3409090909090909,0.5909090909090909,PROVISIONAL_SMALL_REQUEST_N,0.4444444444444444,0.6842105263157895,NOT_PRIMARY; use physical units and frozen spans
11,f11-07165966aa39,FORMAL_10K,HELDOUT_TRIPLE_AUDIT,STRICT_LUMPED,f12d43eace12231077007dc497fee8dad00fbe58cb2f1fe2c6159c47636b97a0,all_candidates,all_finite_diagnostic,emx_minus_frozen_proxy,Ls_nH,nH,39,0.009821651851435909,0.013707557213002059,0.005343610897666331,0.005326305460273684,0.019823444012742147,0.028702121052998884,PROVISIONAL_SMALL_REQUEST_N,4,0.004481487489761024,0.016535022196628557,0.005970797998046995,0.020649391480628203,0.0016744316926820327,0.012240641453568414,0.0034313873074993673,0.01683065780989268,0.009126028699917297,0.03355679099137787,0.013033468745594117,0.04167714460829752,220,39,37,2,0,5,0,0,176,21,39,39,44,,0.4772727272727273,0.09545454545454546,0.5675675675675675,NOT_ESTIMABLE,,,PROVISIONAL_SMALL_REQUEST_N,0.3409090909090909,0.5909090909090909,PROVISIONAL_SMALL_REQUEST_N,0.4444444444444444,0.6842105263157895,NOT_PRIMARY; use physical units and frozen spans
11,f11-07165966aa39,FORMAL_10K,HELDOUT_TRIPLE_AUDIT,STRICT_LUMPED,f12d43eace12231077007dc497fee8dad00fbe58cb2f1fe2c6159c47636b97a0,all_candidates,all_finite_diagnostic,emx_minus_frozen_proxy,Qmin,dimensionless,39,0.2030886989798355,0.25648528689140776,0.009362894232420552,0.14154239071970665,0.4169806239344959,0.5451480507803631,PROVISIONAL_SMALL_REQUEST_N,4,0.15118237119149808,0.2577269387570328,0.1837977646255525,0.3153920724274823,-0.09909338719326449,0.10232542116872201,0.11870895913013513,0.22632811812891518,0.28156456455827517,0.5827519970735402,0.3080027272483523,0.6348487541678871,220,39,37,2,0,5,0,0,176,21,39,39,44,,0.4772727272727273,0.09545454545454546,0.5675675675675675,NOT_ESTIMABLE,,,PROVISIONAL_SMALL_REQUEST_N,0.3409090909090909,0.5909090909090909,PROVISIONAL_SMALL_REQUEST_N,0.4444444444444444,0.6842105263157895,NOT_PRIMARY; use physical units and frozen spans
11,f11-07165966aa39,FORMAL_10K,HELDOUT_TRIPLE_AUDIT,STRICT_LUMPED,f12d43eace12231077007dc497fee8dad00fbe58cb2f1fe2c6159c47636b97a0,all_candidates,all_finite_diagnostic,emx_minus_frozen_proxy,K_abs,dimensionless,39,0.008767008026591356,0.014098969157600552,0.005427104422029007,0.004937294853354035,0.025411612610607592,0.03704306535921102,PROVISIONAL_SMALL_REQUEST_N,4,0.004735743594420932,0.01587242035051341,0.006196753222976091,0.02215040364861075,-0.0010478291699976812,0.014952005922279202,0.002409462186293093,0.00787231871217492,0.010582425523905797,0.039259111418601,0.011051562849218927,0.04545969898602231,220,39,37,2,0,5,0,0,176,21,39,39,44,,0.4772727272727273,0.09545454545454546,0.5675675675675675,NOT_ESTIMABLE,,,PROVISIONAL_SMALL_REQUEST_N,0.3409090909090909,0.5909090909090909,PROVISIONAL_SMALL_REQUEST_N,0.4444444444444444,0.6842105263157895,NOT_PRIMARY; use physical units and frozen spans
11,f11-07165966aa39,FORMAL_10K,HELDOUT_TRIPLE_AUDIT,STRICT_LUMPED,f12d43eace12231077007dc497fee8dad00fbe58cb2f1fe2c6159c47636b97a0,selected_q_proxy,strict_valid,emx_minus_target,Lp_nH,nH,4,0.008415214814846805,0.009128703239736859,0.004118218374309424,0.007598372918587448,0.012376418096905996,0.013186937786012685,PROVISIONAL_SMALL_REQUEST_N,4,0.0054984901805884,0.012148781345364568,0.005636814789798838,0.012563665805633872,-0.004794806421781039,0.01161475709311277,0.004466655947092946,0.01399745747511938,0.006602752956100133,0.01399745747511938,0.006602752956100133,0.01399745747511938,20,4,4,0,0,0,0,0,16,3,4,4,4,,0.75,0.15,0.75,NOT_ESTIMABLE,,,PROVISIONAL_SMALL_REQUEST_N,0.25,1.0,PROVISIONAL_SMALL_REQUEST_N,0.25,1.0,NOT_PRIMARY; use physical units and frozen spans
11,f11-07165966aa39,FORMAL_10K,HELDOUT_TRIPLE_AUDIT,STRICT_LUMPED,f12d43eace12231077007dc497fee8dad00fbe58cb2f1fe2c6159c47636b97a0,selected_q_proxy,strict_valid,emx_minus_target,Ls_nH,nH,4,0.013828113379119295,0.01849575162665421,0.004773225449629687,0.010303740151533514,0.02790220844115832,0.03039148804432295,PROVISIONAL_SMALL_REQUEST_N,4,0.00307305778796646,0.02574105323811829,0.0033171246646282854,0.028557457648567163,-0.011133700217289905,0.02420452434413506,0.0018242055659225542,0.032880767647487597,0.004321910010010366,0.032880767647487597,0.004321910010010366,0.032880767647487597,20,4,4,0,0,0,0,0,16,3,4,4,4,,0.75,0.15,0.75,NOT_ESTIMABLE,,,PROVISIONAL_SMALL_REQUEST_N,0.25,1.0,PROVISIONAL_SMALL_REQUEST_N,0.25,1.0,NOT_PRIMARY; use physical units and frozen spans
11,f11-07165966aa39,FORMAL_10K,HELDOUT_TRIPLE_AUDIT,STRICT_LUMPED,f12d43eace12231077007dc497fee8dad00fbe58cb2f1fe2c6159c47636b97a0,selected_q_proxy,strict_valid,emx_minus_target,Qmin,dimensionless,4,0.09390103053113918,0.09623683270101559,0.032716774774323554,0.0947348152633305,0.11567417425523363,0.11902134288443245,PROVISIONAL_SMALL_REQUEST_N,4,0.07283799855960815,0.1141302777704789,0.0745136134664023,0.1150188062430971,-0.06942248949996799,0.0947348152633305,0.06376598008426448,0.12236851151363126,0.08916763181522676,0.12236851151363126,0.08941557654102184,0.12236851151363126,20,4,4,0,0,0,0,0,16,3,4,4,4,,0.75,0.15,0.75,NOT_ESTIMABLE,,,PROVISIONAL_SMALL_REQUEST_N,0.25,1.0,PROVISIONAL_SMALL_REQUEST_N,0.25,1.0,NOT_PRIMARY; use physical units and frozen spans
11,f11-07165966aa39,FORMAL_10K,HELDOUT_TRIPLE_AUDIT,STRICT_LUMPED,f12d43eace12231077007dc497fee8dad00fbe58cb2f1fe2c6159c47636b97a0,selected_q_proxy,strict_valid,emx_minus_target,K_abs,dimensionless,4,0.01595137470339182,0.023784952788433823,0.010903707077899158,0.006741842654714503,0.034687558301256805,0.04056191569123114,PROVISIONAL_SMALL_REQUEST_N,4,0.004732627937543685,0.036379653517917276,0.004954839953767236,0.04033467467583997,-0.005047667625492663,0.033855819705170945,0.003885540422932765,0.046436273081205515,0.006209794828052562,0.046436273081205515,0.006209794828052562,0.046436273081205515,20,4,4,0,0,0,0,0,16,3,4,4,4,,0.75,0.15,0.75,NOT_ESTIMABLE,,,PROVISIONAL_SMALL_REQUEST_N,0.25,1.0,PROVISIONAL_SMALL_REQUEST_N,0.25,1.0,NOT_PRIMARY; use physical units and frozen spans
11,f11-07165966aa39,FORMAL_10K,HELDOUT_TRIPLE_AUDIT,STRICT_LUMPED,f12d43eace12231077007dc497fee8dad00fbe58cb2f1fe2c6159c47636b97a0,selected_q_proxy,strict_valid,emx_minus_frozen_proxy,Lp_nH,nH,4,0.01041834583240775,0.012056232033238926,0.006633965530495334,0.007723813091013554,0.01692296352906151,0.01886098451853134,PROVISIONAL_SMALL_REQUEST_N,4,0.006039780124252603,0.01749144428195709,0.006132402116486917,0.018405719406230776,-0.0037068540583180543,0.01695594204090156,0.0054267516396027116,0.020799005508001178,0.0071432313966224075,0.020799005508001178,0.007511048487412341,0.020799005508001178,20,4,4,0,0,0,0,0,16,3,4,4,4,,0.75,0.15,0.75,NOT_ESTIMABLE,,,PROVISIONAL_SMALL_REQUEST_N,0.25,1.0,PROVISIONAL_SMALL_REQUEST_N,0.25,1.0,NOT_PRIMARY; use physical units and frozen spans
11,f11-07165966aa39,FORMAL_10K,HELDOUT_TRIPLE_AUDIT,STRICT_LUMPED,f12d43eace12231077007dc497fee8dad00fbe58cb2f1fe2c6159c47636b97a0,selected_q_proxy,strict_valid,emx_minus_frozen_proxy,Ls_nH,nH,4,0.013927972167492003,0.018971981865421397,0.004219646746774691,0.010058811560675951,0.02870350657922343,0.03113014878530064,PROVISIONAL_SMALL_REQUEST_N,4,0.002387960697196878,0.025852204952822283,0.002413544452803823,0.02909327136984162,-0.01234977050385841,0.024658224604223844,0.002037474557238239,0.03355679099137787,0.002738446837155517,0.03355679099137787,0.002738446837155517,0.03355679099137787,20,4,4,0,0,0,0,0,16,3,4,4,4,,0.75,0.15,0.75,NOT_ESTIMABLE,,,PROVISIONAL_SMALL_REQUEST_N,0.25,1.0,PROVISIONAL_SMALL_REQUEST_N,0.25,1.0,NOT_PRIMARY; use physical units and frozen spans
11,f11-07165966aa39,FORMAL_10K,HELDOUT_TRIPLE_AUDIT,STRICT_LUMPED,f12d43eace12231077007dc497fee8dad00fbe58cb2f1fe2c6159c47636b97a0,selected_q_proxy,strict_valid,emx_minus_frozen_proxy,Qmin,dimensionless,4,0.10183107089063625,0.10363453452636374,0.04118039591384992,0.10549989094692425,0.1205719594420012,0.12093665469778694,PROVISIONAL_SMALL_REQUEST_N,4,0.08357644268031894,0.12008569910095357,0.0840129785058947,0.12009185207814989,-0.067943579053801,0.10790832411503182,0.07502315171512386,0.12130134995357267,0.09212973364551402,0.12130134995357267,0.09212973364551402,0.12130134995357267,20,4,4,0,0,0,0,0,16,3,4,4,4,,0.75,0.15,0.75,NOT_ESTIMABLE,,,PROVISIONAL_SMALL_REQUEST_N,0.25,1.0,PROVISIONAL_SMALL_REQUEST_N,0.25,1.0,NOT_PRIMARY; use physical units and frozen spans
11,f11-07165966aa39,FORMAL_10K,HELDOUT_TRIPLE_AUDIT,STRICT_LUMPED,f12d43eace12231077007dc497fee8dad00fbe58cb2f1fe2c6159c47636b97a0,selected_q_proxy,strict_valid,emx_minus_frozen_proxy,K_abs,dimensionless,4,0.015599388636233245,0.02333586294196199,0.010561577216148234,0.007264196686308788,0.034121637486378704,0.03979066823620049,PROVISIONAL_SMALL_REQUEST_N,4,0.0037236368031890524,0.035810332419201896,0.0043642451596060585,0.03951848597044625,-0.005037811420085012,0.03349240869294346,0.002409462186293093,0.04545969898602231,0.00608915111360178,0.04545969898602231,0.006862232718740646,0.04545969898602231,20,4,4,0,0,0,0,0,16,3,4,4,4,,0.75,0.15,0.75,NOT_ESTIMABLE,,,PROVISIONAL_SMALL_REQUEST_N,0.25,1.0,PROVISIONAL_SMALL_REQUEST_N,0.25,1.0,NOT_PRIMARY; use physical units and frozen spans
11,f11-07165966aa39,FORMAL_10K,HELDOUT_TRIPLE_AUDIT,STRICT_LUMPED,f12d43eace12231077007dc497fee8dad00fbe58cb2f1fe2c6159c47636b97a0,selected_q_proxy,all_finite_diagnostic,emx_minus_target,Lp_nH,nH,4,0.008415214814846805,0.009128703239736859,0.004118218374309424,0.007598372918587448,0.012376418096905996,0.013186937786012685,PROVISIONAL_SMALL_REQUEST_N,4,0.0054984901805884,0.012148781345364568,0.005636814789798838,0.012563665805633872,-0.004794806421781039,0.01161475709311277,0.004466655947092946,0.01399745747511938,0.006602752956100133,0.01399745747511938,0.006602752956100133,0.01399745747511938,20,4,4,0,0,0,0,0,16,3,4,4,4,,0.75,0.15,0.75,NOT_ESTIMABLE,,,PROVISIONAL_SMALL_REQUEST_N,0.25,1.0,PROVISIONAL_SMALL_REQUEST_N,0.25,1.0,NOT_PRIMARY; use physical units and frozen spans
11,f11-07165966aa39,FORMAL_10K,HELDOUT_TRIPLE_AUDIT,STRICT_LUMPED,f12d43eace12231077007dc497fee8dad00fbe58cb2f1fe2c6159c47636b97a0,selected_q_proxy,all_finite_diagnostic,emx_minus_target,Ls_nH,nH,4,0.013828113379119295,0.01849575162665421,0.004773225449629687,0.010303740151533514,0.02790220844115832,0.03039148804432295,PROVISIONAL_SMALL_REQUEST_N,4,0.00307305778796646,0.02574105323811829,0.0033171246646282854,0.028557457648567163,-0.011133700217289905,0.02420452434413506,0.0018242055659225542,0.032880767647487597,0.004321910010010366,0.032880767647487597,0.004321910010010366,0.032880767647487597,20,4,4,0,0,0,0,0,16,3,4,4,4,,0.75,0.15,0.75,NOT_ESTIMABLE,,,PROVISIONAL_SMALL_REQUEST_N,0.25,1.0,PROVISIONAL_SMALL_REQUEST_N,0.25,1.0,NOT_PRIMARY; use physical units and frozen spans
11,f11-07165966aa39,FORMAL_10K,HELDOUT_TRIPLE_AUDIT,STRICT_LUMPED,f12d43eace12231077007dc497fee8dad00fbe58cb2f1fe2c6159c47636b97a0,selected_q_proxy,all_finite_diagnostic,emx_minus_target,Qmin,dimensionless,4,0.09390103053113918,0.09623683270101559,0.032716774774323554,0.0947348152633305,0.11567417425523363,0.11902134288443245,PROVISIONAL_SMALL_REQUEST_N,4,0.07283799855960815,0.1141302777704789,0.0745136134664023,0.1150188062430971,-0.06942248949996799,0.0947348152633305,0.06376598008426448,0.12236851151363126,0.08916763181522676,0.12236851151363126,0.08941557654102184,0.12236851151363126,20,4,4,0,0,0,0,0,16,3,4,4,4,,0.75,0.15,0.75,NOT_ESTIMABLE,,,PROVISIONAL_SMALL_REQUEST_N,0.25,1.0,PROVISIONAL_SMALL_REQUEST_N,0.25,1.0,NOT_PRIMARY; use physical units and frozen spans
11,f11-07165966aa39,FORMAL_10K,HELDOUT_TRIPLE_AUDIT,STRICT_LUMPED,f12d43eace12231077007dc497fee8dad00fbe58cb2f1fe2c6159c47636b97a0,selected_q_proxy,all_finite_diagnostic,emx_minus_target,K_abs,dimensionless,4,0.01595137470339182,0.023784952788433823,0.010903707077899158,0.006741842654714503,0.034687558301256805,0.04056191569123114,PROVISIONAL_SMALL_REQUEST_N,4,0.004732627937543685,0.036379653517917276,0.004954839953767236,0.04033467467583997,-0.005047667625492663,0.033855819705170945,0.003885540422932765,0.046436273081205515,0.006209794828052562,0.046436273081205515,0.006209794828052562,0.046436273081205515,20,4,4,0,0,0,0,0,16,3,4,4,4,,0.75,0.15,0.75,NOT_ESTIMABLE,,,PROVISIONAL_SMALL_REQUEST_N,0.25,1.0,PROVISIONAL_SMALL_REQUEST_N,0.25,1.0,NOT_PRIMARY; use physical units and frozen spans
11,f11-07165966aa39,FORMAL_10K,HELDOUT_TRIPLE_AUDIT,STRICT_LUMPED,f12d43eace12231077007dc497fee8dad00fbe58cb2f1fe2c6159c47636b97a0,selected_q_proxy,all_finite_diagnostic,emx_minus_frozen_proxy,Lp_nH,nH,4,0.01041834583240775,0.012056232033238926,0.006633965530495334,0.007723813091013554,0.01692296352906151,0.01886098451853134,PROVISIONAL_SMALL_REQUEST_N,4,0.006039780124252603,0.01749144428195709,0.006132402116486917,0.018405719406230776,-0.0037068540583180543,0.01695594204090156,0.0054267516396027116,0.020799005508001178,0.0071432313966224075,0.020799005508001178,0.007511048487412341,0.020799005508001178,20,4,4,0,0,0,0,0,16,3,4,4,4,,0.75,0.15,0.75,NOT_ESTIMABLE,,,PROVISIONAL_SMALL_REQUEST_N,0.25,1.0,PROVISIONAL_SMALL_REQUEST_N,0.25,1.0,NOT_PRIMARY; use physical units and frozen spans
11,f11-07165966aa39,FORMAL_10K,HELDOUT_TRIPLE_AUDIT,STRICT_LUMPED,f12d43eace12231077007dc497fee8dad00fbe58cb2f1fe2c6159c47636b97a0,selected_q_proxy,all_finite_diagnostic,emx_minus_frozen_proxy,Ls_nH,nH,4,0.013927972167492003,0.018971981865421397,0.004219646746774691,0.010058811560675951,0.02870350657922343,0.03113014878530064,PROVISIONAL_SMALL_REQUEST_N,4,0.002387960697196878,0.025852204952822283,0.002413544452803823,0.02909327136984162,-0.01234977050385841,0.024658224604223844,0.002037474557238239,0.03355679099137787,0.002738446837155517,0.03355679099137787,0.002738446837155517,0.03355679099137787,20,4,4,0,0,0,0,0,16,3,4,4,4,,0.75,0.15,0.75,NOT_ESTIMABLE,,,PROVISIONAL_SMALL_REQUEST_N,0.25,1.0,PROVISIONAL_SMALL_REQUEST_N,0.25,1.0,NOT_PRIMARY; use physical units and frozen spans
11,f11-07165966aa39,FORMAL_10K,HELDOUT_TRIPLE_AUDIT,STRICT_LUMPED,f12d43eace12231077007dc497fee8dad00fbe58cb2f1fe2c6159c47636b97a0,selected_q_proxy,all_finite_diagnostic,emx_minus_frozen_proxy,Qmin,dimensionless,4,0.10183107089063625,0.10363453452636374,0.04118039591384992,0.10549989094692425,0.1205719594420012,0.12093665469778694,PROVISIONAL_SMALL_REQUEST_N,4,0.08357644268031894,0.12008569910095357,0.0840129785058947,0.12009185207814989,-0.067943579053801,0.10790832411503182,0.07502315171512386,0.12130134995357267,0.09212973364551402,0.12130134995357267,0.09212973364551402,0.12130134995357267,20,4,4,0,0,0,0,0,16,3,4,4,4,,0.75,0.15,0.75,NOT_ESTIMABLE,,,PROVISIONAL_SMALL_REQUEST_N,0.25,1.0,PROVISIONAL_SMALL_REQUEST_N,0.25,1.0,NOT_PRIMARY; use physical units and frozen spans
11,f11-07165966aa39,FORMAL_10K,HELDOUT_TRIPLE_AUDIT,STRICT_LUMPED,f12d43eace12231077007dc497fee8dad00fbe58cb2f1fe2c6159c47636b97a0,selected_q_proxy,all_finite_diagnostic,emx_minus_frozen_proxy,K_abs,dimensionless,4,0.015599388636233245,0.02333586294196199,0.010561577216148234,0.007264196686308788,0.034121637486378704,0.03979066823620049,PROVISIONAL_SMALL_REQUEST_N,4,0.0037236368031890524,0.035810332419201896,0.0043642451596060585,0.03951848597044625,-0.005037811420085012,0.03349240869294346,0.002409462186293093,0.04545969898602231,0.00608915111360178,0.04545969898602231,0.006862232718740646,0.04545969898602231,20,4,4,0,0,0,0,0,16,3,4,4,4,,0.75,0.15,0.75,NOT_ESTIMABLE,,,PROVISIONAL_SMALL_REQUEST_N,0.25,1.0,PROVISIONAL_SMALL_REQUEST_N,0.25,1.0,NOT_PRIMARY; use physical units and frozen spans
12,f12-bbbcad303b3e,FORMAL_10K,HELDOUT_TRIPLE_AUDIT,STRICT_LUMPED,f12d43eace12231077007dc497fee8dad00fbe58cb2f1fe2c6159c47636b97a0,all_candidates,strict_valid,emx_minus_target,Lp_nH,nH,39,0.05750316898701026,0.09491747994087421,0.008756211124776,0.01290800119634139,0.18629486604305523,0.21189143427778565,PROVISIONAL_SMALL_REQUEST_N,4,0.02463713520882841,0.08872590107628302,0.045431237940181696,0.12540752202781452,-0.05363836023275818,0.07372370799136818,0.004973467529594711,0.040897137706035314,0.06852384323268501,0.22054351781055925,0.11529617715831886,0.2554198518336046,220,39,39,0,3,4,0,0,174,26,39,39,44,,0.5909090909090909,0.11818181818181818,0.6666666666666666,NOT_ESTIMABLE,,,PROVISIONAL_SMALL_REQUEST_N,0.5454545454545454,0.6818181818181818,PROVISIONAL_SMALL_REQUEST_N,0.6,0.75,NOT_PRIMARY; use physical units and frozen spans
12,f12-bbbcad303b3e,FORMAL_10K,HELDOUT_TRIPLE_AUDIT,STRICT_LUMPED,f12d43eace12231077007dc497fee8dad00fbe58cb2f1fe2c6159c47636b97a0,all_candidates,strict_valid,emx_minus_target,Ls_nH,nH,39,0.07981285864253722,0.12370190877392236,-0.017139301128443588,0.018310343320900646,0.23445313851790361,0.29637186445482944,PROVISIONAL_SMALL_REQUEST_N,4,0.04737435247241832,0.11696887312896984,0.0697643484134311,0.16342047136651597,-0.0847446941140373,0.047085822207870436,0.010700937477478578,0.10853796036570279,0.11184924625500703,0.32425541207522945,0.12325282367119157,0.324502072411021,220,39,39,0,3,4,0,0,174,26,39,39,44,,0.5909090909090909,0.11818181818181818,0.6666666666666666,NOT_ESTIMABLE,,,PROVISIONAL_SMALL_REQUEST_N,0.5454545454545454,0.6818181818181818,PROVISIONAL_SMALL_REQUEST_N,0.6,0.75,NOT_PRIMARY; use physical units and frozen spans
12,f12-bbbcad303b3e,FORMAL_10K,HELDOUT_TRIPLE_AUDIT,STRICT_LUMPED,f12d43eace12231077007dc497fee8dad00fbe58cb2f1fe2c6159c47636b97a0,all_candidates,strict_valid,emx_minus_target,Qmin,dimensionless,39,0.9121204431605721,1.3988677801954315,-0.7418423838666698,0.5596090544712435,2.5881535457683373,3.103008193519719,PROVISIONAL_SMALL_REQUEST_N,4,0.6274474906591242,1.1825597480369474,0.9215777573773797,1.734641258262428,-1.0756251086073616,-0.39049214729752046,0.21701712492364678,0.7114491755958685,1.486790968696816,3.103008193519719,1.664916629502872,3.835845070101641,220,39,39,0,3,4,0,0,174,26,39,39,44,,0.5909090909090909,0.11818181818181818,0.6666666666666666,NOT_ESTIMABLE,,,PROVISIONAL_SMALL_REQUEST_N,0.5454545454545454,0.6818181818181818,PROVISIONAL_SMALL_REQUEST_N,0.6,0.75,NOT_PRIMARY; use physical units and frozen spans
12,f12-bbbcad303b3e,FORMAL_10K,HELDOUT_TRIPLE_AUDIT,STRICT_LUMPED,f12d43eace12231077007dc497fee8dad00fbe58cb2f1fe2c6159c47636b97a0,all_candidates,strict_valid,emx_minus_target,K_abs,dimensionless,39,0.02335293509647848,0.044683372623223236,0.005586319804034787,0.008003999449658211,0.07213042702168987,0.12547292825492762,PROVISIONAL_SMALL_REQUEST_N,4,0.009740983515568548,0.036284289098342914,0.016112316706128792,0.06038833477059683,-0.019361822266727828,0.029546296880110137,0.00659860067092799,0.010133712807496004,0.019622298020319322,0.12547292825492762,0.030483468831153864,0.13823341532769842,220,39,39,0,3,4,0,0,174,26,39,39,44,,0.5909090909090909,0.11818181818181818,0.6666666666666666,NOT_ESTIMABLE,,,PROVISIONAL_SMALL_REQUEST_N,0.5454545454545454,0.6818181818181818,PROVISIONAL_SMALL_REQUEST_N,0.6,0.75,NOT_PRIMARY; use physical units and frozen spans
12,f12-bbbcad303b3e,FORMAL_10K,HELDOUT_TRIPLE_AUDIT,STRICT_LUMPED,f12d43eace12231077007dc497fee8dad00fbe58cb2f1fe2c6159c47636b97a0,all_candidates,strict_valid,emx_minus_frozen_proxy,Lp_nH,nH,39,0.0086448273272375,0.010687154224235773,0.004168781375081058,0.006094324206620705,0.01953465249535391,0.020277939833637373,PROVISIONAL_SMALL_REQUEST_N,4,0.005636056495275315,0.011826214877963703,0.006676472321988416,0.013786238400034586,0.0020874448588577067,0.006146051065493241,0.00486548110197671,0.012120868255278694,0.011106018018044974,0.020277939833637373,0.013401201109462245,0.021053963317870572,220,39,39,0,3,4,0,0,174,26,39,39,44,,0.5909090909090909,0.11818181818181818,0.6666666666666666,NOT_ESTIMABLE,,,PROVISIONAL_SMALL_REQUEST_N,0.5454545454545454,0.6818181818181818,PROVISIONAL_SMALL_REQUEST_N,0.6,0.75,NOT_PRIMARY; use physical units and frozen spans
12,f12-bbbcad303b3e,FORMAL_10K,HELDOUT_TRIPLE_AUDIT,STRICT_LUMPED,f12d43eace12231077007dc497fee8dad00fbe58cb2f1fe2c6159c47636b97a0,all_candidates,strict_valid,emx_minus_frozen_proxy,Ls_nH,nH,39,0.011213112055443984,0.01394226327704671,0.009339978628259905,0.008855545880620541,0.024182337446768145,0.025973443272700857,PROVISIONAL_SMALL_REQUEST_N,4,0.00759515521491837,0.014650171053943317,0.009627643028593594,0.017058638296678922,0.005093401988481785,0.01337422643604912,0.005311858189024687,0.015371439586806535,0.01848786629246367,0.025979596895564727,0.019756132471805764,0.026027583594724124,220,39,39,0,3,4,0,0,174,26,39,39,44,,0.5909090909090909,0.11818181818181818,0.6666666666666666,NOT_ESTIMABLE,,,PROVISIONAL_SMALL_REQUEST_N,0.5454545454545454,0.6818181818181818,PROVISIONAL_SMALL_REQUEST_N,0.6,0.75,NOT_PRIMARY; use physical units and frozen spans
12,f12-bbbcad303b3e,FORMAL_10K,HELDOUT_TRIPLE_AUDIT,STRICT_LUMPED,f12d43eace12231077007dc497fee8dad00fbe58cb2f1fe2c6159c47636b97a0,all_candidates,strict_valid,emx_minus_frozen_proxy,Qmin,dimensionless,39,0.17856104383893745,0.21537013093862248,-0.04798308789937208,0.16450972441095146,0.33061098743305595,0.37810989564665787,PROVISIONAL_SMALL_REQUEST_N,4,0.16428787419107663,0.19358543294194885,0.18769963951368987,0.2410901060259938,-0.13150426690859515,0.03136203215938984,0.13090776580255792,0.19396273427222965,0.25954615623245025,0.381278783805278,0.3006280196641792,0.5077414805885443,220,39,39,0,3,4,0,0,174,26,39,39,44,,0.5909090909090909,0.11818181818181818,0.6666666666666666,NOT_ESTIMABLE,,,PROVISIONAL_SMALL_REQUEST_N,0.5454545454545454,0.6818181818181818,PROVISIONAL_SMALL_REQUEST_N,0.6,0.75,NOT_PRIMARY; use physical units and frozen spans
12,f12-bbbcad303b3e,FORMAL_10K,HELDOUT_TRIPLE_AUDIT,STRICT_LUMPED,f12d43eace12231077007dc497fee8dad00fbe58cb2f1fe2c6159c47636b97a0,all_candidates,strict_valid,emx_minus_frozen_proxy,K_abs,dimensionless,39,0.0050786299019370375,0.0063963620268883544,-0.0002680001462539108,0.0045291778198994215,0.00989967109322415,0.01054563956786709,PROVISIONAL_SMALL_REQUEST_N,4,0.003930110602677108,0.0065325882445851895,0.004709933745642504,0.007948610346036177,-0.0019226805369313052,0.0011819805158798957,0.003672634314294501,0.0060274962834139245,0.0075314568847674596,0.01054563956786709,0.008341427550314306,0.018176073119296587,220,39,39,0,3,4,0,0,174,26,39,39,44,,0.5909090909090909,0.11818181818181818,0.6666666666666666,NOT_ESTIMABLE,,,PROVISIONAL_SMALL_REQUEST_N,0.5454545454545454,0.6818181818181818,PROVISIONAL_SMALL_REQUEST_N,0.6,0.75,NOT_PRIMARY; use physical units and frozen spans
12,f12-bbbcad303b3e,FORMAL_10K,HELDOUT_TRIPLE_AUDIT,STRICT_LUMPED,f12d43eace12231077007dc497fee8dad00fbe58cb2f1fe2c6159c47636b97a0,all_candidates,all_finite_diagnostic,emx_minus_target,Lp_nH,nH,39,0.05750316898701026,0.09491747994087421,0.008756211124776,0.01290800119634139,0.18629486604305523,0.21189143427778565,PROVISIONAL_SMALL_REQUEST_N,4,0.02463713520882841,0.08872590107628302,0.045431237940181696,0.12540752202781452,-0.05363836023275818,0.07372370799136818,0.004973467529594711,0.040897137706035314,0.06852384323268501,0.22054351781055925,0.11529617715831886,0.2554198518336046,220,39,39,0,3,4,0,0,174,26,39,39,44,,0.5909090909090909,0.11818181818181818,0.6666666666666666,NOT_ESTIMABLE,,,PROVISIONAL_SMALL_REQUEST_N,0.5454545454545454,0.6818181818181818,PROVISIONAL_SMALL_REQUEST_N,0.6,0.75,NOT_PRIMARY; use physical units and frozen spans
12,f12-bbbcad303b3e,FORMAL_10K,HELDOUT_TRIPLE_AUDIT,STRICT_LUMPED,f12d43eace12231077007dc497fee8dad00fbe58cb2f1fe2c6159c47636b97a0,all_candidates,all_finite_diagnostic,emx_minus_target,Ls_nH,nH,39,0.07981285864253722,0.12370190877392236,-0.017139301128443588,0.018310343320900646,0.23445313851790361,0.29637186445482944,PROVISIONAL_SMALL_REQUEST_N,4,0.04737435247241832,0.11696887312896984,0.0697643484134311,0.16342047136651597,-0.0847446941140373,0.047085822207870436,0.010700937477478578,0.10853796036570279,0.11184924625500703,0.32425541207522945,0.12325282367119157,0.324502072411021,220,39,39,0,3,4,0,0,174,26,39,39,44,,0.5909090909090909,0.11818181818181818,0.6666666666666666,NOT_ESTIMABLE,,,PROVISIONAL_SMALL_REQUEST_N,0.5454545454545454,0.6818181818181818,PROVISIONAL_SMALL_REQUEST_N,0.6,0.75,NOT_PRIMARY; use physical units and frozen spans
12,f12-bbbcad303b3e,FORMAL_10K,HELDOUT_TRIPLE_AUDIT,STRICT_LUMPED,f12d43eace12231077007dc497fee8dad00fbe58cb2f1fe2c6159c47636b97a0,all_candidates,all_finite_diagnostic,emx_minus_target,Qmin,dimensionless,39,0.9121204431605721,1.3988677801954315,-0.7418423838666698,0.5596090544712435,2.5881535457683373,3.103008193519719,PROVISIONAL_SMALL_REQUEST_N,4,0.6274474906591242,1.1825597480369474,0.9215777573773797,1.734641258262428,-1.0756251086073616,-0.39049214729752046,0.21701712492364678,0.7114491755958685,1.486790968696816,3.103008193519719,1.664916629502872,3.835845070101641,220,39,39,0,3,4,0,0,174,26,39,39,44,,0.5909090909090909,0.11818181818181818,0.6666666666666666,NOT_ESTIMABLE,,,PROVISIONAL_SMALL_REQUEST_N,0.5454545454545454,0.6818181818181818,PROVISIONAL_SMALL_REQUEST_N,0.6,0.75,NOT_PRIMARY; use physical units and frozen spans
12,f12-bbbcad303b3e,FORMAL_10K,HELDOUT_TRIPLE_AUDIT,STRICT_LUMPED,f12d43eace12231077007dc497fee8dad00fbe58cb2f1fe2c6159c47636b97a0,all_candidates,all_finite_diagnostic,emx_minus_target,K_abs,dimensionless,39,0.02335293509647848,0.044683372623223236,0.005586319804034787,0.008003999449658211,0.07213042702168987,0.12547292825492762,PROVISIONAL_SMALL_REQUEST_N,4,0.009740983515568548,0.036284289098342914,0.016112316706128792,0.06038833477059683,-0.019361822266727828,0.029546296880110137,0.00659860067092799,0.010133712807496004,0.019622298020319322,0.12547292825492762,0.030483468831153864,0.13823341532769842,220,39,39,0,3,4,0,0,174,26,39,39,44,,0.5909090909090909,0.11818181818181818,0.6666666666666666,NOT_ESTIMABLE,,,PROVISIONAL_SMALL_REQUEST_N,0.5454545454545454,0.6818181818181818,PROVISIONAL_SMALL_REQUEST_N,0.6,0.75,NOT_PRIMARY; use physical units and frozen spans
12,f12-bbbcad303b3e,FORMAL_10K,HELDOUT_TRIPLE_AUDIT,STRICT_LUMPED,f12d43eace12231077007dc497fee8dad00fbe58cb2f1fe2c6159c47636b97a0,all_candidates,all_finite_diagnostic,emx_minus_frozen_proxy,Lp_nH,nH,39,0.0086448273272375,0.010687154224235773,0.004168781375081058,0.006094324206620705,0.01953465249535391,0.020277939833637373,PROVISIONAL_SMALL_REQUEST_N,4,0.005636056495275315,0.011826214877963703,0.006676472321988416,0.013786238400034586,0.0020874448588577067,0.006146051065493241,0.00486548110197671,0.012120868255278694,0.011106018018044974,0.020277939833637373,0.013401201109462245,0.021053963317870572,220,39,39,0,3,4,0,0,174,26,39,39,44,,0.5909090909090909,0.11818181818181818,0.6666666666666666,NOT_ESTIMABLE,,,PROVISIONAL_SMALL_REQUEST_N,0.5454545454545454,0.6818181818181818,PROVISIONAL_SMALL_REQUEST_N,0.6,0.75,NOT_PRIMARY; use physical units and frozen spans
12,f12-bbbcad303b3e,FORMAL_10K,HELDOUT_TRIPLE_AUDIT,STRICT_LUMPED,f12d43eace12231077007dc497fee8dad00fbe58cb2f1fe2c6159c47636b97a0,all_candidates,all_finite_diagnostic,emx_minus_frozen_proxy,Ls_nH,nH,39,0.011213112055443984,0.01394226327704671,0.009339978628259905,0.008855545880620541,0.024182337446768145,0.025973443272700857,PROVISIONAL_SMALL_REQUEST_N,4,0.00759515521491837,0.014650171053943317,0.009627643028593594,0.017058638296678922,0.005093401988481785,0.01337422643604912,0.005311858189024687,0.015371439586806535,0.01848786629246367,0.025979596895564727,0.019756132471805764,0.026027583594724124,220,39,39,0,3,4,0,0,174,26,39,39,44,,0.5909090909090909,0.11818181818181818,0.6666666666666666,NOT_ESTIMABLE,,,PROVISIONAL_SMALL_REQUEST_N,0.5454545454545454,0.6818181818181818,PROVISIONAL_SMALL_REQUEST_N,0.6,0.75,NOT_PRIMARY; use physical units and frozen spans
12,f12-bbbcad303b3e,FORMAL_10K,HELDOUT_TRIPLE_AUDIT,STRICT_LUMPED,f12d43eace12231077007dc497fee8dad00fbe58cb2f1fe2c6159c47636b97a0,all_candidates,all_finite_diagnostic,emx_minus_frozen_proxy,Qmin,dimensionless,39,0.17856104383893745,0.21537013093862248,-0.04798308789937208,0.16450972441095146,0.33061098743305595,0.37810989564665787,PROVISIONAL_SMALL_REQUEST_N,4,0.16428787419107663,0.19358543294194885,0.18769963951368987,0.2410901060259938,-0.13150426690859515,0.03136203215938984,0.13090776580255792,0.19396273427222965,0.25954615623245025,0.381278783805278,0.3006280196641792,0.5077414805885443,220,39,39,0,3,4,0,0,174,26,39,39,44,,0.5909090909090909,0.11818181818181818,0.6666666666666666,NOT_ESTIMABLE,,,PROVISIONAL_SMALL_REQUEST_N,0.5454545454545454,0.6818181818181818,PROVISIONAL_SMALL_REQUEST_N,0.6,0.75,NOT_PRIMARY; use physical units and frozen spans
12,f12-bbbcad303b3e,FORMAL_10K,HELDOUT_TRIPLE_AUDIT,STRICT_LUMPED,f12d43eace12231077007dc497fee8dad00fbe58cb2f1fe2c6159c47636b97a0,all_candidates,all_finite_diagnostic,emx_minus_frozen_proxy,K_abs,dimensionless,39,0.0050786299019370375,0.0063963620268883544,-0.0002680001462539108,0.0045291778198994215,0.00989967109322415,0.01054563956786709,PROVISIONAL_SMALL_REQUEST_N,4,0.003930110602677108,0.0065325882445851895,0.004709933745642504,0.007948610346036177,-0.0019226805369313052,0.0011819805158798957,0.003672634314294501,0.0060274962834139245,0.0075314568847674596,0.01054563956786709,0.008341427550314306,0.018176073119296587,220,39,39,0,3,4,0,0,174,26,39,39,44,,0.5909090909090909,0.11818181818181818,0.6666666666666666,NOT_ESTIMABLE,,,PROVISIONAL_SMALL_REQUEST_N,0.5454545454545454,0.6818181818181818,PROVISIONAL_SMALL_REQUEST_N,0.6,0.75,NOT_PRIMARY; use physical units and frozen spans
12,f12-bbbcad303b3e,FORMAL_10K,HELDOUT_TRIPLE_AUDIT,STRICT_LUMPED,f12d43eace12231077007dc497fee8dad00fbe58cb2f1fe2c6159c47636b97a0,selected_q_proxy,strict_valid,emx_minus_target,Lp_nH,nH,4,0.006091889628204783,0.007454171873655897,-0.005518345487371568,0.005156234517405656,0.010810243916259999,0.011859122556300693,PROVISIONAL_SMALL_REQUEST_N,4,0.0023391854436006776,0.010780248923608016,0.0031201082465242063,0.011392794040853978,-0.010780248923608016,-0.0006185530211010315,0.0011470882816664307,0.01290800119634139,0.004396992105407893,0.01290800119634139,0.004396992105407893,0.01290800119634139,20,4,4,0,0,0,0,0,16,4,4,4,4,,1.0,0.2,1.0,NOT_ESTIMABLE,,,PROVISIONAL_SMALL_REQUEST_N,1.0,1.0,PROVISIONAL_SMALL_REQUEST_N,1.0,1.0,NOT_PRIMARY; use physical units and frozen spans
12,f12-bbbcad303b3e,FORMAL_10K,HELDOUT_TRIPLE_AUDIT,STRICT_LUMPED,f12d43eace12231077007dc497fee8dad00fbe58cb2f1fe2c6159c47636b97a0,selected_q_proxy,strict_valid,emx_minus_target,Ls_nH,nH,4,0.005194221107685609,0.005571662849831623,-5.247484582618367e-05,0.005141746261859426,0.007343496122336791,0.007469420275946731,PROVISIONAL_SMALL_REQUEST_N,4,0.0032128449645143498,0.007175597250856869,0.003228230199948045,0.007187863632577562,-0.005246695953511793,0.005141746261859426,0.002898047477466914,0.007595344429556672,0.0035276424515617855,0.007595344429556672,0.0035276424515617855,0.007595344429556672,20,4,4,0,0,0,0,0,16,4,4,4,4,,1.0,0.2,1.0,NOT_ESTIMABLE,,,PROVISIONAL_SMALL_REQUEST_N,1.0,1.0,PROVISIONAL_SMALL_REQUEST_N,1.0,1.0,NOT_PRIMARY; use physical units and frozen spans
12,f12-bbbcad303b3e,FORMAL_10K,HELDOUT_TRIPLE_AUDIT,STRICT_LUMPED,f12d43eace12231077007dc497fee8dad00fbe58cb2f1fe2c6159c47636b97a0,selected_q_proxy,strict_valid,emx_minus_target,Qmin,dimensionless,4,0.15358554703166094,0.17694381248340435,-0.15358554703166094,0.152966888448824,0.244486329134989,0.26107282074381427,PROVISIONAL_SMALL_REQUEST_N,4,0.06483249956405146,0.24295725308210736,0.08768288092345451,0.25028169245482135,-0.24295725308210736,-0.06483249956405146,0.03074909887635613,0.27765931235263963,0.12618262080190307,0.27765931235263963,0.13885107527051055,0.27765931235263963,20,4,4,0,0,0,0,0,16,4,4,4,4,,1.0,0.2,1.0,NOT_ESTIMABLE,,,PROVISIONAL_SMALL_REQUEST_N,1.0,1.0,PROVISIONAL_SMALL_REQUEST_N,1.0,1.0,NOT_PRIMARY; use physical units and frozen spans
12,f12-bbbcad303b3e,FORMAL_10K,HELDOUT_TRIPLE_AUDIT,STRICT_LUMPED,f12d43eace12231077007dc497fee8dad00fbe58cb2f1fe2c6159c47636b97a0,selected_q_proxy,strict_valid,emx_minus_target,K_abs,dimensionless,4,0.001897566411269487,0.00231833055930197,1.4576287926601483e-06,0.001845143625061163,0.003319078940470891,0.0035585635102975918,PROVISIONAL_SMALL_REQUEST_N,4,0.0006268188064433994,0.0032207368023038987,0.0010552071050548527,0.003372389432466333,-0.001845143625061163,0.002476335317882543,0.00010193031483132775,0.0037980480801242944,0.0014888029688427118,0.0037980480801242944,0.0014888029688427118,0.0037980480801242944,20,4,4,0,0,0,0,0,16,4,4,4,4,,1.0,0.2,1.0,NOT_ESTIMABLE,,,PROVISIONAL_SMALL_REQUEST_N,1.0,1.0,PROVISIONAL_SMALL_REQUEST_N,1.0,1.0,NOT_PRIMARY; use physical units and frozen spans
12,f12-bbbcad303b3e,FORMAL_10K,HELDOUT_TRIPLE_AUDIT,STRICT_LUMPED,f12d43eace12231077007dc497fee8dad00fbe58cb2f1fe2c6159c47636b97a0,selected_q_proxy,strict_valid,emx_minus_frozen_proxy,Lp_nH,nH,4,0.007537365380208577,0.009197062077956949,-0.006047774257186417,0.0053386554771197026,0.01328862678006422,0.014890797550307396,PROVISIONAL_SMALL_REQUEST_N,4,0.0036873441475989144,0.013586096515907115,0.003885998803302983,0.014489021002311956,-0.013586096515907115,0.0007814292214675667,0.0029791822460443207,0.016492968320550583,0.00486548110197671,0.016492968320550583,0.00486548110197671,0.016492968320550583,20,4,4,0,0,0,0,0,16,4,4,4,4,,1.0,0.2,1.0,NOT_ESTIMABLE,,,PROVISIONAL_SMALL_REQUEST_N,1.0,1.0,PROVISIONAL_SMALL_REQUEST_N,1.0,1.0,NOT_PRIMARY; use physical units and frozen spans
12,f12-bbbcad303b3e,FORMAL_10K,HELDOUT_TRIPLE_AUDIT,STRICT_LUMPED,f12d43eace12231077007dc497fee8dad00fbe58cb2f1fe2c6159c47636b97a0,selected_q_proxy,strict_valid,emx_minus_frozen_proxy,Ls_nH,nH,4,0.003033240332796755,0.003527572554795137,0.0001413624626745158,0.002891877870122239,0.0050225562283712005,0.005249932372402776,PROVISIONAL_SMALL_REQUEST_N,4,0.0013470926292644125,0.004719388036329097,0.0014284499876014505,0.004830203411302523,-0.002891877870122239,0.003652409341320606,0.0008718970745081878,0.005477308516434354,0.0018222881840206373,0.005477308516434354,0.0018222881840206373,0.005477308516434354,20,4,4,0,0,0,0,0,16,4,4,4,4,,1.0,0.2,1.0,NOT_ESTIMABLE,,,PROVISIONAL_SMALL_REQUEST_N,1.0,1.0,PROVISIONAL_SMALL_REQUEST_N,1.0,1.0,NOT_PRIMARY; use physical units and frozen spans
12,f12-bbbcad303b3e,FORMAL_10K,HELDOUT_TRIPLE_AUDIT,STRICT_LUMPED,f12d43eace12231077007dc497fee8dad00fbe58cb2f1fe2c6159c47636b97a0,selected_q_proxy,strict_valid,emx_minus_frozen_proxy,Qmin,dimensionless,4,0.16175114494731035,0.18276903445410386,-0.16175114494731035,0.1632951812955037,0.2466641398039343,0.26355361374308184,PROVISIONAL_SMALL_REQUEST_N,4,0.07193999582564814,0.25001825772077924,0.09078209205986533,0.25551152621414847,-0.25001825772077924,-0.07193999582564814,0.03997112951600457,0.2804430876822295,0.1294839551830066,0.2804430876822295,0.14866527496879267,0.2804430876822295,20,4,4,0,0,0,0,0,16,4,4,4,4,,1.0,0.2,1.0,NOT_ESTIMABLE,,,PROVISIONAL_SMALL_REQUEST_N,1.0,1.0,PROVISIONAL_SMALL_REQUEST_N,1.0,1.0,NOT_PRIMARY; use physical units and frozen spans
12,f12-bbbcad303b3e,FORMAL_10K,HELDOUT_TRIPLE_AUDIT,STRICT_LUMPED,f12d43eace12231077007dc497fee8dad00fbe58cb2f1fe2c6159c47636b97a0,selected_q_proxy,strict_valid,emx_minus_frozen_proxy,K_abs,dimensionless,4,0.001492444118200667,0.0018205466307596233,0.00014335940042484174,0.0013934308123891015,0.002617325609173796,0.0026900374210447175,PROVISIONAL_SMALL_REQUEST_N,4,0.0004645117097221013,0.0025203765266792327,0.0004666237291184401,0.0025320036265700794,-0.0015812884142482747,0.0019670205209095237,0.0004201656151088251,0.00276274923291564,0.0005088578043353775,0.00276274923291564,0.0005088578043353775,0.00276274923291564,20,4,4,0,0,0,0,0,16,4,4,4,4,,1.0,0.2,1.0,NOT_ESTIMABLE,,,PROVISIONAL_SMALL_REQUEST_N,1.0,1.0,PROVISIONAL_SMALL_REQUEST_N,1.0,1.0,NOT_PRIMARY; use physical units and frozen spans
12,f12-bbbcad303b3e,FORMAL_10K,HELDOUT_TRIPLE_AUDIT,STRICT_LUMPED,f12d43eace12231077007dc497fee8dad00fbe58cb2f1fe2c6159c47636b97a0,selected_q_proxy,all_finite_diagnostic,emx_minus_target,Lp_nH,nH,4,0.006091889628204783,0.007454171873655897,-0.005518345487371568,0.005156234517405656,0.010810243916259999,0.011859122556300693,PROVISIONAL_SMALL_REQUEST_N,4,0.0023391854436006776,0.010780248923608016,0.0031201082465242063,0.011392794040853978,-0.010780248923608016,-0.0006185530211010315,0.0011470882816664307,0.01290800119634139,0.004396992105407893,0.01290800119634139,0.004396992105407893,0.01290800119634139,20,4,4,0,0,0,0,0,16,4,4,4,4,,1.0,0.2,1.0,NOT_ESTIMABLE,,,PROVISIONAL_SMALL_REQUEST_N,1.0,1.0,PROVISIONAL_SMALL_REQUEST_N,1.0,1.0,NOT_PRIMARY; use physical units and frozen spans
12,f12-bbbcad303b3e,FORMAL_10K,HELDOUT_TRIPLE_AUDIT,STRICT_LUMPED,f12d43eace12231077007dc497fee8dad00fbe58cb2f1fe2c6159c47636b97a0,selected_q_proxy,all_finite_diagnostic,emx_minus_target,Ls_nH,nH,4,0.005194221107685609,0.005571662849831623,-5.247484582618367e-05,0.005141746261859426,0.007343496122336791,0.007469420275946731,PROVISIONAL_SMALL_REQUEST_N,4,0.0032128449645143498,0.007175597250856869,0.003228230199948045,0.007187863632577562,-0.005246695953511793,0.005141746261859426,0.002898047477466914,0.007595344429556672,0.0035276424515617855,0.007595344429556672,0.0035276424515617855,0.007595344429556672,20,4,4,0,0,0,0,0,16,4,4,4,4,,1.0,0.2,1.0,NOT_ESTIMABLE,,,PROVISIONAL_SMALL_REQUEST_N,1.0,1.0,PROVISIONAL_SMALL_REQUEST_N,1.0,1.0,NOT_PRIMARY; use physical units and frozen spans
12,f12-bbbcad303b3e,FORMAL_10K,HELDOUT_TRIPLE_AUDIT,STRICT_LUMPED,f12d43eace12231077007dc497fee8dad00fbe58cb2f1fe2c6159c47636b97a0,selected_q_proxy,all_finite_diagnostic,emx_minus_target,Qmin,dimensionless,4,0.15358554703166094,0.17694381248340435,-0.15358554703166094,0.152966888448824,0.244486329134989,0.26107282074381427,PROVISIONAL_SMALL_REQUEST_N,4,0.06483249956405146,0.24295725308210736,0.08768288092345451,0.25028169245482135,-0.24295725308210736,-0.06483249956405146,0.03074909887635613,0.27765931235263963,0.12618262080190307,0.27765931235263963,0.13885107527051055,0.27765931235263963,20,4,4,0,0,0,0,0,16,4,4,4,4,,1.0,0.2,1.0,NOT_ESTIMABLE,,,PROVISIONAL_SMALL_REQUEST_N,1.0,1.0,PROVISIONAL_SMALL_REQUEST_N,1.0,1.0,NOT_PRIMARY; use physical units and frozen spans
12,f12-bbbcad303b3e,FORMAL_10K,HELDOUT_TRIPLE_AUDIT,STRICT_LUMPED,f12d43eace12231077007dc497fee8dad00fbe58cb2f1fe2c6159c47636b97a0,selected_q_proxy,all_finite_diagnostic,emx_minus_target,K_abs,dimensionless,4,0.001897566411269487,0.00231833055930197,1.4576287926601483e-06,0.001845143625061163,0.003319078940470891,0.0035585635102975918,PROVISIONAL_SMALL_REQUEST_N,4,0.0006268188064433994,0.0032207368023038987,0.0010552071050548527,0.003372389432466333,-0.001845143625061163,0.002476335317882543,0.00010193031483132775,0.0037980480801242944,0.0014888029688427118,0.0037980480801242944,0.0014888029688427118,0.0037980480801242944,20,4,4,0,0,0,0,0,16,4,4,4,4,,1.0,0.2,1.0,NOT_ESTIMABLE,,,PROVISIONAL_SMALL_REQUEST_N,1.0,1.0,PROVISIONAL_SMALL_REQUEST_N,1.0,1.0,NOT_PRIMARY; use physical units and frozen spans
12,f12-bbbcad303b3e,FORMAL_10K,HELDOUT_TRIPLE_AUDIT,STRICT_LUMPED,f12d43eace12231077007dc497fee8dad00fbe58cb2f1fe2c6159c47636b97a0,selected_q_proxy,all_finite_diagnostic,emx_minus_frozen_proxy,Lp_nH,nH,4,0.007537365380208577,0.009197062077956949,-0.006047774257186417,0.0053386554771197026,0.01328862678006422,0.014890797550307396,PROVISIONAL_SMALL_REQUEST_N,4,0.0036873441475989144,0.013586096515907115,0.003885998803302983,0.014489021002311956,-0.013586096515907115,0.0007814292214675667,0.0029791822460443207,0.016492968320550583,0.00486548110197671,0.016492968320550583,0.00486548110197671,0.016492968320550583,20,4,4,0,0,0,0,0,16,4,4,4,4,,1.0,0.2,1.0,NOT_ESTIMABLE,,,PROVISIONAL_SMALL_REQUEST_N,1.0,1.0,PROVISIONAL_SMALL_REQUEST_N,1.0,1.0,NOT_PRIMARY; use physical units and frozen spans
12,f12-bbbcad303b3e,FORMAL_10K,HELDOUT_TRIPLE_AUDIT,STRICT_LUMPED,f12d43eace12231077007dc497fee8dad00fbe58cb2f1fe2c6159c47636b97a0,selected_q_proxy,all_finite_diagnostic,emx_minus_frozen_proxy,Ls_nH,nH,4,0.003033240332796755,0.003527572554795137,0.0001413624626745158,0.002891877870122239,0.0050225562283712005,0.005249932372402776,PROVISIONAL_SMALL_REQUEST_N,4,0.0013470926292644125,0.004719388036329097,0.0014284499876014505,0.004830203411302523,-0.002891877870122239,0.003652409341320606,0.0008718970745081878,0.005477308516434354,0.0018222881840206373,0.005477308516434354,0.0018222881840206373,0.005477308516434354,20,4,4,0,0,0,0,0,16,4,4,4,4,,1.0,0.2,1.0,NOT_ESTIMABLE,,,PROVISIONAL_SMALL_REQUEST_N,1.0,1.0,PROVISIONAL_SMALL_REQUEST_N,1.0,1.0,NOT_PRIMARY; use physical units and frozen spans
12,f12-bbbcad303b3e,FORMAL_10K,HELDOUT_TRIPLE_AUDIT,STRICT_LUMPED,f12d43eace12231077007dc497fee8dad00fbe58cb2f1fe2c6159c47636b97a0,selected_q_proxy,all_finite_diagnostic,emx_minus_frozen_proxy,Qmin,dimensionless,4,0.16175114494731035,0.18276903445410386,-0.16175114494731035,0.1632951812955037,0.2466641398039343,0.26355361374308184,PROVISIONAL_SMALL_REQUEST_N,4,0.07193999582564814,0.25001825772077924,0.09078209205986533,0.25551152621414847,-0.25001825772077924,-0.07193999582564814,0.03997112951600457,0.2804430876822295,0.1294839551830066,0.2804430876822295,0.14866527496879267,0.2804430876822295,20,4,4,0,0,0,0,0,16,4,4,4,4,,1.0,0.2,1.0,NOT_ESTIMABLE,,,PROVISIONAL_SMALL_REQUEST_N,1.0,1.0,PROVISIONAL_SMALL_REQUEST_N,1.0,1.0,NOT_PRIMARY; use physical units and frozen spans
12,f12-bbbcad303b3e,FORMAL_10K,HELDOUT_TRIPLE_AUDIT,STRICT_LUMPED,f12d43eace12231077007dc497fee8dad00fbe58cb2f1fe2c6159c47636b97a0,selected_q_proxy,all_finite_diagnostic,emx_minus_frozen_proxy,K_abs,dimensionless,4,0.001492444118200667,0.0018205466307596233,0.00014335940042484174,0.0013934308123891015,0.002617325609173796,0.0026900374210447175,PROVISIONAL_SMALL_REQUEST_N,4,0.0004645117097221013,0.0025203765266792327,0.0004666237291184401,0.0025320036265700794,-0.0015812884142482747,0.0019670205209095237,0.0004201656151088251,0.00276274923291564,0.0005088578043353775,0.00276274923291564,0.0005088578043353775,0.00276274923291564,20,4,4,0,0,0,0,0,16,4,4,4,4,,1.0,0.2,1.0,NOT_ESTIMABLE,,,PROVISIONAL_SMALL_REQUEST_N,1.0,1.0,PROVISIONAL_SMALL_REQUEST_N,1.0,1.0,NOT_PRIMARY; use physical units and frozen spans
13,f13-940260e5c34c,FORMAL_10K,HELDOUT_TRIPLE_AUDIT,STRICT_LUMPED,f12d43eace12231077007dc497fee8dad00fbe58cb2f1fe2c6159c47636b97a0,all_candidates,strict_valid,emx_minus_target,Lp_nH,nH,34,0.023353933674492296,0.03734560133193724,0.010013005256134914,0.013525748361026046,0.07372031179256411,0.09569055583045413,PROVISIONAL_SMALL_REQUEST_N,4,0.013404174106077395,0.03486607673922861,0.017062526028706587,0.05067122825972521,-0.007174737261131804,0.026049794421749987,0.009176789055414802,0.016995672421604713,0.02077905784397605,0.09634373278305519,0.025274007358157834,0.11096446773671997,220,34,34,0,8,8,0,0,170,21,34,34,44,,0.4772727272727273,0.09545454545454546,0.6176470588235294,NOT_ESTIMABLE,,,PROVISIONAL_SMALL_REQUEST_N,0.36363636363636365,0.5909090909090909,PROVISIONAL_SMALL_REQUEST_N,0.5,0.7352941176470589,NOT_PRIMARY; use physical units and frozen spans
13,f13-940260e5c34c,FORMAL_10K,HELDOUT_TRIPLE_AUDIT,STRICT_LUMPED,f12d43eace12231077007dc497fee8dad00fbe58cb2f1fe2c6159c47636b97a0,all_candidates,strict_valid,emx_minus_target,Ls_nH,nH,34,0.06263528001976917,0.12834197357841842,-0.039524330610369605,0.012682156273339795,0.21967833276645765,0.3527610374948799,PROVISIONAL_SMALL_REQUEST_N,4,0.016746827034367036,0.1319553887129666,0.03103344968656212,0.20746823251794405,-0.11603089678571576,0.02110170458782652,0.005760795353252801,0.025182811675471983,0.04480305090954384,0.38855615578755653,0.06090757597690678,0.42286836634182356,220,34,34,0,8,8,0,0,170,21,34,34,44,,0.4772727272727273,0.09545454545454546,0.6176470588235294,NOT_ESTIMABLE,,,PROVISIONAL_SMALL_REQUEST_N,0.36363636363636365,0.5909090909090909,PROVISIONAL_SMALL_REQUEST_N,0.5,0.7352941176470589,NOT_PRIMARY; use physical units and frozen spans
13,f13-940260e5c34c,FORMAL_10K,HELDOUT_TRIPLE_AUDIT,STRICT_LUMPED,f12d43eace12231077007dc497fee8dad00fbe58cb2f1fe2c6159c47636b97a0,all_candidates,strict_valid,emx_minus_target,Qmin,dimensionless,34,0.7795733080175841,1.188542483809206,-0.31241639480532396,0.4167141330397133,1.728969941627798,2.574729067307744,PROVISIONAL_SMALL_REQUEST_N,4,0.4858400626570096,1.2040286341537658,0.7503513265328177,1.6774384724732048,-0.8150044207219148,0.06874347468855767,0.14891858672070768,0.7106850127623279,1.5529830412237473,3.040906831385824,1.5776472868739337,3.6485312602355933,220,34,34,0,8,8,0,0,170,21,34,34,44,,0.4772727272727273,0.09545454545454546,0.6176470588235294,NOT_ESTIMABLE,,,PROVISIONAL_SMALL_REQUEST_N,0.36363636363636365,0.5909090909090909,PROVISIONAL_SMALL_REQUEST_N,0.5,0.7352941176470589,NOT_PRIMARY; use physical units and frozen spans
13,f13-940260e5c34c,FORMAL_10K,HELDOUT_TRIPLE_AUDIT,STRICT_LUMPED,f12d43eace12231077007dc497fee8dad00fbe58cb2f1fe2c6159c47636b97a0,all_candidates,strict_valid,emx_minus_target,K_abs,dimensionless,34,0.032207395028925404,0.05505523092742035,-0.02625113246542761,0.009966024978364671,0.0957990644046121,0.11756970951644494,PROVISIONAL_SMALL_REQUEST_N,4,0.018957701687875042,0.04711330003760706,0.034123814782922174,0.07163136627375984,-0.041833087573403795,-0.012400505702782116,0.008591830331590666,0.012097142559199386,0.06808390814935579,0.12647607326896756,0.08873292488362206,0.17780198167530087,220,34,34,0,8,8,0,0,170,21,34,34,44,,0.4772727272727273,0.09545454545454546,0.6176470588235294,NOT_ESTIMABLE,,,PROVISIONAL_SMALL_REQUEST_N,0.36363636363636365,0.5909090909090909,PROVISIONAL_SMALL_REQUEST_N,0.5,0.7352941176470589,NOT_PRIMARY; use physical units and frozen spans
13,f13-940260e5c34c,FORMAL_10K,HELDOUT_TRIPLE_AUDIT,STRICT_LUMPED,f12d43eace12231077007dc497fee8dad00fbe58cb2f1fe2c6159c47636b97a0,all_candidates,strict_valid,emx_minus_frozen_proxy,Lp_nH,nH,34,0.007460617883638256,0.00885592128024978,-0.0040094123937872445,0.0063450292805715125,0.015325723481076458,0.01646263641317053,PROVISIONAL_SMALL_REQUEST_N,4,0.005541461982644029,0.009619668272256764,0.006700183599131383,0.010777480381071524,-0.005969778956931393,-0.0008856947480766116,0.004965218165093321,0.010224055014355637,0.00974907879733311,0.01646722652095134,0.012565314468106936,0.016868294945416862,220,34,34,0,8,8,0,0,170,21,34,34,44,,0.4772727272727273,0.09545454545454546,0.6176470588235294,NOT_ESTIMABLE,,,PROVISIONAL_SMALL_REQUEST_N,0.36363636363636365,0.5909090909090909,PROVISIONAL_SMALL_REQUEST_N,0.5,0.7352941176470589,NOT_PRIMARY; use physical units and frozen spans
13,f13-940260e5c34c,FORMAL_10K,HELDOUT_TRIPLE_AUDIT,STRICT_LUMPED,f12d43eace12231077007dc497fee8dad00fbe58cb2f1fe2c6159c47636b97a0,all_candidates,strict_valid,emx_minus_frozen_proxy,Ls_nH,nH,34,0.0035503714106234208,0.0050342758273490325,0.0016504050887825713,0.00252799958675487,0.006479671699840783,0.010087270861944914,PROVISIONAL_SMALL_REQUEST_N,4,0.002537961335793524,0.004428248471760779,0.0037325854297864435,0.006281322304109555,0.0008641776429228168,0.002759177860032621,0.0013632848961341315,0.004615501405918487,0.00576718052671521,0.011029258510342189,0.0058314725747494744,0.016512740099187573,220,34,34,0,8,8,0,0,170,21,34,34,44,,0.4772727272727273,0.09545454545454546,0.6176470588235294,NOT_ESTIMABLE,,,PROVISIONAL_SMALL_REQUEST_N,0.36363636363636365,0.5909090909090909,PROVISIONAL_SMALL_REQUEST_N,0.5,0.7352941176470589,NOT_PRIMARY; use physical units and frozen spans
13,f13-940260e5c34c,FORMAL_10K,HELDOUT_TRIPLE_AUDIT,STRICT_LUMPED,f12d43eace12231077007dc497fee8dad00fbe58cb2f1fe2c6159c47636b97a0,all_candidates,strict_valid,emx_minus_frozen_proxy,Qmin,dimensionless,34,0.13317595979953367,0.2162707891814891,0.052313234038095714,0.08671387363320449,0.26605808406771486,0.3495265349204253,PROVISIONAL_SMALL_REQUEST_N,4,0.08354296957292368,0.2008791219006317,0.10505990353733324,0.32419182757919884,-0.027981566707869703,0.14468562406715893,0.05415666721765966,0.10128558099340879,0.15819004957900518,0.40390970404229165,0.18264637095993042,0.9491797440162149,220,34,34,0,8,8,0,0,170,21,34,34,44,,0.4772727272727273,0.09545454545454546,0.6176470588235294,NOT_ESTIMABLE,,,PROVISIONAL_SMALL_REQUEST_N,0.36363636363636365,0.5909090909090909,PROVISIONAL_SMALL_REQUEST_N,0.5,0.7352941176470589,NOT_PRIMARY; use physical units and frozen spans
13,f13-940260e5c34c,FORMAL_10K,HELDOUT_TRIPLE_AUDIT,STRICT_LUMPED,f12d43eace12231077007dc497fee8dad00fbe58cb2f1fe2c6159c47636b97a0,all_candidates,strict_valid,emx_minus_frozen_proxy,K_abs,dimensionless,34,0.004653524472280042,0.005724045929892417,-2.1503443820105996e-05,0.0037614884046451302,0.009714606632415985,0.012600783380656358,PROVISIONAL_SMALL_REQUEST_N,4,0.0038023682385674965,0.005611075235206656,0.004957761563979986,0.0064786701297441214,-0.001412909692617054,0.0010345905733280204,0.00270356472114458,0.004801282402372056,0.008489278406103029,0.012553113209213701,0.010294191984395046,0.013014874918929775,220,34,34,0,8,8,0,0,170,21,34,34,44,,0.4772727272727273,0.09545454545454546,0.6176470588235294,NOT_ESTIMABLE,,,PROVISIONAL_SMALL_REQUEST_N,0.36363636363636365,0.5909090909090909,PROVISIONAL_SMALL_REQUEST_N,0.5,0.7352941176470589,NOT_PRIMARY; use physical units and frozen spans
13,f13-940260e5c34c,FORMAL_10K,HELDOUT_TRIPLE_AUDIT,STRICT_LUMPED,f12d43eace12231077007dc497fee8dad00fbe58cb2f1fe2c6159c47636b97a0,all_candidates,all_finite_diagnostic,emx_minus_target,Lp_nH,nH,34,0.023353933674492296,0.03734560133193724,0.010013005256134914,0.013525748361026046,0.07372031179256411,0.09569055583045413,PROVISIONAL_SMALL_REQUEST_N,4,0.013404174106077395,0.03486607673922861,0.017062526028706587,0.05067122825972521,-0.007174737261131804,0.026049794421749987,0.009176789055414802,0.016995672421604713,0.02077905784397605,0.09634373278305519,0.025274007358157834,0.11096446773671997,220,34,34,0,8,8,0,0,170,21,34,34,44,,0.4772727272727273,0.09545454545454546,0.6176470588235294,NOT_ESTIMABLE,,,PROVISIONAL_SMALL_REQUEST_N,0.36363636363636365,0.5909090909090909,PROVISIONAL_SMALL_REQUEST_N,0.5,0.7352941176470589,NOT_PRIMARY; use physical units and frozen spans
13,f13-940260e5c34c,FORMAL_10K,HELDOUT_TRIPLE_AUDIT,STRICT_LUMPED,f12d43eace12231077007dc497fee8dad00fbe58cb2f1fe2c6159c47636b97a0,all_candidates,all_finite_diagnostic,emx_minus_target,Ls_nH,nH,34,0.06263528001976917,0.12834197357841842,-0.039524330610369605,0.012682156273339795,0.21967833276645765,0.3527610374948799,PROVISIONAL_SMALL_REQUEST_N,4,0.016746827034367036,0.1319553887129666,0.03103344968656212,0.20746823251794405,-0.11603089678571576,0.02110170458782652,0.005760795353252801,0.025182811675471983,0.04480305090954384,0.38855615578755653,0.06090757597690678,0.42286836634182356,220,34,34,0,8,8,0,0,170,21,34,34,44,,0.4772727272727273,0.09545454545454546,0.6176470588235294,NOT_ESTIMABLE,,,PROVISIONAL_SMALL_REQUEST_N,0.36363636363636365,0.5909090909090909,PROVISIONAL_SMALL_REQUEST_N,0.5,0.7352941176470589,NOT_PRIMARY; use physical units and frozen spans
13,f13-940260e5c34c,FORMAL_10K,HELDOUT_TRIPLE_AUDIT,STRICT_LUMPED,f12d43eace12231077007dc497fee8dad00fbe58cb2f1fe2c6159c47636b97a0,all_candidates,all_finite_diagnostic,emx_minus_target,Qmin,dimensionless,34,0.7795733080175841,1.188542483809206,-0.31241639480532396,0.4167141330397133,1.728969941627798,2.574729067307744,PROVISIONAL_SMALL_REQUEST_N,4,0.4858400626570096,1.2040286341537658,0.7503513265328177,1.6774384724732048,-0.8150044207219148,0.06874347468855767,0.14891858672070768,0.7106850127623279,1.5529830412237473,3.040906831385824,1.5776472868739337,3.6485312602355933,220,34,34,0,8,8,0,0,170,21,34,34,44,,0.4772727272727273,0.09545454545454546,0.6176470588235294,NOT_ESTIMABLE,,,PROVISIONAL_SMALL_REQUEST_N,0.36363636363636365,0.5909090909090909,PROVISIONAL_SMALL_REQUEST_N,0.5,0.7352941176470589,NOT_PRIMARY; use physical units and frozen spans
13,f13-940260e5c34c,FORMAL_10K,HELDOUT_TRIPLE_AUDIT,STRICT_LUMPED,f12d43eace12231077007dc497fee8dad00fbe58cb2f1fe2c6159c47636b97a0,all_candidates,all_finite_diagnostic,emx_minus_target,K_abs,dimensionless,34,0.032207395028925404,0.05505523092742035,-0.02625113246542761,0.009966024978364671,0.0957990644046121,0.11756970951644494,PROVISIONAL_SMALL_REQUEST_N,4,0.018957701687875042,0.04711330003760706,0.034123814782922174,0.07163136627375984,-0.041833087573403795,-0.012400505702782116,0.008591830331590666,0.012097142559199386,0.06808390814935579,0.12647607326896756,0.08873292488362206,0.17780198167530087,220,34,34,0,8,8,0,0,170,21,34,34,44,,0.4772727272727273,0.09545454545454546,0.6176470588235294,NOT_ESTIMABLE,,,PROVISIONAL_SMALL_REQUEST_N,0.36363636363636365,0.5909090909090909,PROVISIONAL_SMALL_REQUEST_N,0.5,0.7352941176470589,NOT_PRIMARY; use physical units and frozen spans
13,f13-940260e5c34c,FORMAL_10K,HELDOUT_TRIPLE_AUDIT,STRICT_LUMPED,f12d43eace12231077007dc497fee8dad00fbe58cb2f1fe2c6159c47636b97a0,all_candidates,all_finite_diagnostic,emx_minus_frozen_proxy,Lp_nH,nH,34,0.007460617883638256,0.00885592128024978,-0.0040094123937872445,0.0063450292805715125,0.015325723481076458,0.01646263641317053,PROVISIONAL_SMALL_REQUEST_N,4,0.005541461982644029,0.009619668272256764,0.006700183599131383,0.010777480381071524,-0.005969778956931393,-0.0008856947480766116,0.004965218165093321,0.010224055014355637,0.00974907879733311,0.01646722652095134,0.012565314468106936,0.016868294945416862,220,34,34,0,8,8,0,0,170,21,34,34,44,,0.4772727272727273,0.09545454545454546,0.6176470588235294,NOT_ESTIMABLE,,,PROVISIONAL_SMALL_REQUEST_N,0.36363636363636365,0.5909090909090909,PROVISIONAL_SMALL_REQUEST_N,0.5,0.7352941176470589,NOT_PRIMARY; use physical units and frozen spans
13,f13-940260e5c34c,FORMAL_10K,HELDOUT_TRIPLE_AUDIT,STRICT_LUMPED,f12d43eace12231077007dc497fee8dad00fbe58cb2f1fe2c6159c47636b97a0,all_candidates,all_finite_diagnostic,emx_minus_frozen_proxy,Ls_nH,nH,34,0.0035503714106234208,0.0050342758273490325,0.0016504050887825713,0.00252799958675487,0.006479671699840783,0.010087270861944914,PROVISIONAL_SMALL_REQUEST_N,4,0.002537961335793524,0.004428248471760779,0.0037325854297864435,0.006281322304109555,0.0008641776429228168,0.002759177860032621,0.0013632848961341315,0.004615501405918487,0.00576718052671521,0.011029258510342189,0.0058314725747494744,0.016512740099187573,220,34,34,0,8,8,0,0,170,21,34,34,44,,0.4772727272727273,0.09545454545454546,0.6176470588235294,NOT_ESTIMABLE,,,PROVISIONAL_SMALL_REQUEST_N,0.36363636363636365,0.5909090909090909,PROVISIONAL_SMALL_REQUEST_N,0.5,0.7352941176470589,NOT_PRIMARY; use physical units and frozen spans
13,f13-940260e5c34c,FORMAL_10K,HELDOUT_TRIPLE_AUDIT,STRICT_LUMPED,f12d43eace12231077007dc497fee8dad00fbe58cb2f1fe2c6159c47636b97a0,all_candidates,all_finite_diagnostic,emx_minus_frozen_proxy,Qmin,dimensionless,34,0.13317595979953367,0.2162707891814891,0.052313234038095714,0.08671387363320449,0.26605808406771486,0.3495265349204253,PROVISIONAL_SMALL_REQUEST_N,4,0.08354296957292368,0.2008791219006317,0.10505990353733324,0.32419182757919884,-0.027981566707869703,0.14468562406715893,0.05415666721765966,0.10128558099340879,0.15819004957900518,0.40390970404229165,0.18264637095993042,0.9491797440162149,220,34,34,0,8,8,0,0,170,21,34,34,44,,0.4772727272727273,0.09545454545454546,0.6176470588235294,NOT_ESTIMABLE,,,PROVISIONAL_SMALL_REQUEST_N,0.36363636363636365,0.5909090909090909,PROVISIONAL_SMALL_REQUEST_N,0.5,0.7352941176470589,NOT_PRIMARY; use physical units and frozen spans
13,f13-940260e5c34c,FORMAL_10K,HELDOUT_TRIPLE_AUDIT,STRICT_LUMPED,f12d43eace12231077007dc497fee8dad00fbe58cb2f1fe2c6159c47636b97a0,all_candidates,all_finite_diagnostic,emx_minus_frozen_proxy,K_abs,dimensionless,34,0.004653524472280042,0.005724045929892417,-2.1503443820105996e-05,0.0037614884046451302,0.009714606632415985,0.012600783380656358,PROVISIONAL_SMALL_REQUEST_N,4,0.0038023682385674965,0.005611075235206656,0.004957761563979986,0.0064786701297441214,-0.001412909692617054,0.0010345905733280204,0.00270356472114458,0.004801282402372056,0.008489278406103029,0.012553113209213701,0.010294191984395046,0.013014874918929775,220,34,34,0,8,8,0,0,170,21,34,34,44,,0.4772727272727273,0.09545454545454546,0.6176470588235294,NOT_ESTIMABLE,,,PROVISIONAL_SMALL_REQUEST_N,0.36363636363636365,0.5909090909090909,PROVISIONAL_SMALL_REQUEST_N,0.5,0.7352941176470589,NOT_PRIMARY; use physical units and frozen spans
13,f13-940260e5c34c,FORMAL_10K,HELDOUT_TRIPLE_AUDIT,STRICT_LUMPED,f12d43eace12231077007dc497fee8dad00fbe58cb2f1fe2c6159c47636b97a0,selected_q_proxy,strict_valid,emx_minus_target,Lp_nH,nH,3,0.0063877318059656725,0.006730457039210561,-0.004122426083434272,0.007683009906276794,0.008002383523513856,0.008042305225668489,PROVISIONAL_SMALL_REQUEST_N,3,0.0033979585837971005,0.008082226927823122,0.0033979585837971005,0.008082226927823122,-0.008082226927823122,0.0033979585837971005,0.0033979585837971005,0.008082226927823122,0.0033979585837971005,0.008082226927823122,0.0033979585837971005,0.008082226927823122,20,3,3,0,0,1,0,0,16,3,3,3,4,,0.75,0.15,1.0,NOT_ESTIMABLE,,,PROVISIONAL_SMALL_REQUEST_N,0.25,1.0,PROVISIONAL_SMALL_REQUEST_N,1.0,1.0,NOT_PRIMARY; use physical units and frozen spans
13,f13-940260e5c34c,FORMAL_10K,HELDOUT_TRIPLE_AUDIT,STRICT_LUMPED,f12d43eace12231077007dc497fee8dad00fbe58cb2f1fe2c6159c47636b97a0,selected_q_proxy,strict_valid,emx_minus_target,Ls_nH,nH,3,0.004482141597819345,0.004531967712534272,0.001991909449607402,0.004350135666308708,0.005158779857126872,0.005259860380979142,PROVISIONAL_SMALL_REQUEST_N,3,0.0037353482223179135,0.005360940904831413,0.0037353482223179135,0.005360940904831413,-0.0037353482223179135,0.005360940904831413,0.0037353482223179135,0.005360940904831413,0.0037353482223179135,0.005360940904831413,0.0037353482223179135,0.005360940904831413,20,3,3,0,0,1,0,0,16,3,3,3,4,,0.75,0.15,1.0,NOT_ESTIMABLE,,,PROVISIONAL_SMALL_REQUEST_N,0.25,1.0,PROVISIONAL_SMALL_REQUEST_N,1.0,1.0,NOT_PRIMARY; use physical units and frozen spans
13,f13-940260e5c34c,FORMAL_10K,HELDOUT_TRIPLE_AUDIT,STRICT_LUMPED,f12d43eace12231077007dc497fee8dad00fbe58cb2f1fe2c6159c47636b97a0,selected_q_proxy,strict_valid,emx_minus_target,Qmin,dimensionless,3,0.08943853941414837,0.10500092424871706,0.08005760245838604,0.11042602969469328,0.1371397524302253,0.1404789677721668,PROVISIONAL_SMALL_REQUEST_N,3,0.014071405433643491,0.14381818311410832,0.014071405433643491,0.14381818311410832,-0.014071405433643491,0.14381818311410832,0.014071405433643491,0.14381818311410832,0.014071405433643491,0.14381818311410832,0.014071405433643491,0.14381818311410832,20,3,3,0,0,1,0,0,16,3,3,3,4,,0.75,0.15,1.0,NOT_ESTIMABLE,,,PROVISIONAL_SMALL_REQUEST_N,0.25,1.0,PROVISIONAL_SMALL_REQUEST_N,1.0,1.0,NOT_PRIMARY; use physical units and frozen spans
13,f13-940260e5c34c,FORMAL_10K,HELDOUT_TRIPLE_AUDIT,STRICT_LUMPED,f12d43eace12231077007dc497fee8dad00fbe58cb2f1fe2c6159c47636b97a0,selected_q_proxy,strict_valid,emx_minus_target,K_abs,dimensionless,3,0.0035345605358714505,0.0039153922183818085,0.0006491974163912728,0.0043280446792202665,0.004931972546321195,0.005007463529708811,PROVISIONAL_SMALL_REQUEST_N,3,0.0011926824152976578,0.005082954513096427,0.0011926824152976578,0.005082954513096427,-0.0043280446792202665,0.005082954513096427,0.0011926824152976578,0.005082954513096427,0.0011926824152976578,0.005082954513096427,0.0011926824152976578,0.005082954513096427,20,3,3,0,0,1,0,0,16,3,3,3,4,,0.75,0.15,1.0,NOT_ESTIMABLE,,,PROVISIONAL_SMALL_REQUEST_N,0.25,1.0,PROVISIONAL_SMALL_REQUEST_N,1.0,1.0,NOT_PRIMARY; use physical units and frozen spans
13,f13-940260e5c34c,FORMAL_10K,HELDOUT_TRIPLE_AUDIT,STRICT_LUMPED,f12d43eace12231077007dc497fee8dad00fbe58cb2f1fe2c6159c47636b97a0,selected_q_proxy,strict_valid,emx_minus_frozen_proxy,Lp_nH,nH,3,0.006144757084043643,0.00615216662259346,-0.0023152819567183736,0.006217181960433638,0.006421737672654237,0.006447307136681813,PROVISIONAL_SMALL_REQUEST_N,3,0.005744212690987904,0.006472876600709387,0.005744212690987904,0.006472876600709387,-0.006472876600709387,0.005744212690987904,0.005744212690987904,0.006472876600709387,0.005744212690987904,0.006472876600709387,0.005744212690987904,0.006472876600709387,20,3,3,0,0,1,0,0,16,3,3,3,4,,0.75,0.15,1.0,NOT_ESTIMABLE,,,PROVISIONAL_SMALL_REQUEST_N,0.25,1.0,PROVISIONAL_SMALL_REQUEST_N,1.0,1.0,NOT_PRIMARY; use physical units and frozen spans
13,f13-940260e5c34c,FORMAL_10K,HELDOUT_TRIPLE_AUDIT,STRICT_LUMPED,f12d43eace12231077007dc497fee8dad00fbe58cb2f1fe2c6159c47636b97a0,selected_q_proxy,strict_valid,emx_minus_frozen_proxy,Ls_nH,nH,3,0.003992680609710364,0.004519249115434954,-0.0005796306151783318,0.005119574991798048,0.005689093058159189,0.0057602828164543315,PROVISIONAL_SMALL_REQUEST_N,3,0.0010269942625835693,0.0058314725747494744,0.0010269942625835693,0.0058314725747494744,-0.0058314725747494744,0.005119574991798048,0.0010269942625835693,0.0058314725747494744,0.0010269942625835693,0.0058314725747494744,0.0010269942625835693,0.0058314725747494744,20,3,3,0,0,1,0,0,16,3,3,3,4,,0.75,0.15,1.0,NOT_ESTIMABLE,,,PROVISIONAL_SMALL_REQUEST_N,0.25,1.0,PROVISIONAL_SMALL_REQUEST_N,1.0,1.0,NOT_PRIMARY; use physical units and frozen spans
13,f13-940260e5c34c,FORMAL_10K,HELDOUT_TRIPLE_AUDIT,STRICT_LUMPED,f12d43eace12231077007dc497fee8dad00fbe58cb2f1fe2c6159c47636b97a0,selected_q_proxy,strict_valid,emx_minus_frozen_proxy,Qmin,dimensionless,3,0.07082476350981833,0.07379004526761077,0.07082476350981833,0.05744866864877629,0.09154961266129114,0.09581223066285549,PROVISIONAL_SMALL_REQUEST_N,3,0.05495077321625885,0.10007484866441985,0.05495077321625885,0.10007484866441985,0.05495077321625885,0.10007484866441985,0.05495077321625885,0.10007484866441985,0.05495077321625885,0.10007484866441985,0.05495077321625885,0.10007484866441985,20,3,3,0,0,1,0,0,16,3,3,3,4,,0.75,0.15,1.0,NOT_ESTIMABLE,,,PROVISIONAL_SMALL_REQUEST_N,0.25,1.0,PROVISIONAL_SMALL_REQUEST_N,1.0,1.0,NOT_PRIMARY; use physical units and frozen spans
13,f13-940260e5c34c,FORMAL_10K,HELDOUT_TRIPLE_AUDIT,STRICT_LUMPED,f12d43eace12231077007dc497fee8dad00fbe58cb2f1fe2c6159c47636b97a0,selected_q_proxy,strict_valid,emx_minus_frozen_proxy,K_abs,dimensionless,3,0.003746896176065828,0.003999013150130616,0.0013549210536465406,0.0035879626836289313,0.005143466916614115,0.005337904945737262,PROVISIONAL_SMALL_REQUEST_N,3,0.002120382869708143,0.00553234297486041,0.002120382869708143,0.00553234297486041,-0.0035879626836289313,0.00553234297486041,0.002120382869708143,0.00553234297486041,0.002120382869708143,0.00553234297486041,0.002120382869708143,0.00553234297486041,20,3,3,0,0,1,0,0,16,3,3,3,4,,0.75,0.15,1.0,NOT_ESTIMABLE,,,PROVISIONAL_SMALL_REQUEST_N,0.25,1.0,PROVISIONAL_SMALL_REQUEST_N,1.0,1.0,NOT_PRIMARY; use physical units and frozen spans
13,f13-940260e5c34c,FORMAL_10K,HELDOUT_TRIPLE_AUDIT,STRICT_LUMPED,f12d43eace12231077007dc497fee8dad00fbe58cb2f1fe2c6159c47636b97a0,selected_q_proxy,all_finite_diagnostic,emx_minus_target,Lp_nH,nH,3,0.0063877318059656725,0.006730457039210561,-0.004122426083434272,0.007683009906276794,0.008002383523513856,0.008042305225668489,PROVISIONAL_SMALL_REQUEST_N,3,0.0033979585837971005,0.008082226927823122,0.0033979585837971005,0.008082226927823122,-0.008082226927823122,0.0033979585837971005,0.0033979585837971005,0.008082226927823122,0.0033979585837971005,0.008082226927823122,0.0033979585837971005,0.008082226927823122,20,3,3,0,0,1,0,0,16,3,3,3,4,,0.75,0.15,1.0,NOT_ESTIMABLE,,,PROVISIONAL_SMALL_REQUEST_N,0.25,1.0,PROVISIONAL_SMALL_REQUEST_N,1.0,1.0,NOT_PRIMARY; use physical units and frozen spans
13,f13-940260e5c34c,FORMAL_10K,HELDOUT_TRIPLE_AUDIT,STRICT_LUMPED,f12d43eace12231077007dc497fee8dad00fbe58cb2f1fe2c6159c47636b97a0,selected_q_proxy,all_finite_diagnostic,emx_minus_target,Ls_nH,nH,3,0.004482141597819345,0.004531967712534272,0.001991909449607402,0.004350135666308708,0.005158779857126872,0.005259860380979142,PROVISIONAL_SMALL_REQUEST_N,3,0.0037353482223179135,0.005360940904831413,0.0037353482223179135,0.005360940904831413,-0.0037353482223179135,0.005360940904831413,0.0037353482223179135,0.005360940904831413,0.0037353482223179135,0.005360940904831413,0.0037353482223179135,0.005360940904831413,20,3,3,0,0,1,0,0,16,3,3,3,4,,0.75,0.15,1.0,NOT_ESTIMABLE,,,PROVISIONAL_SMALL_REQUEST_N,0.25,1.0,PROVISIONAL_SMALL_REQUEST_N,1.0,1.0,NOT_PRIMARY; use physical units and frozen spans
13,f13-940260e5c34c,FORMAL_10K,HELDOUT_TRIPLE_AUDIT,STRICT_LUMPED,f12d43eace12231077007dc497fee8dad00fbe58cb2f1fe2c6159c47636b97a0,selected_q_proxy,all_finite_diagnostic,emx_minus_target,Qmin,dimensionless,3,0.08943853941414837,0.10500092424871706,0.08005760245838604,0.11042602969469328,0.1371397524302253,0.1404789677721668,PROVISIONAL_SMALL_REQUEST_N,3,0.014071405433643491,0.14381818311410832,0.014071405433643491,0.14381818311410832,-0.014071405433643491,0.14381818311410832,0.014071405433643491,0.14381818311410832,0.014071405433643491,0.14381818311410832,0.014071405433643491,0.14381818311410832,20,3,3,0,0,1,0,0,16,3,3,3,4,,0.75,0.15,1.0,NOT_ESTIMABLE,,,PROVISIONAL_SMALL_REQUEST_N,0.25,1.0,PROVISIONAL_SMALL_REQUEST_N,1.0,1.0,NOT_PRIMARY; use physical units and frozen spans
13,f13-940260e5c34c,FORMAL_10K,HELDOUT_TRIPLE_AUDIT,STRICT_LUMPED,f12d43eace12231077007dc497fee8dad00fbe58cb2f1fe2c6159c47636b97a0,selected_q_proxy,all_finite_diagnostic,emx_minus_target,K_abs,dimensionless,3,0.0035345605358714505,0.0039153922183818085,0.0006491974163912728,0.0043280446792202665,0.004931972546321195,0.005007463529708811,PROVISIONAL_SMALL_REQUEST_N,3,0.0011926824152976578,0.005082954513096427,0.0011926824152976578,0.005082954513096427,-0.0043280446792202665,0.005082954513096427,0.0011926824152976578,0.005082954513096427,0.0011926824152976578,0.005082954513096427,0.0011926824152976578,0.005082954513096427,20,3,3,0,0,1,0,0,16,3,3,3,4,,0.75,0.15,1.0,NOT_ESTIMABLE,,,PROVISIONAL_SMALL_REQUEST_N,0.25,1.0,PROVISIONAL_SMALL_REQUEST_N,1.0,1.0,NOT_PRIMARY; use physical units and frozen spans
13,f13-940260e5c34c,FORMAL_10K,HELDOUT_TRIPLE_AUDIT,STRICT_LUMPED,f12d43eace12231077007dc497fee8dad00fbe58cb2f1fe2c6159c47636b97a0,selected_q_proxy,all_finite_diagnostic,emx_minus_frozen_proxy,Lp_nH,nH,3,0.006144757084043643,0.00615216662259346,-0.0023152819567183736,0.006217181960433638,0.006421737672654237,0.006447307136681813,PROVISIONAL_SMALL_REQUEST_N,3,0.005744212690987904,0.006472876600709387,0.005744212690987904,0.006472876600709387,-0.006472876600709387,0.005744212690987904,0.005744212690987904,0.006472876600709387,0.005744212690987904,0.006472876600709387,0.005744212690987904,0.006472876600709387,20,3,3,0,0,1,0,0,16,3,3,3,4,,0.75,0.15,1.0,NOT_ESTIMABLE,,,PROVISIONAL_SMALL_REQUEST_N,0.25,1.0,PROVISIONAL_SMALL_REQUEST_N,1.0,1.0,NOT_PRIMARY; use physical units and frozen spans
13,f13-940260e5c34c,FORMAL_10K,HELDOUT_TRIPLE_AUDIT,STRICT_LUMPED,f12d43eace12231077007dc497fee8dad00fbe58cb2f1fe2c6159c47636b97a0,selected_q_proxy,all_finite_diagnostic,emx_minus_frozen_proxy,Ls_nH,nH,3,0.003992680609710364,0.004519249115434954,-0.0005796306151783318,0.005119574991798048,0.005689093058159189,0.0057602828164543315,PROVISIONAL_SMALL_REQUEST_N,3,0.0010269942625835693,0.0058314725747494744,0.0010269942625835693,0.0058314725747494744,-0.0058314725747494744,0.005119574991798048,0.0010269942625835693,0.0058314725747494744,0.0010269942625835693,0.0058314725747494744,0.0010269942625835693,0.0058314725747494744,20,3,3,0,0,1,0,0,16,3,3,3,4,,0.75,0.15,1.0,NOT_ESTIMABLE,,,PROVISIONAL_SMALL_REQUEST_N,0.25,1.0,PROVISIONAL_SMALL_REQUEST_N,1.0,1.0,NOT_PRIMARY; use physical units and frozen spans
13,f13-940260e5c34c,FORMAL_10K,HELDOUT_TRIPLE_AUDIT,STRICT_LUMPED,f12d43eace12231077007dc497fee8dad00fbe58cb2f1fe2c6159c47636b97a0,selected_q_proxy,all_finite_diagnostic,emx_minus_frozen_proxy,Qmin,dimensionless,3,0.07082476350981833,0.07379004526761077,0.07082476350981833,0.05744866864877629,0.09154961266129114,0.09581223066285549,PROVISIONAL_SMALL_REQUEST_N,3,0.05495077321625885,0.10007484866441985,0.05495077321625885,0.10007484866441985,0.05495077321625885,0.10007484866441985,0.05495077321625885,0.10007484866441985,0.05495077321625885,0.10007484866441985,0.05495077321625885,0.10007484866441985,20,3,3,0,0,1,0,0,16,3,3,3,4,,0.75,0.15,1.0,NOT_ESTIMABLE,,,PROVISIONAL_SMALL_REQUEST_N,0.25,1.0,PROVISIONAL_SMALL_REQUEST_N,1.0,1.0,NOT_PRIMARY; use physical units and frozen spans
13,f13-940260e5c34c,FORMAL_10K,HELDOUT_TRIPLE_AUDIT,STRICT_LUMPED,f12d43eace12231077007dc497fee8dad00fbe58cb2f1fe2c6159c47636b97a0,selected_q_proxy,all_finite_diagnostic,emx_minus_frozen_proxy,K_abs,dimensionless,3,0.003746896176065828,0.003999013150130616,0.0013549210536465406,0.0035879626836289313,0.005143466916614115,0.005337904945737262,PROVISIONAL_SMALL_REQUEST_N,3,0.002120382869708143,0.00553234297486041,0.002120382869708143,0.00553234297486041,-0.0035879626836289313,0.00553234297486041,0.002120382869708143,0.00553234297486041,0.002120382869708143,0.00553234297486041,0.002120382869708143,0.00553234297486041,20,3,3,0,0,1,0,0,16,3,3,3,4,,0.75,0.15,1.0,NOT_ESTIMABLE,,,PROVISIONAL_SMALL_REQUEST_N,0.25,1.0,PROVISIONAL_SMALL_REQUEST_N,1.0,1.0,NOT_PRIMARY; use physical units and frozen spans
14,f14-734ef171b954,FORMAL_10K,HELDOUT_TRIPLE_AUDIT,STRICT_LUMPED,f12d43eace12231077007dc497fee8dad00fbe58cb2f1fe2c6159c47636b97a0,all_candidates,strict_valid,emx_minus_target,Lp_nH,nH,42,0.0412555460693624,0.09324210157487675,0.019655634256728876,0.011402660550710708,0.05706004821623139,0.15797403051709627,PROVISIONAL_SMALL_REQUEST_N,4,0.014142525224398754,0.08659162896100539,0.02044024481900835,0.15941788744340904,-0.008628186081788503,0.061103910117967467,0.006773429080247473,0.02893388456573609,0.035837514848795715,0.3642043196835181,0.038236692167959996,0.4098193470597855,220,42,42,0,3,1,0,0,174,25,42,42,44,,0.5681818181818182,0.11363636363636363,0.5952380952380952,NOT_ESTIMABLE,,,PROVISIONAL_SMALL_REQUEST_N,0.45454545454545453,0.7272727272727273,PROVISIONAL_SMALL_REQUEST_N,0.47619047619047616,0.8,NOT_PRIMARY; use physical units and frozen spans
14,f14-734ef171b954,FORMAL_10K,HELDOUT_TRIPLE_AUDIT,STRICT_LUMPED,f12d43eace12231077007dc497fee8dad00fbe58cb2f1fe2c6159c47636b97a0,all_candidates,strict_valid,emx_minus_target,Ls_nH,nH,42,0.09042397002921367,0.18792287167475025,-0.08325269481840997,0.02042937303298975,0.23895758038137302,0.2802776482743054,PROVISIONAL_SMALL_REQUEST_N,4,0.027123975686830025,0.1616556781154122,0.04249865208978479,0.298819252959419,-0.1586019617143193,-0.015739586984267383,0.007884333604890714,0.0579700930113114,0.08286386117369049,0.659351927362616,0.09621487395915373,0.8189992167126001,220,42,42,0,3,1,0,0,174,25,42,42,44,,0.5681818181818182,0.11363636363636363,0.5952380952380952,NOT_ESTIMABLE,,,PROVISIONAL_SMALL_REQUEST_N,0.45454545454545453,0.7272727272727273,PROVISIONAL_SMALL_REQUEST_N,0.47619047619047616,0.8,NOT_PRIMARY; use physical units and frozen spans
14,f14-734ef171b954,FORMAL_10K,HELDOUT_TRIPLE_AUDIT,STRICT_LUMPED,f12d43eace12231077007dc497fee8dad00fbe58cb2f1fe2c6159c47636b97a0,all_candidates,strict_valid,emx_minus_target,Qmin,dimensionless,42,1.1885071067754662,1.8411542860644934,-0.7630214535801181,0.40075999658756345,3.48819234478921,3.936818519508957,PROVISIONAL_SMALL_REQUEST_N,4,0.6881485334479647,1.6687535441228627,1.1380846370723663,2.3418927321820635,-1.3718485944710745,-0.21942964442838728,0.29826274369490235,1.3071164851870627,1.6881118331215497,3.9438291516787487,2.3734987889420616,4.710350632965618,220,42,42,0,3,1,0,0,174,25,42,42,44,,0.5681818181818182,0.11363636363636363,0.5952380952380952,NOT_ESTIMABLE,,,PROVISIONAL_SMALL_REQUEST_N,0.45454545454545453,0.7272727272727273,PROVISIONAL_SMALL_REQUEST_N,0.47619047619047616,0.8,NOT_PRIMARY; use physical units and frozen spans
14,f14-734ef171b954,FORMAL_10K,HELDOUT_TRIPLE_AUDIT,STRICT_LUMPED,f12d43eace12231077007dc497fee8dad00fbe58cb2f1fe2c6159c47636b97a0,all_candidates,strict_valid,emx_minus_target,K_abs,dimensionless,42,0.023483382773044,0.04294761209657293,-0.003196818263785557,0.00634909393602591,0.07373945279820404,0.10998915152262283,PROVISIONAL_SMALL_REQUEST_N,4,0.013640141456453208,0.03332662408963479,0.023235434303534398,0.05900161918256412,-0.020827227917821354,0.021838936598617104,0.0038821885713628546,0.014667127307643663,0.021003052577879933,0.120266732079964,0.034366499398444716,0.15826848095820015,220,42,42,0,3,1,0,0,174,25,42,42,44,,0.5681818181818182,0.11363636363636363,0.5952380952380952,NOT_ESTIMABLE,,,PROVISIONAL_SMALL_REQUEST_N,0.45454545454545453,0.7272727272727273,PROVISIONAL_SMALL_REQUEST_N,0.47619047619047616,0.8,NOT_PRIMARY; use physical units and frozen spans
14,f14-734ef171b954,FORMAL_10K,HELDOUT_TRIPLE_AUDIT,STRICT_LUMPED,f12d43eace12231077007dc497fee8dad00fbe58cb2f1fe2c6159c47636b97a0,all_candidates,strict_valid,emx_minus_frozen_proxy,Lp_nH,nH,42,0.01153280273045847,0.016334325902199052,-0.006321242691285008,0.005261041259113974,0.03235051022505213,0.033657435546744885,PROVISIONAL_SMALL_REQUEST_N,4,0.006935642226831875,0.015002461650601222,0.010333713823960693,0.01927282400952812,-0.010147358052318044,-0.002112515794148667,0.003970613436220738,0.010761076882009446,0.009042560562751767,0.033666062907286465,0.02434743443392562,0.036399634135079406,220,42,42,0,3,1,0,0,174,25,42,42,44,,0.5681818181818182,0.11363636363636363,0.5952380952380952,NOT_ESTIMABLE,,,PROVISIONAL_SMALL_REQUEST_N,0.45454545454545453,0.7272727272727273,PROVISIONAL_SMALL_REQUEST_N,0.47619047619047616,0.8,NOT_PRIMARY; use physical units and frozen spans
14,f14-734ef171b954,FORMAL_10K,HELDOUT_TRIPLE_AUDIT,STRICT_LUMPED,f12d43eace12231077007dc497fee8dad00fbe58cb2f1fe2c6159c47636b97a0,all_candidates,strict_valid,emx_minus_frozen_proxy,Ls_nH,nH,42,0.006585407135706333,0.008799195096453128,0.003766240186392071,0.004397897246050331,0.01453359109180031,0.016771313090229042,PROVISIONAL_SMALL_REQUEST_N,4,0.00382250563691619,0.011497423902469855,0.00488531138397205,0.01332591627373683,0.0010853768031985193,0.007663048448709481,0.0027027876383166616,0.010994571722406032,0.008422964815949063,0.021468035360885818,0.010284455727722852,0.02524440289199803,220,42,42,0,3,1,0,0,174,25,42,42,44,,0.5681818181818182,0.11363636363636363,0.5952380952380952,NOT_ESTIMABLE,,,PROVISIONAL_SMALL_REQUEST_N,0.45454545454545453,0.7272727272727273,PROVISIONAL_SMALL_REQUEST_N,0.47619047619047616,0.8,NOT_PRIMARY; use physical units and frozen spans
14,f14-734ef171b954,FORMAL_10K,HELDOUT_TRIPLE_AUDIT,STRICT_LUMPED,f12d43eace12231077007dc497fee8dad00fbe58cb2f1fe2c6159c47636b97a0,all_candidates,strict_valid,emx_minus_frozen_proxy,Qmin,dimensionless,42,0.21750041540786688,0.2956217113404362,0.10710413533647885,0.171919466593355,0.5015481578552389,0.5978331767233245,PROVISIONAL_SMALL_REQUEST_N,4,0.19093572226242236,0.2500772760426235,0.23496208729953966,0.36065392888581765,0.06783693140373677,0.1464582092351191,0.11675165537764798,0.2446104400114475,0.3520663274256446,0.7269479973953565,0.3529618069656971,0.8556723597965638,220,42,42,0,3,1,0,0,174,25,42,42,44,,0.5681818181818182,0.11363636363636363,0.5952380952380952,NOT_ESTIMABLE,,,PROVISIONAL_SMALL_REQUEST_N,0.45454545454545453,0.7272727272727273,PROVISIONAL_SMALL_REQUEST_N,0.47619047619047616,0.8,NOT_PRIMARY; use physical units and frozen spans
14,f14-734ef171b954,FORMAL_10K,HELDOUT_TRIPLE_AUDIT,STRICT_LUMPED,f12d43eace12231077007dc497fee8dad00fbe58cb2f1fe2c6159c47636b97a0,all_candidates,strict_valid,emx_minus_frozen_proxy,K_abs,dimensionless,42,0.006167910882956728,0.008458984206549102,-0.00013162288569080498,0.0058780094482105555,0.011299235285137122,0.012016691485759205,PROVISIONAL_SMALL_REQUEST_N,4,0.00536757199899793,0.0077452964727185115,0.006299759928452428,0.011492065666734462,-0.0033979818844193134,0.002925781279989518,0.004604142995787347,0.005951765497902661,0.009472588410695953,0.012218951544832005,0.011060966482947854,0.03509933036276841,220,42,42,0,3,1,0,0,174,25,42,42,44,,0.5681818181818182,0.11363636363636363,0.5952380952380952,NOT_ESTIMABLE,,,PROVISIONAL_SMALL_REQUEST_N,0.45454545454545453,0.7272727272727273,PROVISIONAL_SMALL_REQUEST_N,0.47619047619047616,0.8,NOT_PRIMARY; use physical units and frozen spans
14,f14-734ef171b954,FORMAL_10K,HELDOUT_TRIPLE_AUDIT,STRICT_LUMPED,f12d43eace12231077007dc497fee8dad00fbe58cb2f1fe2c6159c47636b97a0,all_candidates,all_finite_diagnostic,emx_minus_target,Lp_nH,nH,42,0.0412555460693624,0.09324210157487675,0.019655634256728876,0.011402660550710708,0.05706004821623139,0.15797403051709627,PROVISIONAL_SMALL_REQUEST_N,4,0.014142525224398754,0.08659162896100539,0.02044024481900835,0.15941788744340904,-0.008628186081788503,0.061103910117967467,0.006773429080247473,0.02893388456573609,0.035837514848795715,0.3642043196835181,0.038236692167959996,0.4098193470597855,220,42,42,0,3,1,0,0,174,25,42,42,44,,0.5681818181818182,0.11363636363636363,0.5952380952380952,NOT_ESTIMABLE,,,PROVISIONAL_SMALL_REQUEST_N,0.45454545454545453,0.7272727272727273,PROVISIONAL_SMALL_REQUEST_N,0.47619047619047616,0.8,NOT_PRIMARY; use physical units and frozen spans
14,f14-734ef171b954,FORMAL_10K,HELDOUT_TRIPLE_AUDIT,STRICT_LUMPED,f12d43eace12231077007dc497fee8dad00fbe58cb2f1fe2c6159c47636b97a0,all_candidates,all_finite_diagnostic,emx_minus_target,Ls_nH,nH,42,0.09042397002921367,0.18792287167475025,-0.08325269481840997,0.02042937303298975,0.23895758038137302,0.2802776482743054,PROVISIONAL_SMALL_REQUEST_N,4,0.027123975686830025,0.1616556781154122,0.04249865208978479,0.298819252959419,-0.1586019617143193,-0.015739586984267383,0.007884333604890714,0.0579700930113114,0.08286386117369049,0.659351927362616,0.09621487395915373,0.8189992167126001,220,42,42,0,3,1,0,0,174,25,42,42,44,,0.5681818181818182,0.11363636363636363,0.5952380952380952,NOT_ESTIMABLE,,,PROVISIONAL_SMALL_REQUEST_N,0.45454545454545453,0.7272727272727273,PROVISIONAL_SMALL_REQUEST_N,0.47619047619047616,0.8,NOT_PRIMARY; use physical units and frozen spans
14,f14-734ef171b954,FORMAL_10K,HELDOUT_TRIPLE_AUDIT,STRICT_LUMPED,f12d43eace12231077007dc497fee8dad00fbe58cb2f1fe2c6159c47636b97a0,all_candidates,all_finite_diagnostic,emx_minus_target,Qmin,dimensionless,42,1.1885071067754662,1.8411542860644934,-0.7630214535801181,0.40075999658756345,3.48819234478921,3.936818519508957,PROVISIONAL_SMALL_REQUEST_N,4,0.6881485334479647,1.6687535441228627,1.1380846370723663,2.3418927321820635,-1.3718485944710745,-0.21942964442838728,0.29826274369490235,1.3071164851870627,1.6881118331215497,3.9438291516787487,2.3734987889420616,4.710350632965618,220,42,42,0,3,1,0,0,174,25,42,42,44,,0.5681818181818182,0.11363636363636363,0.5952380952380952,NOT_ESTIMABLE,,,PROVISIONAL_SMALL_REQUEST_N,0.45454545454545453,0.7272727272727273,PROVISIONAL_SMALL_REQUEST_N,0.47619047619047616,0.8,NOT_PRIMARY; use physical units and frozen spans
14,f14-734ef171b954,FORMAL_10K,HELDOUT_TRIPLE_AUDIT,STRICT_LUMPED,f12d43eace12231077007dc497fee8dad00fbe58cb2f1fe2c6159c47636b97a0,all_candidates,all_finite_diagnostic,emx_minus_target,K_abs,dimensionless,42,0.023483382773044,0.04294761209657293,-0.003196818263785557,0.00634909393602591,0.07373945279820404,0.10998915152262283,PROVISIONAL_SMALL_REQUEST_N,4,0.013640141456453208,0.03332662408963479,0.023235434303534398,0.05900161918256412,-0.020827227917821354,0.021838936598617104,0.0038821885713628546,0.014667127307643663,0.021003052577879933,0.120266732079964,0.034366499398444716,0.15826848095820015,220,42,42,0,3,1,0,0,174,25,42,42,44,,0.5681818181818182,0.11363636363636363,0.5952380952380952,NOT_ESTIMABLE,,,PROVISIONAL_SMALL_REQUEST_N,0.45454545454545453,0.7272727272727273,PROVISIONAL_SMALL_REQUEST_N,0.47619047619047616,0.8,NOT_PRIMARY; use physical units and frozen spans
14,f14-734ef171b954,FORMAL_10K,HELDOUT_TRIPLE_AUDIT,STRICT_LUMPED,f12d43eace12231077007dc497fee8dad00fbe58cb2f1fe2c6159c47636b97a0,all_candidates,all_finite_diagnostic,emx_minus_frozen_proxy,Lp_nH,nH,42,0.01153280273045847,0.016334325902199052,-0.006321242691285008,0.005261041259113974,0.03235051022505213,0.033657435546744885,PROVISIONAL_SMALL_REQUEST_N,4,0.006935642226831875,0.015002461650601222,0.010333713823960693,0.01927282400952812,-0.010147358052318044,-0.002112515794148667,0.003970613436220738,0.010761076882009446,0.009042560562751767,0.033666062907286465,0.02434743443392562,0.036399634135079406,220,42,42,0,3,1,0,0,174,25,42,42,44,,0.5681818181818182,0.11363636363636363,0.5952380952380952,NOT_ESTIMABLE,,,PROVISIONAL_SMALL_REQUEST_N,0.45454545454545453,0.7272727272727273,PROVISIONAL_SMALL_REQUEST_N,0.47619047619047616,0.8,NOT_PRIMARY; use physical units and frozen spans
14,f14-734ef171b954,FORMAL_10K,HELDOUT_TRIPLE_AUDIT,STRICT_LUMPED,f12d43eace12231077007dc497fee8dad00fbe58cb2f1fe2c6159c47636b97a0,all_candidates,all_finite_diagnostic,emx_minus_frozen_proxy,Ls_nH,nH,42,0.006585407135706333,0.008799195096453128,0.003766240186392071,0.004397897246050331,0.01453359109180031,0.016771313090229042,PROVISIONAL_SMALL_REQUEST_N,4,0.00382250563691619,0.011497423902469855,0.00488531138397205,0.01332591627373683,0.0010853768031985193,0.007663048448709481,0.0027027876383166616,0.010994571722406032,0.008422964815949063,0.021468035360885818,0.010284455727722852,0.02524440289199803,220,42,42,0,3,1,0,0,174,25,42,42,44,,0.5681818181818182,0.11363636363636363,0.5952380952380952,NOT_ESTIMABLE,,,PROVISIONAL_SMALL_REQUEST_N,0.45454545454545453,0.7272727272727273,PROVISIONAL_SMALL_REQUEST_N,0.47619047619047616,0.8,NOT_PRIMARY; use physical units and frozen spans
14,f14-734ef171b954,FORMAL_10K,HELDOUT_TRIPLE_AUDIT,STRICT_LUMPED,f12d43eace12231077007dc497fee8dad00fbe58cb2f1fe2c6159c47636b97a0,all_candidates,all_finite_diagnostic,emx_minus_frozen_proxy,Qmin,dimensionless,42,0.21750041540786688,0.2956217113404362,0.10710413533647885,0.171919466593355,0.5015481578552389,0.5978331767233245,PROVISIONAL_SMALL_REQUEST_N,4,0.19093572226242236,0.2500772760426235,0.23496208729953966,0.36065392888581765,0.06783693140373677,0.1464582092351191,0.11675165537764798,0.2446104400114475,0.3520663274256446,0.7269479973953565,0.3529618069656971,0.8556723597965638,220,42,42,0,3,1,0,0,174,25,42,42,44,,0.5681818181818182,0.11363636363636363,0.5952380952380952,NOT_ESTIMABLE,,,PROVISIONAL_SMALL_REQUEST_N,0.45454545454545453,0.7272727272727273,PROVISIONAL_SMALL_REQUEST_N,0.47619047619047616,0.8,NOT_PRIMARY; use physical units and frozen spans
14,f14-734ef171b954,FORMAL_10K,HELDOUT_TRIPLE_AUDIT,STRICT_LUMPED,f12d43eace12231077007dc497fee8dad00fbe58cb2f1fe2c6159c47636b97a0,all_candidates,all_finite_diagnostic,emx_minus_frozen_proxy,K_abs,dimensionless,42,0.006167910882956728,0.008458984206549102,-0.00013162288569080498,0.0058780094482105555,0.011299235285137122,0.012016691485759205,PROVISIONAL_SMALL_REQUEST_N,4,0.00536757199899793,0.0077452964727185115,0.006299759928452428,0.011492065666734462,-0.0033979818844193134,0.002925781279989518,0.004604142995787347,0.005951765497902661,0.009472588410695953,0.012218951544832005,0.011060966482947854,0.03509933036276841,220,42,42,0,3,1,0,0,174,25,42,42,44,,0.5681818181818182,0.11363636363636363,0.5952380952380952,NOT_ESTIMABLE,,,PROVISIONAL_SMALL_REQUEST_N,0.45454545454545453,0.7272727272727273,PROVISIONAL_SMALL_REQUEST_N,0.47619047619047616,0.8,NOT_PRIMARY; use physical units and frozen spans
14,f14-734ef171b954,FORMAL_10K,HELDOUT_TRIPLE_AUDIT,STRICT_LUMPED,f12d43eace12231077007dc497fee8dad00fbe58cb2f1fe2c6159c47636b97a0,selected_q_proxy,strict_valid,emx_minus_target,Lp_nH,nH,4,0.005839503450092792,0.0063465204494135155,0.002117311284645901,0.006910220413756829,0.007760445623028156,0.007828173042771235,PROVISIONAL_SMALL_REQUEST_N,4,0.003092350465480842,0.007670142396704049,0.003984473740649651,0.007673464086707863,-0.003989274124015368,0.0071359784795670955,0.001641672510343195,0.007895900462514316,0.0057035707847286074,0.007895900462514316,0.006376056496619875,0.007895900462514316,20,4,4,0,0,0,0,0,16,4,4,4,4,,1.0,0.2,1.0,NOT_ESTIMABLE,,,PROVISIONAL_SMALL_REQUEST_N,1.0,1.0,PROVISIONAL_SMALL_REQUEST_N,1.0,1.0,NOT_PRIMARY; use physical units and frozen spans
14,f14-734ef171b954,FORMAL_10K,HELDOUT_TRIPLE_AUDIT,STRICT_LUMPED,f12d43eace12231077007dc497fee8dad00fbe58cb2f1fe2c6159c47636b97a0,selected_q_proxy,strict_valid,emx_minus_target,Ls_nH,nH,4,0.008535416655660516,0.010263634038418037,0.00552081279604652,0.007825638395116685,0.01483096652227589,0.015412019325202529,PROVISIONAL_SMALL_REQUEST_N,4,0.0030146038596139957,0.014056229451707036,0.0030586633350044136,0.014189043165493801,-0.0030146038596139957,0.014056229451707036,0.0024973177042795225,0.01599307212812917,0.003531890014948469,0.01599307212812917,0.003531890014948469,0.01599307212812917,20,4,4,0,0,0,0,0,16,4,4,4,4,,1.0,0.2,1.0,NOT_ESTIMABLE,,,PROVISIONAL_SMALL_REQUEST_N,1.0,1.0,PROVISIONAL_SMALL_REQUEST_N,1.0,1.0,NOT_PRIMARY; use physical units and frozen spans
14,f14-734ef171b954,FORMAL_10K,HELDOUT_TRIPLE_AUDIT,STRICT_LUMPED,f12d43eace12231077007dc497fee8dad00fbe58cb2f1fe2c6159c47636b97a0,selected_q_proxy,strict_valid,emx_minus_target,Qmin,dimensionless,4,0.07376817188787266,0.09794031674713088,0.042835629044979395,0.051521184582295376,0.14257066147949865,0.16204580688948353,PROVISIONAL_SMALL_REQUEST_N,4,0.020803686957132417,0.14897964412419018,0.027399133517603244,0.1592851046916995,-0.030932542842893263,0.13351337270274355,0.01050936608743136,0.18152095229946852,0.03933346452259433,0.18152095229946852,0.04551005704441494,0.18152095229946852,20,4,4,0,0,0,0,0,16,4,4,4,4,,1.0,0.2,1.0,NOT_ESTIMABLE,,,PROVISIONAL_SMALL_REQUEST_N,1.0,1.0,PROVISIONAL_SMALL_REQUEST_N,1.0,1.0,NOT_PRIMARY; use physical units and frozen spans
14,f14-734ef171b954,FORMAL_10K,HELDOUT_TRIPLE_AUDIT,STRICT_LUMPED,f12d43eace12231077007dc497fee8dad00fbe58cb2f1fe2c6159c47636b97a0,selected_q_proxy,strict_valid,emx_minus_target,K_abs,dimensionless,4,0.003700857912187508,0.004397936492457145,-0.0009131658803053083,0.003954744247042494,0.006143368920175066,0.006341152783810162,PROVISIONAL_SMALL_REQUEST_N,4,0.0015220587223800791,0.005879657101994937,0.0019179868683814882,0.005916503794986418,-0.004815450858778998,0.0032430054330233674,0.000355006507219785,0.006538936647445259,0.0026891109375403732,0.006538936647445259,0.0026891109375403732,0.006538936647445259,20,4,4,0,0,0,0,0,16,4,4,4,4,,1.0,0.2,1.0,NOT_ESTIMABLE,,,PROVISIONAL_SMALL_REQUEST_N,1.0,1.0,PROVISIONAL_SMALL_REQUEST_N,1.0,1.0,NOT_PRIMARY; use physical units and frozen spans
14,f14-734ef171b954,FORMAL_10K,HELDOUT_TRIPLE_AUDIT,STRICT_LUMPED,f12d43eace12231077007dc497fee8dad00fbe58cb2f1fe2c6159c47636b97a0,selected_q_proxy,strict_valid,emx_minus_frozen_proxy,Lp_nH,nH,4,0.004017551189544222,0.004268553604431129,0.0009205650881499161,0.003859674064059182,0.005550043513157932,0.005872007857973271,PROVISIONAL_SMALL_REQUEST_N,4,0.002629549129790687,0.005563430374782796,0.0027540450956747456,0.005669612555162001,-0.0037275279294001207,0.003859674064059182,0.0021568844272699117,0.006193972202788611,0.003480345594328083,0.006193972202788611,0.003671804890765351,0.006193972202788611,20,4,4,0,0,0,0,0,16,4,4,4,4,,1.0,0.2,1.0,NOT_ESTIMABLE,,,PROVISIONAL_SMALL_REQUEST_N,1.0,1.0,PROVISIONAL_SMALL_REQUEST_N,1.0,1.0,NOT_PRIMARY; use physical units and frozen spans
14,f14-734ef171b954,FORMAL_10K,HELDOUT_TRIPLE_AUDIT,STRICT_LUMPED,f12d43eace12231077007dc497fee8dad00fbe58cb2f1fe2c6159c47636b97a0,selected_q_proxy,strict_valid,emx_minus_frozen_proxy,Ls_nH,nH,4,0.008148757851388577,0.010157248188643575,0.005630093699555694,0.007132929182731895,0.014988931565682241,0.015896491576735713,PROVISIONAL_SMALL_REQUEST_N,4,0.0025186641518328834,0.013778851550944271,0.002707544312752889,0.014658308618851739,-0.0025186641518328834,0.013778851550944271,0.0015251214523013257,0.016804051587789193,0.003512206851364441,0.016804051587789193,0.003512206851364441,0.016804051587789193,20,4,4,0,0,0,0,0,16,4,4,4,4,,1.0,0.2,1.0,NOT_ESTIMABLE,,,PROVISIONAL_SMALL_REQUEST_N,1.0,1.0,PROVISIONAL_SMALL_REQUEST_N,1.0,1.0,NOT_PRIMARY; use physical units and frozen spans
14,f14-734ef171b954,FORMAL_10K,HELDOUT_TRIPLE_AUDIT,STRICT_LUMPED,f12d43eace12231077007dc497fee8dad00fbe58cb2f1fe2c6159c47636b97a0,selected_q_proxy,strict_valid,emx_minus_frozen_proxy,Qmin,dimensionless,4,0.09027252204728198,0.10505414210444208,0.054732716142147364,0.07309758915382858,0.14813067811157873,0.1637767734574767,PROVISIONAL_SMALL_REQUEST_N,4,0.04538292243291897,0.15233705455509838,0.048520988821750884,0.15939730923387452,-0.03453081723335494,0.14343516187205507,0.035472041078095984,0.17942286880337477,0.06322250887160036,0.17942286880337477,0.06916903768449412,0.17942286880337477,20,4,4,0,0,0,0,0,16,4,4,4,4,,1.0,0.2,1.0,NOT_ESTIMABLE,,,PROVISIONAL_SMALL_REQUEST_N,1.0,1.0,PROVISIONAL_SMALL_REQUEST_N,1.0,1.0,NOT_PRIMARY; use physical units and frozen spans
14,f14-734ef171b954,FORMAL_10K,HELDOUT_TRIPLE_AUDIT,STRICT_LUMPED,f12d43eace12231077007dc497fee8dad00fbe58cb2f1fe2c6159c47636b97a0,selected_q_proxy,strict_valid,emx_minus_frozen_proxy,K_abs,dimensionless,4,0.004064266926006414,0.004723380815236923,-0.0009921062425977886,0.005056373168604203,0.006001307807946221,0.006038366334375017,PROVISIONAL_SMALL_REQUEST_N,4,0.0015087643839963721,0.005951896439374493,0.0029147947585648603,0.005953178184460767,-0.005056373168604203,0.0034854740657870517,6.889650601343833e-05,0.006075424860803813,0.004100526564365654,0.006075424860803813,0.004284378319263232,0.006075424860803813,20,4,4,0,0,0,0,0,16,4,4,4,4,,1.0,0.2,1.0,NOT_ESTIMABLE,,,PROVISIONAL_SMALL_REQUEST_N,1.0,1.0,PROVISIONAL_SMALL_REQUEST_N,1.0,1.0,NOT_PRIMARY; use physical units and frozen spans
14,f14-734ef171b954,FORMAL_10K,HELDOUT_TRIPLE_AUDIT,STRICT_LUMPED,f12d43eace12231077007dc497fee8dad00fbe58cb2f1fe2c6159c47636b97a0,selected_q_proxy,all_finite_diagnostic,emx_minus_target,Lp_nH,nH,4,0.005839503450092792,0.0063465204494135155,0.002117311284645901,0.006910220413756829,0.007760445623028156,0.007828173042771235,PROVISIONAL_SMALL_REQUEST_N,4,0.003092350465480842,0.007670142396704049,0.003984473740649651,0.007673464086707863,-0.003989274124015368,0.0071359784795670955,0.001641672510343195,0.007895900462514316,0.0057035707847286074,0.007895900462514316,0.006376056496619875,0.007895900462514316,20,4,4,0,0,0,0,0,16,4,4,4,4,,1.0,0.2,1.0,NOT_ESTIMABLE,,,PROVISIONAL_SMALL_REQUEST_N,1.0,1.0,PROVISIONAL_SMALL_REQUEST_N,1.0,1.0,NOT_PRIMARY; use physical units and frozen spans
14,f14-734ef171b954,FORMAL_10K,HELDOUT_TRIPLE_AUDIT,STRICT_LUMPED,f12d43eace12231077007dc497fee8dad00fbe58cb2f1fe2c6159c47636b97a0,selected_q_proxy,all_finite_diagnostic,emx_minus_target,Ls_nH,nH,4,0.008535416655660516,0.010263634038418037,0.00552081279604652,0.007825638395116685,0.01483096652227589,0.015412019325202529,PROVISIONAL_SMALL_REQUEST_N,4,0.0030146038596139957,0.014056229451707036,0.0030586633350044136,0.014189043165493801,-0.0030146038596139957,0.014056229451707036,0.0024973177042795225,0.01599307212812917,0.003531890014948469,0.01599307212812917,0.003531890014948469,0.01599307212812917,20,4,4,0,0,0,0,0,16,4,4,4,4,,1.0,0.2,1.0,NOT_ESTIMABLE,,,PROVISIONAL_SMALL_REQUEST_N,1.0,1.0,PROVISIONAL_SMALL_REQUEST_N,1.0,1.0,NOT_PRIMARY; use physical units and frozen spans
14,f14-734ef171b954,FORMAL_10K,HELDOUT_TRIPLE_AUDIT,STRICT_LUMPED,f12d43eace12231077007dc497fee8dad00fbe58cb2f1fe2c6159c47636b97a0,selected_q_proxy,all_finite_diagnostic,emx_minus_target,Qmin,dimensionless,4,0.07376817188787266,0.09794031674713088,0.042835629044979395,0.051521184582295376,0.14257066147949865,0.16204580688948353,PROVISIONAL_SMALL_REQUEST_N,4,0.020803686957132417,0.14897964412419018,0.027399133517603244,0.1592851046916995,-0.030932542842893263,0.13351337270274355,0.01050936608743136,0.18152095229946852,0.03933346452259433,0.18152095229946852,0.04551005704441494,0.18152095229946852,20,4,4,0,0,0,0,0,16,4,4,4,4,,1.0,0.2,1.0,NOT_ESTIMABLE,,,PROVISIONAL_SMALL_REQUEST_N,1.0,1.0,PROVISIONAL_SMALL_REQUEST_N,1.0,1.0,NOT_PRIMARY; use physical units and frozen spans
14,f14-734ef171b954,FORMAL_10K,HELDOUT_TRIPLE_AUDIT,STRICT_LUMPED,f12d43eace12231077007dc497fee8dad00fbe58cb2f1fe2c6159c47636b97a0,selected_q_proxy,all_finite_diagnostic,emx_minus_target,K_abs,dimensionless,4,0.003700857912187508,0.004397936492457145,-0.0009131658803053083,0.003954744247042494,0.006143368920175066,0.006341152783810162,PROVISIONAL_SMALL_REQUEST_N,4,0.0015220587223800791,0.005879657101994937,0.0019179868683814882,0.005916503794986418,-0.004815450858778998,0.0032430054330233674,0.000355006507219785,0.006538936647445259,0.0026891109375403732,0.006538936647445259,0.0026891109375403732,0.006538936647445259,20,4,4,0,0,0,0,0,16,4,4,4,4,,1.0,0.2,1.0,NOT_ESTIMABLE,,,PROVISIONAL_SMALL_REQUEST_N,1.0,1.0,PROVISIONAL_SMALL_REQUEST_N,1.0,1.0,NOT_PRIMARY; use physical units and frozen spans
14,f14-734ef171b954,FORMAL_10K,HELDOUT_TRIPLE_AUDIT,STRICT_LUMPED,f12d43eace12231077007dc497fee8dad00fbe58cb2f1fe2c6159c47636b97a0,selected_q_proxy,all_finite_diagnostic,emx_minus_frozen_proxy,Lp_nH,nH,4,0.004017551189544222,0.004268553604431129,0.0009205650881499161,0.003859674064059182,0.005550043513157932,0.005872007857973271,PROVISIONAL_SMALL_REQUEST_N,4,0.002629549129790687,0.005563430374782796,0.0027540450956747456,0.005669612555162001,-0.0037275279294001207,0.003859674064059182,0.0021568844272699117,0.006193972202788611,0.003480345594328083,0.006193972202788611,0.003671804890765351,0.006193972202788611,20,4,4,0,0,0,0,0,16,4,4,4,4,,1.0,0.2,1.0,NOT_ESTIMABLE,,,PROVISIONAL_SMALL_REQUEST_N,1.0,1.0,PROVISIONAL_SMALL_REQUEST_N,1.0,1.0,NOT_PRIMARY; use physical units and frozen spans
14,f14-734ef171b954,FORMAL_10K,HELDOUT_TRIPLE_AUDIT,STRICT_LUMPED,f12d43eace12231077007dc497fee8dad00fbe58cb2f1fe2c6159c47636b97a0,selected_q_proxy,all_finite_diagnostic,emx_minus_frozen_proxy,Ls_nH,nH,4,0.008148757851388577,0.010157248188643575,0.005630093699555694,0.007132929182731895,0.014988931565682241,0.015896491576735713,PROVISIONAL_SMALL_REQUEST_N,4,0.0025186641518328834,0.013778851550944271,0.002707544312752889,0.014658308618851739,-0.0025186641518328834,0.013778851550944271,0.0015251214523013257,0.016804051587789193,0.003512206851364441,0.016804051587789193,0.003512206851364441,0.016804051587789193,20,4,4,0,0,0,0,0,16,4,4,4,4,,1.0,0.2,1.0,NOT_ESTIMABLE,,,PROVISIONAL_SMALL_REQUEST_N,1.0,1.0,PROVISIONAL_SMALL_REQUEST_N,1.0,1.0,NOT_PRIMARY; use physical units and frozen spans
14,f14-734ef171b954,FORMAL_10K,HELDOUT_TRIPLE_AUDIT,STRICT_LUMPED,f12d43eace12231077007dc497fee8dad00fbe58cb2f1fe2c6159c47636b97a0,selected_q_proxy,all_finite_diagnostic,emx_minus_frozen_proxy,Qmin,dimensionless,4,0.09027252204728198,0.10505414210444208,0.054732716142147364,0.07309758915382858,0.14813067811157873,0.1637767734574767,PROVISIONAL_SMALL_REQUEST_N,4,0.04538292243291897,0.15233705455509838,0.048520988821750884,0.15939730923387452,-0.03453081723335494,0.14343516187205507,0.035472041078095984,0.17942286880337477,0.06322250887160036,0.17942286880337477,0.06916903768449412,0.17942286880337477,20,4,4,0,0,0,0,0,16,4,4,4,4,,1.0,0.2,1.0,NOT_ESTIMABLE,,,PROVISIONAL_SMALL_REQUEST_N,1.0,1.0,PROVISIONAL_SMALL_REQUEST_N,1.0,1.0,NOT_PRIMARY; use physical units and frozen spans
14,f14-734ef171b954,FORMAL_10K,HELDOUT_TRIPLE_AUDIT,STRICT_LUMPED,f12d43eace12231077007dc497fee8dad00fbe58cb2f1fe2c6159c47636b97a0,selected_q_proxy,all_finite_diagnostic,emx_minus_frozen_proxy,K_abs,dimensionless,4,0.004064266926006414,0.004723380815236923,-0.0009921062425977886,0.005056373168604203,0.006001307807946221,0.006038366334375017,PROVISIONAL_SMALL_REQUEST_N,4,0.0015087643839963721,0.005951896439374493,0.0029147947585648603,0.005953178184460767,-0.005056373168604203,0.0034854740657870517,6.889650601343833e-05,0.006075424860803813,0.004100526564365654,0.006075424860803813,0.004284378319263232,0.006075424860803813,20,4,4,0,0,0,0,0,16,4,4,4,4,,1.0,0.2,1.0,NOT_ESTIMABLE,,,PROVISIONAL_SMALL_REQUEST_N,1.0,1.0,PROVISIONAL_SMALL_REQUEST_N,1.0,1.0,NOT_PRIMARY; use physical units and frozen spans
16,f16-d1f0e127f1c7,FORMAL_10K,HELDOUT_TRIPLE_AUDIT,STRICT_LUMPED,f12d43eace12231077007dc497fee8dad00fbe58cb2f1fe2c6159c47636b97a0,all_candidates,strict_valid,emx_minus_target,Lp_nH,nH,29,0.08223218779100995,0.1720024120247149,-0.06601298616902121,0.017532916796025977,0.2959645620745832,0.45402062836649715,PROVISIONAL_SMALL_REQUEST_N,4,0.02422419277579417,0.1847106967167835,0.03526278022486292,0.3050484848747053,-0.18169959111427803,-0.0003957450335806227,0.01029893588308517,0.06403655127934482,0.06330522365970537,0.5927717840092992,0.070965165194745,0.5927717840092992,220,33,29,4,38,3,0,0,146,19,33,33,44,,0.4318181818181818,0.08636363636363636,0.6551724137931034,NOT_ESTIMABLE,,,PROVISIONAL_SMALL_REQUEST_N,0.25,0.6363636363636364,PROVISIONAL_SMALL_REQUEST_N,0.5454545454545454,0.7631578947368421,NOT_PRIMARY; use physical units and frozen spans
16,f16-d1f0e127f1c7,FORMAL_10K,HELDOUT_TRIPLE_AUDIT,STRICT_LUMPED,f12d43eace12231077007dc497fee8dad00fbe58cb2f1fe2c6159c47636b97a0,all_candidates,strict_valid,emx_minus_target,Ls_nH,nH,29,0.034515187763849285,0.055041082734751,0.01151040952890031,0.013207688813197782,0.11650610316033601,0.12476909457292273,PROVISIONAL_SMALL_REQUEST_N,4,0.020509870210210026,0.05509864821909855,0.031247994196294412,0.07993192235586695,-0.01469689834503,0.05439509514078627,0.007091310638129844,0.03166255890891723,0.04167850766650094,0.1338757821691096,0.06623695506465227,0.15442523641373385,220,33,29,4,38,3,0,0,146,19,33,33,44,,0.4318181818181818,0.08636363636363636,0.6551724137931034,NOT_ESTIMABLE,,,PROVISIONAL_SMALL_REQUEST_N,0.25,0.6363636363636364,PROVISIONAL_SMALL_REQUEST_N,0.5454545454545454,0.7631578947368421,NOT_PRIMARY; use physical units and frozen spans
16,f16-d1f0e127f1c7,FORMAL_10K,HELDOUT_TRIPLE_AUDIT,STRICT_LUMPED,f12d43eace12231077007dc497fee8dad00fbe58cb2f1fe2c6159c47636b97a0,all_candidates,strict_valid,emx_minus_target,Qmin,dimensionless,29,0.4918580552906323,0.7940032535108297,-0.13105503956825848,0.20544986977877322,1.3194566468704514,1.4924283566481642,PROVISIONAL_SMALL_REQUEST_N,4,0.355484384540324,0.6550389237946248,0.5410750063338204,1.022855069452576,-0.4049030953136809,0.12453647912746911,0.13171168873078543,0.2656151912939615,1.0387919017317717,1.5065500429191645,1.08980422173181,2.895011725088125,220,33,29,4,38,3,0,0,146,19,33,33,44,,0.4318181818181818,0.08636363636363636,0.6551724137931034,NOT_ESTIMABLE,,,PROVISIONAL_SMALL_REQUEST_N,0.25,0.6363636363636364,PROVISIONAL_SMALL_REQUEST_N,0.5454545454545454,0.7631578947368421,NOT_PRIMARY; use physical units and frozen spans
16,f16-d1f0e127f1c7,FORMAL_10K,HELDOUT_TRIPLE_AUDIT,STRICT_LUMPED,f12d43eace12231077007dc497fee8dad00fbe58cb2f1fe2c6159c47636b97a0,all_candidates,strict_valid,emx_minus_target,K_abs,dimensionless,29,0.02208471392536497,0.03318154135600089,-0.00024097197627611673,0.011292587573218937,0.05364133522666672,0.07655250403718544,PROVISIONAL_SMALL_REQUEST_N,4,0.014495278394536194,0.02895845237107776,0.020571515278646764,0.04082041938326939,-0.014274242477979706,0.012856747158647232,0.009998439297087033,0.020004763010518012,0.0227833892734515,0.07429478130455665,0.0416387218898316,0.09244800659357125,220,33,29,4,38,3,0,0,146,19,33,33,44,,0.4318181818181818,0.08636363636363636,0.6551724137931034,NOT_ESTIMABLE,,,PROVISIONAL_SMALL_REQUEST_N,0.25,0.6363636363636364,PROVISIONAL_SMALL_REQUEST_N,0.5454545454545454,0.7631578947368421,NOT_PRIMARY; use physical units and frozen spans
16,f16-d1f0e127f1c7,FORMAL_10K,HELDOUT_TRIPLE_AUDIT,STRICT_LUMPED,f12d43eace12231077007dc497fee8dad00fbe58cb2f1fe2c6159c47636b97a0,all_candidates,strict_valid,emx_minus_frozen_proxy,Lp_nH,nH,29,0.00676401065040898,0.00827480736293076,-0.0022497769901616465,0.005551198950258129,0.01384379580149404,0.0146887163567722,PROVISIONAL_SMALL_REQUEST_N,4,0.005772159801935073,0.007802178808547156,0.006919488874249499,0.009231787419678863,-0.0032001005696146883,-0.0013628083160054743,0.004527521948359037,0.008345589717282609,0.012792317585444746,0.014743000595372967,0.013726897760407161,0.017763783981883163,220,33,29,4,38,3,0,0,146,19,33,33,44,,0.4318181818181818,0.08636363636363636,0.6551724137931034,NOT_ESTIMABLE,,,PROVISIONAL_SMALL_REQUEST_N,0.25,0.6363636363636364,PROVISIONAL_SMALL_REQUEST_N,0.5454545454545454,0.7631578947368421,NOT_PRIMARY; use physical units and frozen spans
16,f16-d1f0e127f1c7,FORMAL_10K,HELDOUT_TRIPLE_AUDIT,STRICT_LUMPED,f12d43eace12231077007dc497fee8dad00fbe58cb2f1fe2c6159c47636b97a0,all_candidates,strict_valid,emx_minus_frozen_proxy,Ls_nH,nH,29,0.009206024143681718,0.01464247580764778,0.0028190529763405486,0.005083163851414385,0.02681316383176417,0.03720288958324453,PROVISIONAL_SMALL_REQUEST_N,4,0.005506367415114653,0.016133858867987894,0.007652403756474291,0.022920753983638246,-0.0024609245589578554,0.011459016215919755,0.00458105110363205,0.005675042012118325,0.008640799358601736,0.041679437318652424,0.011852548266894056,0.041679437318652424,220,33,29,4,38,3,0,0,146,19,33,33,44,,0.4318181818181818,0.08636363636363636,0.6551724137931034,NOT_ESTIMABLE,,,PROVISIONAL_SMALL_REQUEST_N,0.25,0.6363636363636364,PROVISIONAL_SMALL_REQUEST_N,0.5454545454545454,0.7631578947368421,NOT_PRIMARY; use physical units and frozen spans
16,f16-d1f0e127f1c7,FORMAL_10K,HELDOUT_TRIPLE_AUDIT,STRICT_LUMPED,f12d43eace12231077007dc497fee8dad00fbe58cb2f1fe2c6159c47636b97a0,all_candidates,strict_valid,emx_minus_frozen_proxy,Qmin,dimensionless,29,0.22741786928850125,0.33518554929018296,-0.10978178833071807,0.09896303281354868,0.6338934650863624,0.7488471339165312,PROVISIONAL_SMALL_REQUEST_N,4,0.12989333241206336,0.3870034750863087,0.16090656835049516,0.503812248023724,-0.25323338853499466,-0.02560521562978177,0.09195156293284867,0.25376485997908205,0.2643177116960569,0.8257711533745182,0.2779929060908435,0.9328882233752314,220,33,29,4,38,3,0,0,146,19,33,33,44,,0.4318181818181818,0.08636363636363636,0.6551724137931034,NOT_ESTIMABLE,,,PROVISIONAL_SMALL_REQUEST_N,0.25,0.6363636363636364,PROVISIONAL_SMALL_REQUEST_N,0.5454545454545454,0.7631578947368421,NOT_PRIMARY; use physical units and frozen spans
16,f16-d1f0e127f1c7,FORMAL_10K,HELDOUT_TRIPLE_AUDIT,STRICT_LUMPED,f12d43eace12231077007dc497fee8dad00fbe58cb2f1fe2c6159c47636b97a0,all_candidates,strict_valid,emx_minus_frozen_proxy,K_abs,dimensionless,29,0.007050888721510589,0.008839891766781058,0.0029932681782770918,0.005234274377531656,0.012761099986676775,0.0180561029936884,PROVISIONAL_SMALL_REQUEST_N,4,0.005833192914186707,0.008355562800786176,0.006952594498686706,0.010491793912578172,0.0014077036152611569,0.005382497953662267,0.004838171177408729,0.006075863059937528,0.010956881665842855,0.01982588266268162,0.011357328896576566,0.02249064076381002,220,33,29,4,38,3,0,0,146,19,33,33,44,,0.4318181818181818,0.08636363636363636,0.6551724137931034,NOT_ESTIMABLE,,,PROVISIONAL_SMALL_REQUEST_N,0.25,0.6363636363636364,PROVISIONAL_SMALL_REQUEST_N,0.5454545454545454,0.7631578947368421,NOT_PRIMARY; use physical units and frozen spans
16,f16-d1f0e127f1c7,FORMAL_10K,HELDOUT_TRIPLE_AUDIT,STRICT_LUMPED,f12d43eace12231077007dc497fee8dad00fbe58cb2f1fe2c6159c47636b97a0,all_candidates,all_finite_diagnostic,emx_minus_target,Lp_nH,nH,33,0.09271514663258175,0.1787908904646516,-0.07649364122447472,0.03247641571492932,0.34942897337819967,0.4394008139136218,PROVISIONAL_SMALL_REQUEST_N,4,0.025598896970877315,0.19199249640331986,0.03621341808287273,0.29031849441815727,-0.18319661342608934,-0.0030245780572013196,0.01029893588308517,0.06409023652125134,0.06330522365970537,0.5280482912570625,0.07039285761771208,0.5927717840092992,220,33,29,4,38,3,0,0,146,19,33,33,44,,0.4318181818181818,0.08636363636363636,0.6551724137931034,NOT_ESTIMABLE,,,PROVISIONAL_SMALL_REQUEST_N,0.25,0.6363636363636364,PROVISIONAL_SMALL_REQUEST_N,0.5454545454545454,0.7631578947368421,NOT_PRIMARY; use physical units and frozen spans
16,f16-d1f0e127f1c7,FORMAL_10K,HELDOUT_TRIPLE_AUDIT,STRICT_LUMPED,f12d43eace12231077007dc497fee8dad00fbe58cb2f1fe2c6159c47636b97a0,all_candidates,all_finite_diagnostic,emx_minus_target,Ls_nH,nH,33,0.041289944027004484,0.06284953141018673,0.020738100377274537,0.019990469850364345,0.12225168043868853,0.12690596553280353,PROVISIONAL_SMALL_REQUEST_N,4,0.021073234239754168,0.06872690730970134,0.030441071064044853,0.08973993433680746,-0.01421475294864863,0.06817411560531313,0.007101452998434121,0.107296418358098,0.04167850766650094,0.1338757821691096,0.06364857687386224,0.15442523641373385,220,33,29,4,38,3,0,0,146,19,33,33,44,,0.4318181818181818,0.08636363636363636,0.6551724137931034,NOT_ESTIMABLE,,,PROVISIONAL_SMALL_REQUEST_N,0.25,0.6363636363636364,PROVISIONAL_SMALL_REQUEST_N,0.5454545454545454,0.7631578947368421,NOT_PRIMARY; use physical units and frozen spans
16,f16-d1f0e127f1c7,FORMAL_10K,HELDOUT_TRIPLE_AUDIT,STRICT_LUMPED,f12d43eace12231077007dc497fee8dad00fbe58cb2f1fe2c6159c47636b97a0,all_candidates,all_finite_diagnostic,emx_minus_target,Qmin,dimensionless,33,0.49919016852891257,0.7805359005543944,-0.11067899652273741,0.2349866475628346,1.249657711713349,1.464184984106164,PROVISIONAL_SMALL_REQUEST_N,4,0.3639979925752721,0.6821015156225435,0.5300500933397774,1.0135853809644344,-0.3066918928979095,0.12453647912746911,0.13687966229438686,0.4081859161321626,1.0387919017317717,1.4783066703771643,1.0387919017317717,2.895011725088125,220,33,29,4,38,3,0,0,146,19,33,33,44,,0.4318181818181818,0.08636363636363636,0.6551724137931034,NOT_ESTIMABLE,,,PROVISIONAL_SMALL_REQUEST_N,0.25,0.6363636363636364,PROVISIONAL_SMALL_REQUEST_N,0.5454545454545454,0.7631578947368421,NOT_PRIMARY; use physical units and frozen spans
16,f16-d1f0e127f1c7,FORMAL_10K,HELDOUT_TRIPLE_AUDIT,STRICT_LUMPED,f12d43eace12231077007dc497fee8dad00fbe58cb2f1fe2c6159c47636b97a0,all_candidates,all_finite_diagnostic,emx_minus_target,K_abs,dimensionless,33,0.023993638227795808,0.035526178167192106,0.000563223433635187,0.01130285016610924,0.06066495953772603,0.0867316206413497,PROVISIONAL_SMALL_REQUEST_N,4,0.016053744803530192,0.02984408601409679,0.021631886028824623,0.042980086671936764,-0.01352727887293298,0.012856747158647232,0.010301150257222308,0.022722188328262366,0.028306716991217836,0.0864445642229375,0.041202828019112396,0.09244800659357125,220,33,29,4,38,3,0,0,146,19,33,33,44,,0.4318181818181818,0.08636363636363636,0.6551724137931034,NOT_ESTIMABLE,,,PROVISIONAL_SMALL_REQUEST_N,0.25,0.6363636363636364,PROVISIONAL_SMALL_REQUEST_N,0.5454545454545454,0.7631578947368421,NOT_PRIMARY; use physical units and frozen spans
16,f16-d1f0e127f1c7,FORMAL_10K,HELDOUT_TRIPLE_AUDIT,STRICT_LUMPED,f12d43eace12231077007dc497fee8dad00fbe58cb2f1fe2c6159c47636b97a0,all_candidates,all_finite_diagnostic,emx_minus_frozen_proxy,Lp_nH,nH,33,0.00905657400407696,0.014747615214280425,0.0011353666835755005,0.00566680126656971,0.014917103708667634,0.02035707829397312,PROVISIONAL_SMALL_REQUEST_N,4,0.0061945596944445605,0.014375233047272212,0.007498857475177628,0.023885817324386882,-0.0022968412211811554,0.008597265118590571,0.004229260042526828,0.008690248393635525,0.013862267878009352,0.0328448125926678,0.014003554301085908,0.06723598391490682,220,33,29,4,38,3,0,0,146,19,33,33,44,,0.4318181818181818,0.08636363636363636,0.6551724137931034,NOT_ESTIMABLE,,,PROVISIONAL_SMALL_REQUEST_N,0.25,0.6363636363636364,PROVISIONAL_SMALL_REQUEST_N,0.5454545454545454,0.7631578947368421,NOT_PRIMARY; use physical units and frozen spans
16,f16-d1f0e127f1c7,FORMAL_10K,HELDOUT_TRIPLE_AUDIT,STRICT_LUMPED,f12d43eace12231077007dc497fee8dad00fbe58cb2f1fe2c6159c47636b97a0,all_candidates,all_finite_diagnostic,emx_minus_frozen_proxy,Ls_nH,nH,33,0.009846138216158139,0.015058635316157561,0.0033481814329480637,0.005149398351042889,0.02877053295308212,0.036557807575018406,PROVISIONAL_SMALL_REQUEST_N,4,0.0061379645405147095,0.015680612861991655,0.008104731818141187,0.021752355937680105,-0.0030644370779836913,0.01205102084064116,0.00458105110363205,0.006455668922960012,0.013927662420448739,0.03913033034348792,0.014466256494429456,0.041679437318652424,220,33,29,4,38,3,0,0,146,19,33,33,44,,0.4318181818181818,0.08636363636363636,0.6551724137931034,NOT_ESTIMABLE,,,PROVISIONAL_SMALL_REQUEST_N,0.25,0.6363636363636364,PROVISIONAL_SMALL_REQUEST_N,0.5454545454545454,0.7631578947368421,NOT_PRIMARY; use physical units and frozen spans
16,f16-d1f0e127f1c7,FORMAL_10K,HELDOUT_TRIPLE_AUDIT,STRICT_LUMPED,f12d43eace12231077007dc497fee8dad00fbe58cb2f1fe2c6159c47636b97a0,all_candidates,all_finite_diagnostic,emx_minus_frozen_proxy,Qmin,dimensionless,33,0.2595327048654957,0.3727728386025863,-0.15536641213701002,0.163412569736213,0.6671683917869221,0.8064835274899558,PROVISIONAL_SMALL_REQUEST_N,4,0.12374213892364724,0.4438199015008614,0.15664343767666444,0.542445538992381,-0.37703410192716846,-0.02270827524763632,0.09163923409984065,0.5409500093633719,0.26334390421802323,0.8257711533745182,0.2734966358109625,0.9328882233752314,220,33,29,4,38,3,0,0,146,19,33,33,44,,0.4318181818181818,0.08636363636363636,0.6551724137931034,NOT_ESTIMABLE,,,PROVISIONAL_SMALL_REQUEST_N,0.25,0.6363636363636364,PROVISIONAL_SMALL_REQUEST_N,0.5454545454545454,0.7631578947368421,NOT_PRIMARY; use physical units and frozen spans
16,f16-d1f0e127f1c7,FORMAL_10K,HELDOUT_TRIPLE_AUDIT,STRICT_LUMPED,f12d43eace12231077007dc497fee8dad00fbe58cb2f1fe2c6159c47636b97a0,all_candidates,all_finite_diagnostic,emx_minus_frozen_proxy,K_abs,dimensionless,33,0.007638114250466433,0.010078876597640977,0.003278081231202518,0.005234274377531656,0.014741350114318144,0.020891785903132978,PROVISIONAL_SMALL_REQUEST_N,4,0.005833192914186707,0.009567089474570118,0.006952594498686706,0.012585517738760288,0.0013502642052245796,0.005231834063379218,0.004838171177408729,0.006210750606403054,0.010956881665842855,0.02249064076381002,0.01143699253471267,0.03142116416405105,220,33,29,4,38,3,0,0,146,19,33,33,44,,0.4318181818181818,0.08636363636363636,0.6551724137931034,NOT_ESTIMABLE,,,PROVISIONAL_SMALL_REQUEST_N,0.25,0.6363636363636364,PROVISIONAL_SMALL_REQUEST_N,0.5454545454545454,0.7631578947368421,NOT_PRIMARY; use physical units and frozen spans
16,f16-d1f0e127f1c7,FORMAL_10K,HELDOUT_TRIPLE_AUDIT,STRICT_LUMPED,f12d43eace12231077007dc497fee8dad00fbe58cb2f1fe2c6159c47636b97a0,selected_q_proxy,strict_valid,emx_minus_target,Lp_nH,nH,3,0.006800794939763784,0.008300705126896846,-0.0026378724526607833,0.006244383730654501,0.011559254087105498,0.01222361288166187,PROVISIONAL_SMALL_REQUEST_N,3,0.0012700294124186051,0.012887971676218246,0.0012700294124186051,0.012887971676218246,-0.012887971676218246,0.006244383730654501,0.0012700294124186051,0.012887971676218246,0.0012700294124186051,0.012887971676218246,0.0012700294124186051,0.012887971676218246,20,3,3,0,0,1,0,0,16,3,3,3,4,,0.75,0.15,1.0,NOT_ESTIMABLE,,,PROVISIONAL_SMALL_REQUEST_N,0.25,1.0,PROVISIONAL_SMALL_REQUEST_N,1.0,1.0,NOT_PRIMARY; use physical units and frozen spans
16,f16-d1f0e127f1c7,FORMAL_10K,HELDOUT_TRIPLE_AUDIT,STRICT_LUMPED,f12d43eace12231077007dc497fee8dad00fbe58cb2f1fe2c6159c47636b97a0,selected_q_proxy,strict_valid,emx_minus_target,Ls_nH,nH,3,0.0030651220123093146,0.0032123571466480586,0.0004854273918309578,0.003612164220375691,0.003818066388649166,0.0038438041596833505,PROVISIONAL_SMALL_REQUEST_N,3,0.0017136598858347174,0.003869541930717535,0.0017136598858347174,0.003869541930717535,-0.003869541930717535,0.003612164220375691,0.0017136598858347174,0.003869541930717535,0.0017136598858347174,0.003869541930717535,0.0017136598858347174,0.003869541930717535,20,3,3,0,0,1,0,0,16,3,3,3,4,,0.75,0.15,1.0,NOT_ESTIMABLE,,,PROVISIONAL_SMALL_REQUEST_N,0.25,1.0,PROVISIONAL_SMALL_REQUEST_N,1.0,1.0,NOT_PRIMARY; use physical units and frozen spans
16,f16-d1f0e127f1c7,FORMAL_10K,HELDOUT_TRIPLE_AUDIT,STRICT_LUMPED,f12d43eace12231077007dc497fee8dad00fbe58cb2f1fe2c6159c47636b97a0,selected_q_proxy,strict_valid,emx_minus_target,Qmin,dimensionless,3,0.10377273942490046,0.12824064689659959,-0.10377273942490046,0.08053207227147752,0.18046631027731408,0.19295809002804365,PROVISIONAL_SMALL_REQUEST_N,3,0.02533627622445067,0.20544986977877322,0.02533627622445067,0.20544986977877322,-0.20544986977877322,-0.02533627622445067,0.02533627622445067,0.20544986977877322,0.02533627622445067,0.20544986977877322,0.02533627622445067,0.20544986977877322,20,3,3,0,0,1,0,0,16,3,3,3,4,,0.75,0.15,1.0,NOT_ESTIMABLE,,,PROVISIONAL_SMALL_REQUEST_N,0.25,1.0,PROVISIONAL_SMALL_REQUEST_N,1.0,1.0,NOT_PRIMARY; use physical units and frozen spans
16,f16-d1f0e127f1c7,FORMAL_10K,HELDOUT_TRIPLE_AUDIT,STRICT_LUMPED,f12d43eace12231077007dc497fee8dad00fbe58cb2f1fe2c6159c47636b97a0,selected_q_proxy,strict_valid,emx_minus_target,K_abs,dimensionless,3,0.006363205133641646,0.007874013121202079,0.005504457908666706,0.005302526314351019,0.011059679862159411,0.011779324055635459,PROVISIONAL_SMALL_REQUEST_N,3,0.0012881208374624087,0.012498968249111508,0.0012881208374624087,0.012498968249111508,-0.0012881208374624087,0.012498968249111508,0.0012881208374624087,0.012498968249111508,0.0012881208374624087,0.012498968249111508,0.0012881208374624087,0.012498968249111508,20,3,3,0,0,1,0,0,16,3,3,3,4,,0.75,0.15,1.0,NOT_ESTIMABLE,,,PROVISIONAL_SMALL_REQUEST_N,0.25,1.0,PROVISIONAL_SMALL_REQUEST_N,1.0,1.0,NOT_PRIMARY; use physical units and frozen spans
16,f16-d1f0e127f1c7,FORMAL_10K,HELDOUT_TRIPLE_AUDIT,STRICT_LUMPED,f12d43eace12231077007dc497fee8dad00fbe58cb2f1fe2c6159c47636b97a0,selected_q_proxy,strict_valid,emx_minus_frozen_proxy,Lp_nH,nH,3,0.007438504691241262,0.009265217772462728,-0.004311797678038354,0.004690060519804362,0.013054404952411326,0.014099948006487194,PROVISIONAL_SMALL_REQUEST_N,3,0.002479962493356358,0.015145491060563065,0.002479962493356358,0.015145491060563065,-0.015145491060563065,0.004690060519804362,0.002479962493356358,0.015145491060563065,0.002479962493356358,0.015145491060563065,0.002479962493356358,0.015145491060563065,20,3,3,0,0,1,0,0,16,3,3,3,4,,0.75,0.15,1.0,NOT_ESTIMABLE,,,PROVISIONAL_SMALL_REQUEST_N,0.25,1.0,PROVISIONAL_SMALL_REQUEST_N,1.0,1.0,NOT_PRIMARY; use physical units and frozen spans
16,f16-d1f0e127f1c7,FORMAL_10K,HELDOUT_TRIPLE_AUDIT,STRICT_LUMPED,f12d43eace12231077007dc497fee8dad00fbe58cb2f1fe2c6159c47636b97a0,selected_q_proxy,strict_valid,emx_minus_frozen_proxy,Ls_nH,nH,3,0.001055121011490523,0.0017362305422847105,-0.0009474601780152433,0.00014076262134032902,0.0024312499516749853,0.002717560867966817,PROVISIONAL_SMALL_REQUEST_N,3,2.0728628872590527e-05,0.0030038717842586493,2.0728628872590527e-05,0.0030038717842586493,-0.0030038717842586493,0.00014076262134032902,2.0728628872590527e-05,0.0030038717842586493,2.0728628872590527e-05,0.0030038717842586493,2.0728628872590527e-05,0.0030038717842586493,20,3,3,0,0,1,0,0,16,3,3,3,4,,0.75,0.15,1.0,NOT_ESTIMABLE,,,PROVISIONAL_SMALL_REQUEST_N,0.25,1.0,PROVISIONAL_SMALL_REQUEST_N,1.0,1.0,NOT_PRIMARY; use physical units and frozen spans
16,f16-d1f0e127f1c7,FORMAL_10K,HELDOUT_TRIPLE_AUDIT,STRICT_LUMPED,f12d43eace12231077007dc497fee8dad00fbe58cb2f1fe2c6159c47636b97a0,selected_q_proxy,strict_valid,emx_minus_frozen_proxy,Qmin,dimensionless,3,0.10975482052027807,0.1336034869341676,-0.10975482052027807,0.09443187543309861,0.1867039125112008,0.19823791714596356,PROVISIONAL_SMALL_REQUEST_N,3,0.025060664347009265,0.20977192178072634,0.025060664347009265,0.20977192178072634,-0.20977192178072634,-0.025060664347009265,0.025060664347009265,0.20977192178072634,0.025060664347009265,0.20977192178072634,0.025060664347009265,0.20977192178072634,20,3,3,0,0,1,0,0,16,3,3,3,4,,0.75,0.15,1.0,NOT_ESTIMABLE,,,PROVISIONAL_SMALL_REQUEST_N,0.25,1.0,PROVISIONAL_SMALL_REQUEST_N,1.0,1.0,NOT_PRIMARY; use physical units and frozen spans
16,f16-d1f0e127f1c7,FORMAL_10K,HELDOUT_TRIPLE_AUDIT,STRICT_LUMPED,f12d43eace12231077007dc497fee8dad00fbe58cb2f1fe2c6159c47636b97a0,selected_q_proxy,strict_valid,emx_minus_frozen_proxy,K_abs,dimensionless,3,0.005886735898868382,0.007368650931779933,0.004506052437503423,0.0034881658937613857,0.010378446467389335,0.011239731539092829,PROVISIONAL_SMALL_REQUEST_N,3,0.0020710251920474376,0.012101016610796322,0.0020710251920474376,0.012101016610796322,-0.0020710251920474376,0.012101016610796322,0.0020710251920474376,0.012101016610796322,0.0020710251920474376,0.012101016610796322,0.0020710251920474376,0.012101016610796322,20,3,3,0,0,1,0,0,16,3,3,3,4,,0.75,0.15,1.0,NOT_ESTIMABLE,,,PROVISIONAL_SMALL_REQUEST_N,0.25,1.0,PROVISIONAL_SMALL_REQUEST_N,1.0,1.0,NOT_PRIMARY; use physical units and frozen spans
16,f16-d1f0e127f1c7,FORMAL_10K,HELDOUT_TRIPLE_AUDIT,STRICT_LUMPED,f12d43eace12231077007dc497fee8dad00fbe58cb2f1fe2c6159c47636b97a0,selected_q_proxy,all_finite_diagnostic,emx_minus_target,Lp_nH,nH,3,0.006800794939763784,0.008300705126896846,-0.0026378724526607833,0.006244383730654501,0.011559254087105498,0.01222361288166187,PROVISIONAL_SMALL_REQUEST_N,3,0.0012700294124186051,0.012887971676218246,0.0012700294124186051,0.012887971676218246,-0.012887971676218246,0.006244383730654501,0.0012700294124186051,0.012887971676218246,0.0012700294124186051,0.012887971676218246,0.0012700294124186051,0.012887971676218246,20,3,3,0,0,1,0,0,16,3,3,3,4,,0.75,0.15,1.0,NOT_ESTIMABLE,,,PROVISIONAL_SMALL_REQUEST_N,0.25,1.0,PROVISIONAL_SMALL_REQUEST_N,1.0,1.0,NOT_PRIMARY; use physical units and frozen spans
16,f16-d1f0e127f1c7,FORMAL_10K,HELDOUT_TRIPLE_AUDIT,STRICT_LUMPED,f12d43eace12231077007dc497fee8dad00fbe58cb2f1fe2c6159c47636b97a0,selected_q_proxy,all_finite_diagnostic,emx_minus_target,Ls_nH,nH,3,0.0030651220123093146,0.0032123571466480586,0.0004854273918309578,0.003612164220375691,0.003818066388649166,0.0038438041596833505,PROVISIONAL_SMALL_REQUEST_N,3,0.0017136598858347174,0.003869541930717535,0.0017136598858347174,0.003869541930717535,-0.003869541930717535,0.003612164220375691,0.0017136598858347174,0.003869541930717535,0.0017136598858347174,0.003869541930717535,0.0017136598858347174,0.003869541930717535,20,3,3,0,0,1,0,0,16,3,3,3,4,,0.75,0.15,1.0,NOT_ESTIMABLE,,,PROVISIONAL_SMALL_REQUEST_N,0.25,1.0,PROVISIONAL_SMALL_REQUEST_N,1.0,1.0,NOT_PRIMARY; use physical units and frozen spans
16,f16-d1f0e127f1c7,FORMAL_10K,HELDOUT_TRIPLE_AUDIT,STRICT_LUMPED,f12d43eace12231077007dc497fee8dad00fbe58cb2f1fe2c6159c47636b97a0,selected_q_proxy,all_finite_diagnostic,emx_minus_target,Qmin,dimensionless,3,0.10377273942490046,0.12824064689659959,-0.10377273942490046,0.08053207227147752,0.18046631027731408,0.19295809002804365,PROVISIONAL_SMALL_REQUEST_N,3,0.02533627622445067,0.20544986977877322,0.02533627622445067,0.20544986977877322,-0.20544986977877322,-0.02533627622445067,0.02533627622445067,0.20544986977877322,0.02533627622445067,0.20544986977877322,0.02533627622445067,0.20544986977877322,20,3,3,0,0,1,0,0,16,3,3,3,4,,0.75,0.15,1.0,NOT_ESTIMABLE,,,PROVISIONAL_SMALL_REQUEST_N,0.25,1.0,PROVISIONAL_SMALL_REQUEST_N,1.0,1.0,NOT_PRIMARY; use physical units and frozen spans
16,f16-d1f0e127f1c7,FORMAL_10K,HELDOUT_TRIPLE_AUDIT,STRICT_LUMPED,f12d43eace12231077007dc497fee8dad00fbe58cb2f1fe2c6159c47636b97a0,selected_q_proxy,all_finite_diagnostic,emx_minus_target,K_abs,dimensionless,3,0.006363205133641646,0.007874013121202079,0.005504457908666706,0.005302526314351019,0.011059679862159411,0.011779324055635459,PROVISIONAL_SMALL_REQUEST_N,3,0.0012881208374624087,0.012498968249111508,0.0012881208374624087,0.012498968249111508,-0.0012881208374624087,0.012498968249111508,0.0012881208374624087,0.012498968249111508,0.0012881208374624087,0.012498968249111508,0.0012881208374624087,0.012498968249111508,20,3,3,0,0,1,0,0,16,3,3,3,4,,0.75,0.15,1.0,NOT_ESTIMABLE,,,PROVISIONAL_SMALL_REQUEST_N,0.25,1.0,PROVISIONAL_SMALL_REQUEST_N,1.0,1.0,NOT_PRIMARY; use physical units and frozen spans
16,f16-d1f0e127f1c7,FORMAL_10K,HELDOUT_TRIPLE_AUDIT,STRICT_LUMPED,f12d43eace12231077007dc497fee8dad00fbe58cb2f1fe2c6159c47636b97a0,selected_q_proxy,all_finite_diagnostic,emx_minus_frozen_proxy,Lp_nH,nH,3,0.007438504691241262,0.009265217772462728,-0.004311797678038354,0.004690060519804362,0.013054404952411326,0.014099948006487194,PROVISIONAL_SMALL_REQUEST_N,3,0.002479962493356358,0.015145491060563065,0.002479962493356358,0.015145491060563065,-0.015145491060563065,0.004690060519804362,0.002479962493356358,0.015145491060563065,0.002479962493356358,0.015145491060563065,0.002479962493356358,0.015145491060563065,20,3,3,0,0,1,0,0,16,3,3,3,4,,0.75,0.15,1.0,NOT_ESTIMABLE,,,PROVISIONAL_SMALL_REQUEST_N,0.25,1.0,PROVISIONAL_SMALL_REQUEST_N,1.0,1.0,NOT_PRIMARY; use physical units and frozen spans
16,f16-d1f0e127f1c7,FORMAL_10K,HELDOUT_TRIPLE_AUDIT,STRICT_LUMPED,f12d43eace12231077007dc497fee8dad00fbe58cb2f1fe2c6159c47636b97a0,selected_q_proxy,all_finite_diagnostic,emx_minus_frozen_proxy,Ls_nH,nH,3,0.001055121011490523,0.0017362305422847105,-0.0009474601780152433,0.00014076262134032902,0.0024312499516749853,0.002717560867966817,PROVISIONAL_SMALL_REQUEST_N,3,2.0728628872590527e-05,0.0030038717842586493,2.0728628872590527e-05,0.0030038717842586493,-0.0030038717842586493,0.00014076262134032902,2.0728628872590527e-05,0.0030038717842586493,2.0728628872590527e-05,0.0030038717842586493,2.0728628872590527e-05,0.0030038717842586493,20,3,3,0,0,1,0,0,16,3,3,3,4,,0.75,0.15,1.0,NOT_ESTIMABLE,,,PROVISIONAL_SMALL_REQUEST_N,0.25,1.0,PROVISIONAL_SMALL_REQUEST_N,1.0,1.0,NOT_PRIMARY; use physical units and frozen spans
16,f16-d1f0e127f1c7,FORMAL_10K,HELDOUT_TRIPLE_AUDIT,STRICT_LUMPED,f12d43eace12231077007dc497fee8dad00fbe58cb2f1fe2c6159c47636b97a0,selected_q_proxy,all_finite_diagnostic,emx_minus_frozen_proxy,Qmin,dimensionless,3,0.10975482052027807,0.1336034869341676,-0.10975482052027807,0.09443187543309861,0.1867039125112008,0.19823791714596356,PROVISIONAL_SMALL_REQUEST_N,3,0.025060664347009265,0.20977192178072634,0.025060664347009265,0.20977192178072634,-0.20977192178072634,-0.025060664347009265,0.025060664347009265,0.20977192178072634,0.025060664347009265,0.20977192178072634,0.025060664347009265,0.20977192178072634,20,3,3,0,0,1,0,0,16,3,3,3,4,,0.75,0.15,1.0,NOT_ESTIMABLE,,,PROVISIONAL_SMALL_REQUEST_N,0.25,1.0,PROVISIONAL_SMALL_REQUEST_N,1.0,1.0,NOT_PRIMARY; use physical units and frozen spans
16,f16-d1f0e127f1c7,FORMAL_10K,HELDOUT_TRIPLE_AUDIT,STRICT_LUMPED,f12d43eace12231077007dc497fee8dad00fbe58cb2f1fe2c6159c47636b97a0,selected_q_proxy,all_finite_diagnostic,emx_minus_frozen_proxy,K_abs,dimensionless,3,0.005886735898868382,0.007368650931779933,0.004506052437503423,0.0034881658937613857,0.010378446467389335,0.011239731539092829,PROVISIONAL_SMALL_REQUEST_N,3,0.0020710251920474376,0.012101016610796322,0.0020710251920474376,0.012101016610796322,-0.0020710251920474376,0.012101016610796322,0.0020710251920474376,0.012101016610796322,0.0020710251920474376,0.012101016610796322,0.0020710251920474376,0.012101016610796322,20,3,3,0,0,1,0,0,16,3,3,3,4,,0.75,0.15,1.0,NOT_ESTIMABLE,,,PROVISIONAL_SMALL_REQUEST_N,0.25,1.0,PROVISIONAL_SMALL_REQUEST_N,1.0,1.0,NOT_PRIMARY; use physical units and frozen spans
17,f17-7b878ff5d5dc,FORMAL_10K,HELDOUT_TRIPLE_AUDIT,STRICT_LUMPED,f12d43eace12231077007dc497fee8dad00fbe58cb2f1fe2c6159c47636b97a0,all_candidates,strict_valid,emx_minus_target,Lp_nH,nH,27,0.031728277544085186,0.06873172889583046,-0.00195770174400166,0.010227602722606033,0.06582555732399503,0.09756203299689749,PROVISIONAL_SMALL_REQUEST_N,4,0.01758870805470177,0.0688565946006152,0.023122953298693797,0.13356800671279964,-0.048121345214537155,0.011616195425685268,0.005198687811006186,0.018788427084121873,0.026723252722939628,0.31443874130164007,0.03835656942955179,0.31443874130164007,220,30,27,3,47,3,0,0,140,19,30,30,44,,0.4318181818181818,0.08636363636363636,0.7037037037037037,NOT_ESTIMABLE,,,PROVISIONAL_SMALL_REQUEST_N,0.2727272727272727,0.5909090909090909,PROVISIONAL_SMALL_REQUEST_N,0.6666666666666666,0.7352941176470589,NOT_PRIMARY; use physical units and frozen spans
17,f17-7b878ff5d5dc,FORMAL_10K,HELDOUT_TRIPLE_AUDIT,STRICT_LUMPED,f12d43eace12231077007dc497fee8dad00fbe58cb2f1fe2c6159c47636b97a0,all_candidates,strict_valid,emx_minus_target,Ls_nH,nH,27,0.03267654425986372,0.049608804345304444,-0.020280764238931298,0.018083410239781328,0.09867370185495897,0.10576270353063183,PROVISIONAL_SMALL_REQUEST_N,4,0.0215703525273809,0.03953464707867959,0.031060884305157774,0.059705358871020235,-0.031210790497994186,-0.013141812937197747,0.007435354828555507,0.02296827064858631,0.03549254796001966,0.10838335463162574,0.06259466148501636,0.12665394663087715,220,30,27,3,47,3,0,0,140,19,30,30,44,,0.4318181818181818,0.08636363636363636,0.7037037037037037,NOT_ESTIMABLE,,,PROVISIONAL_SMALL_REQUEST_N,0.2727272727272727,0.5909090909090909,PROVISIONAL_SMALL_REQUEST_N,0.6666666666666666,0.7352941176470589,NOT_PRIMARY; use physical units and frozen spans
17,f17-7b878ff5d5dc,FORMAL_10K,HELDOUT_TRIPLE_AUDIT,STRICT_LUMPED,f12d43eace12231077007dc497fee8dad00fbe58cb2f1fe2c6159c47636b97a0,all_candidates,strict_valid,emx_minus_target,Qmin,dimensionless,27,0.7038924365270808,1.0194753829785936,0.06766427318818675,0.4532183234632754,2.037917547010974,2.336640541232871,PROVISIONAL_SMALL_REQUEST_N,4,0.4617571211293754,0.8703604658630032,0.6022190530069977,1.246034960443104,-0.14708430504719663,0.49716142965895355,0.171116813525245,0.4886041904053302,1.095478840698327,2.4617736810861697,1.1708118062569597,2.472963122292505,220,30,27,3,47,3,0,0,140,19,30,30,44,,0.4318181818181818,0.08636363636363636,0.7037037037037037,NOT_ESTIMABLE,,,PROVISIONAL_SMALL_REQUEST_N,0.2727272727272727,0.5909090909090909,PROVISIONAL_SMALL_REQUEST_N,0.6666666666666666,0.7352941176470589,NOT_PRIMARY; use physical units and frozen spans
17,f17-7b878ff5d5dc,FORMAL_10K,HELDOUT_TRIPLE_AUDIT,STRICT_LUMPED,f12d43eace12231077007dc497fee8dad00fbe58cb2f1fe2c6159c47636b97a0,all_candidates,strict_valid,emx_minus_target,K_abs,dimensionless,27,0.017488747876057472,0.02364267097947075,0.006694358618829157,0.013501306468333973,0.03368275241626986,0.05316923540088592,PROVISIONAL_SMALL_REQUEST_N,4,0.008195155440012303,0.022135544094080056,0.010660181593418834,0.027957898718661413,-0.0005092017388566218,0.012064236546161969,0.004310405214877494,0.017451051853213967,0.017686651637159774,0.048039920846173395,0.01873430761883349,0.06128085268263633,220,30,27,3,47,3,0,0,140,19,30,30,44,,0.4318181818181818,0.08636363636363636,0.7037037037037037,NOT_ESTIMABLE,,,PROVISIONAL_SMALL_REQUEST_N,0.2727272727272727,0.5909090909090909,PROVISIONAL_SMALL_REQUEST_N,0.6666666666666666,0.7352941176470589,NOT_PRIMARY; use physical units and frozen spans
17,f17-7b878ff5d5dc,FORMAL_10K,HELDOUT_TRIPLE_AUDIT,STRICT_LUMPED,f12d43eace12231077007dc497fee8dad00fbe58cb2f1fe2c6159c47636b97a0,all_candidates,strict_valid,emx_minus_frozen_proxy,Lp_nH,nH,27,0.012016959668016636,0.014310369290703947,0.00902248211969052,0.009422360467400415,0.023836825194713022,0.026891600664222647,PROVISIONAL_SMALL_REQUEST_N,4,0.0104011440509262,0.013790315051872611,0.012892424598244193,0.016034688425975475,0.003128141386350682,0.012201914751475964,0.007172883202564817,0.012080419014059096,0.01844816263642548,0.026089388258364293,0.018455979939179912,0.03108168286513391,220,30,27,3,47,3,0,0,140,19,30,30,44,,0.4318181818181818,0.08636363636363636,0.7037037037037037,NOT_ESTIMABLE,,,PROVISIONAL_SMALL_REQUEST_N,0.2727272727272727,0.5909090909090909,PROVISIONAL_SMALL_REQUEST_N,0.6666666666666666,0.7352941176470589,NOT_PRIMARY; use physical units and frozen spans
17,f17-7b878ff5d5dc,FORMAL_10K,HELDOUT_TRIPLE_AUDIT,STRICT_LUMPED,f12d43eace12231077007dc497fee8dad00fbe58cb2f1fe2c6159c47636b97a0,all_candidates,strict_valid,emx_minus_frozen_proxy,Ls_nH,nH,27,0.00817478434782727,0.011616124904940277,0.0036562772827176846,0.0060514913363285405,0.018473490542713623,0.025950237077375246,PROVISIONAL_SMALL_REQUEST_N,4,0.006183889086046569,0.010507377565460658,0.0076157632495683384,0.014024850374552145,-0.005242039313997372,0.008105435581075213,0.00447272374953922,0.007768518719146522,0.009507853427559663,0.02488323166136608,0.01322226916659126,0.03220564140608739,220,30,27,3,47,3,0,0,140,19,30,30,44,,0.4318181818181818,0.08636363636363636,0.7037037037037037,NOT_ESTIMABLE,,,PROVISIONAL_SMALL_REQUEST_N,0.2727272727272727,0.5909090909090909,PROVISIONAL_SMALL_REQUEST_N,0.6666666666666666,0.7352941176470589,NOT_PRIMARY; use physical units and frozen spans
17,f17-7b878ff5d5dc,FORMAL_10K,HELDOUT_TRIPLE_AUDIT,STRICT_LUMPED,f12d43eace12231077007dc497fee8dad00fbe58cb2f1fe2c6159c47636b97a0,all_candidates,strict_valid,emx_minus_frozen_proxy,Qmin,dimensionless,27,0.29855895348351097,0.43470004916409327,0.058139821826424604,0.18278735881345298,0.7119428659561301,0.9204428598058692,PROVISIONAL_SMALL_REQUEST_N,4,0.1937105958107131,0.4664915307939917,0.26253154726258565,0.6371028931101705,-0.0809669564742481,0.21250929264339818,0.16418462679771295,0.22754378511031703,0.3517295457526739,1.1741541221391234,0.5558999449561027,1.3439930592858271,220,30,27,3,47,3,0,0,140,19,30,30,44,,0.4318181818181818,0.08636363636363636,0.7037037037037037,NOT_ESTIMABLE,,,PROVISIONAL_SMALL_REQUEST_N,0.2727272727272727,0.5909090909090909,PROVISIONAL_SMALL_REQUEST_N,0.6666666666666666,0.7352941176470589,NOT_PRIMARY; use physical units and frozen spans
17,f17-7b878ff5d5dc,FORMAL_10K,HELDOUT_TRIPLE_AUDIT,STRICT_LUMPED,f12d43eace12231077007dc497fee8dad00fbe58cb2f1fe2c6159c47636b97a0,all_candidates,strict_valid,emx_minus_frozen_proxy,K_abs,dimensionless,27,0.015613774674605728,0.018998760166074838,0.008294728131068116,0.015610594130289701,0.028851835677207692,0.03268547629325184,PROVISIONAL_SMALL_REQUEST_N,4,0.007900214322855781,0.0194705548504807,0.010415015314096807,0.022072450244039796,-0.0018498994063591676,0.015641081915319426,0.003695299374182004,0.017941120532736388,0.01842295823688513,0.03232734883136282,0.01897506197494689,0.04464513198124659,220,30,27,3,47,3,0,0,140,19,30,30,44,,0.4318181818181818,0.08636363636363636,0.7037037037037037,NOT_ESTIMABLE,,,PROVISIONAL_SMALL_REQUEST_N,0.2727272727272727,0.5909090909090909,PROVISIONAL_SMALL_REQUEST_N,0.6666666666666666,0.7352941176470589,NOT_PRIMARY; use physical units and frozen spans
17,f17-7b878ff5d5dc,FORMAL_10K,HELDOUT_TRIPLE_AUDIT,STRICT_LUMPED,f12d43eace12231077007dc497fee8dad00fbe58cb2f1fe2c6159c47636b97a0,all_candidates,all_finite_diagnostic,emx_minus_target,Lp_nH,nH,30,0.035474197520609714,0.07155900942301384,0.0017084694247160007,0.010596330083551653,0.07366092955019074,0.13339190014192823,PROVISIONAL_SMALL_REQUEST_N,4,0.020589518945721048,0.05838758935521823,0.03505703819429439,0.11809711810844707,-0.03674675832741959,0.022286938149156544,0.005220878641904125,0.019735529534151697,0.03326332254272349,0.26598597546631997,0.050289833125785534,0.31443874130164007,220,30,27,3,47,3,0,0,140,19,30,30,44,,0.4318181818181818,0.08636363636363636,0.7037037037037037,NOT_ESTIMABLE,,,PROVISIONAL_SMALL_REQUEST_N,0.2727272727272727,0.5909090909090909,PROVISIONAL_SMALL_REQUEST_N,0.6666666666666666,0.7352941176470589,NOT_PRIMARY; use physical units and frozen spans
17,f17-7b878ff5d5dc,FORMAL_10K,HELDOUT_TRIPLE_AUDIT,STRICT_LUMPED,f12d43eace12231077007dc497fee8dad00fbe58cb2f1fe2c6159c47636b97a0,all_candidates,all_finite_diagnostic,emx_minus_target,Ls_nH,nH,30,0.0361520301691058,0.05277597248581318,-0.02121619311647488,0.022603806425221862,0.10052140132864405,0.11114435726937556,PROVISIONAL_SMALL_REQUEST_N,4,0.02414932524459863,0.04771538785609097,0.03702568036139724,0.06337108367584579,-0.04213886261934829,-0.008486057040926162,0.007435354828555507,0.03219632512244286,0.04397333897876225,0.11340335942753454,0.08703923272591213,0.12665394663087715,220,30,27,3,47,3,0,0,140,19,30,30,44,,0.4318181818181818,0.08636363636363636,0.7037037037037037,NOT_ESTIMABLE,,,PROVISIONAL_SMALL_REQUEST_N,0.2727272727272727,0.5909090909090909,PROVISIONAL_SMALL_REQUEST_N,0.6666666666666666,0.7352941176470589,NOT_PRIMARY; use physical units and frozen spans
17,f17-7b878ff5d5dc,FORMAL_10K,HELDOUT_TRIPLE_AUDIT,STRICT_LUMPED,f12d43eace12231077007dc497fee8dad00fbe58cb2f1fe2c6159c47636b97a0,all_candidates,all_finite_diagnostic,emx_minus_target,Qmin,dimensionless,30,0.749221787898053,1.0508349871937677,0.1545542384633474,0.45488184887085836,2.0345447130622065,2.274073971306221,PROVISIONAL_SMALL_REQUEST_N,4,0.6107775845095385,0.8703604658630032,0.804232520112206,1.2430576138437965,-0.06251249608776174,0.5294876890516268,0.33093303644551497,0.4886041904053302,1.4597800651820663,2.4200626344684046,1.5767566951273522,2.472963122292505,220,30,27,3,47,3,0,0,140,19,30,30,44,,0.4318181818181818,0.08636363636363636,0.7037037037037037,NOT_ESTIMABLE,,,PROVISIONAL_SMALL_REQUEST_N,0.2727272727272727,0.5909090909090909,PROVISIONAL_SMALL_REQUEST_N,0.6666666666666666,0.7352941176470589,NOT_PRIMARY; use physical units and frozen spans
17,f17-7b878ff5d5dc,FORMAL_10K,HELDOUT_TRIPLE_AUDIT,STRICT_LUMPED,f12d43eace12231077007dc497fee8dad00fbe58cb2f1fe2c6159c47636b97a0,all_candidates,all_finite_diagnostic,emx_minus_target,K_abs,dimensionless,30,0.01889910504530675,0.026486290659342222,0.009184154713801268,0.01394132587221196,0.03778129173674835,0.061092912230279614,PROVISIONAL_SMALL_REQUEST_N,4,0.008460443226351613,0.026019897389700692,0.01078981915371591,0.034643973602390986,0.0010213049402032165,0.017205121326951036,0.004310405214877494,0.01972744515638991,0.017237656216442465,0.06098850086785922,0.018659475048713937,0.0754684821758938,220,30,27,3,47,3,0,0,140,19,30,30,44,,0.4318181818181818,0.08636363636363636,0.7037037037037037,NOT_ESTIMABLE,,,PROVISIONAL_SMALL_REQUEST_N,0.2727272727272727,0.5909090909090909,PROVISIONAL_SMALL_REQUEST_N,0.6666666666666666,0.7352941176470589,NOT_PRIMARY; use physical units and frozen spans
17,f17-7b878ff5d5dc,FORMAL_10K,HELDOUT_TRIPLE_AUDIT,STRICT_LUMPED,f12d43eace12231077007dc497fee8dad00fbe58cb2f1fe2c6159c47636b97a0,all_candidates,all_finite_diagnostic,emx_minus_frozen_proxy,Lp_nH,nH,30,0.013748277497527044,0.016833181204702615,0.011053247704033538,0.010741900700737883,0.025287175852505932,0.029557141457360093,PROVISIONAL_SMALL_REQUEST_N,4,0.01092636077013884,0.01683515766233106,0.012992826163121416,0.020353418766580582,0.007687230276420598,0.015163969656695198,0.007172883202564817,0.018377806911635597,0.01844816263642548,0.028710174008596892,0.02157649456719024,0.04546217045403367,220,30,27,3,47,3,0,0,140,19,30,30,44,,0.4318181818181818,0.08636363636363636,0.7037037037037037,NOT_ESTIMABLE,,,PROVISIONAL_SMALL_REQUEST_N,0.2727272727272727,0.5909090909090909,PROVISIONAL_SMALL_REQUEST_N,0.6666666666666666,0.7352941176470589,NOT_PRIMARY; use physical units and frozen spans
17,f17-7b878ff5d5dc,FORMAL_10K,HELDOUT_TRIPLE_AUDIT,STRICT_LUMPED,f12d43eace12231077007dc497fee8dad00fbe58cb2f1fe2c6159c47636b97a0,all_candidates,all_finite_diagnostic,emx_minus_frozen_proxy,Ls_nH,nH,30,0.009446615714634924,0.01400646112095643,0.004200591215068739,0.006790927572275007,0.022749220829347747,0.030110938113973106,PROVISIONAL_SMALL_REQUEST_N,4,0.006183889086046569,0.013587274598320513,0.008203158936965027,0.018885371149015433,-0.0058971705400445214,0.010302860155105778,0.00447272374953922,0.008437542053744918,0.013545838870692828,0.02894721406279854,0.014401070934892735,0.04498877193319806,220,30,27,3,47,3,0,0,140,19,30,30,44,,0.4318181818181818,0.08636363636363636,0.7037037037037037,NOT_ESTIMABLE,,,PROVISIONAL_SMALL_REQUEST_N,0.2727272727272727,0.5909090909090909,PROVISIONAL_SMALL_REQUEST_N,0.6666666666666666,0.7352941176470589,NOT_PRIMARY; use physical units and frozen spans
17,f17-7b878ff5d5dc,FORMAL_10K,HELDOUT_TRIPLE_AUDIT,STRICT_LUMPED,f12d43eace12231077007dc497fee8dad00fbe58cb2f1fe2c6159c47636b97a0,all_candidates,all_finite_diagnostic,emx_minus_frozen_proxy,Qmin,dimensionless,30,0.3326944853935407,0.4650012163185499,0.08294283404440209,0.20378594172370335,0.7484396401154917,0.9851516230646707,PROVISIONAL_SMALL_REQUEST_N,4,0.23351119737375556,0.47067204930558176,0.32883188739475,0.6347731264108638,0.0019909507715620833,0.21250929264339818,0.17665259145346823,0.22754378511031703,0.5743388182687913,1.1401863347097834,0.7034109314576042,1.3439930592858271,220,30,27,3,47,3,0,0,140,19,30,30,44,,0.4318181818181818,0.08636363636363636,0.7037037037037037,NOT_ESTIMABLE,,,PROVISIONAL_SMALL_REQUEST_N,0.2727272727272727,0.5909090909090909,PROVISIONAL_SMALL_REQUEST_N,0.6666666666666666,0.7352941176470589,NOT_PRIMARY; use physical units and frozen spans
17,f17-7b878ff5d5dc,FORMAL_10K,HELDOUT_TRIPLE_AUDIT,STRICT_LUMPED,f12d43eace12231077007dc497fee8dad00fbe58cb2f1fe2c6159c47636b97a0,all_candidates,all_finite_diagnostic,emx_minus_frozen_proxy,K_abs,dimensionless,30,0.016399505161556426,0.021178531600991948,0.009717819795940892,0.0150796009471863,0.03161109390758477,0.03950502295842401,PROVISIONAL_SMALL_REQUEST_N,4,0.007386306313020539,0.02161767291597194,0.009790833037547686,0.026481658755289232,-0.0008489053102417435,0.01925930214608928,0.003695299374182004,0.01863225612711661,0.018186342349144374,0.03664940683463379,0.018935625993656762,0.060265798094814305,220,30,27,3,47,3,0,0,140,19,30,30,44,,0.4318181818181818,0.08636363636363636,0.7037037037037037,NOT_ESTIMABLE,,,PROVISIONAL_SMALL_REQUEST_N,0.2727272727272727,0.5909090909090909,PROVISIONAL_SMALL_REQUEST_N,0.6666666666666666,0.7352941176470589,NOT_PRIMARY; use physical units and frozen spans
17,f17-7b878ff5d5dc,FORMAL_10K,HELDOUT_TRIPLE_AUDIT,STRICT_LUMPED,f12d43eace12231077007dc497fee8dad00fbe58cb2f1fe2c6159c47636b97a0,selected_q_proxy,strict_valid,emx_minus_target,Lp_nH,nH,4,0.01054132363006699,0.012268792532388785,0.01054132363006699,0.008820578903059872,0.017546123205708877,0.019114377594945192,PROVISIONAL_SMALL_REQUEST_N,4,0.0054380292281265286,0.01736536275901457,0.005904149285318271,0.01829121781317169,0.0054380292281265286,0.01736536275901457,0.003841504729966694,0.02068263198418152,0.007413555083513712,0.02068263198418152,0.007413555083513712,0.02068263198418152,20,4,4,0,0,0,0,0,16,4,4,4,4,,1.0,0.2,1.0,NOT_ESTIMABLE,,,PROVISIONAL_SMALL_REQUEST_N,1.0,1.0,PROVISIONAL_SMALL_REQUEST_N,1.0,1.0,NOT_PRIMARY; use physical units and frozen spans
17,f17-7b878ff5d5dc,FORMAL_10K,HELDOUT_TRIPLE_AUDIT,STRICT_LUMPED,f12d43eace12231077007dc497fee8dad00fbe58cb2f1fe2c6159c47636b97a0,selected_q_proxy,strict_valid,emx_minus_target,Ls_nH,nH,4,0.008895140124946244,0.011837488970600525,0.002224530975982464,0.005494413005998844,0.017231366387083807,0.019735354294470604,PROVISIONAL_SMALL_REQUEST_N,4,0.0031508165859337467,0.01804019078290614,0.0034409430751910475,0.019451146531798406,-0.005494413005998844,0.015318822519879982,0.002352392285929872,0.022239342201857415,0.0045879803259407225,0.022239342201857415,0.005067034905943045,0.022239342201857415,20,4,4,0,0,0,0,0,16,4,4,4,4,,1.0,0.2,1.0,NOT_ESTIMABLE,,,PROVISIONAL_SMALL_REQUEST_N,1.0,1.0,PROVISIONAL_SMALL_REQUEST_N,1.0,1.0,NOT_PRIMARY; use physical units and frozen spans
17,f17-7b878ff5d5dc,FORMAL_10K,HELDOUT_TRIPLE_AUDIT,STRICT_LUMPED,f12d43eace12231077007dc497fee8dad00fbe58cb2f1fe2c6159c47636b97a0,selected_q_proxy,strict_valid,emx_minus_target,Qmin,dimensionless,4,0.15881577283275217,0.1871857458837697,-0.003900700149896963,0.16271647298264913,0.26126112512266086,0.27692523274601694,PROVISIONAL_SMALL_REQUEST_N,4,0.05997109280066937,0.253759752714938,0.09525840886362552,0.26252089960646346,-0.16271647298264913,0.18512425783912168,0.01724080499633729,0.2925893403693731,0.13688561084846712,0.2925893403693731,0.13727098975163265,0.2925893403693731,20,4,4,0,0,0,0,0,16,4,4,4,4,,1.0,0.2,1.0,NOT_ESTIMABLE,,,PROVISIONAL_SMALL_REQUEST_N,1.0,1.0,PROVISIONAL_SMALL_REQUEST_N,1.0,1.0,NOT_PRIMARY; use physical units and frozen spans
17,f17-7b878ff5d5dc,FORMAL_10K,HELDOUT_TRIPLE_AUDIT,STRICT_LUMPED,f12d43eace12231077007dc497fee8dad00fbe58cb2f1fe2c6159c47636b97a0,selected_q_proxy,strict_valid,emx_minus_target,K_abs,dimensionless,4,0.011130141939583959,0.014042549095365241,-0.0035428126645649476,0.00957351296380684,0.020788376391357444,0.02199131592878303,PROVISIONAL_SMALL_REQUEST_N,4,0.0030758268710445943,0.019184457008123323,0.0032038251856945864,0.020184772493625443,-0.01794051319078485,0.010387902068134603,0.002179286364513533,0.023194255466208624,0.003972367377575656,0.023194255466208624,0.003972367377575656,0.023194255466208624,20,4,4,0,0,0,0,0,16,4,4,4,4,,1.0,0.2,1.0,NOT_ESTIMABLE,,,PROVISIONAL_SMALL_REQUEST_N,1.0,1.0,PROVISIONAL_SMALL_REQUEST_N,1.0,1.0,NOT_PRIMARY; use physical units and frozen spans
17,f17-7b878ff5d5dc,FORMAL_10K,HELDOUT_TRIPLE_AUDIT,STRICT_LUMPED,f12d43eace12231077007dc497fee8dad00fbe58cb2f1fe2c6159c47636b97a0,selected_q_proxy,strict_valid,emx_minus_frozen_proxy,Lp_nH,nH,4,0.009546976855243416,0.009730899203192802,0.009546976855243416,0.009315299690992984,0.011640397578144368,0.011860408296101731,PROVISIONAL_SMALL_REQUEST_N,4,0.007746903756285617,0.011347049954201216,0.007751607947019895,0.01137072437626973,0.007746903756285617,0.011347049954201216,0.007476889024928601,0.012080419014059096,0.008016918487642632,0.012080419014059096,0.008016918487642632,0.012080419014059096,20,4,4,0,0,0,0,0,16,4,4,4,4,,1.0,0.2,1.0,NOT_ESTIMABLE,,,PROVISIONAL_SMALL_REQUEST_N,1.0,1.0,PROVISIONAL_SMALL_REQUEST_N,1.0,1.0,NOT_PRIMARY; use physical units and frozen spans
17,f17-7b878ff5d5dc,FORMAL_10K,HELDOUT_TRIPLE_AUDIT,STRICT_LUMPED,f12d43eace12231077007dc497fee8dad00fbe58cb2f1fe2c6159c47636b97a0,selected_q_proxy,strict_valid,emx_minus_frozen_proxy,Ls_nH,nH,4,0.006869988753517409,0.008793323651208308,0.0016340950608045857,0.005235893692712823,0.012827666971895548,0.01436510179143153,PROVISIONAL_SMALL_REQUEST_N,4,0.002242466050105918,0.013131606517733485,0.0029842646763908608,0.013981174860552689,-0.005235893692712823,0.010722198398717797,0.0011056310176764672,0.01590253661096752,0.00428876910847893,0.01590253661096752,0.004818816238031376,0.01590253661096752,20,4,4,0,0,0,0,0,16,4,4,4,4,,1.0,0.2,1.0,NOT_ESTIMABLE,,,PROVISIONAL_SMALL_REQUEST_N,1.0,1.0,PROVISIONAL_SMALL_REQUEST_N,1.0,1.0,NOT_PRIMARY; use physical units and frozen spans
17,f17-7b878ff5d5dc,FORMAL_10K,HELDOUT_TRIPLE_AUDIT,STRICT_LUMPED,f12d43eace12231077007dc497fee8dad00fbe58cb2f1fe2c6159c47636b97a0,selected_q_proxy,strict_valid,emx_minus_frozen_proxy,Qmin,dimensionless,4,0.16534868031871408,0.205109410250047,0.029089517058965342,0.13625916325974874,0.30359224847471167,0.32766089711369273,PROVISIONAL_SMALL_REQUEST_N,4,0.05919664368135802,0.2841087689045132,0.06316989843674996,0.3073035973643724,-0.13625916325974874,0.24348554972449765,0.037146849002684945,0.3517295457526739,0.08124643836003109,0.3517295457526739,0.08124643836003109,0.3517295457526739,20,4,4,0,0,0,0,0,16,4,4,4,4,,1.0,0.2,1.0,NOT_ESTIMABLE,,,PROVISIONAL_SMALL_REQUEST_N,1.0,1.0,PROVISIONAL_SMALL_REQUEST_N,1.0,1.0,NOT_PRIMARY; use physical units and frozen spans
17,f17-7b878ff5d5dc,FORMAL_10K,HELDOUT_TRIPLE_AUDIT,STRICT_LUMPED,f12d43eace12231077007dc497fee8dad00fbe58cb2f1fe2c6159c47636b97a0,selected_q_proxy,strict_valid,emx_minus_frozen_proxy,K_abs,dimensionless,4,0.01087771569830728,0.013595251405630573,-0.003072418633162429,0.009525271053080465,0.019970228885033678,0.02090443633247881,PROVISIONAL_SMALL_REQUEST_N,4,0.003030812441507734,0.018724618955106825,0.003058302787671125,0.018990868387964342,-0.017034402061729022,0.010847958603749468,0.002621676907144238,0.02183864377992395,0.00343994797587123,0.02183864377992395,0.00343994797587123,0.02183864377992395,20,4,4,0,0,0,0,0,16,4,4,4,4,,1.0,0.2,1.0,NOT_ESTIMABLE,,,PROVISIONAL_SMALL_REQUEST_N,1.0,1.0,PROVISIONAL_SMALL_REQUEST_N,1.0,1.0,NOT_PRIMARY; use physical units and frozen spans
17,f17-7b878ff5d5dc,FORMAL_10K,HELDOUT_TRIPLE_AUDIT,STRICT_LUMPED,f12d43eace12231077007dc497fee8dad00fbe58cb2f1fe2c6159c47636b97a0,selected_q_proxy,all_finite_diagnostic,emx_minus_target,Lp_nH,nH,4,0.01054132363006699,0.012268792532388785,0.01054132363006699,0.008820578903059872,0.017546123205708877,0.019114377594945192,PROVISIONAL_SMALL_REQUEST_N,4,0.0054380292281265286,0.01736536275901457,0.005904149285318271,0.01829121781317169,0.0054380292281265286,0.01736536275901457,0.003841504729966694,0.02068263198418152,0.007413555083513712,0.02068263198418152,0.007413555083513712,0.02068263198418152,20,4,4,0,0,0,0,0,16,4,4,4,4,,1.0,0.2,1.0,NOT_ESTIMABLE,,,PROVISIONAL_SMALL_REQUEST_N,1.0,1.0,PROVISIONAL_SMALL_REQUEST_N,1.0,1.0,NOT_PRIMARY; use physical units and frozen spans
17,f17-7b878ff5d5dc,FORMAL_10K,HELDOUT_TRIPLE_AUDIT,STRICT_LUMPED,f12d43eace12231077007dc497fee8dad00fbe58cb2f1fe2c6159c47636b97a0,selected_q_proxy,all_finite_diagnostic,emx_minus_target,Ls_nH,nH,4,0.008895140124946244,0.011837488970600525,0.002224530975982464,0.005494413005998844,0.017231366387083807,0.019735354294470604,PROVISIONAL_SMALL_REQUEST_N,4,0.0031508165859337467,0.01804019078290614,0.0034409430751910475,0.019451146531798406,-0.005494413005998844,0.015318822519879982,0.002352392285929872,0.022239342201857415,0.0045879803259407225,0.022239342201857415,0.005067034905943045,0.022239342201857415,20,4,4,0,0,0,0,0,16,4,4,4,4,,1.0,0.2,1.0,NOT_ESTIMABLE,,,PROVISIONAL_SMALL_REQUEST_N,1.0,1.0,PROVISIONAL_SMALL_REQUEST_N,1.0,1.0,NOT_PRIMARY; use physical units and frozen spans
17,f17-7b878ff5d5dc,FORMAL_10K,HELDOUT_TRIPLE_AUDIT,STRICT_LUMPED,f12d43eace12231077007dc497fee8dad00fbe58cb2f1fe2c6159c47636b97a0,selected_q_proxy,all_finite_diagnostic,emx_minus_target,Qmin,dimensionless,4,0.15881577283275217,0.1871857458837697,-0.003900700149896963,0.16271647298264913,0.26126112512266086,0.27692523274601694,PROVISIONAL_SMALL_REQUEST_N,4,0.05997109280066937,0.253759752714938,0.09525840886362552,0.26252089960646346,-0.16271647298264913,0.18512425783912168,0.01724080499633729,0.2925893403693731,0.13688561084846712,0.2925893403693731,0.13727098975163265,0.2925893403693731,20,4,4,0,0,0,0,0,16,4,4,4,4,,1.0,0.2,1.0,NOT_ESTIMABLE,,,PROVISIONAL_SMALL_REQUEST_N,1.0,1.0,PROVISIONAL_SMALL_REQUEST_N,1.0,1.0,NOT_PRIMARY; use physical units and frozen spans
17,f17-7b878ff5d5dc,FORMAL_10K,HELDOUT_TRIPLE_AUDIT,STRICT_LUMPED,f12d43eace12231077007dc497fee8dad00fbe58cb2f1fe2c6159c47636b97a0,selected_q_proxy,all_finite_diagnostic,emx_minus_target,K_abs,dimensionless,4,0.011130141939583959,0.014042549095365241,-0.0035428126645649476,0.00957351296380684,0.020788376391357444,0.02199131592878303,PROVISIONAL_SMALL_REQUEST_N,4,0.0030758268710445943,0.019184457008123323,0.0032038251856945864,0.020184772493625443,-0.01794051319078485,0.010387902068134603,0.002179286364513533,0.023194255466208624,0.003972367377575656,0.023194255466208624,0.003972367377575656,0.023194255466208624,20,4,4,0,0,0,0,0,16,4,4,4,4,,1.0,0.2,1.0,NOT_ESTIMABLE,,,PROVISIONAL_SMALL_REQUEST_N,1.0,1.0,PROVISIONAL_SMALL_REQUEST_N,1.0,1.0,NOT_PRIMARY; use physical units and frozen spans
17,f17-7b878ff5d5dc,FORMAL_10K,HELDOUT_TRIPLE_AUDIT,STRICT_LUMPED,f12d43eace12231077007dc497fee8dad00fbe58cb2f1fe2c6159c47636b97a0,selected_q_proxy,all_finite_diagnostic,emx_minus_frozen_proxy,Lp_nH,nH,4,0.009546976855243416,0.009730899203192802,0.009546976855243416,0.009315299690992984,0.011640397578144368,0.011860408296101731,PROVISIONAL_SMALL_REQUEST_N,4,0.007746903756285617,0.011347049954201216,0.007751607947019895,0.01137072437626973,0.007746903756285617,0.011347049954201216,0.007476889024928601,0.012080419014059096,0.008016918487642632,0.012080419014059096,0.008016918487642632,0.012080419014059096,20,4,4,0,0,0,0,0,16,4,4,4,4,,1.0,0.2,1.0,NOT_ESTIMABLE,,,PROVISIONAL_SMALL_REQUEST_N,1.0,1.0,PROVISIONAL_SMALL_REQUEST_N,1.0,1.0,NOT_PRIMARY; use physical units and frozen spans
17,f17-7b878ff5d5dc,FORMAL_10K,HELDOUT_TRIPLE_AUDIT,STRICT_LUMPED,f12d43eace12231077007dc497fee8dad00fbe58cb2f1fe2c6159c47636b97a0,selected_q_proxy,all_finite_diagnostic,emx_minus_frozen_proxy,Ls_nH,nH,4,0.006869988753517409,0.008793323651208308,0.0016340950608045857,0.005235893692712823,0.012827666971895548,0.01436510179143153,PROVISIONAL_SMALL_REQUEST_N,4,0.002242466050105918,0.013131606517733485,0.0029842646763908608,0.013981174860552689,-0.005235893692712823,0.010722198398717797,0.0011056310176764672,0.01590253661096752,0.00428876910847893,0.01590253661096752,0.004818816238031376,0.01590253661096752,20,4,4,0,0,0,0,0,16,4,4,4,4,,1.0,0.2,1.0,NOT_ESTIMABLE,,,PROVISIONAL_SMALL_REQUEST_N,1.0,1.0,PROVISIONAL_SMALL_REQUEST_N,1.0,1.0,NOT_PRIMARY; use physical units and frozen spans
17,f17-7b878ff5d5dc,FORMAL_10K,HELDOUT_TRIPLE_AUDIT,STRICT_LUMPED,f12d43eace12231077007dc497fee8dad00fbe58cb2f1fe2c6159c47636b97a0,selected_q_proxy,all_finite_diagnostic,emx_minus_frozen_proxy,Qmin,dimensionless,4,0.16534868031871408,0.205109410250047,0.029089517058965342,0.13625916325974874,0.30359224847471167,0.32766089711369273,PROVISIONAL_SMALL_REQUEST_N,4,0.05919664368135802,0.2841087689045132,0.06316989843674996,0.3073035973643724,-0.13625916325974874,0.24348554972449765,0.037146849002684945,0.3517295457526739,0.08124643836003109,0.3517295457526739,0.08124643836003109,0.3517295457526739,20,4,4,0,0,0,0,0,16,4,4,4,4,,1.0,0.2,1.0,NOT_ESTIMABLE,,,PROVISIONAL_SMALL_REQUEST_N,1.0,1.0,PROVISIONAL_SMALL_REQUEST_N,1.0,1.0,NOT_PRIMARY; use physical units and frozen spans
17,f17-7b878ff5d5dc,FORMAL_10K,HELDOUT_TRIPLE_AUDIT,STRICT_LUMPED,f12d43eace12231077007dc497fee8dad00fbe58cb2f1fe2c6159c47636b97a0,selected_q_proxy,all_finite_diagnostic,emx_minus_frozen_proxy,K_abs,dimensionless,4,0.01087771569830728,0.013595251405630573,-0.003072418633162429,0.009525271053080465,0.019970228885033678,0.02090443633247881,PROVISIONAL_SMALL_REQUEST_N,4,0.003030812441507734,0.018724618955106825,0.003058302787671125,0.018990868387964342,-0.017034402061729022,0.010847958603749468,0.002621676907144238,0.02183864377992395,0.00343994797587123,0.02183864377992395,0.00343994797587123,0.02183864377992395,20,4,4,0,0,0,0,0,16,4,4,4,4,,1.0,0.2,1.0,NOT_ESTIMABLE,,,PROVISIONAL_SMALL_REQUEST_N,1.0,1.0,PROVISIONAL_SMALL_REQUEST_N,1.0,1.0,NOT_PRIMARY; use physical units and frozen spans
18,f18-1a136fda6a2a,FORMAL_10K,HELDOUT_TRIPLE_AUDIT,STRICT_LUMPED,f12d43eace12231077007dc497fee8dad00fbe58cb2f1fe2c6159c47636b97a0,all_candidates,strict_valid,emx_minus_target,Lp_nH,nH,33,0.026161142301581064,0.04294292177352431,0.012886012204211641,0.015563198279055723,0.05912277497339978,0.09560308119517878,PROVISIONAL_SMALL_REQUEST_N,4,0.019166948676279737,0.03565326222163286,0.024483944268665094,0.05980749356863557,0.004284336090910554,0.024559715500834547,0.012537000075526827,0.0169286811419308,0.043046082190263,0.11018352642453233,0.04876580722642221,0.16490349060569764,220,36,33,3,45,3,0,0,136,22,36,36,44,,0.5,0.1,0.6666666666666666,NOT_ESTIMABLE,,,PROVISIONAL_SMALL_REQUEST_N,0.45454545454545453,0.5454545454545454,PROVISIONAL_SMALL_REQUEST_N,0.5789473684210527,0.7857142857142857,NOT_PRIMARY; use physical units and frozen spans
18,f18-1a136fda6a2a,FORMAL_10K,HELDOUT_TRIPLE_AUDIT,STRICT_LUMPED,f12d43eace12231077007dc497fee8dad00fbe58cb2f1fe2c6159c47636b97a0,all_candidates,strict_valid,emx_minus_target,Ls_nH,nH,33,0.06263738600912698,0.11154137380704418,-0.028858443128966065,0.014978465239413263,0.18031947519793645,0.2776659848095796,PROVISIONAL_SMALL_REQUEST_N,4,0.024424498585952286,0.09261239720881922,0.050337390705224166,0.14834102760369117,-0.06955250336540604,0.02636921004905963,0.008676657263671506,0.055940865843438825,0.03275651124605046,0.3263133029450259,0.11394386262351514,0.37007152411691735,220,36,33,3,45,3,0,0,136,22,36,36,44,,0.5,0.1,0.6666666666666666,NOT_ESTIMABLE,,,PROVISIONAL_SMALL_REQUEST_N,0.45454545454545453,0.5454545454545454,PROVISIONAL_SMALL_REQUEST_N,0.5789473684210527,0.7857142857142857,NOT_PRIMARY; use physical units and frozen spans
18,f18-1a136fda6a2a,FORMAL_10K,HELDOUT_TRIPLE_AUDIT,STRICT_LUMPED,f12d43eace12231077007dc497fee8dad00fbe58cb2f1fe2c6159c47636b97a0,all_candidates,strict_valid,emx_minus_target,Qmin,dimensionless,33,1.0332474230438733,1.8719111793050565,0.323666583772784,0.4085668382447665,3.0237234019332764,4.920216377892113,PROVISIONAL_SMALL_REQUEST_N,4,0.3379436715206085,1.6680468057140458,0.4461473008224633,2.710934042171886,-0.5918311048091185,1.235863858761456,0.3637833340616625,0.5437637861053659,0.5924016898205764,5.617856961766012,0.9496775479574142,6.1525011767900715,220,36,33,3,45,3,0,0,136,22,36,36,44,,0.5,0.1,0.6666666666666666,NOT_ESTIMABLE,,,PROVISIONAL_SMALL_REQUEST_N,0.45454545454545453,0.5454545454545454,PROVISIONAL_SMALL_REQUEST_N,0.5789473684210527,0.7857142857142857,NOT_PRIMARY; use physical units and frozen spans
18,f18-1a136fda6a2a,FORMAL_10K,HELDOUT_TRIPLE_AUDIT,STRICT_LUMPED,f12d43eace12231077007dc497fee8dad00fbe58cb2f1fe2c6159c47636b97a0,all_candidates,strict_valid,emx_minus_target,K_abs,dimensionless,33,0.03090613641445296,0.049471698928780485,0.02754764788773858,0.013105306674995987,0.08833067001305514,0.11420431216959874,PROVISIONAL_SMALL_REQUEST_N,4,0.01679947168944429,0.04130052094866987,0.02212477685177386,0.06264807242727762,0.008883034447903254,0.04130052094866987,0.008638769263357271,0.018146905766112054,0.036336771294974174,0.12827724488251882,0.04300596065308152,0.15874952989527516,220,36,33,3,45,3,0,0,136,22,36,36,44,,0.5,0.1,0.6666666666666666,NOT_ESTIMABLE,,,PROVISIONAL_SMALL_REQUEST_N,0.45454545454545453,0.5454545454545454,PROVISIONAL_SMALL_REQUEST_N,0.5789473684210527,0.7857142857142857,NOT_PRIMARY; use physical units and frozen spans
18,f18-1a136fda6a2a,FORMAL_10K,HELDOUT_TRIPLE_AUDIT,STRICT_LUMPED,f12d43eace12231077007dc497fee8dad00fbe58cb2f1fe2c6159c47636b97a0,all_candidates,strict_valid,emx_minus_frozen_proxy,Lp_nH,nH,33,0.01432191156721004,0.018368796457029945,-0.003696336604324981,0.011245339651331676,0.03247567351689447,0.03527463893812661,PROVISIONAL_SMALL_REQUEST_N,4,0.007939100665421618,0.02032926300418738,0.01188346766333124,0.023777891327600848,-0.013224221269504156,0.004241868495657711,0.006416425046416763,0.020191880932800554,0.013288520159009687,0.03964436655892167,0.023670586471701782,0.044679907560200016,220,36,33,3,45,3,0,0,136,22,36,36,44,,0.5,0.1,0.6666666666666666,NOT_ESTIMABLE,,,PROVISIONAL_SMALL_REQUEST_N,0.45454545454545453,0.5454545454545454,PROVISIONAL_SMALL_REQUEST_N,0.5789473684210527,0.7857142857142857,NOT_PRIMARY; use physical units and frozen spans
18,f18-1a136fda6a2a,FORMAL_10K,HELDOUT_TRIPLE_AUDIT,STRICT_LUMPED,f12d43eace12231077007dc497fee8dad00fbe58cb2f1fe2c6159c47636b97a0,all_candidates,strict_valid,emx_minus_frozen_proxy,Ls_nH,nH,33,0.00870453520511318,0.01104954712879481,0.0024465754305429983,0.007771702733479602,0.019297322998042103,0.022564515170361153,PROVISIONAL_SMALL_REQUEST_N,4,0.006044681875835324,0.012314336151990266,0.007423193112960783,0.014594715540575055,-0.0013629151143876562,0.004742560683911941,0.004790479576834761,0.01247014958810888,0.012352687362169879,0.023606306700734492,0.012830513032536416,0.02462691476861023,220,36,33,3,45,3,0,0,136,22,36,36,44,,0.5,0.1,0.6666666666666666,NOT_ESTIMABLE,,,PROVISIONAL_SMALL_REQUEST_N,0.45454545454545453,0.5454545454545454,PROVISIONAL_SMALL_REQUEST_N,0.5789473684210527,0.7857142857142857,NOT_PRIMARY; use physical units and frozen spans
18,f18-1a136fda6a2a,FORMAL_10K,HELDOUT_TRIPLE_AUDIT,STRICT_LUMPED,f12d43eace12231077007dc497fee8dad00fbe58cb2f1fe2c6159c47636b97a0,all_candidates,strict_valid,emx_minus_frozen_proxy,Qmin,dimensionless,33,0.3784807974842894,0.6264584008273185,-0.20633106845444432,0.2436311639542641,0.9448921166351776,1.6574160410102463,PROVISIONAL_SMALL_REQUEST_N,4,0.1954449582562877,0.576990382728222,0.23298805299211636,0.8996172012892011,-0.33075503735075323,-0.04532728862884637,0.20351541139444507,0.26610346066770063,0.32150313691810783,1.775144594630472,0.3706722794140665,2.108153272672819,220,36,33,3,45,3,0,0,136,22,36,36,44,,0.5,0.1,0.6666666666666666,NOT_ESTIMABLE,,,PROVISIONAL_SMALL_REQUEST_N,0.45454545454545453,0.5454545454545454,PROVISIONAL_SMALL_REQUEST_N,0.5789473684210527,0.7857142857142857,NOT_PRIMARY; use physical units and frozen spans
18,f18-1a136fda6a2a,FORMAL_10K,HELDOUT_TRIPLE_AUDIT,STRICT_LUMPED,f12d43eace12231077007dc497fee8dad00fbe58cb2f1fe2c6159c47636b97a0,all_candidates,strict_valid,emx_minus_frozen_proxy,K_abs,dimensionless,33,0.020228276067429538,0.02947923985884873,0.015238899680150467,0.012940264883836594,0.041163547925739015,0.06276806363005477,PROVISIONAL_SMALL_REQUEST_N,4,0.010688889877277345,0.029700942493256003,0.015648144580630203,0.04043160541389262,0.00597780350582399,0.027564520207279813,0.00521533287523724,0.021069990011847783,0.031790594171385494,0.08962806244509769,0.0320423961946881,0.0899198058623264,220,36,33,3,45,3,0,0,136,22,36,36,44,,0.5,0.1,0.6666666666666666,NOT_ESTIMABLE,,,PROVISIONAL_SMALL_REQUEST_N,0.45454545454545453,0.5454545454545454,PROVISIONAL_SMALL_REQUEST_N,0.5789473684210527,0.7857142857142857,NOT_PRIMARY; use physical units and frozen spans
18,f18-1a136fda6a2a,FORMAL_10K,HELDOUT_TRIPLE_AUDIT,STRICT_LUMPED,f12d43eace12231077007dc497fee8dad00fbe58cb2f1fe2c6159c47636b97a0,all_candidates,all_finite_diagnostic,emx_minus_target,Lp_nH,nH,36,0.029656389156410192,0.046384516646667075,0.006136835807233121,0.01687415465809844,0.07632621761046632,0.10659191562926479,PROVISIONAL_SMALL_REQUEST_N,4,0.019166948676279737,0.04312710227340082,0.024483944268665094,0.06512349725046855,0.00357472982580529,0.010193580818254428,0.013775756724266675,0.02140392422720916,0.042331116560743086,0.1087827982143778,0.04876580722642221,0.16490349060569764,220,36,33,3,45,3,0,0,136,22,36,36,44,,0.5,0.1,0.6666666666666666,NOT_ESTIMABLE,,,PROVISIONAL_SMALL_REQUEST_N,0.45454545454545453,0.5454545454545454,PROVISIONAL_SMALL_REQUEST_N,0.5789473684210527,0.7857142857142857,NOT_PRIMARY; use physical units and frozen spans
18,f18-1a136fda6a2a,FORMAL_10K,HELDOUT_TRIPLE_AUDIT,STRICT_LUMPED,f12d43eace12231077007dc497fee8dad00fbe58cb2f1fe2c6159c47636b97a0,all_candidates,all_finite_diagnostic,emx_minus_target,Ls_nH,nH,36,0.06783388377532208,0.11950574768797247,-0.018817168874716392,0.017744080946785534,0.21724558344981726,0.31995000575596494,PROVISIONAL_SMALL_REQUEST_N,4,0.02768821304921034,0.09681683034832335,0.06670791834663325,0.15096796928615638,-0.06497218699378902,0.04579985649198529,0.008676657263671506,0.058798883997610296,0.055940865843438825,0.3263133029450259,0.1232163989668375,0.37007152411691735,220,36,33,3,45,3,0,0,136,22,36,36,44,,0.5,0.1,0.6666666666666666,NOT_ESTIMABLE,,,PROVISIONAL_SMALL_REQUEST_N,0.45454545454545453,0.5454545454545454,PROVISIONAL_SMALL_REQUEST_N,0.5789473684210527,0.7857142857142857,NOT_PRIMARY; use physical units and frozen spans
18,f18-1a136fda6a2a,FORMAL_10K,HELDOUT_TRIPLE_AUDIT,STRICT_LUMPED,f12d43eace12231077007dc497fee8dad00fbe58cb2f1fe2c6159c47636b97a0,all_candidates,all_finite_diagnostic,emx_minus_target,Qmin,dimensionless,36,1.0516271342414032,1.841568541898571,0.2810872298567871,0.4109840950648378,2.8101542727928877,4.74580623192364,PROVISIONAL_SMALL_REQUEST_N,4,0.45952305548257577,1.6803864963449477,0.7051868409391189,2.66449359706888,-0.4282043825611937,1.1898889001759843,0.3637833340616625,0.5437637861053659,1.1420568561849436,5.617856961766012,1.7028245223057863,6.1525011767900715,220,36,33,3,45,3,0,0,136,22,36,36,44,,0.5,0.1,0.6666666666666666,NOT_ESTIMABLE,,,PROVISIONAL_SMALL_REQUEST_N,0.45454545454545453,0.5454545454545454,PROVISIONAL_SMALL_REQUEST_N,0.5789473684210527,0.7857142857142857,NOT_PRIMARY; use physical units and frozen spans
18,f18-1a136fda6a2a,FORMAL_10K,HELDOUT_TRIPLE_AUDIT,STRICT_LUMPED,f12d43eace12231077007dc497fee8dad00fbe58cb2f1fe2c6159c47636b97a0,all_candidates,all_finite_diagnostic,emx_minus_target,K_abs,dimensionless,36,0.03304086131594465,0.05107400951833255,0.029962246833123138,0.013163940257465201,0.09294884843278656,0.11068607899136876,PROVISIONAL_SMALL_REQUEST_N,4,0.016426476639259092,0.044908278942148626,0.021569457356824258,0.06433888618202546,0.009037801880487457,0.044908278942148626,0.008799734281446647,0.020930561672230147,0.036336771294974174,0.12827724488251882,0.041979931521064995,0.15874952989527516,220,36,33,3,45,3,0,0,136,22,36,36,44,,0.5,0.1,0.6666666666666666,NOT_ESTIMABLE,,,PROVISIONAL_SMALL_REQUEST_N,0.45454545454545453,0.5454545454545454,PROVISIONAL_SMALL_REQUEST_N,0.5789473684210527,0.7857142857142857,NOT_PRIMARY; use physical units and frozen spans
18,f18-1a136fda6a2a,FORMAL_10K,HELDOUT_TRIPLE_AUDIT,STRICT_LUMPED,f12d43eace12231077007dc497fee8dad00fbe58cb2f1fe2c6159c47636b97a0,all_candidates,all_finite_diagnostic,emx_minus_frozen_proxy,Lp_nH,nH,36,0.014459872972348218,0.018261730200381555,-0.003367129209586169,0.01162484699258387,0.030603452683433507,0.03502495892044538,PROVISIONAL_SMALL_REQUEST_N,4,0.008367253060624278,0.020552492884072158,0.011873693659379554,0.023249511101194748,-0.012332420928473014,0.0050569537320905205,0.0074125840753553884,0.021350991240862538,0.014074590165245371,0.036273359008851536,0.021145277408719132,0.044679907560200016,220,36,33,3,45,3,0,0,136,22,36,36,44,,0.5,0.1,0.6666666666666666,NOT_ESTIMABLE,,,PROVISIONAL_SMALL_REQUEST_N,0.45454545454545453,0.5454545454545454,PROVISIONAL_SMALL_REQUEST_N,0.5789473684210527,0.7857142857142857,NOT_PRIMARY; use physical units and frozen spans
18,f18-1a136fda6a2a,FORMAL_10K,HELDOUT_TRIPLE_AUDIT,STRICT_LUMPED,f12d43eace12231077007dc497fee8dad00fbe58cb2f1fe2c6159c47636b97a0,all_candidates,all_finite_diagnostic,emx_minus_frozen_proxy,Ls_nH,nH,36,0.009057690113637789,0.011841852877594964,0.0029126915643218005,0.007515491051628742,0.021171009133001073,0.023861458717703427,PROVISIONAL_SMALL_REQUEST_N,4,0.006044681875835324,0.012425169908828778,0.007423193112960783,0.015607463979937165,-0.001439592383506622,0.005809360587924837,0.004790479576834761,0.012340087027245872,0.012352687362169879,0.02462691476861023,0.012830513032536416,0.03147354471494568,220,36,33,3,45,3,0,0,136,22,36,36,44,,0.5,0.1,0.6666666666666666,NOT_ESTIMABLE,,,PROVISIONAL_SMALL_REQUEST_N,0.45454545454545453,0.5454545454545454,PROVISIONAL_SMALL_REQUEST_N,0.5789473684210527,0.7857142857142857,NOT_PRIMARY; use physical units and frozen spans
18,f18-1a136fda6a2a,FORMAL_10K,HELDOUT_TRIPLE_AUDIT,STRICT_LUMPED,f12d43eace12231077007dc497fee8dad00fbe58cb2f1fe2c6159c47636b97a0,all_candidates,all_finite_diagnostic,emx_minus_frozen_proxy,Qmin,dimensionless,36,0.3841631372199188,0.6167937618683859,-0.21878773284395076,0.24603737749396792,0.8417150096929422,1.62798390260519,PROVISIONAL_SMALL_REQUEST_N,4,0.1915010776908672,0.565972791904391,0.22782188040704507,0.8880075786716191,-0.3513363376834932,-0.03321968606859128,0.16339965883462604,0.2801325678645794,0.33311142176079245,1.775144594630472,0.3681700473058279,2.108153272672819,220,36,33,3,45,3,0,0,136,22,36,36,44,,0.5,0.1,0.6666666666666666,NOT_ESTIMABLE,,,PROVISIONAL_SMALL_REQUEST_N,0.45454545454545453,0.5454545454545454,PROVISIONAL_SMALL_REQUEST_N,0.5789473684210527,0.7857142857142857,NOT_PRIMARY; use physical units and frozen spans
18,f18-1a136fda6a2a,FORMAL_10K,HELDOUT_TRIPLE_AUDIT,STRICT_LUMPED,f12d43eace12231077007dc497fee8dad00fbe58cb2f1fe2c6159c47636b97a0,all_candidates,all_finite_diagnostic,emx_minus_frozen_proxy,K_abs,dimensionless,36,0.02128233785096444,0.029954770149517643,0.01670874282929196,0.015054235444044065,0.043598300882496735,0.058918569613935955,PROVISIONAL_SMALL_REQUEST_N,4,0.014667011336083679,0.029700942493256003,0.020604995006939044,0.04043160541389262,0.007374919137618421,0.027951456900726524,0.009595430379525816,0.021069990011847783,0.03482621583856335,0.08962806244509769,0.03647692358215954,0.0899198058623264,220,36,33,3,45,3,0,0,136,22,36,36,44,,0.5,0.1,0.6666666666666666,NOT_ESTIMABLE,,,PROVISIONAL_SMALL_REQUEST_N,0.45454545454545453,0.5454545454545454,PROVISIONAL_SMALL_REQUEST_N,0.5789473684210527,0.7857142857142857,NOT_PRIMARY; use physical units and frozen spans
18,f18-1a136fda6a2a,FORMAL_10K,HELDOUT_TRIPLE_AUDIT,STRICT_LUMPED,f12d43eace12231077007dc497fee8dad00fbe58cb2f1fe2c6159c47636b97a0,selected_q_proxy,strict_valid,emx_minus_target,Lp_nH,nH,4,0.01179558149670859,0.013202458585766618,-0.005252972442547549,0.01174623643681627,0.01816905645728354,0.019009433345804086,PROVISIONAL_SMALL_REQUEST_N,4,0.006441856570204796,0.017198651483104704,0.007078813259818235,0.017801110667871534,-0.01704855393925614,0.0065426090541610415,0.003840042878877181,0.01984981023432464,0.009245175229444902,0.01984981023432464,0.009245175229444902,0.01984981023432464,20,4,4,0,0,0,0,0,16,4,4,4,4,,1.0,0.2,1.0,NOT_ESTIMABLE,,,PROVISIONAL_SMALL_REQUEST_N,1.0,1.0,PROVISIONAL_SMALL_REQUEST_N,1.0,1.0,NOT_PRIMARY; use physical units and frozen spans
18,f18-1a136fda6a2a,FORMAL_10K,HELDOUT_TRIPLE_AUDIT,STRICT_LUMPED,f12d43eace12231077007dc497fee8dad00fbe58cb2f1fe2c6159c47636b97a0,selected_q_proxy,strict_valid,emx_minus_target,Ls_nH,nH,4,0.006476058011595454,0.007239731140067508,0.0006044661327788692,0.005338912170868737,0.01016472023470012,0.010953951996166642,PROVISIONAL_SMALL_REQUEST_N,4,0.0038397048037794868,0.009856434233361827,0.0038562172632528808,0.01038406313051887,-0.007758341403087926,0.005732034997645047,0.0034832239470111714,0.011743183757633169,0.004196185660547802,0.011743183757633169,0.004196185660547802,0.011743183757633169,20,4,4,0,0,0,0,0,16,4,4,4,4,,1.0,0.2,1.0,NOT_ESTIMABLE,,,PROVISIONAL_SMALL_REQUEST_N,1.0,1.0,PROVISIONAL_SMALL_REQUEST_N,1.0,1.0,NOT_PRIMARY; use physical units and frozen spans
18,f18-1a136fda6a2a,FORMAL_10K,HELDOUT_TRIPLE_AUDIT,STRICT_LUMPED,f12d43eace12231077007dc497fee8dad00fbe58cb2f1fe2c6159c47636b97a0,selected_q_proxy,strict_valid,emx_minus_target,Qmin,dimensionless,4,0.20501117652642575,0.22801982155524422,0.02147161499561223,0.17639077306981576,0.3164481041360736,0.3417636135988502,PROVISIONAL_SMALL_REQUEST_N,4,0.12471529267244552,0.313927463837016,0.1301894585438963,0.32714790108776265,-0.2366912207554246,0.17639077306981576,0.10018403690444444,0.36707912306162704,0.15447248616318277,0.36707912306162704,0.15447248616318277,0.36707912306162704,20,4,4,0,0,0,0,0,16,4,4,4,4,,1.0,0.2,1.0,NOT_ESTIMABLE,,,PROVISIONAL_SMALL_REQUEST_N,1.0,1.0,PROVISIONAL_SMALL_REQUEST_N,1.0,1.0,NOT_PRIMARY; use physical units and frozen spans
18,f18-1a136fda6a2a,FORMAL_10K,HELDOUT_TRIPLE_AUDIT,STRICT_LUMPED,f12d43eace12231077007dc497fee8dad00fbe58cb2f1fe2c6159c47636b97a0,selected_q_proxy,strict_valid,emx_minus_target,K_abs,dimensionless,4,0.010038870921292211,0.013316376659754629,0.007760507032693192,0.005533300334049043,0.019526942204457668,0.022316314200220004,PROVISIONAL_SMALL_REQUEST_N,4,0.004269962299143219,0.019968446591286278,0.00427958087614996,0.021861211117804664,-0.001790077610173517,0.019825063852258868,0.0039831968210884,0.025105686195982357,0.0045567277771980386,0.025105686195982357,0.0045567277771980386,0.025105686195982357,20,4,4,0,0,0,0,0,16,4,4,4,4,,1.0,0.2,1.0,NOT_ESTIMABLE,,,PROVISIONAL_SMALL_REQUEST_N,1.0,1.0,PROVISIONAL_SMALL_REQUEST_N,1.0,1.0,NOT_PRIMARY; use physical units and frozen spans
18,f18-1a136fda6a2a,FORMAL_10K,HELDOUT_TRIPLE_AUDIT,STRICT_LUMPED,f12d43eace12231077007dc497fee8dad00fbe58cb2f1fe2c6159c47636b97a0,selected_q_proxy,strict_valid,emx_minus_frozen_proxy,Lp_nH,nH,4,0.011430404080934958,0.011921469254181687,-0.007128885303366278,0.009964254369979164,0.01515686181021575,0.016173465919429943,PROVISIONAL_SMALL_REQUEST_N,4,0.009055455491490394,0.015271502381335317,0.009070906629057464,0.015628867215349635,-0.015271502381335317,0.003849100841215647,0.00860303755513736,0.017190070028644144,0.009515799439408834,0.017190070028644144,0.009515799439408834,0.017190070028644144,20,4,4,0,0,0,0,0,16,4,4,4,4,,1.0,0.2,1.0,NOT_ESTIMABLE,,,PROVISIONAL_SMALL_REQUEST_N,1.0,1.0,PROVISIONAL_SMALL_REQUEST_N,1.0,1.0,NOT_PRIMARY; use physical units and frozen spans
18,f18-1a136fda6a2a,FORMAL_10K,HELDOUT_TRIPLE_AUDIT,STRICT_LUMPED,f12d43eace12231077007dc497fee8dad00fbe58cb2f1fe2c6159c47636b97a0,selected_q_proxy,strict_valid,emx_minus_frozen_proxy,Ls_nH,nH,4,0.008521806423877981,0.009668367947248058,-0.00038110030898333425,0.00819463823867067,0.013344263254036781,0.013556743802293974,PROVISIONAL_SMALL_REQUEST_N,4,0.003982656991395439,0.013060955856360523,0.00398302214217872,0.013080145723257877,-0.009344737046008522,0.008255368242834543,0.003928724867619415,0.013769224350551168,0.004036589115171463,0.013769224350551168,0.004036589115171463,0.013769224350551168,20,4,4,0,0,0,0,0,16,4,4,4,4,,1.0,0.2,1.0,NOT_ESTIMABLE,,,PROVISIONAL_SMALL_REQUEST_N,1.0,1.0,PROVISIONAL_SMALL_REQUEST_N,1.0,1.0,NOT_PRIMARY; use physical units and frozen spans
18,f18-1a136fda6a2a,FORMAL_10K,HELDOUT_TRIPLE_AUDIT,STRICT_LUMPED,f12d43eace12231077007dc497fee8dad00fbe58cb2f1fe2c6159c47636b97a0,selected_q_proxy,strict_valid,emx_minus_frozen_proxy,Qmin,dimensionless,4,0.211122321545957,0.22906297825209657,0.0455299569755927,0.21491253973241342,0.30249661777090237,0.31684067345581546,PROVISIONAL_SMALL_REQUEST_N,4,0.12149903099403137,0.2969553939114262,0.1381972281136268,0.30281586507944097,-0.19982169979966669,0.21491253973241342,0.08347947757827257,0.3311847291407286,0.18993422714239722,0.3311847291407286,0.19426738822351908,0.3311847291407286,20,4,4,0,0,0,0,0,16,4,4,4,4,,1.0,0.2,1.0,NOT_ESTIMABLE,,,PROVISIONAL_SMALL_REQUEST_N,1.0,1.0,PROVISIONAL_SMALL_REQUEST_N,1.0,1.0,NOT_PRIMARY; use physical units and frozen spans
18,f18-1a136fda6a2a,FORMAL_10K,HELDOUT_TRIPLE_AUDIT,STRICT_LUMPED,f12d43eace12231077007dc497fee8dad00fbe58cb2f1fe2c6159c47636b97a0,selected_q_proxy,strict_valid,emx_minus_frozen_proxy,K_abs,dimensionless,4,0.009221080846916474,0.01206747730517869,0.005943335818115014,0.006621424158121184,0.017544234075688996,0.019870707465056748,PROVISIONAL_SMALL_REQUEST_N,4,0.002755060227409123,0.018286758155219116,0.003569969111741851,0.019500762571931778,-0.003244777978542328,0.01700895919506814,0.0014442942169990147,0.022197180854424514,0.005114439046147319,0.022197180854424514,0.0059008986523933805,0.022197180854424514,20,4,4,0,0,0,0,0,16,4,4,4,4,,1.0,0.2,1.0,NOT_ESTIMABLE,,,PROVISIONAL_SMALL_REQUEST_N,1.0,1.0,PROVISIONAL_SMALL_REQUEST_N,1.0,1.0,NOT_PRIMARY; use physical units and frozen spans
18,f18-1a136fda6a2a,FORMAL_10K,HELDOUT_TRIPLE_AUDIT,STRICT_LUMPED,f12d43eace12231077007dc497fee8dad00fbe58cb2f1fe2c6159c47636b97a0,selected_q_proxy,all_finite_diagnostic,emx_minus_target,Lp_nH,nH,4,0.01179558149670859,0.013202458585766618,-0.005252972442547549,0.01174623643681627,0.01816905645728354,0.019009433345804086,PROVISIONAL_SMALL_REQUEST_N,4,0.006441856570204796,0.017198651483104704,0.007078813259818235,0.017801110667871534,-0.01704855393925614,0.0065426090541610415,0.003840042878877181,0.01984981023432464,0.009245175229444902,0.01984981023432464,0.009245175229444902,0.01984981023432464,20,4,4,0,0,0,0,0,16,4,4,4,4,,1.0,0.2,1.0,NOT_ESTIMABLE,,,PROVISIONAL_SMALL_REQUEST_N,1.0,1.0,PROVISIONAL_SMALL_REQUEST_N,1.0,1.0,NOT_PRIMARY; use physical units and frozen spans
18,f18-1a136fda6a2a,FORMAL_10K,HELDOUT_TRIPLE_AUDIT,STRICT_LUMPED,f12d43eace12231077007dc497fee8dad00fbe58cb2f1fe2c6159c47636b97a0,selected_q_proxy,all_finite_diagnostic,emx_minus_target,Ls_nH,nH,4,0.006476058011595454,0.007239731140067508,0.0006044661327788692,0.005338912170868737,0.01016472023470012,0.010953951996166642,PROVISIONAL_SMALL_REQUEST_N,4,0.0038397048037794868,0.009856434233361827,0.0038562172632528808,0.01038406313051887,-0.007758341403087926,0.005732034997645047,0.0034832239470111714,0.011743183757633169,0.004196185660547802,0.011743183757633169,0.004196185660547802,0.011743183757633169,20,4,4,0,0,0,0,0,16,4,4,4,4,,1.0,0.2,1.0,NOT_ESTIMABLE,,,PROVISIONAL_SMALL_REQUEST_N,1.0,1.0,PROVISIONAL_SMALL_REQUEST_N,1.0,1.0,NOT_PRIMARY; use physical units and frozen spans
18,f18-1a136fda6a2a,FORMAL_10K,HELDOUT_TRIPLE_AUDIT,STRICT_LUMPED,f12d43eace12231077007dc497fee8dad00fbe58cb2f1fe2c6159c47636b97a0,selected_q_proxy,all_finite_diagnostic,emx_minus_target,Qmin,dimensionless,4,0.20501117652642575,0.22801982155524422,0.02147161499561223,0.17639077306981576,0.3164481041360736,0.3417636135988502,PROVISIONAL_SMALL_REQUEST_N,4,0.12471529267244552,0.313927463837016,0.1301894585438963,0.32714790108776265,-0.2366912207554246,0.17639077306981576,0.10018403690444444,0.36707912306162704,0.15447248616318277,0.36707912306162704,0.15447248616318277,0.36707912306162704,20,4,4,0,0,0,0,0,16,4,4,4,4,,1.0,0.2,1.0,NOT_ESTIMABLE,,,PROVISIONAL_SMALL_REQUEST_N,1.0,1.0,PROVISIONAL_SMALL_REQUEST_N,1.0,1.0,NOT_PRIMARY; use physical units and frozen spans
18,f18-1a136fda6a2a,FORMAL_10K,HELDOUT_TRIPLE_AUDIT,STRICT_LUMPED,f12d43eace12231077007dc497fee8dad00fbe58cb2f1fe2c6159c47636b97a0,selected_q_proxy,all_finite_diagnostic,emx_minus_target,K_abs,dimensionless,4,0.010038870921292211,0.013316376659754629,0.007760507032693192,0.005533300334049043,0.019526942204457668,0.022316314200220004,PROVISIONAL_SMALL_REQUEST_N,4,0.004269962299143219,0.019968446591286278,0.00427958087614996,0.021861211117804664,-0.001790077610173517,0.019825063852258868,0.0039831968210884,0.025105686195982357,0.0045567277771980386,0.025105686195982357,0.0045567277771980386,0.025105686195982357,20,4,4,0,0,0,0,0,16,4,4,4,4,,1.0,0.2,1.0,NOT_ESTIMABLE,,,PROVISIONAL_SMALL_REQUEST_N,1.0,1.0,PROVISIONAL_SMALL_REQUEST_N,1.0,1.0,NOT_PRIMARY; use physical units and frozen spans
18,f18-1a136fda6a2a,FORMAL_10K,HELDOUT_TRIPLE_AUDIT,STRICT_LUMPED,f12d43eace12231077007dc497fee8dad00fbe58cb2f1fe2c6159c47636b97a0,selected_q_proxy,all_finite_diagnostic,emx_minus_frozen_proxy,Lp_nH,nH,4,0.011430404080934958,0.011921469254181687,-0.007128885303366278,0.009964254369979164,0.01515686181021575,0.016173465919429943,PROVISIONAL_SMALL_REQUEST_N,4,0.009055455491490394,0.015271502381335317,0.009070906629057464,0.015628867215349635,-0.015271502381335317,0.003849100841215647,0.00860303755513736,0.017190070028644144,0.009515799439408834,0.017190070028644144,0.009515799439408834,0.017190070028644144,20,4,4,0,0,0,0,0,16,4,4,4,4,,1.0,0.2,1.0,NOT_ESTIMABLE,,,PROVISIONAL_SMALL_REQUEST_N,1.0,1.0,PROVISIONAL_SMALL_REQUEST_N,1.0,1.0,NOT_PRIMARY; use physical units and frozen spans
18,f18-1a136fda6a2a,FORMAL_10K,HELDOUT_TRIPLE_AUDIT,STRICT_LUMPED,f12d43eace12231077007dc497fee8dad00fbe58cb2f1fe2c6159c47636b97a0,selected_q_proxy,all_finite_diagnostic,emx_minus_frozen_proxy,Ls_nH,nH,4,0.008521806423877981,0.009668367947248058,-0.00038110030898333425,0.00819463823867067,0.013344263254036781,0.013556743802293974,PROVISIONAL_SMALL_REQUEST_N,4,0.003982656991395439,0.013060955856360523,0.00398302214217872,0.013080145723257877,-0.009344737046008522,0.008255368242834543,0.003928724867619415,0.013769224350551168,0.004036589115171463,0.013769224350551168,0.004036589115171463,0.013769224350551168,20,4,4,0,0,0,0,0,16,4,4,4,4,,1.0,0.2,1.0,NOT_ESTIMABLE,,,PROVISIONAL_SMALL_REQUEST_N,1.0,1.0,PROVISIONAL_SMALL_REQUEST_N,1.0,1.0,NOT_PRIMARY; use physical units and frozen spans
18,f18-1a136fda6a2a,FORMAL_10K,HELDOUT_TRIPLE_AUDIT,STRICT_LUMPED,f12d43eace12231077007dc497fee8dad00fbe58cb2f1fe2c6159c47636b97a0,selected_q_proxy,all_finite_diagnostic,emx_minus_frozen_proxy,Qmin,dimensionless,4,0.211122321545957,0.22906297825209657,0.0455299569755927,0.21491253973241342,0.30249661777090237,0.31684067345581546,PROVISIONAL_SMALL_REQUEST_N,4,0.12149903099403137,0.2969553939114262,0.1381972281136268,0.30281586507944097,-0.19982169979966669,0.21491253973241342,0.08347947757827257,0.3311847291407286,0.18993422714239722,0.3311847291407286,0.19426738822351908,0.3311847291407286,20,4,4,0,0,0,0,0,16,4,4,4,4,,1.0,0.2,1.0,NOT_ESTIMABLE,,,PROVISIONAL_SMALL_REQUEST_N,1.0,1.0,PROVISIONAL_SMALL_REQUEST_N,1.0,1.0,NOT_PRIMARY; use physical units and frozen spans
18,f18-1a136fda6a2a,FORMAL_10K,HELDOUT_TRIPLE_AUDIT,STRICT_LUMPED,f12d43eace12231077007dc497fee8dad00fbe58cb2f1fe2c6159c47636b97a0,selected_q_proxy,all_finite_diagnostic,emx_minus_frozen_proxy,K_abs,dimensionless,4,0.009221080846916474,0.01206747730517869,0.005943335818115014,0.006621424158121184,0.017544234075688996,0.019870707465056748,PROVISIONAL_SMALL_REQUEST_N,4,0.002755060227409123,0.018286758155219116,0.003569969111741851,0.019500762571931778,-0.003244777978542328,0.01700895919506814,0.0014442942169990147,0.022197180854424514,0.005114439046147319,0.022197180854424514,0.0059008986523933805,0.022197180854424514,20,4,4,0,0,0,0,0,16,4,4,4,4,,1.0,0.2,1.0,NOT_ESTIMABLE,,,PROVISIONAL_SMALL_REQUEST_N,1.0,1.0,PROVISIONAL_SMALL_REQUEST_N,1.0,1.0,NOT_PRIMARY; use physical units and frozen spans
19,f19-e02801471b97,FORMAL_10K,HELDOUT_TRIPLE_AUDIT,STRICT_LUMPED,f12d43eace12231077007dc497fee8dad00fbe58cb2f1fe2c6159c47636b97a0,all_candidates,strict_valid,emx_minus_target,Lp_nH,nH,19,0.02259749817936889,0.027054139272867744,0.01004556657966144,0.024240842229837245,0.04060417256858231,0.043064835732044025,PROVISIONAL_SMALL_REQUEST_N,3,0.012768351671898623,0.028179570773434248,0.017007625703223957,0.03155400917441805,-0.002781636607875134,0.020222581419245562,0.008358075109032803,0.028058367728283184,0.034225512669383784,0.0521866804596669,0.034225512669383784,0.0521866804596669,220,22,19,3,24,6,0,0,168,15,22,22,33,,0.45454545454545453,0.06818181818181818,0.7894736842105263,NOT_ESTIMABLE,,,PROVISIONAL_SMALL_REQUEST_N,0.36363636363636365,0.5454545454545454,PROVISIONAL_SMALL_REQUEST_N,0.6666666666666666,0.8571428571428571,NOT_PRIMARY; use physical units and frozen spans
19,f19-e02801471b97,FORMAL_10K,HELDOUT_TRIPLE_AUDIT,STRICT_LUMPED,f12d43eace12231077007dc497fee8dad00fbe58cb2f1fe2c6159c47636b97a0,all_candidates,strict_valid,emx_minus_target,Ls_nH,nH,19,0.017710944100785723,0.027094170406654416,-0.00027216625854669925,0.009132847455077697,0.0562776347384345,0.06000408627512116,PROVISIONAL_SMALL_REQUEST_N,3,0.011146745844670422,0.02611794562494472,0.012434441093939643,0.038679620318634,-0.01909460122619557,0.010257307020517045,0.008109490357195881,0.01158854332732423,0.01732095333376349,0.07534706069026076,0.01732095333376349,0.07534706069026076,220,22,19,3,24,6,0,0,168,15,22,22,33,,0.45454545454545453,0.06818181818181818,0.7894736842105263,NOT_ESTIMABLE,,,PROVISIONAL_SMALL_REQUEST_N,0.36363636363636365,0.5454545454545454,PROVISIONAL_SMALL_REQUEST_N,0.6666666666666666,0.8571428571428571,NOT_PRIMARY; use physical units and frozen spans
19,f19-e02801471b97,FORMAL_10K,HELDOUT_TRIPLE_AUDIT,STRICT_LUMPED,f12d43eace12231077007dc497fee8dad00fbe58cb2f1fe2c6159c47636b97a0,all_candidates,strict_valid,emx_minus_target,Qmin,dimensionless,19,0.5621988947774245,0.7119612614575435,0.19610161861031644,0.4637814456767799,1.1925893322038352,1.4578409161529056,PROVISIONAL_SMALL_REQUEST_N,3,0.5431724187030085,0.5736740467035967,0.697102098648499,0.7395679911270487,0.018037056197684958,0.31956713879779614,0.36875847731074884,0.5326609901506281,1.1273901733338043,1.4979354523734134,1.1273901733338043,1.4979354523734134,220,22,19,3,24,6,0,0,168,15,22,22,33,,0.45454545454545453,0.06818181818181818,0.7894736842105263,NOT_ESTIMABLE,,,PROVISIONAL_SMALL_REQUEST_N,0.36363636363636365,0.5454545454545454,PROVISIONAL_SMALL_REQUEST_N,0.6666666666666666,0.8571428571428571,NOT_PRIMARY; use physical units and frozen spans
19,f19-e02801471b97,FORMAL_10K,HELDOUT_TRIPLE_AUDIT,STRICT_LUMPED,f12d43eace12231077007dc497fee8dad00fbe58cb2f1fe2c6159c47636b97a0,all_candidates,strict_valid,emx_minus_target,K_abs,dimensionless,19,0.019076909509658086,0.023922014214158856,0.005156020275029523,0.017265338551422288,0.03718376707261726,0.04933711579939791,PROVISIONAL_SMALL_REQUEST_N,3,0.016855908420083828,0.023441446808289645,0.02338596014044889,0.024446495853159098,-0.002704070276719738,0.015016287614765006,0.007781568004953887,0.021559810796225876,0.03423599362684601,0.05259741029265855,0.03423599362684601,0.05259741029265855,220,22,19,3,24,6,0,0,168,15,22,22,33,,0.45454545454545453,0.06818181818181818,0.7894736842105263,NOT_ESTIMABLE,,,PROVISIONAL_SMALL_REQUEST_N,0.36363636363636365,0.5454545454545454,PROVISIONAL_SMALL_REQUEST_N,0.6666666666666666,0.8571428571428571,NOT_PRIMARY; use physical units and frozen spans
19,f19-e02801471b97,FORMAL_10K,HELDOUT_TRIPLE_AUDIT,STRICT_LUMPED,f12d43eace12231077007dc497fee8dad00fbe58cb2f1fe2c6159c47636b97a0,all_candidates,strict_valid,emx_minus_frozen_proxy,Lp_nH,nH,19,0.014377094194590451,0.018556828893194096,0.00770093483365389,0.009915486079472569,0.03496781713182355,0.03739032781907856,PROVISIONAL_SMALL_REQUEST_N,3,0.006032961881059451,0.019364278168356223,0.006877451794187685,0.022766768708710867,0.003096574268506939,0.016763852224577547,0.0057739775509556,0.013939410777374261,0.012643854341865213,0.037507247125806664,0.012643854341865213,0.037507247125806664,220,22,19,3,24,6,0,0,168,15,22,22,33,,0.45454545454545453,0.06818181818181818,0.7894736842105263,NOT_ESTIMABLE,,,PROVISIONAL_SMALL_REQUEST_N,0.36363636363636365,0.5454545454545454,PROVISIONAL_SMALL_REQUEST_N,0.6666666666666666,0.8571428571428571,NOT_PRIMARY; use physical units and frozen spans
19,f19-e02801471b97,FORMAL_10K,HELDOUT_TRIPLE_AUDIT,STRICT_LUMPED,f12d43eace12231077007dc497fee8dad00fbe58cb2f1fe2c6159c47636b97a0,all_candidates,strict_valid,emx_minus_frozen_proxy,Ls_nH,nH,19,0.006557880284720345,0.00874682633512202,-0.0036358680091305865,0.0051716945297695105,0.015588146097583298,0.01776627076957084,PROVISIONAL_SMALL_REQUEST_N,3,0.0036084791042969946,0.009538349851980673,0.004452231780834944,0.01206155479877329,-0.008222864615076209,0.0015146533646131684,0.003966055564545878,0.008467739981512123,0.006770364503014048,0.021208919380479196,0.006770364503014048,0.021208919380479196,220,22,19,3,24,6,0,0,168,15,22,22,33,,0.45454545454545453,0.06818181818181818,0.7894736842105263,NOT_ESTIMABLE,,,PROVISIONAL_SMALL_REQUEST_N,0.36363636363636365,0.5454545454545454,PROVISIONAL_SMALL_REQUEST_N,0.6666666666666666,0.8571428571428571,NOT_PRIMARY; use physical units and frozen spans
19,f19-e02801471b97,FORMAL_10K,HELDOUT_TRIPLE_AUDIT,STRICT_LUMPED,f12d43eace12231077007dc497fee8dad00fbe58cb2f1fe2c6159c47636b97a0,all_candidates,strict_valid,emx_minus_frozen_proxy,Qmin,dimensionless,19,0.20298361206029022,0.24788617762660314,0.020637691190754343,0.19839999542340792,0.3695286746453461,0.47988293653664904,PROVISIONAL_SMALL_REQUEST_N,3,0.1944582841535052,0.21219483244404028,0.23626945791850176,0.26247075229740746,-0.045390892740700295,0.12965665884348532,0.15140786396736683,0.21600675509096945,0.3441110621792358,0.5580372447784026,0.3441110621792358,0.5580372447784026,220,22,19,3,24,6,0,0,168,15,22,22,33,,0.45454545454545453,0.06818181818181818,0.7894736842105263,NOT_ESTIMABLE,,,PROVISIONAL_SMALL_REQUEST_N,0.36363636363636365,0.5454545454545454,PROVISIONAL_SMALL_REQUEST_N,0.6666666666666666,0.8571428571428571,NOT_PRIMARY; use physical units and frozen spans
19,f19-e02801471b97,FORMAL_10K,HELDOUT_TRIPLE_AUDIT,STRICT_LUMPED,f12d43eace12231077007dc497fee8dad00fbe58cb2f1fe2c6159c47636b97a0,all_candidates,strict_valid,emx_minus_frozen_proxy,K_abs,dimensionless,19,0.013231951032022973,0.017058514528120742,-0.001388114383194307,0.01014735356182192,0.0315712727084575,0.034393364287222394,PROVISIONAL_SMALL_REQUEST_N,3,0.006851524253912119,0.024276930081160025,0.007600593873714433,0.026897383663538176,-0.0027759229752838768,-0.0005291026076444891,0.008043864113020632,0.02679541872446986,0.01014735356182192,0.039230110380705785,0.01014735356182192,0.039230110380705785,220,22,19,3,24,6,0,0,168,15,22,22,33,,0.45454545454545453,0.06818181818181818,0.7894736842105263,NOT_ESTIMABLE,,,PROVISIONAL_SMALL_REQUEST_N,0.36363636363636365,0.5454545454545454,PROVISIONAL_SMALL_REQUEST_N,0.6666666666666666,0.8571428571428571,NOT_PRIMARY; use physical units and frozen spans
19,f19-e02801471b97,FORMAL_10K,HELDOUT_TRIPLE_AUDIT,STRICT_LUMPED,f12d43eace12231077007dc497fee8dad00fbe58cb2f1fe2c6159c47636b97a0,all_candidates,all_finite_diagnostic,emx_minus_target,Lp_nH,nH,22,0.028999420667754353,0.03610522077303568,-0.000807682921319073,0.02703276826485357,0.05598488758466916,0.07380069249337456,PROVISIONAL_SMALL_REQUEST_N,3,0.025914226660429567,0.031693877701553186,0.02944333010745155,0.042827647720938465,-0.02503606765887086,0.020222581419245562,0.01948512564893956,0.028058367728283184,0.04205129742897484,0.07583438241328444,0.04205129742897484,0.07751172398566375,220,22,19,3,24,6,0,0,168,15,22,22,33,,0.45454545454545453,0.06818181818181818,0.7894736842105263,NOT_ESTIMABLE,,,PROVISIONAL_SMALL_REQUEST_N,0.36363636363636365,0.5454545454545454,PROVISIONAL_SMALL_REQUEST_N,0.6666666666666666,0.8571428571428571,NOT_PRIMARY; use physical units and frozen spans
19,f19-e02801471b97,FORMAL_10K,HELDOUT_TRIPLE_AUDIT,STRICT_LUMPED,f12d43eace12231077007dc497fee8dad00fbe58cb2f1fe2c6159c47636b97a0,all_candidates,all_finite_diagnostic,emx_minus_target,Ls_nH,nH,22,0.02964169663957862,0.04863836562992512,-0.01458093395764492,0.012198210667196674,0.07364228575524528,0.11088199728463283,PROVISIONAL_SMALL_REQUEST_N,3,0.016131398442462554,0.042498873691535946,0.02403395577272674,0.06584923695394097,-0.0282295051147443,0.006836086617383409,0.008109490357195881,0.017275885132794877,0.058299311340105686,0.12783670781787948,0.058299311340105686,0.15046338388661462,220,22,19,3,24,6,0,0,168,15,22,22,33,,0.45454545454545453,0.06818181818181818,0.7894736842105263,NOT_ESTIMABLE,,,PROVISIONAL_SMALL_REQUEST_N,0.36363636363636365,0.5454545454545454,PROVISIONAL_SMALL_REQUEST_N,0.6666666666666666,0.8571428571428571,NOT_PRIMARY; use physical units and frozen spans
19,f19-e02801471b97,FORMAL_10K,HELDOUT_TRIPLE_AUDIT,STRICT_LUMPED,f12d43eace12231077007dc497fee8dad00fbe58cb2f1fe2c6159c47636b97a0,all_candidates,all_finite_diagnostic,emx_minus_target,Qmin,dimensionless,22,1.0216474856118498,1.6068399704272853,0.705472565285711,0.5311420395855793,3.0740199174329783,4.005406032770469,PROVISIONAL_SMALL_REQUEST_N,3,0.5431724187030085,1.6890546493686074,0.697102098648499,2.3598290653680243,0.23012307413755492,1.3225208910973043,0.36875847731074884,1.0405649887095407,1.4533859676839604,4.227172004938295,1.4533859676839604,4.500115782725311,220,22,19,3,24,6,0,0,168,15,22,22,33,,0.45454545454545453,0.06818181818181818,0.7894736842105263,NOT_ESTIMABLE,,,PROVISIONAL_SMALL_REQUEST_N,0.36363636363636365,0.5454545454545454,PROVISIONAL_SMALL_REQUEST_N,0.6666666666666666,0.8571428571428571,NOT_PRIMARY; use physical units and frozen spans
19,f19-e02801471b97,FORMAL_10K,HELDOUT_TRIPLE_AUDIT,STRICT_LUMPED,f12d43eace12231077007dc497fee8dad00fbe58cb2f1fe2c6159c47636b97a0,all_candidates,all_finite_diagnostic,emx_minus_target,K_abs,dimensionless,22,0.02691173119328395,0.0360594692520717,0.014889145036104735,0.019408146306560556,0.06921309008935118,0.07159871882902193,PROVISIONAL_SMALL_REQUEST_N,3,0.017239592759037546,0.03674802845436069,0.02338596014044889,0.04852510028781038,0.0015124655970873886,0.023708042656491644,0.007781568004953887,0.021559810796225876,0.03423599362684601,0.07774043363777883,0.03423599362684601,0.08691041831705143,220,22,19,3,24,6,0,0,168,15,22,22,33,,0.45454545454545453,0.06818181818181818,0.7894736842105263,NOT_ESTIMABLE,,,PROVISIONAL_SMALL_REQUEST_N,0.36363636363636365,0.5454545454545454,PROVISIONAL_SMALL_REQUEST_N,0.6666666666666666,0.8571428571428571,NOT_PRIMARY; use physical units and frozen spans
19,f19-e02801471b97,FORMAL_10K,HELDOUT_TRIPLE_AUDIT,STRICT_LUMPED,f12d43eace12231077007dc497fee8dad00fbe58cb2f1fe2c6159c47636b97a0,all_candidates,all_finite_diagnostic,emx_minus_frozen_proxy,Lp_nH,nH,22,0.013849359469349272,0.01795215484536885,0.00808358547581315,0.009572834680769526,0.0335943853915229,0.03722674180667428,PROVISIONAL_SMALL_REQUEST_N,3,0.0075243211016469014,0.019364278168356223,0.009610127674374911,0.022766768708710867,0.0038793146972738563,0.016763852224577547,0.006116033118396702,0.013939410777374261,0.016337885942719607,0.037507247125806664,0.02187893334400115,0.037507247125806664,220,22,19,3,24,6,0,0,168,15,22,22,33,,0.45454545454545453,0.06818181818181818,0.7894736842105263,NOT_ESTIMABLE,,,PROVISIONAL_SMALL_REQUEST_N,0.36363636363636365,0.5454545454545454,PROVISIONAL_SMALL_REQUEST_N,0.6666666666666666,0.8571428571428571,NOT_PRIMARY; use physical units and frozen spans
19,f19-e02801471b97,FORMAL_10K,HELDOUT_TRIPLE_AUDIT,STRICT_LUMPED,f12d43eace12231077007dc497fee8dad00fbe58cb2f1fe2c6159c47636b97a0,all_candidates,all_finite_diagnostic,emx_minus_frozen_proxy,Ls_nH,nH,22,0.008650547980250061,0.01164985315738556,-0.00015314372807574315,0.005571463329917814,0.01863825770245974,0.021087355760162733,PROVISIONAL_SMALL_REQUEST_N,3,0.006531250238860079,0.009707022753510751,0.008122381915198205,0.013544664747637231,-0.008222864615076209,0.008311138927054866,0.0051716945297695105,0.008467739981512123,0.017383754257247697,0.023154004976055423,0.017383754257247697,0.02971854197891355,220,22,19,3,24,6,0,0,168,15,22,22,33,,0.45454545454545453,0.06818181818181818,0.7894736842105263,NOT_ESTIMABLE,,,PROVISIONAL_SMALL_REQUEST_N,0.36363636363636365,0.5454545454545454,PROVISIONAL_SMALL_REQUEST_N,0.6666666666666666,0.8571428571428571,NOT_PRIMARY; use physical units and frozen spans
19,f19-e02801471b97,FORMAL_10K,HELDOUT_TRIPLE_AUDIT,STRICT_LUMPED,f12d43eace12231077007dc497fee8dad00fbe58cb2f1fe2c6159c47636b97a0,all_candidates,all_finite_diagnostic,emx_minus_frozen_proxy,Qmin,dimensionless,22,0.3271677488978527,0.49570268936027023,-0.13404025972649602,0.2115374866932589,0.5761808907953907,1.1425303113762588,PROVISIONAL_SMALL_REQUEST_N,3,0.1944582841535052,0.5050641048581608,0.23626945791850176,0.7150568947971887,-0.3982374410492342,0.12965665884348532,0.15140786396736683,0.28231999171676136,0.3441110621792358,1.339568412542176,0.3441110621792358,1.5905729227190246,220,22,19,3,24,6,0,0,168,15,22,22,33,,0.45454545454545453,0.06818181818181818,0.7894736842105263,NOT_ESTIMABLE,,,PROVISIONAL_SMALL_REQUEST_N,0.36363636363636365,0.5454545454545454,PROVISIONAL_SMALL_REQUEST_N,0.6666666666666666,0.8571428571428571,NOT_PRIMARY; use physical units and frozen spans
19,f19-e02801471b97,FORMAL_10K,HELDOUT_TRIPLE_AUDIT,STRICT_LUMPED,f12d43eace12231077007dc497fee8dad00fbe58cb2f1fe2c6159c47636b97a0,all_candidates,all_finite_diagnostic,emx_minus_frozen_proxy,K_abs,dimensionless,22,0.018471633149320044,0.025746335785691674,0.005845213017996031,0.01186010504738648,0.038692694148096535,0.047921273099507326,PROVISIONAL_SMALL_REQUEST_N,3,0.006851524253912119,0.024276930081160025,0.007600593873714433,0.033062272998216714,-0.0027759229752838768,0.016866027114526397,0.008043864113020632,0.02679541872446986,0.01014735356182192,0.0594364735930524,0.01014735356182192,0.07602312990820131,220,22,19,3,24,6,0,0,168,15,22,22,33,,0.45454545454545453,0.06818181818181818,0.7894736842105263,NOT_ESTIMABLE,,,PROVISIONAL_SMALL_REQUEST_N,0.36363636363636365,0.5454545454545454,PROVISIONAL_SMALL_REQUEST_N,0.6666666666666666,0.8571428571428571,NOT_PRIMARY; use physical units and frozen spans
19,f19-e02801471b97,FORMAL_10K,HELDOUT_TRIPLE_AUDIT,STRICT_LUMPED,f12d43eace12231077007dc497fee8dad00fbe58cb2f1fe2c6159c47636b97a0,selected_q_proxy,strict_valid,emx_minus_target,Lp_nH,nH,3,0.008843958797869736,0.011124565155528463,0.0069302828405936046,0.005384831293993808,0.015698191189759726,0.016987361176730463,PROVISIONAL_SMALL_REQUEST_N,3,0.0028705139359141985,0.018276531163701204,0.0028705139359141985,0.018276531163701204,-0.0028705139359141985,0.018276531163701204,0.0028705139359141985,0.018276531163701204,0.0028705139359141985,0.018276531163701204,0.0028705139359141985,0.018276531163701204,20,3,3,0,0,0,0,0,17,3,3,3,3,,1.0,0.15,1.0,NOT_ESTIMABLE,,,PROVISIONAL_SMALL_REQUEST_N,1.0,1.0,PROVISIONAL_SMALL_REQUEST_N,1.0,1.0,NOT_PRIMARY; use physical units and frozen spans
19,f19-e02801471b97,FORMAL_10K,HELDOUT_TRIPLE_AUDIT,STRICT_LUMPED,f12d43eace12231077007dc497fee8dad00fbe58cb2f1fe2c6159c47636b97a0,selected_q_proxy,strict_valid,emx_minus_target,Ls_nH,nH,3,0.004941879492978085,0.005454927060665849,0.0031630018446713315,0.004047831649278244,0.007297158615612354,0.007703324486404117,PROVISIONAL_SMALL_REQUEST_N,3,0.0026683164724601305,0.008109490357195881,0.0026683164724601305,0.008109490357195881,-0.0026683164724601305,0.008109490357195881,0.0026683164724601305,0.008109490357195881,0.0026683164724601305,0.008109490357195881,0.0026683164724601305,0.008109490357195881,20,3,3,0,0,0,0,0,17,3,3,3,3,,1.0,0.15,1.0,NOT_ESTIMABLE,,,PROVISIONAL_SMALL_REQUEST_N,1.0,1.0,PROVISIONAL_SMALL_REQUEST_N,1.0,1.0,NOT_PRIMARY; use physical units and frozen spans
19,f19-e02801471b97,FORMAL_10K,HELDOUT_TRIPLE_AUDIT,STRICT_LUMPED,f12d43eace12231077007dc497fee8dad00fbe58cb2f1fe2c6159c47636b97a0,selected_q_proxy,strict_valid,emx_minus_target,Qmin,dimensionless,3,0.22317583759985263,0.2913451762806243,-0.08601179285133398,0.19875599295375146,0.41077635513217425,0.43727890040447703,PROVISIONAL_SMALL_REQUEST_N,3,0.006990074169026528,0.4637814456767799,0.006990074169026528,0.4637814456767799,-0.4637814456767799,0.19875599295375146,0.006990074169026528,0.4637814456767799,0.006990074169026528,0.4637814456767799,0.006990074169026528,0.4637814456767799,20,3,3,0,0,0,0,0,17,3,3,3,3,,1.0,0.15,1.0,NOT_ESTIMABLE,,,PROVISIONAL_SMALL_REQUEST_N,1.0,1.0,PROVISIONAL_SMALL_REQUEST_N,1.0,1.0,NOT_PRIMARY; use physical units and frozen spans
19,f19-e02801471b97,FORMAL_10K,HELDOUT_TRIPLE_AUDIT,STRICT_LUMPED,f12d43eace12231077007dc497fee8dad00fbe58cb2f1fe2c6159c47636b97a0,selected_q_proxy,strict_valid,emx_minus_target,K_abs,dimensionless,3,0.015271460955277991,0.01685221396156965,0.0100837489519754,0.013177270401612207,0.022519889647736747,0.02368771705350231,PROVISIONAL_SMALL_REQUEST_N,3,0.007781568004953887,0.02485554445926788,0.007781568004953887,0.02485554445926788,-0.007781568004953887,0.02485554445926788,0.007781568004953887,0.02485554445926788,0.007781568004953887,0.02485554445926788,0.007781568004953887,0.02485554445926788,20,3,3,0,0,0,0,0,17,3,3,3,3,,1.0,0.15,1.0,NOT_ESTIMABLE,,,PROVISIONAL_SMALL_REQUEST_N,1.0,1.0,PROVISIONAL_SMALL_REQUEST_N,1.0,1.0,NOT_PRIMARY; use physical units and frozen spans
19,f19-e02801471b97,FORMAL_10K,HELDOUT_TRIPLE_AUDIT,STRICT_LUMPED,f12d43eace12231077007dc497fee8dad00fbe58cb2f1fe2c6159c47636b97a0,selected_q_proxy,strict_valid,emx_minus_frozen_proxy,Lp_nH,nH,3,0.006467015931898541,0.008229339305539318,0.0021116745579997285,0.006116033118396702,0.011517635211557265,0.012192835473202334,PROVISIONAL_SMALL_REQUEST_N,3,0.000416978942451518,0.012868035734847405,0.000416978942451518,0.012868035734847405,-0.006116033118396702,0.012868035734847405,0.000416978942451518,0.012868035734847405,0.000416978942451518,0.012868035734847405,0.000416978942451518,0.012868035734847405,20,3,3,0,0,0,0,0,17,3,3,3,3,,1.0,0.15,1.0,NOT_ESTIMABLE,,,PROVISIONAL_SMALL_REQUEST_N,1.0,1.0,PROVISIONAL_SMALL_REQUEST_N,1.0,1.0,NOT_PRIMARY; use physical units and frozen spans
19,f19-e02801471b97,FORMAL_10K,HELDOUT_TRIPLE_AUDIT,STRICT_LUMPED,f12d43eace12231077007dc497fee8dad00fbe58cb2f1fe2c6159c47636b97a0,selected_q_proxy,strict_valid,emx_minus_frozen_proxy,Ls_nH,nH,3,0.003229306716021655,0.0039426294463921355,0.00306252057728403,0.003710179686433168,0.005324084940106921,0.00552582309681614,PROVISIONAL_SMALL_REQUEST_N,3,0.000250179208106438,0.0057275612535253595,0.000250179208106438,0.0057275612535253595,-0.000250179208106438,0.0057275612535253595,0.000250179208106438,0.0057275612535253595,0.000250179208106438,0.0057275612535253595,0.000250179208106438,0.0057275612535253595,20,3,3,0,0,0,0,0,17,3,3,3,3,,1.0,0.15,1.0,NOT_ESTIMABLE,,,PROVISIONAL_SMALL_REQUEST_N,1.0,1.0,PROVISIONAL_SMALL_REQUEST_N,1.0,1.0,NOT_PRIMARY; use physical units and frozen spans
19,f19-e02801471b97,FORMAL_10K,HELDOUT_TRIPLE_AUDIT,STRICT_LUMPED,f12d43eace12231077007dc497fee8dad00fbe58cb2f1fe2c6159c47636b97a0,selected_q_proxy,strict_valid,emx_minus_frozen_proxy,Qmin,dimensionless,3,0.24518060088517166,0.2989906496408726,-0.06895214878802018,0.20706821829554833,0.41837294326693986,0.4447860338883638,PROVISIONAL_SMALL_REQUEST_N,3,0.05727445985017887,0.47119912450978774,0.05727445985017887,0.47119912450978774,-0.47119912450978774,0.20706821829554833,0.05727445985017887,0.47119912450978774,0.05727445985017887,0.47119912450978774,0.05727445985017887,0.47119912450978774,20,3,3,0,0,0,0,0,17,3,3,3,3,,1.0,0.15,1.0,NOT_ESTIMABLE,,,PROVISIONAL_SMALL_REQUEST_N,1.0,1.0,PROVISIONAL_SMALL_REQUEST_N,1.0,1.0,NOT_PRIMARY; use physical units and frozen spans
19,f19-e02801471b97,FORMAL_10K,HELDOUT_TRIPLE_AUDIT,STRICT_LUMPED,f12d43eace12231077007dc497fee8dad00fbe58cb2f1fe2c6159c47636b97a0,selected_q_proxy,strict_valid,emx_minus_frozen_proxy,K_abs,dimensionless,3,0.014480874638708665,0.01569597113088528,0.009118298563361577,0.012808026226084235,0.02063419210683375,0.021612462841927436,PROVISIONAL_SMALL_REQUEST_N,3,0.008043864113020632,0.022590733577021127,0.008043864113020632,0.022590733577021127,-0.008043864113020632,0.022590733577021127,0.008043864113020632,0.022590733577021127,0.008043864113020632,0.022590733577021127,0.008043864113020632,0.022590733577021127,20,3,3,0,0,0,0,0,17,3,3,3,3,,1.0,0.15,1.0,NOT_ESTIMABLE,,,PROVISIONAL_SMALL_REQUEST_N,1.0,1.0,PROVISIONAL_SMALL_REQUEST_N,1.0,1.0,NOT_PRIMARY; use physical units and frozen spans
19,f19-e02801471b97,FORMAL_10K,HELDOUT_TRIPLE_AUDIT,STRICT_LUMPED,f12d43eace12231077007dc497fee8dad00fbe58cb2f1fe2c6159c47636b97a0,selected_q_proxy,all_finite_diagnostic,emx_minus_target,Lp_nH,nH,3,0.008843958797869736,0.011124565155528463,0.0069302828405936046,0.005384831293993808,0.015698191189759726,0.016987361176730463,PROVISIONAL_SMALL_REQUEST_N,3,0.0028705139359141985,0.018276531163701204,0.0028705139359141985,0.018276531163701204,-0.0028705139359141985,0.018276531163701204,0.0028705139359141985,0.018276531163701204,0.0028705139359141985,0.018276531163701204,0.0028705139359141985,0.018276531163701204,20,3,3,0,0,0,0,0,17,3,3,3,3,,1.0,0.15,1.0,NOT_ESTIMABLE,,,PROVISIONAL_SMALL_REQUEST_N,1.0,1.0,PROVISIONAL_SMALL_REQUEST_N,1.0,1.0,NOT_PRIMARY; use physical units and frozen spans
19,f19-e02801471b97,FORMAL_10K,HELDOUT_TRIPLE_AUDIT,STRICT_LUMPED,f12d43eace12231077007dc497fee8dad00fbe58cb2f1fe2c6159c47636b97a0,selected_q_proxy,all_finite_diagnostic,emx_minus_target,Ls_nH,nH,3,0.004941879492978085,0.005454927060665849,0.0031630018446713315,0.004047831649278244,0.007297158615612354,0.007703324486404117,PROVISIONAL_SMALL_REQUEST_N,3,0.0026683164724601305,0.008109490357195881,0.0026683164724601305,0.008109490357195881,-0.0026683164724601305,0.008109490357195881,0.0026683164724601305,0.008109490357195881,0.0026683164724601305,0.008109490357195881,0.0026683164724601305,0.008109490357195881,20,3,3,0,0,0,0,0,17,3,3,3,3,,1.0,0.15,1.0,NOT_ESTIMABLE,,,PROVISIONAL_SMALL_REQUEST_N,1.0,1.0,PROVISIONAL_SMALL_REQUEST_N,1.0,1.0,NOT_PRIMARY; use physical units and frozen spans
19,f19-e02801471b97,FORMAL_10K,HELDOUT_TRIPLE_AUDIT,STRICT_LUMPED,f12d43eace12231077007dc497fee8dad00fbe58cb2f1fe2c6159c47636b97a0,selected_q_proxy,all_finite_diagnostic,emx_minus_target,Qmin,dimensionless,3,0.22317583759985263,0.2913451762806243,-0.08601179285133398,0.19875599295375146,0.41077635513217425,0.43727890040447703,PROVISIONAL_SMALL_REQUEST_N,3,0.006990074169026528,0.4637814456767799,0.006990074169026528,0.4637814456767799,-0.4637814456767799,0.19875599295375146,0.006990074169026528,0.4637814456767799,0.006990074169026528,0.4637814456767799,0.006990074169026528,0.4637814456767799,20,3,3,0,0,0,0,0,17,3,3,3,3,,1.0,0.15,1.0,NOT_ESTIMABLE,,,PROVISIONAL_SMALL_REQUEST_N,1.0,1.0,PROVISIONAL_SMALL_REQUEST_N,1.0,1.0,NOT_PRIMARY; use physical units and frozen spans
19,f19-e02801471b97,FORMAL_10K,HELDOUT_TRIPLE_AUDIT,STRICT_LUMPED,f12d43eace12231077007dc497fee8dad00fbe58cb2f1fe2c6159c47636b97a0,selected_q_proxy,all_finite_diagnostic,emx_minus_target,K_abs,dimensionless,3,0.015271460955277991,0.01685221396156965,0.0100837489519754,0.013177270401612207,0.022519889647736747,0.02368771705350231,PROVISIONAL_SMALL_REQUEST_N,3,0.007781568004953887,0.02485554445926788,0.007781568004953887,0.02485554445926788,-0.007781568004953887,0.02485554445926788,0.007781568004953887,0.02485554445926788,0.007781568004953887,0.02485554445926788,0.007781568004953887,0.02485554445926788,20,3,3,0,0,0,0,0,17,3,3,3,3,,1.0,0.15,1.0,NOT_ESTIMABLE,,,PROVISIONAL_SMALL_REQUEST_N,1.0,1.0,PROVISIONAL_SMALL_REQUEST_N,1.0,1.0,NOT_PRIMARY; use physical units and frozen spans
19,f19-e02801471b97,FORMAL_10K,HELDOUT_TRIPLE_AUDIT,STRICT_LUMPED,f12d43eace12231077007dc497fee8dad00fbe58cb2f1fe2c6159c47636b97a0,selected_q_proxy,all_finite_diagnostic,emx_minus_frozen_proxy,Lp_nH,nH,3,0.006467015931898541,0.008229339305539318,0.0021116745579997285,0.006116033118396702,0.011517635211557265,0.012192835473202334,PROVISIONAL_SMALL_REQUEST_N,3,0.000416978942451518,0.012868035734847405,0.000416978942451518,0.012868035734847405,-0.006116033118396702,0.012868035734847405,0.000416978942451518,0.012868035734847405,0.000416978942451518,0.012868035734847405,0.000416978942451518,0.012868035734847405,20,3,3,0,0,0,0,0,17,3,3,3,3,,1.0,0.15,1.0,NOT_ESTIMABLE,,,PROVISIONAL_SMALL_REQUEST_N,1.0,1.0,PROVISIONAL_SMALL_REQUEST_N,1.0,1.0,NOT_PRIMARY; use physical units and frozen spans
19,f19-e02801471b97,FORMAL_10K,HELDOUT_TRIPLE_AUDIT,STRICT_LUMPED,f12d43eace12231077007dc497fee8dad00fbe58cb2f1fe2c6159c47636b97a0,selected_q_proxy,all_finite_diagnostic,emx_minus_frozen_proxy,Ls_nH,nH,3,0.003229306716021655,0.0039426294463921355,0.00306252057728403,0.003710179686433168,0.005324084940106921,0.00552582309681614,PROVISIONAL_SMALL_REQUEST_N,3,0.000250179208106438,0.0057275612535253595,0.000250179208106438,0.0057275612535253595,-0.000250179208106438,0.0057275612535253595,0.000250179208106438,0.0057275612535253595,0.000250179208106438,0.0057275612535253595,0.000250179208106438,0.0057275612535253595,20,3,3,0,0,0,0,0,17,3,3,3,3,,1.0,0.15,1.0,NOT_ESTIMABLE,,,PROVISIONAL_SMALL_REQUEST_N,1.0,1.0,PROVISIONAL_SMALL_REQUEST_N,1.0,1.0,NOT_PRIMARY; use physical units and frozen spans
19,f19-e02801471b97,FORMAL_10K,HELDOUT_TRIPLE_AUDIT,STRICT_LUMPED,f12d43eace12231077007dc497fee8dad00fbe58cb2f1fe2c6159c47636b97a0,selected_q_proxy,all_finite_diagnostic,emx_minus_frozen_proxy,Qmin,dimensionless,3,0.24518060088517166,0.2989906496408726,-0.06895214878802018,0.20706821829554833,0.41837294326693986,0.4447860338883638,PROVISIONAL_SMALL_REQUEST_N,3,0.05727445985017887,0.47119912450978774,0.05727445985017887,0.47119912450978774,-0.47119912450978774,0.20706821829554833,0.05727445985017887,0.47119912450978774,0.05727445985017887,0.47119912450978774,0.05727445985017887,0.47119912450978774,20,3,3,0,0,0,0,0,17,3,3,3,3,,1.0,0.15,1.0,NOT_ESTIMABLE,,,PROVISIONAL_SMALL_REQUEST_N,1.0,1.0,PROVISIONAL_SMALL_REQUEST_N,1.0,1.0,NOT_PRIMARY; use physical units and frozen spans
19,f19-e02801471b97,FORMAL_10K,HELDOUT_TRIPLE_AUDIT,STRICT_LUMPED,f12d43eace12231077007dc497fee8dad00fbe58cb2f1fe2c6159c47636b97a0,selected_q_proxy,all_finite_diagnostic,emx_minus_frozen_proxy,K_abs,dimensionless,3,0.014480874638708665,0.01569597113088528,0.009118298563361577,0.012808026226084235,0.02063419210683375,0.021612462841927436,PROVISIONAL_SMALL_REQUEST_N,3,0.008043864113020632,0.022590733577021127,0.008043864113020632,0.022590733577021127,-0.008043864113020632,0.022590733577021127,0.008043864113020632,0.022590733577021127,0.008043864113020632,0.022590733577021127,0.008043864113020632,0.022590733577021127,20,3,3,0,0,0,0,0,17,3,3,3,3,,1.0,0.15,1.0,NOT_ESTIMABLE,,,PROVISIONAL_SMALL_REQUEST_N,1.0,1.0,PROVISIONAL_SMALL_REQUEST_N,1.0,1.0,NOT_PRIMARY; use physical units and frozen spans
