frequency_ghz,model_id,dataset_scope,target_source,label_mode,protocol_sha256,request_id,dispatch_order,status,q_proxy,q_emx,full11_gate,selection_loss,selected_joint_hit,N_original,N_solved,N_strict_valid,N_invalid,N_analytic_fail,N_gds_fail,N_drc_fail,N_emx_not_solved,N_pending,N_joint_hit,N_independent_solves,N_unique_s4p_sha,N_accounted_candidates,joint_hit_fraction_original,joint_hit_fraction_accounted_original,confirmed_joint_hit_coverage_original,joint_hit_fraction_strict,joint_hit_original_ci_status,joint_hit_original_ci_low,joint_hit_original_ci_high,joint_hit_accounted_original_ci_status,joint_hit_accounted_original_ci_low,joint_hit_accounted_original_ci_high,joint_hit_strict_ci_status,joint_hit_strict_ci_low,joint_hit_strict_ci_high
15,f15-5a9547401a37,DEVELOPMENT_5K_NOT_FORMAL_10K,HELDOUT_TRIPLE_AUDIT,STRICT_LUMPED,f12d43eace12231077007dc497fee8dad00fbe58cb2f1fe2c6159c47636b97a0,qscan15_development5k_20260908_v1-HELDOUT_TRIPLE_AUDIT-000000,0,ACCOUNTED,14,,NOT_AVAILABLE_INCOMPLETE_OR_INVALID,,True,11,9,9,0,2,0,0,0,0,5,9,9,11,0.45454545454545453,0.45454545454545453,0.45454545454545453,0.5555555555555556,NOT_ESTIMABLE,,,NOT_ESTIMABLE,,,NOT_ESTIMABLE,,
5,f5-fac1f3ff42e4,FORMAL_10K,HELDOUT_TRIPLE_AUDIT,STRICT_LUMPED,f12d43eace12231077007dc497fee8dad00fbe58cb2f1fe2c6159c47636b97a0,f05_qscan-HELDOUT_TRIPLE_AUDIT-000000,1,ACCOUNTED,10,,NOT_AVAILABLE_INCOMPLETE_OR_INVALID,,True,11,8,8,0,0,0,3,0,0,3,8,8,11,0.2727272727272727,0.2727272727272727,0.2727272727272727,0.375,NOT_ESTIMABLE,,,NOT_ESTIMABLE,,,NOT_ESTIMABLE,,
10,f10-d26d41688df1,FORMAL_10K,HELDOUT_TRIPLE_AUDIT,STRICT_LUMPED,f12d43eace12231077007dc497fee8dad00fbe58cb2f1fe2c6159c47636b97a0,f10_qscan-HELDOUT_TRIPLE_AUDIT-000000,2,ACCOUNTED,10,,NOT_AVAILABLE_INCOMPLETE_OR_INVALID,,True,11,9,9,0,0,1,1,0,0,4,9,9,11,0.36363636363636365,0.36363636363636365,0.36363636363636365,0.4444444444444444,NOT_ESTIMABLE,,,NOT_ESTIMABLE,,,NOT_ESTIMABLE,,
20,f20-4d6b0c6066ee,FORMAL_10K,HELDOUT_TRIPLE_AUDIT,STRICT_LUMPED,f12d43eace12231077007dc497fee8dad00fbe58cb2f1fe2c6159c47636b97a0,f20_qscan-HELDOUT_TRIPLE_AUDIT-000000,3,ACCOUNTED,15,,NOT_AVAILABLE_INCOMPLETE_OR_INVALID,,True,11,10,10,0,0,1,0,0,0,4,10,10,11,0.36363636363636365,0.36363636363636365,0.36363636363636365,0.4,NOT_ESTIMABLE,,,NOT_ESTIMABLE,,,NOT_ESTIMABLE,,
6,f6-ba844c981dd6,FORMAL_10K,HELDOUT_TRIPLE_AUDIT,STRICT_LUMPED,f12d43eace12231077007dc497fee8dad00fbe58cb2f1fe2c6159c47636b97a0,f06_qscan-HELDOUT_TRIPLE_AUDIT-000000,4,ACCOUNTED,11,,NOT_AVAILABLE_INCOMPLETE_OR_INVALID,,True,11,8,8,0,0,0,3,0,0,6,8,8,11,0.5454545454545454,0.5454545454545454,0.5454545454545454,0.75,NOT_ESTIMABLE,,,NOT_ESTIMABLE,,,NOT_ESTIMABLE,,
7,f7-d0ffa9b31525,FORMAL_10K,HELDOUT_TRIPLE_AUDIT,STRICT_LUMPED,f12d43eace12231077007dc497fee8dad00fbe58cb2f1fe2c6159c47636b97a0,f07_qscan-HELDOUT_TRIPLE_AUDIT-000000,5,ACCOUNTED,11,,NOT_AVAILABLE_INCOMPLETE_OR_INVALID,,True,11,7,7,0,0,3,1,0,0,4,7,7,11,0.36363636363636365,0.36363636363636365,0.36363636363636365,0.5714285714285714,NOT_ESTIMABLE,,,NOT_ESTIMABLE,,,NOT_ESTIMABLE,,
8,f8-dc2e68a2a478,FORMAL_10K,HELDOUT_TRIPLE_AUDIT,STRICT_LUMPED,f12d43eace12231077007dc497fee8dad00fbe58cb2f1fe2c6159c47636b97a0,f08_qscan-HELDOUT_TRIPLE_AUDIT-000000,6,ACCOUNTED,10,,NOT_AVAILABLE_INCOMPLETE_OR_INVALID,,True,11,9,9,0,0,0,2,0,0,5,9,9,11,0.45454545454545453,0.45454545454545453,0.45454545454545453,0.5555555555555556,NOT_ESTIMABLE,,,NOT_ESTIMABLE,,,NOT_ESTIMABLE,,
9,f9-0cd8cd2dd857,FORMAL_10K,HELDOUT_TRIPLE_AUDIT,STRICT_LUMPED,f12d43eace12231077007dc497fee8dad00fbe58cb2f1fe2c6159c47636b97a0,f09_qscan-HELDOUT_TRIPLE_AUDIT-000000,7,ACCOUNTED,15,,NOT_AVAILABLE_INCOMPLETE_OR_INVALID,,True,11,8,8,0,0,1,2,0,0,6,8,8,11,0.5454545454545454,0.5454545454545454,0.5454545454545454,0.75,NOT_ESTIMABLE,,,NOT_ESTIMABLE,,,NOT_ESTIMABLE,,
11,f11-07165966aa39,FORMAL_10K,HELDOUT_TRIPLE_AUDIT,STRICT_LUMPED,f12d43eace12231077007dc497fee8dad00fbe58cb2f1fe2c6159c47636b97a0,f11_qscan-HELDOUT_TRIPLE_AUDIT-000000,8,ACCOUNTED,11,,NOT_AVAILABLE_INCOMPLETE_OR_INVALID,,True,11,9,9,0,0,2,0,0,0,6,9,9,11,0.5454545454545454,0.5454545454545454,0.5454545454545454,0.6666666666666666,NOT_ESTIMABLE,,,NOT_ESTIMABLE,,,NOT_ESTIMABLE,,
12,f12-bbbcad303b3e,FORMAL_10K,HELDOUT_TRIPLE_AUDIT,STRICT_LUMPED,f12d43eace12231077007dc497fee8dad00fbe58cb2f1fe2c6159c47636b97a0,f12_qscan-HELDOUT_TRIPLE_AUDIT-000000,9,ACCOUNTED,11,,NOT_AVAILABLE_INCOMPLETE_OR_INVALID,,True,11,10,10,0,0,1,0,0,0,6,10,10,11,0.5454545454545454,0.5454545454545454,0.5454545454545454,0.6,NOT_ESTIMABLE,,,NOT_ESTIMABLE,,,NOT_ESTIMABLE,,
13,f13-940260e5c34c,FORMAL_10K,HELDOUT_TRIPLE_AUDIT,STRICT_LUMPED,f12d43eace12231077007dc497fee8dad00fbe58cb2f1fe2c6159c47636b97a0,f13_qscan-HELDOUT_TRIPLE_AUDIT-000000,10,ACCOUNTED,13,,NOT_AVAILABLE_INCOMPLETE_OR_INVALID,,True,11,9,9,0,0,2,0,0,0,4,9,9,11,0.36363636363636365,0.36363636363636365,0.36363636363636365,0.4444444444444444,NOT_ESTIMABLE,,,NOT_ESTIMABLE,,,NOT_ESTIMABLE,,
14,f14-734ef171b954,FORMAL_10K,HELDOUT_TRIPLE_AUDIT,STRICT_LUMPED,f12d43eace12231077007dc497fee8dad00fbe58cb2f1fe2c6159c47636b97a0,f14_qscan-HELDOUT_TRIPLE_AUDIT-000000,11,ACCOUNTED,14,12,PASS,0.00030446346906584307,True,11,11,11,0,0,0,0,0,0,5,11,11,11,0.45454545454545453,0.45454545454545453,0.45454545454545453,0.45454545454545453,NOT_ESTIMABLE,,,NOT_ESTIMABLE,,,NOT_ESTIMABLE,,
16,f16-d1f0e127f1c7,FORMAL_10K,HELDOUT_TRIPLE_AUDIT,STRICT_LUMPED,f12d43eace12231077007dc497fee8dad00fbe58cb2f1fe2c6159c47636b97a0,f16_qscan-HELDOUT_TRIPLE_AUDIT-000000,12,ACCOUNTED,16,,NOT_AVAILABLE_INCOMPLETE_OR_INVALID,,,11,8,8,0,2,1,0,0,0,5,8,8,11,0.45454545454545453,0.45454545454545453,0.45454545454545453,0.625,NOT_ESTIMABLE,,,NOT_ESTIMABLE,,,NOT_ESTIMABLE,,
17,f17-7b878ff5d5dc,FORMAL_10K,HELDOUT_TRIPLE_AUDIT,STRICT_LUMPED,f12d43eace12231077007dc497fee8dad00fbe58cb2f1fe2c6159c47636b97a0,f17_qscan-HELDOUT_TRIPLE_AUDIT-000000,13,ACCOUNTED,14,,NOT_AVAILABLE_INCOMPLETE_OR_INVALID,,True,11,6,6,0,3,2,0,0,0,4,6,6,11,0.36363636363636365,0.36363636363636365,0.36363636363636365,0.6666666666666666,NOT_ESTIMABLE,,,NOT_ESTIMABLE,,,NOT_ESTIMABLE,,
18,f18-1a136fda6a2a,FORMAL_10K,HELDOUT_TRIPLE_AUDIT,STRICT_LUMPED,f12d43eace12231077007dc497fee8dad00fbe58cb2f1fe2c6159c47636b97a0,f18_qscan-HELDOUT_TRIPLE_AUDIT-000000,14,ACCOUNTED,14,,NOT_AVAILABLE_INCOMPLETE_OR_INVALID,,True,11,10,8,2,1,0,0,0,0,5,10,10,11,0.45454545454545453,0.45454545454545453,0.45454545454545453,0.625,NOT_ESTIMABLE,,,NOT_ESTIMABLE,,,NOT_ESTIMABLE,,
19,f19-e02801471b97,FORMAL_10K,HELDOUT_TRIPLE_AUDIT,STRICT_LUMPED,f12d43eace12231077007dc497fee8dad00fbe58cb2f1fe2c6159c47636b97a0,f19_qscan-HELDOUT_TRIPLE_AUDIT-000000,15,ACCOUNTED,18,,NOT_AVAILABLE_INCOMPLETE_OR_INVALID,,True,11,9,6,3,0,2,0,0,0,4,9,9,11,0.36363636363636365,0.36363636363636365,0.36363636363636365,0.6666666666666666,NOT_ESTIMABLE,,,NOT_ESTIMABLE,,,NOT_ESTIMABLE,,
15,f15-5a9547401a37,DEVELOPMENT_5K_NOT_FORMAL_10K,HELDOUT_TRIPLE_AUDIT,STRICT_LUMPED,f12d43eace12231077007dc497fee8dad00fbe58cb2f1fe2c6159c47636b97a0,qscan15_development5k_20260908_v1-HELDOUT_TRIPLE_AUDIT-000001,16,ACCOUNTED,11,,NOT_AVAILABLE_INCOMPLETE_OR_INVALID,,True,11,8,5,3,3,0,0,0,0,3,8,8,11,0.2727272727272727,0.2727272727272727,0.2727272727272727,0.6,NOT_ESTIMABLE,,,NOT_ESTIMABLE,,,NOT_ESTIMABLE,,
5,f5-fac1f3ff42e4,FORMAL_10K,HELDOUT_TRIPLE_AUDIT,STRICT_LUMPED,f12d43eace12231077007dc497fee8dad00fbe58cb2f1fe2c6159c47636b97a0,f05_qscan-HELDOUT_TRIPLE_AUDIT-000001,17,ACCOUNTED,10,,NOT_AVAILABLE_INCOMPLETE_OR_INVALID,,True,11,10,10,0,0,0,1,0,0,3,10,10,11,0.2727272727272727,0.2727272727272727,0.2727272727272727,0.3,NOT_ESTIMABLE,,,NOT_ESTIMABLE,,,NOT_ESTIMABLE,,
10,f10-d26d41688df1,FORMAL_10K,HELDOUT_TRIPLE_AUDIT,STRICT_LUMPED,f12d43eace12231077007dc497fee8dad00fbe58cb2f1fe2c6159c47636b97a0,f10_qscan-HELDOUT_TRIPLE_AUDIT-000001,18,ACCOUNTED,12,,NOT_AVAILABLE_INCOMPLETE_OR_INVALID,,True,11,9,9,0,0,2,0,0,0,6,9,9,11,0.5454545454545454,0.5454545454545454,0.5454545454545454,0.6666666666666666,NOT_ESTIMABLE,,,NOT_ESTIMABLE,,,NOT_ESTIMABLE,,
20,f20-4d6b0c6066ee,FORMAL_10K,HELDOUT_TRIPLE_AUDIT,STRICT_LUMPED,f12d43eace12231077007dc497fee8dad00fbe58cb2f1fe2c6159c47636b97a0,f20_qscan-HELDOUT_TRIPLE_AUDIT-000001,19,ACCOUNTED,15,,NOT_AVAILABLE_INCOMPLETE_OR_INVALID,,False,11,9,8,1,0,2,0,0,0,2,9,9,11,0.18181818181818182,0.18181818181818182,0.18181818181818182,0.25,NOT_ESTIMABLE,,,NOT_ESTIMABLE,,,NOT_ESTIMABLE,,
6,f6-ba844c981dd6,FORMAL_10K,HELDOUT_TRIPLE_AUDIT,STRICT_LUMPED,f12d43eace12231077007dc497fee8dad00fbe58cb2f1fe2c6159c47636b97a0,f06_qscan-HELDOUT_TRIPLE_AUDIT-000001,20,ACCOUNTED,10,,NOT_AVAILABLE_INCOMPLETE_OR_INVALID,,True,11,10,10,0,0,1,0,0,0,4,10,10,11,0.36363636363636365,0.36363636363636365,0.36363636363636365,0.4,NOT_ESTIMABLE,,,NOT_ESTIMABLE,,,NOT_ESTIMABLE,,
7,f7-d0ffa9b31525,FORMAL_10K,HELDOUT_TRIPLE_AUDIT,STRICT_LUMPED,f12d43eace12231077007dc497fee8dad00fbe58cb2f1fe2c6159c47636b97a0,f07_qscan-HELDOUT_TRIPLE_AUDIT-000001,21,ACCOUNTED,11,,NOT_AVAILABLE_INCOMPLETE_OR_INVALID,,True,11,10,10,0,0,0,1,0,0,5,10,10,11,0.45454545454545453,0.45454545454545453,0.45454545454545453,0.5,NOT_ESTIMABLE,,,NOT_ESTIMABLE,,,NOT_ESTIMABLE,,
8,f8-dc2e68a2a478,FORMAL_10K,HELDOUT_TRIPLE_AUDIT,STRICT_LUMPED,f12d43eace12231077007dc497fee8dad00fbe58cb2f1fe2c6159c47636b97a0,f08_qscan-HELDOUT_TRIPLE_AUDIT-000001,22,ACCOUNTED,12,,NOT_AVAILABLE_INCOMPLETE_OR_INVALID,,,11,8,8,0,0,1,2,0,0,7,8,8,11,0.6363636363636364,0.6363636363636364,0.6363636363636364,0.875,NOT_ESTIMABLE,,,NOT_ESTIMABLE,,,NOT_ESTIMABLE,,
9,f9-0cd8cd2dd857,FORMAL_10K,HELDOUT_TRIPLE_AUDIT,STRICT_LUMPED,f12d43eace12231077007dc497fee8dad00fbe58cb2f1fe2c6159c47636b97a0,f09_qscan-HELDOUT_TRIPLE_AUDIT-000001,23,ACCOUNTED,11,11,PASS,0.0,True,11,11,11,0,0,0,0,0,0,7,11,11,11,0.6363636363636364,0.6363636363636364,0.6363636363636364,0.6363636363636364,NOT_ESTIMABLE,,,NOT_ESTIMABLE,,,NOT_ESTIMABLE,,
11,f11-07165966aa39,FORMAL_10K,HELDOUT_TRIPLE_AUDIT,STRICT_LUMPED,f12d43eace12231077007dc497fee8dad00fbe58cb2f1fe2c6159c47636b97a0,f11_qscan-HELDOUT_TRIPLE_AUDIT-000001,24,ACCOUNTED,11,,NOT_AVAILABLE_INCOMPLETE_OR_INVALID,,False,11,9,8,1,0,2,0,0,0,3,9,9,11,0.2727272727272727,0.2727272727272727,0.2727272727272727,0.375,NOT_ESTIMABLE,,,NOT_ESTIMABLE,,,NOT_ESTIMABLE,,
12,f12-bbbcad303b3e,FORMAL_10K,HELDOUT_TRIPLE_AUDIT,STRICT_LUMPED,f12d43eace12231077007dc497fee8dad00fbe58cb2f1fe2c6159c47636b97a0,f12_qscan-HELDOUT_TRIPLE_AUDIT-000001,25,ACCOUNTED,13,,NOT_AVAILABLE_INCOMPLETE_OR_INVALID,,True,11,10,10,0,0,1,0,0,0,6,10,10,11,0.5454545454545454,0.5454545454545454,0.5454545454545454,0.6,NOT_ESTIMABLE,,,NOT_ESTIMABLE,,,NOT_ESTIMABLE,,
13,f13-940260e5c34c,FORMAL_10K,HELDOUT_TRIPLE_AUDIT,STRICT_LUMPED,f12d43eace12231077007dc497fee8dad00fbe58cb2f1fe2c6159c47636b97a0,f13_qscan-HELDOUT_TRIPLE_AUDIT-000001,26,ACCOUNTED,13,,NOT_AVAILABLE_INCOMPLETE_OR_INVALID,,,11,7,7,0,0,4,0,0,0,4,7,7,11,0.36363636363636365,0.36363636363636365,0.36363636363636365,0.5714285714285714,NOT_ESTIMABLE,,,NOT_ESTIMABLE,,,NOT_ESTIMABLE,,
14,f14-734ef171b954,FORMAL_10K,HELDOUT_TRIPLE_AUDIT,STRICT_LUMPED,f12d43eace12231077007dc497fee8dad00fbe58cb2f1fe2c6159c47636b97a0,f14_qscan-HELDOUT_TRIPLE_AUDIT-000001,27,ACCOUNTED,16,14,PASS,0.003159679249955162,True,11,11,11,0,0,0,0,0,0,6,11,11,11,0.5454545454545454,0.5454545454545454,0.5454545454545454,0.5454545454545454,NOT_ESTIMABLE,,,NOT_ESTIMABLE,,,NOT_ESTIMABLE,,
16,f16-d1f0e127f1c7,FORMAL_10K,HELDOUT_TRIPLE_AUDIT,STRICT_LUMPED,f12d43eace12231077007dc497fee8dad00fbe58cb2f1fe2c6159c47636b97a0,f16_qscan-HELDOUT_TRIPLE_AUDIT-000001,28,ACCOUNTED,12,,NOT_AVAILABLE_INCOMPLETE_OR_INVALID,,True,11,7,7,0,3,1,0,0,0,4,7,7,11,0.36363636363636365,0.36363636363636365,0.36363636363636365,0.5714285714285714,NOT_ESTIMABLE,,,NOT_ESTIMABLE,,,NOT_ESTIMABLE,,
17,f17-7b878ff5d5dc,FORMAL_10K,HELDOUT_TRIPLE_AUDIT,STRICT_LUMPED,f12d43eace12231077007dc497fee8dad00fbe58cb2f1fe2c6159c47636b97a0,f17_qscan-HELDOUT_TRIPLE_AUDIT-000001,29,ACCOUNTED,12,,NOT_AVAILABLE_INCOMPLETE_OR_INVALID,,True,11,5,3,2,6,0,0,0,0,2,5,5,11,0.18181818181818182,0.18181818181818182,0.18181818181818182,0.6666666666666666,NOT_ESTIMABLE,,,NOT_ESTIMABLE,,,NOT_ESTIMABLE,,
18,f18-1a136fda6a2a,FORMAL_10K,HELDOUT_TRIPLE_AUDIT,STRICT_LUMPED,f12d43eace12231077007dc497fee8dad00fbe58cb2f1fe2c6159c47636b97a0,f18_qscan-HELDOUT_TRIPLE_AUDIT-000001,30,ACCOUNTED,17,17,PASS,0.0,True,11,11,11,0,0,0,0,0,0,6,11,11,11,0.5454545454545454,0.5454545454545454,0.5454545454545454,0.5454545454545454,NOT_ESTIMABLE,,,NOT_ESTIMABLE,,,NOT_ESTIMABLE,,
19,f19-e02801471b97,FORMAL_10K,HELDOUT_TRIPLE_AUDIT,STRICT_LUMPED,f12d43eace12231077007dc497fee8dad00fbe58cb2f1fe2c6159c47636b97a0,f19_qscan-HELDOUT_TRIPLE_AUDIT-000001,31,ACCOUNTED,14,,NOT_AVAILABLE_INCOMPLETE_OR_INVALID,,True,11,7,7,0,3,1,0,0,0,6,7,7,11,0.5454545454545454,0.5454545454545454,0.5454545454545454,0.8571428571428571,NOT_ESTIMABLE,,,NOT_ESTIMABLE,,,NOT_ESTIMABLE,,
15,f15-5a9547401a37,DEVELOPMENT_5K_NOT_FORMAL_10K,HELDOUT_TRIPLE_AUDIT,STRICT_LUMPED,f12d43eace12231077007dc497fee8dad00fbe58cb2f1fe2c6159c47636b97a0,qscan15_development5k_20260908_v1-HELDOUT_TRIPLE_AUDIT-000002,32,ACCOUNTED,12,,NOT_AVAILABLE_INCOMPLETE_OR_INVALID,,True,11,8,8,0,3,0,0,0,0,5,8,8,11,0.45454545454545453,0.45454545454545453,0.45454545454545453,0.625,NOT_ESTIMABLE,,,NOT_ESTIMABLE,,,NOT_ESTIMABLE,,
5,f5-fac1f3ff42e4,FORMAL_10K,HELDOUT_TRIPLE_AUDIT,STRICT_LUMPED,f12d43eace12231077007dc497fee8dad00fbe58cb2f1fe2c6159c47636b97a0,f05_qscan-HELDOUT_TRIPLE_AUDIT-000002,33,ACCOUNTED,11,,NOT_AVAILABLE_INCOMPLETE_OR_INVALID,,True,11,10,10,0,0,1,0,0,0,3,10,10,11,0.2727272727272727,0.2727272727272727,0.2727272727272727,0.3,NOT_ESTIMABLE,,,NOT_ESTIMABLE,,,NOT_ESTIMABLE,,
10,f10-d26d41688df1,FORMAL_10K,HELDOUT_TRIPLE_AUDIT,STRICT_LUMPED,f12d43eace12231077007dc497fee8dad00fbe58cb2f1fe2c6159c47636b97a0,f10_qscan-HELDOUT_TRIPLE_AUDIT-000002,34,ACCOUNTED,11,,NOT_AVAILABLE_INCOMPLETE_OR_INVALID,,True,11,9,9,0,0,2,0,0,0,5,9,9,11,0.45454545454545453,0.45454545454545453,0.45454545454545453,0.5555555555555556,NOT_ESTIMABLE,,,NOT_ESTIMABLE,,,NOT_ESTIMABLE,,
20,f20-4d6b0c6066ee,FORMAL_10K,HELDOUT_TRIPLE_AUDIT,STRICT_LUMPED,f12d43eace12231077007dc497fee8dad00fbe58cb2f1fe2c6159c47636b97a0,f20_qscan-HELDOUT_TRIPLE_AUDIT-000002,35,ACCOUNTED,13,,NOT_AVAILABLE_INCOMPLETE_OR_INVALID,,False,11,9,7,2,0,2,0,0,0,0,9,9,11,0.0,0.0,0.0,0.0,NOT_ESTIMABLE,,,NOT_ESTIMABLE,,,NOT_ESTIMABLE,,
6,f6-ba844c981dd6,FORMAL_10K,HELDOUT_TRIPLE_AUDIT,STRICT_LUMPED,f12d43eace12231077007dc497fee8dad00fbe58cb2f1fe2c6159c47636b97a0,f06_qscan-HELDOUT_TRIPLE_AUDIT-000002,36,ACCOUNTED,10,,NOT_AVAILABLE_INCOMPLETE_OR_INVALID,,True,11,6,6,0,0,2,3,0,0,3,6,6,11,0.2727272727272727,0.2727272727272727,0.2727272727272727,0.5,NOT_ESTIMABLE,,,NOT_ESTIMABLE,,,NOT_ESTIMABLE,,
7,f7-d0ffa9b31525,FORMAL_10K,HELDOUT_TRIPLE_AUDIT,STRICT_LUMPED,f12d43eace12231077007dc497fee8dad00fbe58cb2f1fe2c6159c47636b97a0,f07_qscan-HELDOUT_TRIPLE_AUDIT-000002,37,ACCOUNTED,10,,NOT_AVAILABLE_INCOMPLETE_OR_INVALID,,True,11,9,9,0,0,1,1,0,0,4,9,9,11,0.36363636363636365,0.36363636363636365,0.36363636363636365,0.4444444444444444,NOT_ESTIMABLE,,,NOT_ESTIMABLE,,,NOT_ESTIMABLE,,
8,f8-dc2e68a2a478,FORMAL_10K,HELDOUT_TRIPLE_AUDIT,STRICT_LUMPED,f12d43eace12231077007dc497fee8dad00fbe58cb2f1fe2c6159c47636b97a0,f08_qscan-HELDOUT_TRIPLE_AUDIT-000002,38,ACCOUNTED,14,,NOT_AVAILABLE_INCOMPLETE_OR_INVALID,,True,11,9,9,0,0,1,1,0,0,6,9,9,11,0.5454545454545454,0.5454545454545454,0.5454545454545454,0.6666666666666666,NOT_ESTIMABLE,,,NOT_ESTIMABLE,,,NOT_ESTIMABLE,,
9,f9-0cd8cd2dd857,FORMAL_10K,HELDOUT_TRIPLE_AUDIT,STRICT_LUMPED,f12d43eace12231077007dc497fee8dad00fbe58cb2f1fe2c6159c47636b97a0,f09_qscan-HELDOUT_TRIPLE_AUDIT-000002,39,ACCOUNTED,13,12,PASS,0.0009579096860278555,True,11,11,11,0,0,0,0,0,0,9,11,11,11,0.8181818181818182,0.8181818181818182,0.8181818181818182,0.8181818181818182,NOT_ESTIMABLE,,,NOT_ESTIMABLE,,,NOT_ESTIMABLE,,
11,f11-07165966aa39,FORMAL_10K,HELDOUT_TRIPLE_AUDIT,STRICT_LUMPED,f12d43eace12231077007dc497fee8dad00fbe58cb2f1fe2c6159c47636b97a0,f11_qscan-HELDOUT_TRIPLE_AUDIT-000002,40,ACCOUNTED,12,,NOT_AVAILABLE_INCOMPLETE_OR_INVALID,,True,11,11,10,1,0,0,0,0,0,5,11,11,11,0.45454545454545453,0.45454545454545453,0.45454545454545453,0.5,NOT_ESTIMABLE,,,NOT_ESTIMABLE,,,NOT_ESTIMABLE,,
12,f12-bbbcad303b3e,FORMAL_10K,HELDOUT_TRIPLE_AUDIT,STRICT_LUMPED,f12d43eace12231077007dc497fee8dad00fbe58cb2f1fe2c6159c47636b97a0,f12_qscan-HELDOUT_TRIPLE_AUDIT-000002,41,ACCOUNTED,14,,NOT_AVAILABLE_INCOMPLETE_OR_INVALID,,True,11,10,10,0,0,1,0,0,0,8,10,10,11,0.7272727272727273,0.7272727272727273,0.7272727272727273,0.8,NOT_ESTIMABLE,,,NOT_ESTIMABLE,,,NOT_ESTIMABLE,,
13,f13-940260e5c34c,FORMAL_10K,HELDOUT_TRIPLE_AUDIT,STRICT_LUMPED,f12d43eace12231077007dc497fee8dad00fbe58cb2f1fe2c6159c47636b97a0,f13_qscan-HELDOUT_TRIPLE_AUDIT-000002,42,ACCOUNTED,16,,NOT_AVAILABLE_INCOMPLETE_OR_INVALID,,True,11,9,9,0,1,1,0,0,0,6,9,9,11,0.5454545454545454,0.5454545454545454,0.5454545454545454,0.6666666666666666,NOT_ESTIMABLE,,,NOT_ESTIMABLE,,,NOT_ESTIMABLE,,
14,f14-734ef171b954,FORMAL_10K,HELDOUT_TRIPLE_AUDIT,STRICT_LUMPED,f12d43eace12231077007dc497fee8dad00fbe58cb2f1fe2c6159c47636b97a0,f14_qscan-HELDOUT_TRIPLE_AUDIT-000002,43,ACCOUNTED,12,,NOT_AVAILABLE_INCOMPLETE_OR_INVALID,,True,11,10,10,0,0,1,0,0,0,5,10,10,11,0.45454545454545453,0.45454545454545453,0.45454545454545453,0.5,NOT_ESTIMABLE,,,NOT_ESTIMABLE,,,NOT_ESTIMABLE,,
16,f16-d1f0e127f1c7,FORMAL_10K,HELDOUT_TRIPLE_AUDIT,STRICT_LUMPED,f12d43eace12231077007dc497fee8dad00fbe58cb2f1fe2c6159c47636b97a0,f16_qscan-HELDOUT_TRIPLE_AUDIT-000002,44,ACCOUNTED,11,,NOT_AVAILABLE_INCOMPLETE_OR_INVALID,,True,11,7,4,3,3,1,0,0,0,2,7,7,11,0.18181818181818182,0.18181818181818182,0.18181818181818182,0.5,NOT_ESTIMABLE,,,NOT_ESTIMABLE,,,NOT_ESTIMABLE,,
17,f17-7b878ff5d5dc,FORMAL_10K,HELDOUT_TRIPLE_AUDIT,STRICT_LUMPED,f12d43eace12231077007dc497fee8dad00fbe58cb2f1fe2c6159c47636b97a0,f17_qscan-HELDOUT_TRIPLE_AUDIT-000002,45,ACCOUNTED,15,,NOT_AVAILABLE_INCOMPLETE_OR_INVALID,,True,11,9,8,1,2,0,0,0,0,6,9,9,11,0.5454545454545454,0.5454545454545454,0.5454545454545454,0.75,NOT_ESTIMABLE,,,NOT_ESTIMABLE,,,NOT_ESTIMABLE,,
18,f18-1a136fda6a2a,FORMAL_10K,HELDOUT_TRIPLE_AUDIT,STRICT_LUMPED,f12d43eace12231077007dc497fee8dad00fbe58cb2f1fe2c6159c47636b97a0,f18_qscan-HELDOUT_TRIPLE_AUDIT-000002,46,ACCOUNTED,15,,NOT_AVAILABLE_INCOMPLETE_OR_INVALID,,True,11,8,8,0,2,1,0,0,0,6,8,8,11,0.5454545454545454,0.5454545454545454,0.5454545454545454,0.75,NOT_ESTIMABLE,,,NOT_ESTIMABLE,,,NOT_ESTIMABLE,,
19,f19-e02801471b97,FORMAL_10K,HELDOUT_TRIPLE_AUDIT,STRICT_LUMPED,f12d43eace12231077007dc497fee8dad00fbe58cb2f1fe2c6159c47636b97a0,f19_qscan-HELDOUT_TRIPLE_AUDIT-000002,47,ACCOUNTED,15,,NOT_AVAILABLE_INCOMPLETE_OR_INVALID,,True,11,6,6,0,2,3,0,0,0,5,6,6,11,0.45454545454545453,0.45454545454545453,0.45454545454545453,0.8333333333333334,NOT_ESTIMABLE,,,NOT_ESTIMABLE,,,NOT_ESTIMABLE,,
15,f15-5a9547401a37,DEVELOPMENT_5K_NOT_FORMAL_10K,HELDOUT_TRIPLE_AUDIT,STRICT_LUMPED,f12d43eace12231077007dc497fee8dad00fbe58cb2f1fe2c6159c47636b97a0,qscan15_development5k_20260908_v1-HELDOUT_TRIPLE_AUDIT-000003,48,ACCOUNTED,12,,NOT_AVAILABLE_INCOMPLETE_OR_INVALID,,True,11,11,10,1,0,0,0,0,0,6,11,11,11,0.5454545454545454,0.5454545454545454,0.5454545454545454,0.6,NOT_ESTIMABLE,,,NOT_ESTIMABLE,,,NOT_ESTIMABLE,,
5,f5-fac1f3ff42e4,FORMAL_10K,HELDOUT_TRIPLE_AUDIT,STRICT_LUMPED,f12d43eace12231077007dc497fee8dad00fbe58cb2f1fe2c6159c47636b97a0,f05_qscan-HELDOUT_TRIPLE_AUDIT-000003,49,ACCOUNTED,11,,NOT_AVAILABLE_INCOMPLETE_OR_INVALID,,,11,6,6,0,0,2,3,0,0,1,6,6,11,0.09090909090909091,0.09090909090909091,0.09090909090909091,0.16666666666666666,NOT_ESTIMABLE,,,NOT_ESTIMABLE,,,NOT_ESTIMABLE,,
10,f10-d26d41688df1,FORMAL_10K,HELDOUT_TRIPLE_AUDIT,STRICT_LUMPED,f12d43eace12231077007dc497fee8dad00fbe58cb2f1fe2c6159c47636b97a0,f10_qscan-HELDOUT_TRIPLE_AUDIT-000003,50,ACCOUNTED,12,11,PASS,0.004360431653541623,True,11,11,11,0,0,0,0,0,0,4,11,11,11,0.36363636363636365,0.36363636363636365,0.36363636363636365,0.36363636363636365,NOT_ESTIMABLE,,,NOT_ESTIMABLE,,,NOT_ESTIMABLE,,
20,f20-4d6b0c6066ee,FORMAL_10K,HELDOUT_TRIPLE_AUDIT,STRICT_LUMPED,f12d43eace12231077007dc497fee8dad00fbe58cb2f1fe2c6159c47636b97a0,f20_qscan-HELDOUT_TRIPLE_AUDIT-000003,51,ACCOUNTED,14,,NOT_AVAILABLE_INCOMPLETE_OR_INVALID,,False,11,9,4,5,2,0,0,0,0,2,9,9,11,0.18181818181818182,0.18181818181818182,0.18181818181818182,0.5,NOT_ESTIMABLE,,,NOT_ESTIMABLE,,,NOT_ESTIMABLE,,
6,f6-ba844c981dd6,FORMAL_10K,HELDOUT_TRIPLE_AUDIT,STRICT_LUMPED,f12d43eace12231077007dc497fee8dad00fbe58cb2f1fe2c6159c47636b97a0,f06_qscan-HELDOUT_TRIPLE_AUDIT-000003,52,ACCOUNTED,10,12,PASS,0.002146481596066446,True,11,11,11,0,0,0,0,0,0,5,11,11,11,0.45454545454545453,0.45454545454545453,0.45454545454545453,0.45454545454545453,NOT_ESTIMABLE,,,NOT_ESTIMABLE,,,NOT_ESTIMABLE,,
7,f7-d0ffa9b31525,FORMAL_10K,HELDOUT_TRIPLE_AUDIT,STRICT_LUMPED,f12d43eace12231077007dc497fee8dad00fbe58cb2f1fe2c6159c47636b97a0,f07_qscan-HELDOUT_TRIPLE_AUDIT-000003,53,ACCOUNTED,11,,NOT_AVAILABLE_INCOMPLETE_OR_INVALID,,True,11,9,9,0,0,0,2,0,0,4,9,9,11,0.36363636363636365,0.36363636363636365,0.36363636363636365,0.4444444444444444,NOT_ESTIMABLE,,,NOT_ESTIMABLE,,,NOT_ESTIMABLE,,
8,f8-dc2e68a2a478,FORMAL_10K,HELDOUT_TRIPLE_AUDIT,STRICT_LUMPED,f12d43eace12231077007dc497fee8dad00fbe58cb2f1fe2c6159c47636b97a0,f08_qscan-HELDOUT_TRIPLE_AUDIT-000003,54,ACCOUNTED,14,,NOT_AVAILABLE_INCOMPLETE_OR_INVALID,,True,11,5,5,0,3,3,0,0,0,4,5,5,11,0.36363636363636365,0.36363636363636365,0.36363636363636365,0.8,NOT_ESTIMABLE,,,NOT_ESTIMABLE,,,NOT_ESTIMABLE,,
9,f9-0cd8cd2dd857,FORMAL_10K,HELDOUT_TRIPLE_AUDIT,STRICT_LUMPED,f12d43eace12231077007dc497fee8dad00fbe58cb2f1fe2c6159c47636b97a0,f09_qscan-HELDOUT_TRIPLE_AUDIT-000003,55,ACCOUNTED,10,,NOT_AVAILABLE_INCOMPLETE_OR_INVALID,,True,11,9,9,0,0,1,1,0,0,6,9,9,11,0.5454545454545454,0.5454545454545454,0.5454545454545454,0.6666666666666666,NOT_ESTIMABLE,,,NOT_ESTIMABLE,,,NOT_ESTIMABLE,,
11,f11-07165966aa39,FORMAL_10K,HELDOUT_TRIPLE_AUDIT,STRICT_LUMPED,f12d43eace12231077007dc497fee8dad00fbe58cb2f1fe2c6159c47636b97a0,f11_qscan-HELDOUT_TRIPLE_AUDIT-000003,56,ACCOUNTED,11,,NOT_AVAILABLE_INCOMPLETE_OR_INVALID,,True,11,10,10,0,0,1,0,0,0,7,10,10,11,0.6363636363636364,0.6363636363636364,0.6363636363636364,0.7,NOT_ESTIMABLE,,,NOT_ESTIMABLE,,,NOT_ESTIMABLE,,
12,f12-bbbcad303b3e,FORMAL_10K,HELDOUT_TRIPLE_AUDIT,STRICT_LUMPED,f12d43eace12231077007dc497fee8dad00fbe58cb2f1fe2c6159c47636b97a0,f12_qscan-HELDOUT_TRIPLE_AUDIT-000003,57,ACCOUNTED,14,,NOT_AVAILABLE_INCOMPLETE_OR_INVALID,,True,11,9,9,0,1,1,0,0,0,6,9,9,11,0.5454545454545454,0.5454545454545454,0.5454545454545454,0.6666666666666666,NOT_ESTIMABLE,,,NOT_ESTIMABLE,,,NOT_ESTIMABLE,,
13,f13-940260e5c34c,FORMAL_10K,HELDOUT_TRIPLE_AUDIT,STRICT_LUMPED,f12d43eace12231077007dc497fee8dad00fbe58cb2f1fe2c6159c47636b97a0,f13_qscan-HELDOUT_TRIPLE_AUDIT-000003,58,ACCOUNTED,15,,NOT_AVAILABLE_INCOMPLETE_OR_INVALID,,True,11,9,9,0,1,1,0,0,0,7,9,9,11,0.6363636363636364,0.6363636363636364,0.6363636363636364,0.7777777777777778,NOT_ESTIMABLE,,,NOT_ESTIMABLE,,,NOT_ESTIMABLE,,
14,f14-734ef171b954,FORMAL_10K,HELDOUT_TRIPLE_AUDIT,STRICT_LUMPED,f12d43eace12231077007dc497fee8dad00fbe58cb2f1fe2c6159c47636b97a0,f14_qscan-HELDOUT_TRIPLE_AUDIT-000003,59,ACCOUNTED,15,,NOT_AVAILABLE_INCOMPLETE_OR_INVALID,,True,11,10,10,0,1,0,0,0,0,9,10,10,11,0.8181818181818182,0.8181818181818182,0.8181818181818182,0.9,NOT_ESTIMABLE,,,NOT_ESTIMABLE,,,NOT_ESTIMABLE,,
16,f16-d1f0e127f1c7,FORMAL_10K,HELDOUT_TRIPLE_AUDIT,STRICT_LUMPED,f12d43eace12231077007dc497fee8dad00fbe58cb2f1fe2c6159c47636b97a0,f16_qscan-HELDOUT_TRIPLE_AUDIT-000003,60,ACCOUNTED,16,,NOT_AVAILABLE_INCOMPLETE_OR_INVALID,,True,11,11,10,1,0,0,0,0,0,8,11,11,11,0.7272727272727273,0.7272727272727273,0.7272727272727273,0.8,NOT_ESTIMABLE,,,NOT_ESTIMABLE,,,NOT_ESTIMABLE,,
17,f17-7b878ff5d5dc,FORMAL_10K,HELDOUT_TRIPLE_AUDIT,STRICT_LUMPED,f12d43eace12231077007dc497fee8dad00fbe58cb2f1fe2c6159c47636b97a0,f17_qscan-HELDOUT_TRIPLE_AUDIT-000003,61,ACCOUNTED,13,,NOT_AVAILABLE_INCOMPLETE_OR_INVALID,,True,11,10,10,0,0,1,0,0,0,7,10,10,11,0.6363636363636364,0.6363636363636364,0.6363636363636364,0.7,NOT_ESTIMABLE,,,NOT_ESTIMABLE,,,NOT_ESTIMABLE,,
18,f18-1a136fda6a2a,FORMAL_10K,HELDOUT_TRIPLE_AUDIT,STRICT_LUMPED,f12d43eace12231077007dc497fee8dad00fbe58cb2f1fe2c6159c47636b97a0,f18_qscan-HELDOUT_TRIPLE_AUDIT-000003,62,ACCOUNTED,13,,NOT_AVAILABLE_INCOMPLETE_OR_INVALID,,True,11,7,6,1,2,2,0,0,0,5,7,7,11,0.45454545454545453,0.45454545454545453,0.45454545454545453,0.8333333333333334,NOT_ESTIMABLE,,,NOT_ESTIMABLE,,,NOT_ESTIMABLE,,
19,f19-e02801471b97,FORMAL_10K,HELDOUT_TRIPLE_AUDIT,STRICT_LUMPED,f12d43eace12231077007dc497fee8dad00fbe58cb2f1fe2c6159c47636b97a0,f19_qscan-HELDOUT_TRIPLE_AUDIT-000003,63,PENDING,14,,NOT_AVAILABLE_INCOMPLETE_OR_INVALID,,,11,0,0,0,0,0,0,0,11,0,0,0,0,,,0.0,,NOT_ESTIMABLE,,,NOT_ESTIMABLE,,,NOT_ESTIMABLE,,
15,f15-5a9547401a37,DEVELOPMENT_5K_NOT_FORMAL_10K,HELDOUT_TRIPLE_AUDIT,STRICT_LUMPED,f12d43eace12231077007dc497fee8dad00fbe58cb2f1fe2c6159c47636b97a0,qscan15_development5k_20260908_v1-HELDOUT_TRIPLE_AUDIT-000004,64,PENDING,13,,NOT_AVAILABLE_INCOMPLETE_OR_INVALID,,,11,0,0,0,0,0,0,0,11,0,0,0,0,,,0.0,,NOT_ESTIMABLE,,,NOT_ESTIMABLE,,,NOT_ESTIMABLE,,
5,f5-fac1f3ff42e4,FORMAL_10K,HELDOUT_TRIPLE_AUDIT,STRICT_LUMPED,f12d43eace12231077007dc497fee8dad00fbe58cb2f1fe2c6159c47636b97a0,f05_qscan-HELDOUT_TRIPLE_AUDIT-000004,65,PENDING,10,,NOT_AVAILABLE_INCOMPLETE_OR_INVALID,,,11,0,0,0,0,0,0,0,11,0,0,0,0,,,0.0,,NOT_ESTIMABLE,,,NOT_ESTIMABLE,,,NOT_ESTIMABLE,,
10,f10-d26d41688df1,FORMAL_10K,HELDOUT_TRIPLE_AUDIT,STRICT_LUMPED,f12d43eace12231077007dc497fee8dad00fbe58cb2f1fe2c6159c47636b97a0,f10_qscan-HELDOUT_TRIPLE_AUDIT-000004,66,PENDING,11,,NOT_AVAILABLE_INCOMPLETE_OR_INVALID,,,11,0,0,0,0,0,0,0,11,0,0,0,0,,,0.0,,NOT_ESTIMABLE,,,NOT_ESTIMABLE,,,NOT_ESTIMABLE,,
20,f20-4d6b0c6066ee,FORMAL_10K,HELDOUT_TRIPLE_AUDIT,STRICT_LUMPED,f12d43eace12231077007dc497fee8dad00fbe58cb2f1fe2c6159c47636b97a0,f20_qscan-HELDOUT_TRIPLE_AUDIT-000004,67,PENDING,16,,NOT_AVAILABLE_INCOMPLETE_OR_INVALID,,,11,0,0,0,0,0,0,0,11,0,0,0,0,,,0.0,,NOT_ESTIMABLE,,,NOT_ESTIMABLE,,,NOT_ESTIMABLE,,
6,f6-ba844c981dd6,FORMAL_10K,HELDOUT_TRIPLE_AUDIT,STRICT_LUMPED,f12d43eace12231077007dc497fee8dad00fbe58cb2f1fe2c6159c47636b97a0,f06_qscan-HELDOUT_TRIPLE_AUDIT-000004,68,PENDING,10,,NOT_AVAILABLE_INCOMPLETE_OR_INVALID,,,11,0,0,0,0,0,0,0,11,0,0,0,0,,,0.0,,NOT_ESTIMABLE,,,NOT_ESTIMABLE,,,NOT_ESTIMABLE,,
7,f7-d0ffa9b31525,FORMAL_10K,HELDOUT_TRIPLE_AUDIT,STRICT_LUMPED,f12d43eace12231077007dc497fee8dad00fbe58cb2f1fe2c6159c47636b97a0,f07_qscan-HELDOUT_TRIPLE_AUDIT-000004,69,PENDING,10,,NOT_AVAILABLE_INCOMPLETE_OR_INVALID,,,11,0,0,0,0,0,0,0,11,0,0,0,0,,,0.0,,NOT_ESTIMABLE,,,NOT_ESTIMABLE,,,NOT_ESTIMABLE,,
8,f8-dc2e68a2a478,FORMAL_10K,HELDOUT_TRIPLE_AUDIT,STRICT_LUMPED,f12d43eace12231077007dc497fee8dad00fbe58cb2f1fe2c6159c47636b97a0,f08_qscan-HELDOUT_TRIPLE_AUDIT-000004,70,PENDING,11,,NOT_AVAILABLE_INCOMPLETE_OR_INVALID,,,11,0,0,0,0,0,0,0,11,0,0,0,0,,,0.0,,NOT_ESTIMABLE,,,NOT_ESTIMABLE,,,NOT_ESTIMABLE,,
9,f9-0cd8cd2dd857,FORMAL_10K,HELDOUT_TRIPLE_AUDIT,STRICT_LUMPED,f12d43eace12231077007dc497fee8dad00fbe58cb2f1fe2c6159c47636b97a0,f09_qscan-HELDOUT_TRIPLE_AUDIT-000004,71,PENDING,14,,NOT_AVAILABLE_INCOMPLETE_OR_INVALID,,,11,0,0,0,0,0,0,0,11,0,0,0,0,,,0.0,,NOT_ESTIMABLE,,,NOT_ESTIMABLE,,,NOT_ESTIMABLE,,
11,f11-07165966aa39,FORMAL_10K,HELDOUT_TRIPLE_AUDIT,STRICT_LUMPED,f12d43eace12231077007dc497fee8dad00fbe58cb2f1fe2c6159c47636b97a0,f11_qscan-HELDOUT_TRIPLE_AUDIT-000004,72,PENDING,11,,NOT_AVAILABLE_INCOMPLETE_OR_INVALID,,,11,0,0,0,0,0,0,0,11,0,0,0,0,,,0.0,,NOT_ESTIMABLE,,,NOT_ESTIMABLE,,,NOT_ESTIMABLE,,
12,f12-bbbcad303b3e,FORMAL_10K,HELDOUT_TRIPLE_AUDIT,STRICT_LUMPED,f12d43eace12231077007dc497fee8dad00fbe58cb2f1fe2c6159c47636b97a0,f12_qscan-HELDOUT_TRIPLE_AUDIT-000004,73,PENDING,13,,NOT_AVAILABLE_INCOMPLETE_OR_INVALID,,,11,0,0,0,0,0,0,0,11,0,0,0,0,,,0.0,,NOT_ESTIMABLE,,,NOT_ESTIMABLE,,,NOT_ESTIMABLE,,
13,f13-940260e5c34c,FORMAL_10K,HELDOUT_TRIPLE_AUDIT,STRICT_LUMPED,f12d43eace12231077007dc497fee8dad00fbe58cb2f1fe2c6159c47636b97a0,f13_qscan-HELDOUT_TRIPLE_AUDIT-000004,74,PENDING,13,,NOT_AVAILABLE_INCOMPLETE_OR_INVALID,,,11,0,0,0,0,0,0,0,11,0,0,0,0,,,0.0,,NOT_ESTIMABLE,,,NOT_ESTIMABLE,,,NOT_ESTIMABLE,,
14,f14-734ef171b954,FORMAL_10K,HELDOUT_TRIPLE_AUDIT,STRICT_LUMPED,f12d43eace12231077007dc497fee8dad00fbe58cb2f1fe2c6159c47636b97a0,f14_qscan-HELDOUT_TRIPLE_AUDIT-000004,75,PENDING,13,,NOT_AVAILABLE_INCOMPLETE_OR_INVALID,,,11,0,0,0,0,0,0,0,11,0,0,0,0,,,0.0,,NOT_ESTIMABLE,,,NOT_ESTIMABLE,,,NOT_ESTIMABLE,,
16,f16-d1f0e127f1c7,FORMAL_10K,HELDOUT_TRIPLE_AUDIT,STRICT_LUMPED,f12d43eace12231077007dc497fee8dad00fbe58cb2f1fe2c6159c47636b97a0,f16_qscan-HELDOUT_TRIPLE_AUDIT-000004,76,PENDING,12,,NOT_AVAILABLE_INCOMPLETE_OR_INVALID,,,11,0,0,0,4,0,0,0,7,0,0,0,0,,,0.0,,NOT_ESTIMABLE,,,NOT_ESTIMABLE,,,NOT_ESTIMABLE,,
17,f17-7b878ff5d5dc,FORMAL_10K,HELDOUT_TRIPLE_AUDIT,STRICT_LUMPED,f12d43eace12231077007dc497fee8dad00fbe58cb2f1fe2c6159c47636b97a0,f17_qscan-HELDOUT_TRIPLE_AUDIT-000004,77,PENDING,14,,NOT_AVAILABLE_INCOMPLETE_OR_INVALID,,,11,0,0,0,3,0,0,0,8,0,0,0,0,,,0.0,,NOT_ESTIMABLE,,,NOT_ESTIMABLE,,,NOT_ESTIMABLE,,
18,f18-1a136fda6a2a,FORMAL_10K,HELDOUT_TRIPLE_AUDIT,STRICT_LUMPED,f12d43eace12231077007dc497fee8dad00fbe58cb2f1fe2c6159c47636b97a0,f18_qscan-HELDOUT_TRIPLE_AUDIT-000004,78,PENDING,14,,NOT_AVAILABLE_INCOMPLETE_OR_INVALID,,,11,0,0,0,3,0,0,0,8,0,0,0,0,,,0.0,,NOT_ESTIMABLE,,,NOT_ESTIMABLE,,,NOT_ESTIMABLE,,
19,f19-e02801471b97,FORMAL_10K,HELDOUT_TRIPLE_AUDIT,STRICT_LUMPED,f12d43eace12231077007dc497fee8dad00fbe58cb2f1fe2c6159c47636b97a0,f19_qscan-HELDOUT_TRIPLE_AUDIT-000004,79,PENDING,15,,NOT_AVAILABLE_INCOMPLETE_OR_INVALID,,,11,0,0,0,3,0,0,0,8,0,0,0,0,,,0.0,,NOT_ESTIMABLE,,,NOT_ESTIMABLE,,,NOT_ESTIMABLE,,
15,f15-5a9547401a37,DEVELOPMENT_5K_NOT_FORMAL_10K,HELDOUT_TRIPLE_AUDIT,STRICT_LUMPED,f12d43eace12231077007dc497fee8dad00fbe58cb2f1fe2c6159c47636b97a0,qscan15_development5k_20260908_v1-HELDOUT_TRIPLE_AUDIT-000005,80,PENDING,11,,NOT_AVAILABLE_INCOMPLETE_OR_INVALID,,,11,0,0,0,0,0,0,0,11,0,0,0,0,,,0.0,,NOT_ESTIMABLE,,,NOT_ESTIMABLE,,,NOT_ESTIMABLE,,
5,f5-fac1f3ff42e4,FORMAL_10K,HELDOUT_TRIPLE_AUDIT,STRICT_LUMPED,f12d43eace12231077007dc497fee8dad00fbe58cb2f1fe2c6159c47636b97a0,f05_qscan-HELDOUT_TRIPLE_AUDIT-000005,81,PENDING,10,,NOT_AVAILABLE_INCOMPLETE_OR_INVALID,,,11,0,0,0,0,0,0,0,11,0,0,0,0,,,0.0,,NOT_ESTIMABLE,,,NOT_ESTIMABLE,,,NOT_ESTIMABLE,,
10,f10-d26d41688df1,FORMAL_10K,HELDOUT_TRIPLE_AUDIT,STRICT_LUMPED,f12d43eace12231077007dc497fee8dad00fbe58cb2f1fe2c6159c47636b97a0,f10_qscan-HELDOUT_TRIPLE_AUDIT-000005,82,PENDING,12,,NOT_AVAILABLE_INCOMPLETE_OR_INVALID,,,11,0,0,0,0,0,0,0,11,0,0,0,0,,,0.0,,NOT_ESTIMABLE,,,NOT_ESTIMABLE,,,NOT_ESTIMABLE,,
20,f20-4d6b0c6066ee,FORMAL_10K,HELDOUT_TRIPLE_AUDIT,STRICT_LUMPED,f12d43eace12231077007dc497fee8dad00fbe58cb2f1fe2c6159c47636b97a0,f20_qscan-HELDOUT_TRIPLE_AUDIT-000005,83,PENDING,15,,NOT_AVAILABLE_INCOMPLETE_OR_INVALID,,,11,0,0,0,0,0,0,0,11,0,0,0,0,,,0.0,,NOT_ESTIMABLE,,,NOT_ESTIMABLE,,,NOT_ESTIMABLE,,
6,f6-ba844c981dd6,FORMAL_10K,HELDOUT_TRIPLE_AUDIT,STRICT_LUMPED,f12d43eace12231077007dc497fee8dad00fbe58cb2f1fe2c6159c47636b97a0,f06_qscan-HELDOUT_TRIPLE_AUDIT-000005,84,PENDING,10,,NOT_AVAILABLE_INCOMPLETE_OR_INVALID,,,11,0,0,0,0,0,0,0,11,0,0,0,0,,,0.0,,NOT_ESTIMABLE,,,NOT_ESTIMABLE,,,NOT_ESTIMABLE,,
7,f7-d0ffa9b31525,FORMAL_10K,HELDOUT_TRIPLE_AUDIT,STRICT_LUMPED,f12d43eace12231077007dc497fee8dad00fbe58cb2f1fe2c6159c47636b97a0,f07_qscan-HELDOUT_TRIPLE_AUDIT-000005,85,PENDING,13,,NOT_AVAILABLE_INCOMPLETE_OR_INVALID,,,11,0,0,0,0,0,0,0,11,0,0,0,0,,,0.0,,NOT_ESTIMABLE,,,NOT_ESTIMABLE,,,NOT_ESTIMABLE,,
8,f8-dc2e68a2a478,FORMAL_10K,HELDOUT_TRIPLE_AUDIT,STRICT_LUMPED,f12d43eace12231077007dc497fee8dad00fbe58cb2f1fe2c6159c47636b97a0,f08_qscan-HELDOUT_TRIPLE_AUDIT-000005,86,PENDING,15,,NOT_AVAILABLE_INCOMPLETE_OR_INVALID,,,11,0,0,0,11,0,0,0,0,0,0,0,0,,,0.0,,NOT_ESTIMABLE,,,NOT_ESTIMABLE,,,NOT_ESTIMABLE,,
9,f9-0cd8cd2dd857,FORMAL_10K,HELDOUT_TRIPLE_AUDIT,STRICT_LUMPED,f12d43eace12231077007dc497fee8dad00fbe58cb2f1fe2c6159c47636b97a0,f09_qscan-HELDOUT_TRIPLE_AUDIT-000005,87,PENDING,15,,NOT_AVAILABLE_INCOMPLETE_OR_INVALID,,,11,0,0,0,0,0,0,0,11,0,0,0,0,,,0.0,,NOT_ESTIMABLE,,,NOT_ESTIMABLE,,,NOT_ESTIMABLE,,
11,f11-07165966aa39,FORMAL_10K,HELDOUT_TRIPLE_AUDIT,STRICT_LUMPED,f12d43eace12231077007dc497fee8dad00fbe58cb2f1fe2c6159c47636b97a0,f11_qscan-HELDOUT_TRIPLE_AUDIT-000005,88,PENDING,14,,NOT_AVAILABLE_INCOMPLETE_OR_INVALID,,,11,0,0,0,0,0,0,0,11,0,0,0,0,,,0.0,,NOT_ESTIMABLE,,,NOT_ESTIMABLE,,,NOT_ESTIMABLE,,
12,f12-bbbcad303b3e,FORMAL_10K,HELDOUT_TRIPLE_AUDIT,STRICT_LUMPED,f12d43eace12231077007dc497fee8dad00fbe58cb2f1fe2c6159c47636b97a0,f12_qscan-HELDOUT_TRIPLE_AUDIT-000005,89,PENDING,13,,NOT_AVAILABLE_INCOMPLETE_OR_INVALID,,,11,0,0,0,0,0,0,0,11,0,0,0,0,,,0.0,,NOT_ESTIMABLE,,,NOT_ESTIMABLE,,,NOT_ESTIMABLE,,
13,f13-940260e5c34c,FORMAL_10K,HELDOUT_TRIPLE_AUDIT,STRICT_LUMPED,f12d43eace12231077007dc497fee8dad00fbe58cb2f1fe2c6159c47636b97a0,f13_qscan-HELDOUT_TRIPLE_AUDIT-000005,90,PENDING,12,,NOT_AVAILABLE_INCOMPLETE_OR_INVALID,,,11,0,0,0,0,0,0,0,11,0,0,0,0,,,0.0,,NOT_ESTIMABLE,,,NOT_ESTIMABLE,,,NOT_ESTIMABLE,,
14,f14-734ef171b954,FORMAL_10K,HELDOUT_TRIPLE_AUDIT,STRICT_LUMPED,f12d43eace12231077007dc497fee8dad00fbe58cb2f1fe2c6159c47636b97a0,f14_qscan-HELDOUT_TRIPLE_AUDIT-000005,91,PENDING,14,,NOT_AVAILABLE_INCOMPLETE_OR_INVALID,,,11,0,0,0,0,0,0,0,11,0,0,0,0,,,0.0,,NOT_ESTIMABLE,,,NOT_ESTIMABLE,,,NOT_ESTIMABLE,,
16,f16-d1f0e127f1c7,FORMAL_10K,HELDOUT_TRIPLE_AUDIT,STRICT_LUMPED,f12d43eace12231077007dc497fee8dad00fbe58cb2f1fe2c6159c47636b97a0,f16_qscan-HELDOUT_TRIPLE_AUDIT-000005,92,PENDING,13,,NOT_AVAILABLE_INCOMPLETE_OR_INVALID,,,11,0,0,0,2,0,0,0,9,0,0,0,0,,,0.0,,NOT_ESTIMABLE,,,NOT_ESTIMABLE,,,NOT_ESTIMABLE,,
17,f17-7b878ff5d5dc,FORMAL_10K,HELDOUT_TRIPLE_AUDIT,STRICT_LUMPED,f12d43eace12231077007dc497fee8dad00fbe58cb2f1fe2c6159c47636b97a0,f17_qscan-HELDOUT_TRIPLE_AUDIT-000005,93,PENDING,13,,NOT_AVAILABLE_INCOMPLETE_OR_INVALID,,,11,0,0,0,0,0,0,0,11,0,0,0,0,,,0.0,,NOT_ESTIMABLE,,,NOT_ESTIMABLE,,,NOT_ESTIMABLE,,
18,f18-1a136fda6a2a,FORMAL_10K,HELDOUT_TRIPLE_AUDIT,STRICT_LUMPED,f12d43eace12231077007dc497fee8dad00fbe58cb2f1fe2c6159c47636b97a0,f18_qscan-HELDOUT_TRIPLE_AUDIT-000005,94,PENDING,15,,NOT_AVAILABLE_INCOMPLETE_OR_INVALID,,,11,0,0,0,4,0,0,0,7,0,0,0,0,,,0.0,,NOT_ESTIMABLE,,,NOT_ESTIMABLE,,,NOT_ESTIMABLE,,
19,f19-e02801471b97,FORMAL_10K,HELDOUT_TRIPLE_AUDIT,STRICT_LUMPED,f12d43eace12231077007dc497fee8dad00fbe58cb2f1fe2c6159c47636b97a0,f19_qscan-HELDOUT_TRIPLE_AUDIT-000005,95,PENDING,14,,NOT_AVAILABLE_INCOMPLETE_OR_INVALID,,,11,0,0,0,3,0,0,0,8,0,0,0,0,,,0.0,,NOT_ESTIMABLE,,,NOT_ESTIMABLE,,,NOT_ESTIMABLE,,
15,f15-5a9547401a37,DEVELOPMENT_5K_NOT_FORMAL_10K,HELDOUT_TRIPLE_AUDIT,STRICT_LUMPED,f12d43eace12231077007dc497fee8dad00fbe58cb2f1fe2c6159c47636b97a0,qscan15_development5k_20260908_v1-HELDOUT_TRIPLE_AUDIT-000006,96,PENDING,13,,NOT_AVAILABLE_INCOMPLETE_OR_INVALID,,,11,0,0,0,0,0,0,0,11,0,0,0,0,,,0.0,,NOT_ESTIMABLE,,,NOT_ESTIMABLE,,,NOT_ESTIMABLE,,
5,f5-fac1f3ff42e4,FORMAL_10K,HELDOUT_TRIPLE_AUDIT,STRICT_LUMPED,f12d43eace12231077007dc497fee8dad00fbe58cb2f1fe2c6159c47636b97a0,f05_qscan-HELDOUT_TRIPLE_AUDIT-000006,97,PENDING,10,,NOT_AVAILABLE_INCOMPLETE_OR_INVALID,,,11,0,0,0,0,0,0,0,11,0,0,0,0,,,0.0,,NOT_ESTIMABLE,,,NOT_ESTIMABLE,,,NOT_ESTIMABLE,,
10,f10-d26d41688df1,FORMAL_10K,HELDOUT_TRIPLE_AUDIT,STRICT_LUMPED,f12d43eace12231077007dc497fee8dad00fbe58cb2f1fe2c6159c47636b97a0,f10_qscan-HELDOUT_TRIPLE_AUDIT-000006,98,PENDING,11,,NOT_AVAILABLE_INCOMPLETE_OR_INVALID,,,11,0,0,0,0,0,0,0,11,0,0,0,0,,,0.0,,NOT_ESTIMABLE,,,NOT_ESTIMABLE,,,NOT_ESTIMABLE,,
20,f20-4d6b0c6066ee,FORMAL_10K,HELDOUT_TRIPLE_AUDIT,STRICT_LUMPED,f12d43eace12231077007dc497fee8dad00fbe58cb2f1fe2c6159c47636b97a0,f20_qscan-HELDOUT_TRIPLE_AUDIT-000006,99,PENDING,16,,NOT_AVAILABLE_INCOMPLETE_OR_INVALID,,,11,0,0,0,0,0,0,0,11,0,0,0,0,,,0.0,,NOT_ESTIMABLE,,,NOT_ESTIMABLE,,,NOT_ESTIMABLE,,
6,f6-ba844c981dd6,FORMAL_10K,HELDOUT_TRIPLE_AUDIT,STRICT_LUMPED,f12d43eace12231077007dc497fee8dad00fbe58cb2f1fe2c6159c47636b97a0,f06_qscan-HELDOUT_TRIPLE_AUDIT-000006,100,PENDING,11,,NOT_AVAILABLE_INCOMPLETE_OR_INVALID,,,11,0,0,0,0,0,0,0,11,0,0,0,0,,,0.0,,NOT_ESTIMABLE,,,NOT_ESTIMABLE,,,NOT_ESTIMABLE,,
7,f7-d0ffa9b31525,FORMAL_10K,HELDOUT_TRIPLE_AUDIT,STRICT_LUMPED,f12d43eace12231077007dc497fee8dad00fbe58cb2f1fe2c6159c47636b97a0,f07_qscan-HELDOUT_TRIPLE_AUDIT-000006,101,PENDING,13,,NOT_AVAILABLE_INCOMPLETE_OR_INVALID,,,11,0,0,0,0,0,0,0,11,0,0,0,0,,,0.0,,NOT_ESTIMABLE,,,NOT_ESTIMABLE,,,NOT_ESTIMABLE,,
8,f8-dc2e68a2a478,FORMAL_10K,HELDOUT_TRIPLE_AUDIT,STRICT_LUMPED,f12d43eace12231077007dc497fee8dad00fbe58cb2f1fe2c6159c47636b97a0,f08_qscan-HELDOUT_TRIPLE_AUDIT-000006,102,PENDING,10,,NOT_AVAILABLE_INCOMPLETE_OR_INVALID,,,11,0,0,0,0,0,0,0,11,0,0,0,0,,,0.0,,NOT_ESTIMABLE,,,NOT_ESTIMABLE,,,NOT_ESTIMABLE,,
9,f9-0cd8cd2dd857,FORMAL_10K,HELDOUT_TRIPLE_AUDIT,STRICT_LUMPED,f12d43eace12231077007dc497fee8dad00fbe58cb2f1fe2c6159c47636b97a0,f09_qscan-HELDOUT_TRIPLE_AUDIT-000006,103,PENDING,13,,NOT_AVAILABLE_INCOMPLETE_OR_INVALID,,,11,0,0,0,0,0,0,0,11,0,0,0,0,,,0.0,,NOT_ESTIMABLE,,,NOT_ESTIMABLE,,,NOT_ESTIMABLE,,
11,f11-07165966aa39,FORMAL_10K,HELDOUT_TRIPLE_AUDIT,STRICT_LUMPED,f12d43eace12231077007dc497fee8dad00fbe58cb2f1fe2c6159c47636b97a0,f11_qscan-HELDOUT_TRIPLE_AUDIT-000006,104,PENDING,12,,NOT_AVAILABLE_INCOMPLETE_OR_INVALID,,,11,0,0,0,0,0,0,0,11,0,0,0,0,,,0.0,,NOT_ESTIMABLE,,,NOT_ESTIMABLE,,,NOT_ESTIMABLE,,
12,f12-bbbcad303b3e,FORMAL_10K,HELDOUT_TRIPLE_AUDIT,STRICT_LUMPED,f12d43eace12231077007dc497fee8dad00fbe58cb2f1fe2c6159c47636b97a0,f12_qscan-HELDOUT_TRIPLE_AUDIT-000006,105,PENDING,12,,NOT_AVAILABLE_INCOMPLETE_OR_INVALID,,,11,0,0,0,0,0,0,0,11,0,0,0,0,,,0.0,,NOT_ESTIMABLE,,,NOT_ESTIMABLE,,,NOT_ESTIMABLE,,
13,f13-940260e5c34c,FORMAL_10K,HELDOUT_TRIPLE_AUDIT,STRICT_LUMPED,f12d43eace12231077007dc497fee8dad00fbe58cb2f1fe2c6159c47636b97a0,f13_qscan-HELDOUT_TRIPLE_AUDIT-000006,106,PENDING,14,,NOT_AVAILABLE_INCOMPLETE_OR_INVALID,,,11,0,0,0,1,0,0,0,10,0,0,0,0,,,0.0,,NOT_ESTIMABLE,,,NOT_ESTIMABLE,,,NOT_ESTIMABLE,,
14,f14-734ef171b954,FORMAL_10K,HELDOUT_TRIPLE_AUDIT,STRICT_LUMPED,f12d43eace12231077007dc497fee8dad00fbe58cb2f1fe2c6159c47636b97a0,f14_qscan-HELDOUT_TRIPLE_AUDIT-000006,107,PENDING,11,,NOT_AVAILABLE_INCOMPLETE_OR_INVALID,,,11,0,0,0,0,0,0,0,11,0,0,0,0,,,0.0,,NOT_ESTIMABLE,,,NOT_ESTIMABLE,,,NOT_ESTIMABLE,,
16,f16-d1f0e127f1c7,FORMAL_10K,HELDOUT_TRIPLE_AUDIT,STRICT_LUMPED,f12d43eace12231077007dc497fee8dad00fbe58cb2f1fe2c6159c47636b97a0,f16_qscan-HELDOUT_TRIPLE_AUDIT-000006,108,PENDING,12,,NOT_AVAILABLE_INCOMPLETE_OR_INVALID,,,11,0,0,0,0,0,0,0,11,0,0,0,0,,,0.0,,NOT_ESTIMABLE,,,NOT_ESTIMABLE,,,NOT_ESTIMABLE,,
17,f17-7b878ff5d5dc,FORMAL_10K,HELDOUT_TRIPLE_AUDIT,STRICT_LUMPED,f12d43eace12231077007dc497fee8dad00fbe58cb2f1fe2c6159c47636b97a0,f17_qscan-HELDOUT_TRIPLE_AUDIT-000006,109,PENDING,14,,NOT_AVAILABLE_INCOMPLETE_OR_INVALID,,,11,0,0,0,2,0,0,0,9,0,0,0,0,,,0.0,,NOT_ESTIMABLE,,,NOT_ESTIMABLE,,,NOT_ESTIMABLE,,
18,f18-1a136fda6a2a,FORMAL_10K,HELDOUT_TRIPLE_AUDIT,STRICT_LUMPED,f12d43eace12231077007dc497fee8dad00fbe58cb2f1fe2c6159c47636b97a0,f18_qscan-HELDOUT_TRIPLE_AUDIT-000006,110,PENDING,16,,NOT_AVAILABLE_INCOMPLETE_OR_INVALID,,,11,0,0,0,2,0,0,0,9,0,0,0,0,,,0.0,,NOT_ESTIMABLE,,,NOT_ESTIMABLE,,,NOT_ESTIMABLE,,
19,f19-e02801471b97,FORMAL_10K,HELDOUT_TRIPLE_AUDIT,STRICT_LUMPED,f12d43eace12231077007dc497fee8dad00fbe58cb2f1fe2c6159c47636b97a0,f19_qscan-HELDOUT_TRIPLE_AUDIT-000006,111,PENDING,15,,NOT_AVAILABLE_INCOMPLETE_OR_INVALID,,,11,0,0,0,0,0,0,0,11,0,0,0,0,,,0.0,,NOT_ESTIMABLE,,,NOT_ESTIMABLE,,,NOT_ESTIMABLE,,
15,f15-5a9547401a37,DEVELOPMENT_5K_NOT_FORMAL_10K,HELDOUT_TRIPLE_AUDIT,STRICT_LUMPED,f12d43eace12231077007dc497fee8dad00fbe58cb2f1fe2c6159c47636b97a0,qscan15_development5k_20260908_v1-HELDOUT_TRIPLE_AUDIT-000007,112,PENDING,14,,NOT_AVAILABLE_INCOMPLETE_OR_INVALID,,,11,0,0,0,0,0,0,0,11,0,0,0,0,,,0.0,,NOT_ESTIMABLE,,,NOT_ESTIMABLE,,,NOT_ESTIMABLE,,
5,f5-fac1f3ff42e4,FORMAL_10K,HELDOUT_TRIPLE_AUDIT,STRICT_LUMPED,f12d43eace12231077007dc497fee8dad00fbe58cb2f1fe2c6159c47636b97a0,f05_qscan-HELDOUT_TRIPLE_AUDIT-000007,113,PENDING,11,,NOT_AVAILABLE_INCOMPLETE_OR_INVALID,,,11,0,0,0,0,0,0,0,11,0,0,0,0,,,0.0,,NOT_ESTIMABLE,,,NOT_ESTIMABLE,,,NOT_ESTIMABLE,,
10,f10-d26d41688df1,FORMAL_10K,HELDOUT_TRIPLE_AUDIT,STRICT_LUMPED,f12d43eace12231077007dc497fee8dad00fbe58cb2f1fe2c6159c47636b97a0,f10_qscan-HELDOUT_TRIPLE_AUDIT-000007,114,PENDING,12,,NOT_AVAILABLE_INCOMPLETE_OR_INVALID,,,11,0,0,0,0,0,0,0,11,0,0,0,0,,,0.0,,NOT_ESTIMABLE,,,NOT_ESTIMABLE,,,NOT_ESTIMABLE,,
20,f20-4d6b0c6066ee,FORMAL_10K,HELDOUT_TRIPLE_AUDIT,STRICT_LUMPED,f12d43eace12231077007dc497fee8dad00fbe58cb2f1fe2c6159c47636b97a0,f20_qscan-HELDOUT_TRIPLE_AUDIT-000007,115,PENDING,16,,NOT_AVAILABLE_INCOMPLETE_OR_INVALID,,,11,0,0,0,0,0,0,0,11,0,0,0,0,,,0.0,,NOT_ESTIMABLE,,,NOT_ESTIMABLE,,,NOT_ESTIMABLE,,
6,f6-ba844c981dd6,FORMAL_10K,HELDOUT_TRIPLE_AUDIT,STRICT_LUMPED,f12d43eace12231077007dc497fee8dad00fbe58cb2f1fe2c6159c47636b97a0,f06_qscan-HELDOUT_TRIPLE_AUDIT-000007,116,PENDING,10,,NOT_AVAILABLE_INCOMPLETE_OR_INVALID,,,11,0,0,0,0,0,0,0,11,0,0,0,0,,,0.0,,NOT_ESTIMABLE,,,NOT_ESTIMABLE,,,NOT_ESTIMABLE,,
7,f7-d0ffa9b31525,FORMAL_10K,HELDOUT_TRIPLE_AUDIT,STRICT_LUMPED,f12d43eace12231077007dc497fee8dad00fbe58cb2f1fe2c6159c47636b97a0,f07_qscan-HELDOUT_TRIPLE_AUDIT-000007,117,PENDING,10,,NOT_AVAILABLE_INCOMPLETE_OR_INVALID,,,11,0,0,0,0,0,0,0,11,0,0,0,0,,,0.0,,NOT_ESTIMABLE,,,NOT_ESTIMABLE,,,NOT_ESTIMABLE,,
8,f8-dc2e68a2a478,FORMAL_10K,HELDOUT_TRIPLE_AUDIT,STRICT_LUMPED,f12d43eace12231077007dc497fee8dad00fbe58cb2f1fe2c6159c47636b97a0,f08_qscan-HELDOUT_TRIPLE_AUDIT-000007,118,PENDING,11,,NOT_AVAILABLE_INCOMPLETE_OR_INVALID,,,11,0,0,0,11,0,0,0,0,0,0,0,0,,,0.0,,NOT_ESTIMABLE,,,NOT_ESTIMABLE,,,NOT_ESTIMABLE,,
9,f9-0cd8cd2dd857,FORMAL_10K,HELDOUT_TRIPLE_AUDIT,STRICT_LUMPED,f12d43eace12231077007dc497fee8dad00fbe58cb2f1fe2c6159c47636b97a0,f09_qscan-HELDOUT_TRIPLE_AUDIT-000007,119,PENDING,10,,NOT_AVAILABLE_INCOMPLETE_OR_INVALID,,,11,0,0,0,0,0,0,0,11,0,0,0,0,,,0.0,,NOT_ESTIMABLE,,,NOT_ESTIMABLE,,,NOT_ESTIMABLE,,
11,f11-07165966aa39,FORMAL_10K,HELDOUT_TRIPLE_AUDIT,STRICT_LUMPED,f12d43eace12231077007dc497fee8dad00fbe58cb2f1fe2c6159c47636b97a0,f11_qscan-HELDOUT_TRIPLE_AUDIT-000007,120,PENDING,13,,NOT_AVAILABLE_INCOMPLETE_OR_INVALID,,,11,0,0,0,0,0,0,0,11,0,0,0,0,,,0.0,,NOT_ESTIMABLE,,,NOT_ESTIMABLE,,,NOT_ESTIMABLE,,
12,f12-bbbcad303b3e,FORMAL_10K,HELDOUT_TRIPLE_AUDIT,STRICT_LUMPED,f12d43eace12231077007dc497fee8dad00fbe58cb2f1fe2c6159c47636b97a0,f12_qscan-HELDOUT_TRIPLE_AUDIT-000007,121,PENDING,13,,NOT_AVAILABLE_INCOMPLETE_OR_INVALID,,,11,0,0,0,0,0,0,0,11,0,0,0,0,,,0.0,,NOT_ESTIMABLE,,,NOT_ESTIMABLE,,,NOT_ESTIMABLE,,
13,f13-940260e5c34c,FORMAL_10K,HELDOUT_TRIPLE_AUDIT,STRICT_LUMPED,f12d43eace12231077007dc497fee8dad00fbe58cb2f1fe2c6159c47636b97a0,f13_qscan-HELDOUT_TRIPLE_AUDIT-000007,122,PENDING,14,,NOT_AVAILABLE_INCOMPLETE_OR_INVALID,,,11,0,0,0,1,0,0,0,10,0,0,0,0,,,0.0,,NOT_ESTIMABLE,,,NOT_ESTIMABLE,,,NOT_ESTIMABLE,,
14,f14-734ef171b954,FORMAL_10K,HELDOUT_TRIPLE_AUDIT,STRICT_LUMPED,f12d43eace12231077007dc497fee8dad00fbe58cb2f1fe2c6159c47636b97a0,f14_qscan-HELDOUT_TRIPLE_AUDIT-000007,123,PENDING,15,,NOT_AVAILABLE_INCOMPLETE_OR_INVALID,,,11,0,0,0,0,0,0,0,11,0,0,0,0,,,0.0,,NOT_ESTIMABLE,,,NOT_ESTIMABLE,,,NOT_ESTIMABLE,,
16,f16-d1f0e127f1c7,FORMAL_10K,HELDOUT_TRIPLE_AUDIT,STRICT_LUMPED,f12d43eace12231077007dc497fee8dad00fbe58cb2f1fe2c6159c47636b97a0,f16_qscan-HELDOUT_TRIPLE_AUDIT-000007,124,PENDING,15,,NOT_AVAILABLE_INCOMPLETE_OR_INVALID,,,11,0,0,0,2,0,0,0,9,0,0,0,0,,,0.0,,NOT_ESTIMABLE,,,NOT_ESTIMABLE,,,NOT_ESTIMABLE,,
17,f17-7b878ff5d5dc,FORMAL_10K,HELDOUT_TRIPLE_AUDIT,STRICT_LUMPED,f12d43eace12231077007dc497fee8dad00fbe58cb2f1fe2c6159c47636b97a0,f17_qscan-HELDOUT_TRIPLE_AUDIT-000007,125,PENDING,14,,NOT_AVAILABLE_INCOMPLETE_OR_INVALID,,,11,0,0,0,3,0,0,0,8,0,0,0,0,,,0.0,,NOT_ESTIMABLE,,,NOT_ESTIMABLE,,,NOT_ESTIMABLE,,
18,f18-1a136fda6a2a,FORMAL_10K,HELDOUT_TRIPLE_AUDIT,STRICT_LUMPED,f12d43eace12231077007dc497fee8dad00fbe58cb2f1fe2c6159c47636b97a0,f18_qscan-HELDOUT_TRIPLE_AUDIT-000007,126,PENDING,16,,NOT_AVAILABLE_INCOMPLETE_OR_INVALID,,,11,0,0,0,3,0,0,0,8,0,0,0,0,,,0.0,,NOT_ESTIMABLE,,,NOT_ESTIMABLE,,,NOT_ESTIMABLE,,
19,f19-e02801471b97,FORMAL_10K,HELDOUT_TRIPLE_AUDIT,STRICT_LUMPED,f12d43eace12231077007dc497fee8dad00fbe58cb2f1fe2c6159c47636b97a0,f19_qscan-HELDOUT_TRIPLE_AUDIT-000007,127,PENDING,13,,NOT_AVAILABLE_INCOMPLETE_OR_INVALID,,,11,0,0,0,0,0,0,0,11,0,0,0,0,,,0.0,,NOT_ESTIMABLE,,,NOT_ESTIMABLE,,,NOT_ESTIMABLE,,
15,f15-5a9547401a37,DEVELOPMENT_5K_NOT_FORMAL_10K,HELDOUT_TRIPLE_AUDIT,STRICT_LUMPED,f12d43eace12231077007dc497fee8dad00fbe58cb2f1fe2c6159c47636b97a0,qscan15_development5k_20260908_v1-HELDOUT_TRIPLE_AUDIT-000008,128,PENDING,12,,NOT_AVAILABLE_INCOMPLETE_OR_INVALID,,,11,0,0,0,3,0,0,0,8,0,0,0,0,,,0.0,,NOT_ESTIMABLE,,,NOT_ESTIMABLE,,,NOT_ESTIMABLE,,
5,f5-fac1f3ff42e4,FORMAL_10K,HELDOUT_TRIPLE_AUDIT,STRICT_LUMPED,f12d43eace12231077007dc497fee8dad00fbe58cb2f1fe2c6159c47636b97a0,f05_qscan-HELDOUT_TRIPLE_AUDIT-000008,129,PENDING,10,,NOT_AVAILABLE_INCOMPLETE_OR_INVALID,,,11,0,0,0,0,0,0,0,11,0,0,0,0,,,0.0,,NOT_ESTIMABLE,,,NOT_ESTIMABLE,,,NOT_ESTIMABLE,,
10,f10-d26d41688df1,FORMAL_10K,HELDOUT_TRIPLE_AUDIT,STRICT_LUMPED,f12d43eace12231077007dc497fee8dad00fbe58cb2f1fe2c6159c47636b97a0,f10_qscan-HELDOUT_TRIPLE_AUDIT-000008,130,PENDING,13,,NOT_AVAILABLE_INCOMPLETE_OR_INVALID,,,11,0,0,0,0,0,0,0,11,0,0,0,0,,,0.0,,NOT_ESTIMABLE,,,NOT_ESTIMABLE,,,NOT_ESTIMABLE,,
20,f20-4d6b0c6066ee,FORMAL_10K,HELDOUT_TRIPLE_AUDIT,STRICT_LUMPED,f12d43eace12231077007dc497fee8dad00fbe58cb2f1fe2c6159c47636b97a0,f20_qscan-HELDOUT_TRIPLE_AUDIT-000008,131,PENDING,14,,NOT_AVAILABLE_INCOMPLETE_OR_INVALID,,,11,0,0,0,0,0,0,0,11,0,0,0,0,,,0.0,,NOT_ESTIMABLE,,,NOT_ESTIMABLE,,,NOT_ESTIMABLE,,
6,f6-ba844c981dd6,FORMAL_10K,HELDOUT_TRIPLE_AUDIT,STRICT_LUMPED,f12d43eace12231077007dc497fee8dad00fbe58cb2f1fe2c6159c47636b97a0,f06_qscan-HELDOUT_TRIPLE_AUDIT-000008,132,PENDING,12,,NOT_AVAILABLE_INCOMPLETE_OR_INVALID,,,11,0,0,0,0,0,0,0,11,0,0,0,0,,,0.0,,NOT_ESTIMABLE,,,NOT_ESTIMABLE,,,NOT_ESTIMABLE,,
7,f7-d0ffa9b31525,FORMAL_10K,HELDOUT_TRIPLE_AUDIT,STRICT_LUMPED,f12d43eace12231077007dc497fee8dad00fbe58cb2f1fe2c6159c47636b97a0,f07_qscan-HELDOUT_TRIPLE_AUDIT-000008,133,PENDING,10,,NOT_AVAILABLE_INCOMPLETE_OR_INVALID,,,11,0,0,0,0,0,0,0,11,0,0,0,0,,,0.0,,NOT_ESTIMABLE,,,NOT_ESTIMABLE,,,NOT_ESTIMABLE,,
8,f8-dc2e68a2a478,FORMAL_10K,HELDOUT_TRIPLE_AUDIT,STRICT_LUMPED,f12d43eace12231077007dc497fee8dad00fbe58cb2f1fe2c6159c47636b97a0,f08_qscan-HELDOUT_TRIPLE_AUDIT-000008,134,PENDING,12,,NOT_AVAILABLE_INCOMPLETE_OR_INVALID,,,11,0,0,0,4,0,0,0,7,0,0,0,0,,,0.0,,NOT_ESTIMABLE,,,NOT_ESTIMABLE,,,NOT_ESTIMABLE,,
9,f9-0cd8cd2dd857,FORMAL_10K,HELDOUT_TRIPLE_AUDIT,STRICT_LUMPED,f12d43eace12231077007dc497fee8dad00fbe58cb2f1fe2c6159c47636b97a0,f09_qscan-HELDOUT_TRIPLE_AUDIT-000008,135,PENDING,14,,NOT_AVAILABLE_INCOMPLETE_OR_INVALID,,,11,0,0,0,0,0,0,0,11,0,0,0,0,,,0.0,,NOT_ESTIMABLE,,,NOT_ESTIMABLE,,,NOT_ESTIMABLE,,
11,f11-07165966aa39,FORMAL_10K,HELDOUT_TRIPLE_AUDIT,STRICT_LUMPED,f12d43eace12231077007dc497fee8dad00fbe58cb2f1fe2c6159c47636b97a0,f11_qscan-HELDOUT_TRIPLE_AUDIT-000008,136,PENDING,15,,NOT_AVAILABLE_INCOMPLETE_OR_INVALID,,,11,0,0,0,0,0,0,0,11,0,0,0,0,,,0.0,,NOT_ESTIMABLE,,,NOT_ESTIMABLE,,,NOT_ESTIMABLE,,
12,f12-bbbcad303b3e,FORMAL_10K,HELDOUT_TRIPLE_AUDIT,STRICT_LUMPED,f12d43eace12231077007dc497fee8dad00fbe58cb2f1fe2c6159c47636b97a0,f12_qscan-HELDOUT_TRIPLE_AUDIT-000008,137,PENDING,11,,NOT_AVAILABLE_INCOMPLETE_OR_INVALID,,,11,0,0,0,0,0,0,0,11,0,0,0,0,,,0.0,,NOT_ESTIMABLE,,,NOT_ESTIMABLE,,,NOT_ESTIMABLE,,
13,f13-940260e5c34c,FORMAL_10K,HELDOUT_TRIPLE_AUDIT,STRICT_LUMPED,f12d43eace12231077007dc497fee8dad00fbe58cb2f1fe2c6159c47636b97a0,f13_qscan-HELDOUT_TRIPLE_AUDIT-000008,138,PENDING,12,,NOT_AVAILABLE_INCOMPLETE_OR_INVALID,,,11,0,0,0,0,0,0,0,11,0,0,0,0,,,0.0,,NOT_ESTIMABLE,,,NOT_ESTIMABLE,,,NOT_ESTIMABLE,,
14,f14-734ef171b954,FORMAL_10K,HELDOUT_TRIPLE_AUDIT,STRICT_LUMPED,f12d43eace12231077007dc497fee8dad00fbe58cb2f1fe2c6159c47636b97a0,f14_qscan-HELDOUT_TRIPLE_AUDIT-000008,139,PENDING,12,,NOT_AVAILABLE_INCOMPLETE_OR_INVALID,,,11,0,0,0,0,0,0,0,11,0,0,0,0,,,0.0,,NOT_ESTIMABLE,,,NOT_ESTIMABLE,,,NOT_ESTIMABLE,,
16,f16-d1f0e127f1c7,FORMAL_10K,HELDOUT_TRIPLE_AUDIT,STRICT_LUMPED,f12d43eace12231077007dc497fee8dad00fbe58cb2f1fe2c6159c47636b97a0,f16_qscan-HELDOUT_TRIPLE_AUDIT-000008,140,PENDING,16,,NOT_AVAILABLE_INCOMPLETE_OR_INVALID,,,11,0,0,0,1,0,0,0,10,0,0,0,0,,,0.0,,NOT_ESTIMABLE,,,NOT_ESTIMABLE,,,NOT_ESTIMABLE,,
17,f17-7b878ff5d5dc,FORMAL_10K,HELDOUT_TRIPLE_AUDIT,STRICT_LUMPED,f12d43eace12231077007dc497fee8dad00fbe58cb2f1fe2c6159c47636b97a0,f17_qscan-HELDOUT_TRIPLE_AUDIT-000008,141,PENDING,18,,NOT_AVAILABLE_INCOMPLETE_OR_INVALID,,,11,0,0,0,0,0,0,0,11,0,0,0,0,,,0.0,,NOT_ESTIMABLE,,,NOT_ESTIMABLE,,,NOT_ESTIMABLE,,
18,f18-1a136fda6a2a,FORMAL_10K,HELDOUT_TRIPLE_AUDIT,STRICT_LUMPED,f12d43eace12231077007dc497fee8dad00fbe58cb2f1fe2c6159c47636b97a0,f18_qscan-HELDOUT_TRIPLE_AUDIT-000008,142,PENDING,15,,NOT_AVAILABLE_INCOMPLETE_OR_INVALID,,,11,0,0,0,0,0,0,0,11,0,0,0,0,,,0.0,,NOT_ESTIMABLE,,,NOT_ESTIMABLE,,,NOT_ESTIMABLE,,
19,f19-e02801471b97,FORMAL_10K,HELDOUT_TRIPLE_AUDIT,STRICT_LUMPED,f12d43eace12231077007dc497fee8dad00fbe58cb2f1fe2c6159c47636b97a0,f19_qscan-HELDOUT_TRIPLE_AUDIT-000008,143,PENDING,12,,NOT_AVAILABLE_INCOMPLETE_OR_INVALID,,,11,0,0,0,0,0,0,0,11,0,0,0,0,,,0.0,,NOT_ESTIMABLE,,,NOT_ESTIMABLE,,,NOT_ESTIMABLE,,
15,f15-5a9547401a37,DEVELOPMENT_5K_NOT_FORMAL_10K,HELDOUT_TRIPLE_AUDIT,STRICT_LUMPED,f12d43eace12231077007dc497fee8dad00fbe58cb2f1fe2c6159c47636b97a0,qscan15_development5k_20260908_v1-HELDOUT_TRIPLE_AUDIT-000009,144,PENDING,14,,NOT_AVAILABLE_INCOMPLETE_OR_INVALID,,,11,0,0,0,1,0,0,0,10,0,0,0,0,,,0.0,,NOT_ESTIMABLE,,,NOT_ESTIMABLE,,,NOT_ESTIMABLE,,
5,f5-fac1f3ff42e4,FORMAL_10K,HELDOUT_TRIPLE_AUDIT,STRICT_LUMPED,f12d43eace12231077007dc497fee8dad00fbe58cb2f1fe2c6159c47636b97a0,f05_qscan-HELDOUT_TRIPLE_AUDIT-000009,145,PENDING,10,,NOT_AVAILABLE_INCOMPLETE_OR_INVALID,,,11,0,0,0,0,0,0,0,11,0,0,0,0,,,0.0,,NOT_ESTIMABLE,,,NOT_ESTIMABLE,,,NOT_ESTIMABLE,,
10,f10-d26d41688df1,FORMAL_10K,HELDOUT_TRIPLE_AUDIT,STRICT_LUMPED,f12d43eace12231077007dc497fee8dad00fbe58cb2f1fe2c6159c47636b97a0,f10_qscan-HELDOUT_TRIPLE_AUDIT-000009,146,PENDING,10,,NOT_AVAILABLE_INCOMPLETE_OR_INVALID,,,11,0,0,0,0,0,0,0,11,0,0,0,0,,,0.0,,NOT_ESTIMABLE,,,NOT_ESTIMABLE,,,NOT_ESTIMABLE,,
20,f20-4d6b0c6066ee,FORMAL_10K,HELDOUT_TRIPLE_AUDIT,STRICT_LUMPED,f12d43eace12231077007dc497fee8dad00fbe58cb2f1fe2c6159c47636b97a0,f20_qscan-HELDOUT_TRIPLE_AUDIT-000009,147,PENDING,15,,NOT_AVAILABLE_INCOMPLETE_OR_INVALID,,,11,0,0,0,0,0,0,0,11,0,0,0,0,,,0.0,,NOT_ESTIMABLE,,,NOT_ESTIMABLE,,,NOT_ESTIMABLE,,
6,f6-ba844c981dd6,FORMAL_10K,HELDOUT_TRIPLE_AUDIT,STRICT_LUMPED,f12d43eace12231077007dc497fee8dad00fbe58cb2f1fe2c6159c47636b97a0,f06_qscan-HELDOUT_TRIPLE_AUDIT-000009,148,PENDING,10,,NOT_AVAILABLE_INCOMPLETE_OR_INVALID,,,11,0,0,0,0,0,0,0,11,0,0,0,0,,,0.0,,NOT_ESTIMABLE,,,NOT_ESTIMABLE,,,NOT_ESTIMABLE,,
7,f7-d0ffa9b31525,FORMAL_10K,HELDOUT_TRIPLE_AUDIT,STRICT_LUMPED,f12d43eace12231077007dc497fee8dad00fbe58cb2f1fe2c6159c47636b97a0,f07_qscan-HELDOUT_TRIPLE_AUDIT-000009,149,PENDING,14,,NOT_AVAILABLE_INCOMPLETE_OR_INVALID,,,11,0,0,0,0,0,0,0,11,0,0,0,0,,,0.0,,NOT_ESTIMABLE,,,NOT_ESTIMABLE,,,NOT_ESTIMABLE,,
8,f8-dc2e68a2a478,FORMAL_10K,HELDOUT_TRIPLE_AUDIT,STRICT_LUMPED,f12d43eace12231077007dc497fee8dad00fbe58cb2f1fe2c6159c47636b97a0,f08_qscan-HELDOUT_TRIPLE_AUDIT-000009,150,PENDING,11,,NOT_AVAILABLE_INCOMPLETE_OR_INVALID,,,11,0,0,0,0,0,0,0,11,0,0,0,0,,,0.0,,NOT_ESTIMABLE,,,NOT_ESTIMABLE,,,NOT_ESTIMABLE,,
9,f9-0cd8cd2dd857,FORMAL_10K,HELDOUT_TRIPLE_AUDIT,STRICT_LUMPED,f12d43eace12231077007dc497fee8dad00fbe58cb2f1fe2c6159c47636b97a0,f09_qscan-HELDOUT_TRIPLE_AUDIT-000009,151,PENDING,12,,NOT_AVAILABLE_INCOMPLETE_OR_INVALID,,,11,0,0,0,0,0,0,0,11,0,0,0,0,,,0.0,,NOT_ESTIMABLE,,,NOT_ESTIMABLE,,,NOT_ESTIMABLE,,
11,f11-07165966aa39,FORMAL_10K,HELDOUT_TRIPLE_AUDIT,STRICT_LUMPED,f12d43eace12231077007dc497fee8dad00fbe58cb2f1fe2c6159c47636b97a0,f11_qscan-HELDOUT_TRIPLE_AUDIT-000009,152,PENDING,13,,NOT_AVAILABLE_INCOMPLETE_OR_INVALID,,,11,0,0,0,0,0,0,0,11,0,0,0,0,,,0.0,,NOT_ESTIMABLE,,,NOT_ESTIMABLE,,,NOT_ESTIMABLE,,
12,f12-bbbcad303b3e,FORMAL_10K,HELDOUT_TRIPLE_AUDIT,STRICT_LUMPED,f12d43eace12231077007dc497fee8dad00fbe58cb2f1fe2c6159c47636b97a0,f12_qscan-HELDOUT_TRIPLE_AUDIT-000009,153,PENDING,14,,NOT_AVAILABLE_INCOMPLETE_OR_INVALID,,,11,0,0,0,1,0,0,0,10,0,0,0,0,,,0.0,,NOT_ESTIMABLE,,,NOT_ESTIMABLE,,,NOT_ESTIMABLE,,
13,f13-940260e5c34c,FORMAL_10K,HELDOUT_TRIPLE_AUDIT,STRICT_LUMPED,f12d43eace12231077007dc497fee8dad00fbe58cb2f1fe2c6159c47636b97a0,f13_qscan-HELDOUT_TRIPLE_AUDIT-000009,154,PENDING,12,,NOT_AVAILABLE_INCOMPLETE_OR_INVALID,,,11,0,0,0,0,0,0,0,11,0,0,0,0,,,0.0,,NOT_ESTIMABLE,,,NOT_ESTIMABLE,,,NOT_ESTIMABLE,,
14,f14-734ef171b954,FORMAL_10K,HELDOUT_TRIPLE_AUDIT,STRICT_LUMPED,f12d43eace12231077007dc497fee8dad00fbe58cb2f1fe2c6159c47636b97a0,f14_qscan-HELDOUT_TRIPLE_AUDIT-000009,155,PENDING,14,,NOT_AVAILABLE_INCOMPLETE_OR_INVALID,,,11,0,0,0,1,0,0,0,10,0,0,0,0,,,0.0,,NOT_ESTIMABLE,,,NOT_ESTIMABLE,,,NOT_ESTIMABLE,,
16,f16-d1f0e127f1c7,FORMAL_10K,HELDOUT_TRIPLE_AUDIT,STRICT_LUMPED,f12d43eace12231077007dc497fee8dad00fbe58cb2f1fe2c6159c47636b97a0,f16_qscan-HELDOUT_TRIPLE_AUDIT-000009,156,PENDING,14,,NOT_AVAILABLE_INCOMPLETE_OR_INVALID,,,11,0,0,0,1,0,0,0,10,0,0,0,0,,,0.0,,NOT_ESTIMABLE,,,NOT_ESTIMABLE,,,NOT_ESTIMABLE,,
17,f17-7b878ff5d5dc,FORMAL_10K,HELDOUT_TRIPLE_AUDIT,STRICT_LUMPED,f12d43eace12231077007dc497fee8dad00fbe58cb2f1fe2c6159c47636b97a0,f17_qscan-HELDOUT_TRIPLE_AUDIT-000009,157,PENDING,16,,NOT_AVAILABLE_INCOMPLETE_OR_INVALID,,,11,0,0,0,0,0,0,0,11,0,0,0,0,,,0.0,,NOT_ESTIMABLE,,,NOT_ESTIMABLE,,,NOT_ESTIMABLE,,
18,f18-1a136fda6a2a,FORMAL_10K,HELDOUT_TRIPLE_AUDIT,STRICT_LUMPED,f12d43eace12231077007dc497fee8dad00fbe58cb2f1fe2c6159c47636b97a0,f18_qscan-HELDOUT_TRIPLE_AUDIT-000009,158,PENDING,15,,NOT_AVAILABLE_INCOMPLETE_OR_INVALID,,,11,0,0,0,0,0,0,0,11,0,0,0,0,,,0.0,,NOT_ESTIMABLE,,,NOT_ESTIMABLE,,,NOT_ESTIMABLE,,
19,f19-e02801471b97,FORMAL_10K,HELDOUT_TRIPLE_AUDIT,STRICT_LUMPED,f12d43eace12231077007dc497fee8dad00fbe58cb2f1fe2c6159c47636b97a0,f19_qscan-HELDOUT_TRIPLE_AUDIT-000009,159,PENDING,15,,NOT_AVAILABLE_INCOMPLETE_OR_INVALID,,,11,0,0,0,0,0,0,0,11,0,0,0,0,,,0.0,,NOT_ESTIMABLE,,,NOT_ESTIMABLE,,,NOT_ESTIMABLE,,
15,f15-5a9547401a37,DEVELOPMENT_5K_NOT_FORMAL_10K,HELDOUT_TRIPLE_AUDIT,STRICT_LUMPED,f12d43eace12231077007dc497fee8dad00fbe58cb2f1fe2c6159c47636b97a0,qscan15_development5k_20260908_v1-HELDOUT_TRIPLE_AUDIT-000010,160,PENDING,14,,NOT_AVAILABLE_INCOMPLETE_OR_INVALID,,,11,0,0,0,1,0,0,0,10,0,0,0,0,,,0.0,,NOT_ESTIMABLE,,,NOT_ESTIMABLE,,,NOT_ESTIMABLE,,
5,f5-fac1f3ff42e4,FORMAL_10K,HELDOUT_TRIPLE_AUDIT,STRICT_LUMPED,f12d43eace12231077007dc497fee8dad00fbe58cb2f1fe2c6159c47636b97a0,f05_qscan-HELDOUT_TRIPLE_AUDIT-000010,161,PENDING,10,,NOT_AVAILABLE_INCOMPLETE_OR_INVALID,,,11,0,0,0,0,0,0,0,11,0,0,0,0,,,0.0,,NOT_ESTIMABLE,,,NOT_ESTIMABLE,,,NOT_ESTIMABLE,,
10,f10-d26d41688df1,FORMAL_10K,HELDOUT_TRIPLE_AUDIT,STRICT_LUMPED,f12d43eace12231077007dc497fee8dad00fbe58cb2f1fe2c6159c47636b97a0,f10_qscan-HELDOUT_TRIPLE_AUDIT-000010,162,PENDING,11,,NOT_AVAILABLE_INCOMPLETE_OR_INVALID,,,11,0,0,0,0,0,0,0,11,0,0,0,0,,,0.0,,NOT_ESTIMABLE,,,NOT_ESTIMABLE,,,NOT_ESTIMABLE,,
20,f20-4d6b0c6066ee,FORMAL_10K,HELDOUT_TRIPLE_AUDIT,STRICT_LUMPED,f12d43eace12231077007dc497fee8dad00fbe58cb2f1fe2c6159c47636b97a0,f20_qscan-HELDOUT_TRIPLE_AUDIT-000010,163,PENDING,14,,NOT_AVAILABLE_INCOMPLETE_OR_INVALID,,,11,0,0,0,0,0,0,0,11,0,0,0,0,,,0.0,,NOT_ESTIMABLE,,,NOT_ESTIMABLE,,,NOT_ESTIMABLE,,
6,f6-ba844c981dd6,FORMAL_10K,HELDOUT_TRIPLE_AUDIT,STRICT_LUMPED,f12d43eace12231077007dc497fee8dad00fbe58cb2f1fe2c6159c47636b97a0,f06_qscan-HELDOUT_TRIPLE_AUDIT-000010,164,PENDING,10,,NOT_AVAILABLE_INCOMPLETE_OR_INVALID,,,11,0,0,0,0,0,0,0,11,0,0,0,0,,,0.0,,NOT_ESTIMABLE,,,NOT_ESTIMABLE,,,NOT_ESTIMABLE,,
7,f7-d0ffa9b31525,FORMAL_10K,HELDOUT_TRIPLE_AUDIT,STRICT_LUMPED,f12d43eace12231077007dc497fee8dad00fbe58cb2f1fe2c6159c47636b97a0,f07_qscan-HELDOUT_TRIPLE_AUDIT-000010,165,PENDING,12,,NOT_AVAILABLE_INCOMPLETE_OR_INVALID,,,11,0,0,0,0,0,0,0,11,0,0,0,0,,,0.0,,NOT_ESTIMABLE,,,NOT_ESTIMABLE,,,NOT_ESTIMABLE,,
8,f8-dc2e68a2a478,FORMAL_10K,HELDOUT_TRIPLE_AUDIT,STRICT_LUMPED,f12d43eace12231077007dc497fee8dad00fbe58cb2f1fe2c6159c47636b97a0,f08_qscan-HELDOUT_TRIPLE_AUDIT-000010,166,PENDING,12,,NOT_AVAILABLE_INCOMPLETE_OR_INVALID,,,11,0,0,0,0,0,0,0,11,0,0,0,0,,,0.0,,NOT_ESTIMABLE,,,NOT_ESTIMABLE,,,NOT_ESTIMABLE,,
9,f9-0cd8cd2dd857,FORMAL_10K,HELDOUT_TRIPLE_AUDIT,STRICT_LUMPED,f12d43eace12231077007dc497fee8dad00fbe58cb2f1fe2c6159c47636b97a0,f09_qscan-HELDOUT_TRIPLE_AUDIT-000010,167,PENDING,14,,NOT_AVAILABLE_INCOMPLETE_OR_INVALID,,,11,0,0,0,0,0,0,0,11,0,0,0,0,,,0.0,,NOT_ESTIMABLE,,,NOT_ESTIMABLE,,,NOT_ESTIMABLE,,
11,f11-07165966aa39,FORMAL_10K,HELDOUT_TRIPLE_AUDIT,STRICT_LUMPED,f12d43eace12231077007dc497fee8dad00fbe58cb2f1fe2c6159c47636b97a0,f11_qscan-HELDOUT_TRIPLE_AUDIT-000010,168,PENDING,12,,NOT_AVAILABLE_INCOMPLETE_OR_INVALID,,,11,0,0,0,0,0,0,0,11,0,0,0,0,,,0.0,,NOT_ESTIMABLE,,,NOT_ESTIMABLE,,,NOT_ESTIMABLE,,
12,f12-bbbcad303b3e,FORMAL_10K,HELDOUT_TRIPLE_AUDIT,STRICT_LUMPED,f12d43eace12231077007dc497fee8dad00fbe58cb2f1fe2c6159c47636b97a0,f12_qscan-HELDOUT_TRIPLE_AUDIT-000010,169,PENDING,13,,NOT_AVAILABLE_INCOMPLETE_OR_INVALID,,,11,0,0,0,1,0,0,0,10,0,0,0,0,,,0.0,,NOT_ESTIMABLE,,,NOT_ESTIMABLE,,,NOT_ESTIMABLE,,
13,f13-940260e5c34c,FORMAL_10K,HELDOUT_TRIPLE_AUDIT,STRICT_LUMPED,f12d43eace12231077007dc497fee8dad00fbe58cb2f1fe2c6159c47636b97a0,f13_qscan-HELDOUT_TRIPLE_AUDIT-000010,170,PENDING,15,,NOT_AVAILABLE_INCOMPLETE_OR_INVALID,,,11,0,0,0,0,0,0,0,11,0,0,0,0,,,0.0,,NOT_ESTIMABLE,,,NOT_ESTIMABLE,,,NOT_ESTIMABLE,,
14,f14-734ef171b954,FORMAL_10K,HELDOUT_TRIPLE_AUDIT,STRICT_LUMPED,f12d43eace12231077007dc497fee8dad00fbe58cb2f1fe2c6159c47636b97a0,f14_qscan-HELDOUT_TRIPLE_AUDIT-000010,171,PENDING,13,,NOT_AVAILABLE_INCOMPLETE_OR_INVALID,,,11,0,0,0,0,0,0,0,11,0,0,0,0,,,0.0,,NOT_ESTIMABLE,,,NOT_ESTIMABLE,,,NOT_ESTIMABLE,,
16,f16-d1f0e127f1c7,FORMAL_10K,HELDOUT_TRIPLE_AUDIT,STRICT_LUMPED,f12d43eace12231077007dc497fee8dad00fbe58cb2f1fe2c6159c47636b97a0,f16_qscan-HELDOUT_TRIPLE_AUDIT-000010,172,PENDING,12,,NOT_AVAILABLE_INCOMPLETE_OR_INVALID,,,11,0,0,0,2,0,0,0,9,0,0,0,0,,,0.0,,NOT_ESTIMABLE,,,NOT_ESTIMABLE,,,NOT_ESTIMABLE,,
17,f17-7b878ff5d5dc,FORMAL_10K,HELDOUT_TRIPLE_AUDIT,STRICT_LUMPED,f12d43eace12231077007dc497fee8dad00fbe58cb2f1fe2c6159c47636b97a0,f17_qscan-HELDOUT_TRIPLE_AUDIT-000010,173,PENDING,14,,NOT_AVAILABLE_INCOMPLETE_OR_INVALID,,,11,0,0,0,4,0,0,0,7,0,0,0,0,,,0.0,,NOT_ESTIMABLE,,,NOT_ESTIMABLE,,,NOT_ESTIMABLE,,
18,f18-1a136fda6a2a,FORMAL_10K,HELDOUT_TRIPLE_AUDIT,STRICT_LUMPED,f12d43eace12231077007dc497fee8dad00fbe58cb2f1fe2c6159c47636b97a0,f18_qscan-HELDOUT_TRIPLE_AUDIT-000010,174,PENDING,14,,NOT_AVAILABLE_INCOMPLETE_OR_INVALID,,,11,0,0,0,2,0,0,0,9,0,0,0,0,,,0.0,,NOT_ESTIMABLE,,,NOT_ESTIMABLE,,,NOT_ESTIMABLE,,
19,f19-e02801471b97,FORMAL_10K,HELDOUT_TRIPLE_AUDIT,STRICT_LUMPED,f12d43eace12231077007dc497fee8dad00fbe58cb2f1fe2c6159c47636b97a0,f19_qscan-HELDOUT_TRIPLE_AUDIT-000010,175,PENDING,13,,NOT_AVAILABLE_INCOMPLETE_OR_INVALID,,,11,0,0,0,0,0,0,0,11,0,0,0,0,,,0.0,,NOT_ESTIMABLE,,,NOT_ESTIMABLE,,,NOT_ESTIMABLE,,
15,f15-5a9547401a37,DEVELOPMENT_5K_NOT_FORMAL_10K,HELDOUT_TRIPLE_AUDIT,STRICT_LUMPED,f12d43eace12231077007dc497fee8dad00fbe58cb2f1fe2c6159c47636b97a0,qscan15_development5k_20260908_v1-HELDOUT_TRIPLE_AUDIT-000011,176,PENDING,13,,NOT_AVAILABLE_INCOMPLETE_OR_INVALID,,,11,0,0,0,0,0,0,0,11,0,0,0,0,,,0.0,,NOT_ESTIMABLE,,,NOT_ESTIMABLE,,,NOT_ESTIMABLE,,
5,f5-fac1f3ff42e4,FORMAL_10K,HELDOUT_TRIPLE_AUDIT,STRICT_LUMPED,f12d43eace12231077007dc497fee8dad00fbe58cb2f1fe2c6159c47636b97a0,f05_qscan-HELDOUT_TRIPLE_AUDIT-000011,177,PENDING,10,,NOT_AVAILABLE_INCOMPLETE_OR_INVALID,,,11,0,0,0,0,0,0,0,11,0,0,0,0,,,0.0,,NOT_ESTIMABLE,,,NOT_ESTIMABLE,,,NOT_ESTIMABLE,,
10,f10-d26d41688df1,FORMAL_10K,HELDOUT_TRIPLE_AUDIT,STRICT_LUMPED,f12d43eace12231077007dc497fee8dad00fbe58cb2f1fe2c6159c47636b97a0,f10_qscan-HELDOUT_TRIPLE_AUDIT-000011,178,PENDING,12,,NOT_AVAILABLE_INCOMPLETE_OR_INVALID,,,11,0,0,0,0,0,0,0,11,0,0,0,0,,,0.0,,NOT_ESTIMABLE,,,NOT_ESTIMABLE,,,NOT_ESTIMABLE,,
20,f20-4d6b0c6066ee,FORMAL_10K,HELDOUT_TRIPLE_AUDIT,STRICT_LUMPED,f12d43eace12231077007dc497fee8dad00fbe58cb2f1fe2c6159c47636b97a0,f20_qscan-HELDOUT_TRIPLE_AUDIT-000011,179,PENDING,18,,NOT_AVAILABLE_INCOMPLETE_OR_INVALID,,,11,0,0,0,0,0,0,0,11,0,0,0,0,,,0.0,,NOT_ESTIMABLE,,,NOT_ESTIMABLE,,,NOT_ESTIMABLE,,
6,f6-ba844c981dd6,FORMAL_10K,HELDOUT_TRIPLE_AUDIT,STRICT_LUMPED,f12d43eace12231077007dc497fee8dad00fbe58cb2f1fe2c6159c47636b97a0,f06_qscan-HELDOUT_TRIPLE_AUDIT-000011,180,PENDING,10,,NOT_AVAILABLE_INCOMPLETE_OR_INVALID,,,11,0,0,0,0,0,0,0,11,0,0,0,0,,,0.0,,NOT_ESTIMABLE,,,NOT_ESTIMABLE,,,NOT_ESTIMABLE,,
7,f7-d0ffa9b31525,FORMAL_10K,HELDOUT_TRIPLE_AUDIT,STRICT_LUMPED,f12d43eace12231077007dc497fee8dad00fbe58cb2f1fe2c6159c47636b97a0,f07_qscan-HELDOUT_TRIPLE_AUDIT-000011,181,PENDING,13,,NOT_AVAILABLE_INCOMPLETE_OR_INVALID,,,11,0,0,0,0,0,0,0,11,0,0,0,0,,,0.0,,NOT_ESTIMABLE,,,NOT_ESTIMABLE,,,NOT_ESTIMABLE,,
8,f8-dc2e68a2a478,FORMAL_10K,HELDOUT_TRIPLE_AUDIT,STRICT_LUMPED,f12d43eace12231077007dc497fee8dad00fbe58cb2f1fe2c6159c47636b97a0,f08_qscan-HELDOUT_TRIPLE_AUDIT-000011,182,PENDING,10,,NOT_AVAILABLE_INCOMPLETE_OR_INVALID,,,11,0,0,0,0,0,0,0,11,0,0,0,0,,,0.0,,NOT_ESTIMABLE,,,NOT_ESTIMABLE,,,NOT_ESTIMABLE,,
9,f9-0cd8cd2dd857,FORMAL_10K,HELDOUT_TRIPLE_AUDIT,STRICT_LUMPED,f12d43eace12231077007dc497fee8dad00fbe58cb2f1fe2c6159c47636b97a0,f09_qscan-HELDOUT_TRIPLE_AUDIT-000011,183,PENDING,12,,NOT_AVAILABLE_INCOMPLETE_OR_INVALID,,,11,0,0,0,0,0,0,0,11,0,0,0,0,,,0.0,,NOT_ESTIMABLE,,,NOT_ESTIMABLE,,,NOT_ESTIMABLE,,
11,f11-07165966aa39,FORMAL_10K,HELDOUT_TRIPLE_AUDIT,STRICT_LUMPED,f12d43eace12231077007dc497fee8dad00fbe58cb2f1fe2c6159c47636b97a0,f11_qscan-HELDOUT_TRIPLE_AUDIT-000011,184,PENDING,14,,NOT_AVAILABLE_INCOMPLETE_OR_INVALID,,,11,0,0,0,0,0,0,0,11,0,0,0,0,,,0.0,,NOT_ESTIMABLE,,,NOT_ESTIMABLE,,,NOT_ESTIMABLE,,
12,f12-bbbcad303b3e,FORMAL_10K,HELDOUT_TRIPLE_AUDIT,STRICT_LUMPED,f12d43eace12231077007dc497fee8dad00fbe58cb2f1fe2c6159c47636b97a0,f12_qscan-HELDOUT_TRIPLE_AUDIT-000011,185,PENDING,13,,NOT_AVAILABLE_INCOMPLETE_OR_INVALID,,,11,0,0,0,0,0,0,0,11,0,0,0,0,,,0.0,,NOT_ESTIMABLE,,,NOT_ESTIMABLE,,,NOT_ESTIMABLE,,
13,f13-940260e5c34c,FORMAL_10K,HELDOUT_TRIPLE_AUDIT,STRICT_LUMPED,f12d43eace12231077007dc497fee8dad00fbe58cb2f1fe2c6159c47636b97a0,f13_qscan-HELDOUT_TRIPLE_AUDIT-000011,186,PENDING,14,,NOT_AVAILABLE_INCOMPLETE_OR_INVALID,,,11,0,0,0,0,0,0,0,11,0,0,0,0,,,0.0,,NOT_ESTIMABLE,,,NOT_ESTIMABLE,,,NOT_ESTIMABLE,,
14,f14-734ef171b954,FORMAL_10K,HELDOUT_TRIPLE_AUDIT,STRICT_LUMPED,f12d43eace12231077007dc497fee8dad00fbe58cb2f1fe2c6159c47636b97a0,f14_qscan-HELDOUT_TRIPLE_AUDIT-000011,187,PENDING,14,,NOT_AVAILABLE_INCOMPLETE_OR_INVALID,,,11,0,0,0,0,0,0,0,11,0,0,0,0,,,0.0,,NOT_ESTIMABLE,,,NOT_ESTIMABLE,,,NOT_ESTIMABLE,,
16,f16-d1f0e127f1c7,FORMAL_10K,HELDOUT_TRIPLE_AUDIT,STRICT_LUMPED,f12d43eace12231077007dc497fee8dad00fbe58cb2f1fe2c6159c47636b97a0,f16_qscan-HELDOUT_TRIPLE_AUDIT-000011,188,PENDING,11,,NOT_AVAILABLE_INCOMPLETE_OR_INVALID,,,11,0,0,0,4,0,0,0,7,0,0,0,0,,,0.0,,NOT_ESTIMABLE,,,NOT_ESTIMABLE,,,NOT_ESTIMABLE,,
17,f17-7b878ff5d5dc,FORMAL_10K,HELDOUT_TRIPLE_AUDIT,STRICT_LUMPED,f12d43eace12231077007dc497fee8dad00fbe58cb2f1fe2c6159c47636b97a0,f17_qscan-HELDOUT_TRIPLE_AUDIT-000011,189,PENDING,15,,NOT_AVAILABLE_INCOMPLETE_OR_INVALID,,,11,0,0,0,4,0,0,0,7,0,0,0,0,,,0.0,,NOT_ESTIMABLE,,,NOT_ESTIMABLE,,,NOT_ESTIMABLE,,
18,f18-1a136fda6a2a,FORMAL_10K,HELDOUT_TRIPLE_AUDIT,STRICT_LUMPED,f12d43eace12231077007dc497fee8dad00fbe58cb2f1fe2c6159c47636b97a0,f18_qscan-HELDOUT_TRIPLE_AUDIT-000011,190,PENDING,15,,NOT_AVAILABLE_INCOMPLETE_OR_INVALID,,,11,0,0,0,0,0,0,0,11,0,0,0,0,,,0.0,,NOT_ESTIMABLE,,,NOT_ESTIMABLE,,,NOT_ESTIMABLE,,
19,f19-e02801471b97,FORMAL_10K,HELDOUT_TRIPLE_AUDIT,STRICT_LUMPED,f12d43eace12231077007dc497fee8dad00fbe58cb2f1fe2c6159c47636b97a0,f19_qscan-HELDOUT_TRIPLE_AUDIT-000011,191,PENDING,14,,NOT_AVAILABLE_INCOMPLETE_OR_INVALID,,,11,0,0,0,0,0,0,0,11,0,0,0,0,,,0.0,,NOT_ESTIMABLE,,,NOT_ESTIMABLE,,,NOT_ESTIMABLE,,
15,f15-5a9547401a37,DEVELOPMENT_5K_NOT_FORMAL_10K,HELDOUT_TRIPLE_AUDIT,STRICT_LUMPED,f12d43eace12231077007dc497fee8dad00fbe58cb2f1fe2c6159c47636b97a0,qscan15_development5k_20260908_v1-HELDOUT_TRIPLE_AUDIT-000012,192,PENDING,12,,NOT_AVAILABLE_INCOMPLETE_OR_INVALID,,,11,0,0,0,0,0,0,0,11,0,0,0,0,,,0.0,,NOT_ESTIMABLE,,,NOT_ESTIMABLE,,,NOT_ESTIMABLE,,
5,f5-fac1f3ff42e4,FORMAL_10K,HELDOUT_TRIPLE_AUDIT,STRICT_LUMPED,f12d43eace12231077007dc497fee8dad00fbe58cb2f1fe2c6159c47636b97a0,f05_qscan-HELDOUT_TRIPLE_AUDIT-000012,193,PENDING,10,,NOT_AVAILABLE_INCOMPLETE_OR_INVALID,,,11,0,0,0,0,0,0,0,11,0,0,0,0,,,0.0,,NOT_ESTIMABLE,,,NOT_ESTIMABLE,,,NOT_ESTIMABLE,,
10,f10-d26d41688df1,FORMAL_10K,HELDOUT_TRIPLE_AUDIT,STRICT_LUMPED,f12d43eace12231077007dc497fee8dad00fbe58cb2f1fe2c6159c47636b97a0,f10_qscan-HELDOUT_TRIPLE_AUDIT-000012,194,PENDING,13,,NOT_AVAILABLE_INCOMPLETE_OR_INVALID,,,11,0,0,0,0,0,0,0,11,0,0,0,0,,,0.0,,NOT_ESTIMABLE,,,NOT_ESTIMABLE,,,NOT_ESTIMABLE,,
20,f20-4d6b0c6066ee,FORMAL_10K,HELDOUT_TRIPLE_AUDIT,STRICT_LUMPED,f12d43eace12231077007dc497fee8dad00fbe58cb2f1fe2c6159c47636b97a0,f20_qscan-HELDOUT_TRIPLE_AUDIT-000012,195,PENDING,15,,NOT_AVAILABLE_INCOMPLETE_OR_INVALID,,,11,0,0,0,3,0,0,0,8,0,0,0,0,,,0.0,,NOT_ESTIMABLE,,,NOT_ESTIMABLE,,,NOT_ESTIMABLE,,
6,f6-ba844c981dd6,FORMAL_10K,HELDOUT_TRIPLE_AUDIT,STRICT_LUMPED,f12d43eace12231077007dc497fee8dad00fbe58cb2f1fe2c6159c47636b97a0,f06_qscan-HELDOUT_TRIPLE_AUDIT-000012,196,PENDING,10,,NOT_AVAILABLE_INCOMPLETE_OR_INVALID,,,11,0,0,0,0,0,0,0,11,0,0,0,0,,,0.0,,NOT_ESTIMABLE,,,NOT_ESTIMABLE,,,NOT_ESTIMABLE,,
7,f7-d0ffa9b31525,FORMAL_10K,HELDOUT_TRIPLE_AUDIT,STRICT_LUMPED,f12d43eace12231077007dc497fee8dad00fbe58cb2f1fe2c6159c47636b97a0,f07_qscan-HELDOUT_TRIPLE_AUDIT-000012,197,PENDING,11,,NOT_AVAILABLE_INCOMPLETE_OR_INVALID,,,11,0,0,0,0,0,0,0,11,0,0,0,0,,,0.0,,NOT_ESTIMABLE,,,NOT_ESTIMABLE,,,NOT_ESTIMABLE,,
8,f8-dc2e68a2a478,FORMAL_10K,HELDOUT_TRIPLE_AUDIT,STRICT_LUMPED,f12d43eace12231077007dc497fee8dad00fbe58cb2f1fe2c6159c47636b97a0,f08_qscan-HELDOUT_TRIPLE_AUDIT-000012,198,PENDING,12,,NOT_AVAILABLE_INCOMPLETE_OR_INVALID,,,11,0,0,0,0,0,0,0,11,0,0,0,0,,,0.0,,NOT_ESTIMABLE,,,NOT_ESTIMABLE,,,NOT_ESTIMABLE,,
9,f9-0cd8cd2dd857,FORMAL_10K,HELDOUT_TRIPLE_AUDIT,STRICT_LUMPED,f12d43eace12231077007dc497fee8dad00fbe58cb2f1fe2c6159c47636b97a0,f09_qscan-HELDOUT_TRIPLE_AUDIT-000012,199,PENDING,11,,NOT_AVAILABLE_INCOMPLETE_OR_INVALID,,,11,0,0,0,0,0,0,0,11,0,0,0,0,,,0.0,,NOT_ESTIMABLE,,,NOT_ESTIMABLE,,,NOT_ESTIMABLE,,
11,f11-07165966aa39,FORMAL_10K,HELDOUT_TRIPLE_AUDIT,STRICT_LUMPED,f12d43eace12231077007dc497fee8dad00fbe58cb2f1fe2c6159c47636b97a0,f11_qscan-HELDOUT_TRIPLE_AUDIT-000012,200,PENDING,12,,NOT_AVAILABLE_INCOMPLETE_OR_INVALID,,,11,0,0,0,0,0,0,0,11,0,0,0,0,,,0.0,,NOT_ESTIMABLE,,,NOT_ESTIMABLE,,,NOT_ESTIMABLE,,
12,f12-bbbcad303b3e,FORMAL_10K,HELDOUT_TRIPLE_AUDIT,STRICT_LUMPED,f12d43eace12231077007dc497fee8dad00fbe58cb2f1fe2c6159c47636b97a0,f12_qscan-HELDOUT_TRIPLE_AUDIT-000012,201,PENDING,15,,NOT_AVAILABLE_INCOMPLETE_OR_INVALID,,,11,0,0,0,0,0,0,0,11,0,0,0,0,,,0.0,,NOT_ESTIMABLE,,,NOT_ESTIMABLE,,,NOT_ESTIMABLE,,
13,f13-940260e5c34c,FORMAL_10K,HELDOUT_TRIPLE_AUDIT,STRICT_LUMPED,f12d43eace12231077007dc497fee8dad00fbe58cb2f1fe2c6159c47636b97a0,f13_qscan-HELDOUT_TRIPLE_AUDIT-000012,202,PENDING,10,,NOT_AVAILABLE_INCOMPLETE_OR_INVALID,,,11,0,0,0,0,0,0,0,11,0,0,0,0,,,0.0,,NOT_ESTIMABLE,,,NOT_ESTIMABLE,,,NOT_ESTIMABLE,,
14,f14-734ef171b954,FORMAL_10K,HELDOUT_TRIPLE_AUDIT,STRICT_LUMPED,f12d43eace12231077007dc497fee8dad00fbe58cb2f1fe2c6159c47636b97a0,f14_qscan-HELDOUT_TRIPLE_AUDIT-000012,203,PENDING,11,,NOT_AVAILABLE_INCOMPLETE_OR_INVALID,,,11,0,0,0,0,0,0,0,11,0,0,0,0,,,0.0,,NOT_ESTIMABLE,,,NOT_ESTIMABLE,,,NOT_ESTIMABLE,,
16,f16-d1f0e127f1c7,FORMAL_10K,HELDOUT_TRIPLE_AUDIT,STRICT_LUMPED,f12d43eace12231077007dc497fee8dad00fbe58cb2f1fe2c6159c47636b97a0,f16_qscan-HELDOUT_TRIPLE_AUDIT-000012,204,PENDING,10,,NOT_AVAILABLE_INCOMPLETE_OR_INVALID,,,11,0,0,0,4,0,0,0,7,0,0,0,0,,,0.0,,NOT_ESTIMABLE,,,NOT_ESTIMABLE,,,NOT_ESTIMABLE,,
17,f17-7b878ff5d5dc,FORMAL_10K,HELDOUT_TRIPLE_AUDIT,STRICT_LUMPED,f12d43eace12231077007dc497fee8dad00fbe58cb2f1fe2c6159c47636b97a0,f17_qscan-HELDOUT_TRIPLE_AUDIT-000012,205,PENDING,13,,NOT_AVAILABLE_INCOMPLETE_OR_INVALID,,,11,0,0,0,4,0,0,0,7,0,0,0,0,,,0.0,,NOT_ESTIMABLE,,,NOT_ESTIMABLE,,,NOT_ESTIMABLE,,
18,f18-1a136fda6a2a,FORMAL_10K,HELDOUT_TRIPLE_AUDIT,STRICT_LUMPED,f12d43eace12231077007dc497fee8dad00fbe58cb2f1fe2c6159c47636b97a0,f18_qscan-HELDOUT_TRIPLE_AUDIT-000012,206,PENDING,15,,NOT_AVAILABLE_INCOMPLETE_OR_INVALID,,,11,0,0,0,1,0,0,0,10,0,0,0,0,,,0.0,,NOT_ESTIMABLE,,,NOT_ESTIMABLE,,,NOT_ESTIMABLE,,
19,f19-e02801471b97,FORMAL_10K,HELDOUT_TRIPLE_AUDIT,STRICT_LUMPED,f12d43eace12231077007dc497fee8dad00fbe58cb2f1fe2c6159c47636b97a0,f19_qscan-HELDOUT_TRIPLE_AUDIT-000012,207,PENDING,16,,NOT_AVAILABLE_INCOMPLETE_OR_INVALID,,,11,0,0,0,2,0,0,0,9,0,0,0,0,,,0.0,,NOT_ESTIMABLE,,,NOT_ESTIMABLE,,,NOT_ESTIMABLE,,
15,f15-5a9547401a37,DEVELOPMENT_5K_NOT_FORMAL_10K,HELDOUT_TRIPLE_AUDIT,STRICT_LUMPED,f12d43eace12231077007dc497fee8dad00fbe58cb2f1fe2c6159c47636b97a0,qscan15_development5k_20260908_v1-HELDOUT_TRIPLE_AUDIT-000013,208,PENDING,14,,NOT_AVAILABLE_INCOMPLETE_OR_INVALID,,,11,0,0,0,0,0,0,0,11,0,0,0,0,,,0.0,,NOT_ESTIMABLE,,,NOT_ESTIMABLE,,,NOT_ESTIMABLE,,
5,f5-fac1f3ff42e4,FORMAL_10K,HELDOUT_TRIPLE_AUDIT,STRICT_LUMPED,f12d43eace12231077007dc497fee8dad00fbe58cb2f1fe2c6159c47636b97a0,f05_qscan-HELDOUT_TRIPLE_AUDIT-000013,209,PENDING,10,,NOT_AVAILABLE_INCOMPLETE_OR_INVALID,,,11,0,0,0,0,0,0,0,11,0,0,0,0,,,0.0,,NOT_ESTIMABLE,,,NOT_ESTIMABLE,,,NOT_ESTIMABLE,,
10,f10-d26d41688df1,FORMAL_10K,HELDOUT_TRIPLE_AUDIT,STRICT_LUMPED,f12d43eace12231077007dc497fee8dad00fbe58cb2f1fe2c6159c47636b97a0,f10_qscan-HELDOUT_TRIPLE_AUDIT-000013,210,PENDING,12,,NOT_AVAILABLE_INCOMPLETE_OR_INVALID,,,11,0,0,0,0,0,0,0,11,0,0,0,0,,,0.0,,NOT_ESTIMABLE,,,NOT_ESTIMABLE,,,NOT_ESTIMABLE,,
20,f20-4d6b0c6066ee,FORMAL_10K,HELDOUT_TRIPLE_AUDIT,STRICT_LUMPED,f12d43eace12231077007dc497fee8dad00fbe58cb2f1fe2c6159c47636b97a0,f20_qscan-HELDOUT_TRIPLE_AUDIT-000013,211,PENDING,14,,NOT_AVAILABLE_INCOMPLETE_OR_INVALID,,,11,0,0,0,0,0,0,0,11,0,0,0,0,,,0.0,,NOT_ESTIMABLE,,,NOT_ESTIMABLE,,,NOT_ESTIMABLE,,
6,f6-ba844c981dd6,FORMAL_10K,HELDOUT_TRIPLE_AUDIT,STRICT_LUMPED,f12d43eace12231077007dc497fee8dad00fbe58cb2f1fe2c6159c47636b97a0,f06_qscan-HELDOUT_TRIPLE_AUDIT-000013,212,PENDING,11,,NOT_AVAILABLE_INCOMPLETE_OR_INVALID,,,11,0,0,0,0,0,0,0,11,0,0,0,0,,,0.0,,NOT_ESTIMABLE,,,NOT_ESTIMABLE,,,NOT_ESTIMABLE,,
7,f7-d0ffa9b31525,FORMAL_10K,HELDOUT_TRIPLE_AUDIT,STRICT_LUMPED,f12d43eace12231077007dc497fee8dad00fbe58cb2f1fe2c6159c47636b97a0,f07_qscan-HELDOUT_TRIPLE_AUDIT-000013,213,PENDING,10,,NOT_AVAILABLE_INCOMPLETE_OR_INVALID,,,11,0,0,0,0,0,0,0,11,0,0,0,0,,,0.0,,NOT_ESTIMABLE,,,NOT_ESTIMABLE,,,NOT_ESTIMABLE,,
8,f8-dc2e68a2a478,FORMAL_10K,HELDOUT_TRIPLE_AUDIT,STRICT_LUMPED,f12d43eace12231077007dc497fee8dad00fbe58cb2f1fe2c6159c47636b97a0,f08_qscan-HELDOUT_TRIPLE_AUDIT-000013,214,PENDING,11,,NOT_AVAILABLE_INCOMPLETE_OR_INVALID,,,11,0,0,0,0,0,0,0,11,0,0,0,0,,,0.0,,NOT_ESTIMABLE,,,NOT_ESTIMABLE,,,NOT_ESTIMABLE,,
9,f9-0cd8cd2dd857,FORMAL_10K,HELDOUT_TRIPLE_AUDIT,STRICT_LUMPED,f12d43eace12231077007dc497fee8dad00fbe58cb2f1fe2c6159c47636b97a0,f09_qscan-HELDOUT_TRIPLE_AUDIT-000013,215,PENDING,12,,NOT_AVAILABLE_INCOMPLETE_OR_INVALID,,,11,0,0,0,0,0,0,0,11,0,0,0,0,,,0.0,,NOT_ESTIMABLE,,,NOT_ESTIMABLE,,,NOT_ESTIMABLE,,
11,f11-07165966aa39,FORMAL_10K,HELDOUT_TRIPLE_AUDIT,STRICT_LUMPED,f12d43eace12231077007dc497fee8dad00fbe58cb2f1fe2c6159c47636b97a0,f11_qscan-HELDOUT_TRIPLE_AUDIT-000013,216,PENDING,12,,NOT_AVAILABLE_INCOMPLETE_OR_INVALID,,,11,0,0,0,0,0,0,0,11,0,0,0,0,,,0.0,,NOT_ESTIMABLE,,,NOT_ESTIMABLE,,,NOT_ESTIMABLE,,
12,f12-bbbcad303b3e,FORMAL_10K,HELDOUT_TRIPLE_AUDIT,STRICT_LUMPED,f12d43eace12231077007dc497fee8dad00fbe58cb2f1fe2c6159c47636b97a0,f12_qscan-HELDOUT_TRIPLE_AUDIT-000013,217,PENDING,12,,NOT_AVAILABLE_INCOMPLETE_OR_INVALID,,,11,0,0,0,0,0,0,0,11,0,0,0,0,,,0.0,,NOT_ESTIMABLE,,,NOT_ESTIMABLE,,,NOT_ESTIMABLE,,
13,f13-940260e5c34c,FORMAL_10K,HELDOUT_TRIPLE_AUDIT,STRICT_LUMPED,f12d43eace12231077007dc497fee8dad00fbe58cb2f1fe2c6159c47636b97a0,f13_qscan-HELDOUT_TRIPLE_AUDIT-000013,218,PENDING,15,,NOT_AVAILABLE_INCOMPLETE_OR_INVALID,,,11,0,0,0,0,0,0,0,11,0,0,0,0,,,0.0,,NOT_ESTIMABLE,,,NOT_ESTIMABLE,,,NOT_ESTIMABLE,,
14,f14-734ef171b954,FORMAL_10K,HELDOUT_TRIPLE_AUDIT,STRICT_LUMPED,f12d43eace12231077007dc497fee8dad00fbe58cb2f1fe2c6159c47636b97a0,f14_qscan-HELDOUT_TRIPLE_AUDIT-000013,219,PENDING,13,,NOT_AVAILABLE_INCOMPLETE_OR_INVALID,,,11,0,0,0,0,0,0,0,11,0,0,0,0,,,0.0,,NOT_ESTIMABLE,,,NOT_ESTIMABLE,,,NOT_ESTIMABLE,,
16,f16-d1f0e127f1c7,FORMAL_10K,HELDOUT_TRIPLE_AUDIT,STRICT_LUMPED,f12d43eace12231077007dc497fee8dad00fbe58cb2f1fe2c6159c47636b97a0,f16_qscan-HELDOUT_TRIPLE_AUDIT-000013,220,PENDING,13,,NOT_AVAILABLE_INCOMPLETE_OR_INVALID,,,11,0,0,0,2,0,0,0,9,0,0,0,0,,,0.0,,NOT_ESTIMABLE,,,NOT_ESTIMABLE,,,NOT_ESTIMABLE,,
17,f17-7b878ff5d5dc,FORMAL_10K,HELDOUT_TRIPLE_AUDIT,STRICT_LUMPED,f12d43eace12231077007dc497fee8dad00fbe58cb2f1fe2c6159c47636b97a0,f17_qscan-HELDOUT_TRIPLE_AUDIT-000013,221,PENDING,14,,NOT_AVAILABLE_INCOMPLETE_OR_INVALID,,,11,0,0,0,0,0,0,0,11,0,0,0,0,,,0.0,,NOT_ESTIMABLE,,,NOT_ESTIMABLE,,,NOT_ESTIMABLE,,
18,f18-1a136fda6a2a,FORMAL_10K,HELDOUT_TRIPLE_AUDIT,STRICT_LUMPED,f12d43eace12231077007dc497fee8dad00fbe58cb2f1fe2c6159c47636b97a0,f18_qscan-HELDOUT_TRIPLE_AUDIT-000013,222,PENDING,14,,NOT_AVAILABLE_INCOMPLETE_OR_INVALID,,,11,0,0,0,5,0,0,0,6,0,0,0,0,,,0.0,,NOT_ESTIMABLE,,,NOT_ESTIMABLE,,,NOT_ESTIMABLE,,
19,f19-e02801471b97,FORMAL_10K,HELDOUT_TRIPLE_AUDIT,STRICT_LUMPED,f12d43eace12231077007dc497fee8dad00fbe58cb2f1fe2c6159c47636b97a0,f19_qscan-HELDOUT_TRIPLE_AUDIT-000013,223,PENDING,15,,NOT_AVAILABLE_INCOMPLETE_OR_INVALID,,,11,0,0,0,2,0,0,0,9,0,0,0,0,,,0.0,,NOT_ESTIMABLE,,,NOT_ESTIMABLE,,,NOT_ESTIMABLE,,
15,f15-5a9547401a37,DEVELOPMENT_5K_NOT_FORMAL_10K,HELDOUT_TRIPLE_AUDIT,STRICT_LUMPED,f12d43eace12231077007dc497fee8dad00fbe58cb2f1fe2c6159c47636b97a0,qscan15_development5k_20260908_v1-HELDOUT_TRIPLE_AUDIT-000014,224,PENDING,15,,NOT_AVAILABLE_INCOMPLETE_OR_INVALID,,,11,0,0,0,0,0,0,0,11,0,0,0,0,,,0.0,,NOT_ESTIMABLE,,,NOT_ESTIMABLE,,,NOT_ESTIMABLE,,
5,f5-fac1f3ff42e4,FORMAL_10K,HELDOUT_TRIPLE_AUDIT,STRICT_LUMPED,f12d43eace12231077007dc497fee8dad00fbe58cb2f1fe2c6159c47636b97a0,f05_qscan-HELDOUT_TRIPLE_AUDIT-000014,225,PENDING,10,,NOT_AVAILABLE_INCOMPLETE_OR_INVALID,,,11,0,0,0,0,0,0,0,11,0,0,0,0,,,0.0,,NOT_ESTIMABLE,,,NOT_ESTIMABLE,,,NOT_ESTIMABLE,,
10,f10-d26d41688df1,FORMAL_10K,HELDOUT_TRIPLE_AUDIT,STRICT_LUMPED,f12d43eace12231077007dc497fee8dad00fbe58cb2f1fe2c6159c47636b97a0,f10_qscan-HELDOUT_TRIPLE_AUDIT-000014,226,PENDING,11,,NOT_AVAILABLE_INCOMPLETE_OR_INVALID,,,11,0,0,0,0,0,0,0,11,0,0,0,0,,,0.0,,NOT_ESTIMABLE,,,NOT_ESTIMABLE,,,NOT_ESTIMABLE,,
20,f20-4d6b0c6066ee,FORMAL_10K,HELDOUT_TRIPLE_AUDIT,STRICT_LUMPED,f12d43eace12231077007dc497fee8dad00fbe58cb2f1fe2c6159c47636b97a0,f20_qscan-HELDOUT_TRIPLE_AUDIT-000014,227,PENDING,13,,NOT_AVAILABLE_INCOMPLETE_OR_INVALID,,,11,0,0,0,0,0,0,0,11,0,0,0,0,,,0.0,,NOT_ESTIMABLE,,,NOT_ESTIMABLE,,,NOT_ESTIMABLE,,
6,f6-ba844c981dd6,FORMAL_10K,HELDOUT_TRIPLE_AUDIT,STRICT_LUMPED,f12d43eace12231077007dc497fee8dad00fbe58cb2f1fe2c6159c47636b97a0,f06_qscan-HELDOUT_TRIPLE_AUDIT-000014,228,PENDING,10,,NOT_AVAILABLE_INCOMPLETE_OR_INVALID,,,11,0,0,0,0,0,0,0,11,0,0,0,0,,,0.0,,NOT_ESTIMABLE,,,NOT_ESTIMABLE,,,NOT_ESTIMABLE,,
7,f7-d0ffa9b31525,FORMAL_10K,HELDOUT_TRIPLE_AUDIT,STRICT_LUMPED,f12d43eace12231077007dc497fee8dad00fbe58cb2f1fe2c6159c47636b97a0,f07_qscan-HELDOUT_TRIPLE_AUDIT-000014,229,PENDING,13,,NOT_AVAILABLE_INCOMPLETE_OR_INVALID,,,11,0,0,0,0,0,0,0,11,0,0,0,0,,,0.0,,NOT_ESTIMABLE,,,NOT_ESTIMABLE,,,NOT_ESTIMABLE,,
8,f8-dc2e68a2a478,FORMAL_10K,HELDOUT_TRIPLE_AUDIT,STRICT_LUMPED,f12d43eace12231077007dc497fee8dad00fbe58cb2f1fe2c6159c47636b97a0,f08_qscan-HELDOUT_TRIPLE_AUDIT-000014,230,PENDING,11,,NOT_AVAILABLE_INCOMPLETE_OR_INVALID,,,11,0,0,0,3,0,0,0,8,0,0,0,0,,,0.0,,NOT_ESTIMABLE,,,NOT_ESTIMABLE,,,NOT_ESTIMABLE,,
9,f9-0cd8cd2dd857,FORMAL_10K,HELDOUT_TRIPLE_AUDIT,STRICT_LUMPED,f12d43eace12231077007dc497fee8dad00fbe58cb2f1fe2c6159c47636b97a0,f09_qscan-HELDOUT_TRIPLE_AUDIT-000014,231,PENDING,11,,NOT_AVAILABLE_INCOMPLETE_OR_INVALID,,,11,0,0,0,0,0,0,0,11,0,0,0,0,,,0.0,,NOT_ESTIMABLE,,,NOT_ESTIMABLE,,,NOT_ESTIMABLE,,
11,f11-07165966aa39,FORMAL_10K,HELDOUT_TRIPLE_AUDIT,STRICT_LUMPED,f12d43eace12231077007dc497fee8dad00fbe58cb2f1fe2c6159c47636b97a0,f11_qscan-HELDOUT_TRIPLE_AUDIT-000014,232,PENDING,13,,NOT_AVAILABLE_INCOMPLETE_OR_INVALID,,,11,0,0,0,0,0,0,0,11,0,0,0,0,,,0.0,,NOT_ESTIMABLE,,,NOT_ESTIMABLE,,,NOT_ESTIMABLE,,
12,f12-bbbcad303b3e,FORMAL_10K,HELDOUT_TRIPLE_AUDIT,STRICT_LUMPED,f12d43eace12231077007dc497fee8dad00fbe58cb2f1fe2c6159c47636b97a0,f12_qscan-HELDOUT_TRIPLE_AUDIT-000014,233,PENDING,14,,NOT_AVAILABLE_INCOMPLETE_OR_INVALID,,,11,0,0,0,0,0,0,0,11,0,0,0,0,,,0.0,,NOT_ESTIMABLE,,,NOT_ESTIMABLE,,,NOT_ESTIMABLE,,
13,f13-940260e5c34c,FORMAL_10K,HELDOUT_TRIPLE_AUDIT,STRICT_LUMPED,f12d43eace12231077007dc497fee8dad00fbe58cb2f1fe2c6159c47636b97a0,f13_qscan-HELDOUT_TRIPLE_AUDIT-000014,234,PENDING,14,,NOT_AVAILABLE_INCOMPLETE_OR_INVALID,,,11,0,0,0,2,0,0,0,9,0,0,0,0,,,0.0,,NOT_ESTIMABLE,,,NOT_ESTIMABLE,,,NOT_ESTIMABLE,,
14,f14-734ef171b954,FORMAL_10K,HELDOUT_TRIPLE_AUDIT,STRICT_LUMPED,f12d43eace12231077007dc497fee8dad00fbe58cb2f1fe2c6159c47636b97a0,f14_qscan-HELDOUT_TRIPLE_AUDIT-000014,235,PENDING,15,,NOT_AVAILABLE_INCOMPLETE_OR_INVALID,,,11,0,0,0,1,0,0,0,10,0,0,0,0,,,0.0,,NOT_ESTIMABLE,,,NOT_ESTIMABLE,,,NOT_ESTIMABLE,,
16,f16-d1f0e127f1c7,FORMAL_10K,HELDOUT_TRIPLE_AUDIT,STRICT_LUMPED,f12d43eace12231077007dc497fee8dad00fbe58cb2f1fe2c6159c47636b97a0,f16_qscan-HELDOUT_TRIPLE_AUDIT-000014,236,PENDING,10,,NOT_AVAILABLE_INCOMPLETE_OR_INVALID,,,11,0,0,0,0,0,0,0,11,0,0,0,0,,,0.0,,NOT_ESTIMABLE,,,NOT_ESTIMABLE,,,NOT_ESTIMABLE,,
17,f17-7b878ff5d5dc,FORMAL_10K,HELDOUT_TRIPLE_AUDIT,STRICT_LUMPED,f12d43eace12231077007dc497fee8dad00fbe58cb2f1fe2c6159c47636b97a0,f17_qscan-HELDOUT_TRIPLE_AUDIT-000014,237,PENDING,12,,NOT_AVAILABLE_INCOMPLETE_OR_INVALID,,,11,0,0,0,2,0,0,0,9,0,0,0,0,,,0.0,,NOT_ESTIMABLE,,,NOT_ESTIMABLE,,,NOT_ESTIMABLE,,
18,f18-1a136fda6a2a,FORMAL_10K,HELDOUT_TRIPLE_AUDIT,STRICT_LUMPED,f12d43eace12231077007dc497fee8dad00fbe58cb2f1fe2c6159c47636b97a0,f18_qscan-HELDOUT_TRIPLE_AUDIT-000014,238,PENDING,13,,NOT_AVAILABLE_INCOMPLETE_OR_INVALID,,,11,0,0,0,6,0,0,0,5,0,0,0,0,,,0.0,,NOT_ESTIMABLE,,,NOT_ESTIMABLE,,,NOT_ESTIMABLE,,
19,f19-e02801471b97,FORMAL_10K,HELDOUT_TRIPLE_AUDIT,STRICT_LUMPED,f12d43eace12231077007dc497fee8dad00fbe58cb2f1fe2c6159c47636b97a0,f19_qscan-HELDOUT_TRIPLE_AUDIT-000014,239,PENDING,14,,NOT_AVAILABLE_INCOMPLETE_OR_INVALID,,,11,0,0,0,2,0,0,0,9,0,0,0,0,,,0.0,,NOT_ESTIMABLE,,,NOT_ESTIMABLE,,,NOT_ESTIMABLE,,
15,f15-5a9547401a37,DEVELOPMENT_5K_NOT_FORMAL_10K,HELDOUT_TRIPLE_AUDIT,STRICT_LUMPED,f12d43eace12231077007dc497fee8dad00fbe58cb2f1fe2c6159c47636b97a0,qscan15_development5k_20260908_v1-HELDOUT_TRIPLE_AUDIT-000015,240,PENDING,13,,NOT_AVAILABLE_INCOMPLETE_OR_INVALID,,,11,0,0,0,0,0,0,0,11,0,0,0,0,,,0.0,,NOT_ESTIMABLE,,,NOT_ESTIMABLE,,,NOT_ESTIMABLE,,
5,f5-fac1f3ff42e4,FORMAL_10K,HELDOUT_TRIPLE_AUDIT,STRICT_LUMPED,f12d43eace12231077007dc497fee8dad00fbe58cb2f1fe2c6159c47636b97a0,f05_qscan-HELDOUT_TRIPLE_AUDIT-000015,241,PENDING,10,,NOT_AVAILABLE_INCOMPLETE_OR_INVALID,,,11,0,0,0,0,0,0,0,11,0,0,0,0,,,0.0,,NOT_ESTIMABLE,,,NOT_ESTIMABLE,,,NOT_ESTIMABLE,,
10,f10-d26d41688df1,FORMAL_10K,HELDOUT_TRIPLE_AUDIT,STRICT_LUMPED,f12d43eace12231077007dc497fee8dad00fbe58cb2f1fe2c6159c47636b97a0,f10_qscan-HELDOUT_TRIPLE_AUDIT-000015,242,PENDING,13,,NOT_AVAILABLE_INCOMPLETE_OR_INVALID,,,11,0,0,0,0,0,0,0,11,0,0,0,0,,,0.0,,NOT_ESTIMABLE,,,NOT_ESTIMABLE,,,NOT_ESTIMABLE,,
20,f20-4d6b0c6066ee,FORMAL_10K,HELDOUT_TRIPLE_AUDIT,STRICT_LUMPED,f12d43eace12231077007dc497fee8dad00fbe58cb2f1fe2c6159c47636b97a0,f20_qscan-HELDOUT_TRIPLE_AUDIT-000015,243,PENDING,19,,NOT_AVAILABLE_INCOMPLETE_OR_INVALID,,,11,0,0,0,0,0,0,0,11,0,0,0,0,,,0.0,,NOT_ESTIMABLE,,,NOT_ESTIMABLE,,,NOT_ESTIMABLE,,
6,f6-ba844c981dd6,FORMAL_10K,HELDOUT_TRIPLE_AUDIT,STRICT_LUMPED,f12d43eace12231077007dc497fee8dad00fbe58cb2f1fe2c6159c47636b97a0,f06_qscan-HELDOUT_TRIPLE_AUDIT-000015,244,PENDING,11,,NOT_AVAILABLE_INCOMPLETE_OR_INVALID,,,11,0,0,0,0,0,0,0,11,0,0,0,0,,,0.0,,NOT_ESTIMABLE,,,NOT_ESTIMABLE,,,NOT_ESTIMABLE,,
7,f7-d0ffa9b31525,FORMAL_10K,HELDOUT_TRIPLE_AUDIT,STRICT_LUMPED,f12d43eace12231077007dc497fee8dad00fbe58cb2f1fe2c6159c47636b97a0,f07_qscan-HELDOUT_TRIPLE_AUDIT-000015,245,PENDING,12,,NOT_AVAILABLE_INCOMPLETE_OR_INVALID,,,11,0,0,0,0,0,0,0,11,0,0,0,0,,,0.0,,NOT_ESTIMABLE,,,NOT_ESTIMABLE,,,NOT_ESTIMABLE,,
8,f8-dc2e68a2a478,FORMAL_10K,HELDOUT_TRIPLE_AUDIT,STRICT_LUMPED,f12d43eace12231077007dc497fee8dad00fbe58cb2f1fe2c6159c47636b97a0,f08_qscan-HELDOUT_TRIPLE_AUDIT-000015,246,PENDING,11,,NOT_AVAILABLE_INCOMPLETE_OR_INVALID,,,11,0,0,0,0,0,0,0,11,0,0,0,0,,,0.0,,NOT_ESTIMABLE,,,NOT_ESTIMABLE,,,NOT_ESTIMABLE,,
9,f9-0cd8cd2dd857,FORMAL_10K,HELDOUT_TRIPLE_AUDIT,STRICT_LUMPED,f12d43eace12231077007dc497fee8dad00fbe58cb2f1fe2c6159c47636b97a0,f09_qscan-HELDOUT_TRIPLE_AUDIT-000015,247,PENDING,12,,NOT_AVAILABLE_INCOMPLETE_OR_INVALID,,,11,0,0,0,0,0,0,0,11,0,0,0,0,,,0.0,,NOT_ESTIMABLE,,,NOT_ESTIMABLE,,,NOT_ESTIMABLE,,
11,f11-07165966aa39,FORMAL_10K,HELDOUT_TRIPLE_AUDIT,STRICT_LUMPED,f12d43eace12231077007dc497fee8dad00fbe58cb2f1fe2c6159c47636b97a0,f11_qscan-HELDOUT_TRIPLE_AUDIT-000015,248,PENDING,13,,NOT_AVAILABLE_INCOMPLETE_OR_INVALID,,,11,0,0,0,0,0,0,0,11,0,0,0,0,,,0.0,,NOT_ESTIMABLE,,,NOT_ESTIMABLE,,,NOT_ESTIMABLE,,
12,f12-bbbcad303b3e,FORMAL_10K,HELDOUT_TRIPLE_AUDIT,STRICT_LUMPED,f12d43eace12231077007dc497fee8dad00fbe58cb2f1fe2c6159c47636b97a0,f12_qscan-HELDOUT_TRIPLE_AUDIT-000015,249,PENDING,13,,NOT_AVAILABLE_INCOMPLETE_OR_INVALID,,,11,0,0,0,0,0,0,0,11,0,0,0,0,,,0.0,,NOT_ESTIMABLE,,,NOT_ESTIMABLE,,,NOT_ESTIMABLE,,
13,f13-940260e5c34c,FORMAL_10K,HELDOUT_TRIPLE_AUDIT,STRICT_LUMPED,f12d43eace12231077007dc497fee8dad00fbe58cb2f1fe2c6159c47636b97a0,f13_qscan-HELDOUT_TRIPLE_AUDIT-000015,250,PENDING,13,,NOT_AVAILABLE_INCOMPLETE_OR_INVALID,,,11,0,0,0,2,0,0,0,9,0,0,0,0,,,0.0,,NOT_ESTIMABLE,,,NOT_ESTIMABLE,,,NOT_ESTIMABLE,,
14,f14-734ef171b954,FORMAL_10K,HELDOUT_TRIPLE_AUDIT,STRICT_LUMPED,f12d43eace12231077007dc497fee8dad00fbe58cb2f1fe2c6159c47636b97a0,f14_qscan-HELDOUT_TRIPLE_AUDIT-000015,251,PENDING,13,,NOT_AVAILABLE_INCOMPLETE_OR_INVALID,,,11,0,0,0,0,0,0,0,11,0,0,0,0,,,0.0,,NOT_ESTIMABLE,,,NOT_ESTIMABLE,,,NOT_ESTIMABLE,,
16,f16-d1f0e127f1c7,FORMAL_10K,HELDOUT_TRIPLE_AUDIT,STRICT_LUMPED,f12d43eace12231077007dc497fee8dad00fbe58cb2f1fe2c6159c47636b97a0,f16_qscan-HELDOUT_TRIPLE_AUDIT-000015,252,PENDING,13,,NOT_AVAILABLE_INCOMPLETE_OR_INVALID,,,11,0,0,0,3,0,0,0,8,0,0,0,0,,,0.0,,NOT_ESTIMABLE,,,NOT_ESTIMABLE,,,NOT_ESTIMABLE,,
17,f17-7b878ff5d5dc,FORMAL_10K,HELDOUT_TRIPLE_AUDIT,STRICT_LUMPED,f12d43eace12231077007dc497fee8dad00fbe58cb2f1fe2c6159c47636b97a0,f17_qscan-HELDOUT_TRIPLE_AUDIT-000015,253,PENDING,12,,NOT_AVAILABLE_INCOMPLETE_OR_INVALID,,,11,0,0,0,5,0,0,0,6,0,0,0,0,,,0.0,,NOT_ESTIMABLE,,,NOT_ESTIMABLE,,,NOT_ESTIMABLE,,
18,f18-1a136fda6a2a,FORMAL_10K,HELDOUT_TRIPLE_AUDIT,STRICT_LUMPED,f12d43eace12231077007dc497fee8dad00fbe58cb2f1fe2c6159c47636b97a0,f18_qscan-HELDOUT_TRIPLE_AUDIT-000015,254,PENDING,14,,NOT_AVAILABLE_INCOMPLETE_OR_INVALID,,,11,0,0,0,2,0,0,0,9,0,0,0,0,,,0.0,,NOT_ESTIMABLE,,,NOT_ESTIMABLE,,,NOT_ESTIMABLE,,
19,f19-e02801471b97,FORMAL_10K,HELDOUT_TRIPLE_AUDIT,STRICT_LUMPED,f12d43eace12231077007dc497fee8dad00fbe58cb2f1fe2c6159c47636b97a0,f19_qscan-HELDOUT_TRIPLE_AUDIT-000015,255,PENDING,16,,NOT_AVAILABLE_INCOMPLETE_OR_INVALID,,,11,0,0,0,0,0,0,0,11,0,0,0,0,,,0.0,,NOT_ESTIMABLE,,,NOT_ESTIMABLE,,,NOT_ESTIMABLE,,
15,f15-5a9547401a37,DEVELOPMENT_5K_NOT_FORMAL_10K,HELDOUT_TRIPLE_AUDIT,STRICT_LUMPED,f12d43eace12231077007dc497fee8dad00fbe58cb2f1fe2c6159c47636b97a0,qscan15_development5k_20260908_v1-HELDOUT_TRIPLE_AUDIT-000016,256,PENDING,14,,NOT_AVAILABLE_INCOMPLETE_OR_INVALID,,,11,0,0,0,0,0,0,0,11,0,0,0,0,,,0.0,,NOT_ESTIMABLE,,,NOT_ESTIMABLE,,,NOT_ESTIMABLE,,
5,f5-fac1f3ff42e4,FORMAL_10K,HELDOUT_TRIPLE_AUDIT,STRICT_LUMPED,f12d43eace12231077007dc497fee8dad00fbe58cb2f1fe2c6159c47636b97a0,f05_qscan-HELDOUT_TRIPLE_AUDIT-000016,257,PENDING,10,,NOT_AVAILABLE_INCOMPLETE_OR_INVALID,,,11,0,0,0,0,0,0,0,11,0,0,0,0,,,0.0,,NOT_ESTIMABLE,,,NOT_ESTIMABLE,,,NOT_ESTIMABLE,,
10,f10-d26d41688df1,FORMAL_10K,HELDOUT_TRIPLE_AUDIT,STRICT_LUMPED,f12d43eace12231077007dc497fee8dad00fbe58cb2f1fe2c6159c47636b97a0,f10_qscan-HELDOUT_TRIPLE_AUDIT-000016,258,PENDING,13,,NOT_AVAILABLE_INCOMPLETE_OR_INVALID,,,11,0,0,0,0,0,0,0,11,0,0,0,0,,,0.0,,NOT_ESTIMABLE,,,NOT_ESTIMABLE,,,NOT_ESTIMABLE,,
20,f20-4d6b0c6066ee,FORMAL_10K,HELDOUT_TRIPLE_AUDIT,STRICT_LUMPED,f12d43eace12231077007dc497fee8dad00fbe58cb2f1fe2c6159c47636b97a0,f20_qscan-HELDOUT_TRIPLE_AUDIT-000016,259,PENDING,14,,NOT_AVAILABLE_INCOMPLETE_OR_INVALID,,,11,0,0,0,0,0,0,0,11,0,0,0,0,,,0.0,,NOT_ESTIMABLE,,,NOT_ESTIMABLE,,,NOT_ESTIMABLE,,
6,f6-ba844c981dd6,FORMAL_10K,HELDOUT_TRIPLE_AUDIT,STRICT_LUMPED,f12d43eace12231077007dc497fee8dad00fbe58cb2f1fe2c6159c47636b97a0,f06_qscan-HELDOUT_TRIPLE_AUDIT-000016,260,PENDING,10,,NOT_AVAILABLE_INCOMPLETE_OR_INVALID,,,11,0,0,0,0,0,0,0,11,0,0,0,0,,,0.0,,NOT_ESTIMABLE,,,NOT_ESTIMABLE,,,NOT_ESTIMABLE,,
7,f7-d0ffa9b31525,FORMAL_10K,HELDOUT_TRIPLE_AUDIT,STRICT_LUMPED,f12d43eace12231077007dc497fee8dad00fbe58cb2f1fe2c6159c47636b97a0,f07_qscan-HELDOUT_TRIPLE_AUDIT-000016,261,PENDING,11,,NOT_AVAILABLE_INCOMPLETE_OR_INVALID,,,11,0,0,0,0,0,0,0,11,0,0,0,0,,,0.0,,NOT_ESTIMABLE,,,NOT_ESTIMABLE,,,NOT_ESTIMABLE,,
8,f8-dc2e68a2a478,FORMAL_10K,HELDOUT_TRIPLE_AUDIT,STRICT_LUMPED,f12d43eace12231077007dc497fee8dad00fbe58cb2f1fe2c6159c47636b97a0,f08_qscan-HELDOUT_TRIPLE_AUDIT-000016,262,PENDING,12,,NOT_AVAILABLE_INCOMPLETE_OR_INVALID,,,11,0,0,0,0,0,0,0,11,0,0,0,0,,,0.0,,NOT_ESTIMABLE,,,NOT_ESTIMABLE,,,NOT_ESTIMABLE,,
9,f9-0cd8cd2dd857,FORMAL_10K,HELDOUT_TRIPLE_AUDIT,STRICT_LUMPED,f12d43eace12231077007dc497fee8dad00fbe58cb2f1fe2c6159c47636b97a0,f09_qscan-HELDOUT_TRIPLE_AUDIT-000016,263,PENDING,11,,NOT_AVAILABLE_INCOMPLETE_OR_INVALID,,,11,0,0,0,0,0,0,0,11,0,0,0,0,,,0.0,,NOT_ESTIMABLE,,,NOT_ESTIMABLE,,,NOT_ESTIMABLE,,
11,f11-07165966aa39,FORMAL_10K,HELDOUT_TRIPLE_AUDIT,STRICT_LUMPED,f12d43eace12231077007dc497fee8dad00fbe58cb2f1fe2c6159c47636b97a0,f11_qscan-HELDOUT_TRIPLE_AUDIT-000016,264,PENDING,14,,NOT_AVAILABLE_INCOMPLETE_OR_INVALID,,,11,0,0,0,0,0,0,0,11,0,0,0,0,,,0.0,,NOT_ESTIMABLE,,,NOT_ESTIMABLE,,,NOT_ESTIMABLE,,
12,f12-bbbcad303b3e,FORMAL_10K,HELDOUT_TRIPLE_AUDIT,STRICT_LUMPED,f12d43eace12231077007dc497fee8dad00fbe58cb2f1fe2c6159c47636b97a0,f12_qscan-HELDOUT_TRIPLE_AUDIT-000016,265,PENDING,14,,NOT_AVAILABLE_INCOMPLETE_OR_INVALID,,,11,0,0,0,0,0,0,0,11,0,0,0,0,,,0.0,,NOT_ESTIMABLE,,,NOT_ESTIMABLE,,,NOT_ESTIMABLE,,
13,f13-940260e5c34c,FORMAL_10K,HELDOUT_TRIPLE_AUDIT,STRICT_LUMPED,f12d43eace12231077007dc497fee8dad00fbe58cb2f1fe2c6159c47636b97a0,f13_qscan-HELDOUT_TRIPLE_AUDIT-000016,266,PENDING,15,,NOT_AVAILABLE_INCOMPLETE_OR_INVALID,,,11,0,0,0,0,0,0,0,11,0,0,0,0,,,0.0,,NOT_ESTIMABLE,,,NOT_ESTIMABLE,,,NOT_ESTIMABLE,,
14,f14-734ef171b954,FORMAL_10K,HELDOUT_TRIPLE_AUDIT,STRICT_LUMPED,f12d43eace12231077007dc497fee8dad00fbe58cb2f1fe2c6159c47636b97a0,f14_qscan-HELDOUT_TRIPLE_AUDIT-000016,267,PENDING,11,,NOT_AVAILABLE_INCOMPLETE_OR_INVALID,,,11,0,0,0,0,0,0,0,11,0,0,0,0,,,0.0,,NOT_ESTIMABLE,,,NOT_ESTIMABLE,,,NOT_ESTIMABLE,,
16,f16-d1f0e127f1c7,FORMAL_10K,HELDOUT_TRIPLE_AUDIT,STRICT_LUMPED,f12d43eace12231077007dc497fee8dad00fbe58cb2f1fe2c6159c47636b97a0,f16_qscan-HELDOUT_TRIPLE_AUDIT-000016,268,PENDING,15,,NOT_AVAILABLE_INCOMPLETE_OR_INVALID,,,11,0,0,0,1,0,0,0,10,0,0,0,0,,,0.0,,NOT_ESTIMABLE,,,NOT_ESTIMABLE,,,NOT_ESTIMABLE,,
17,f17-7b878ff5d5dc,FORMAL_10K,HELDOUT_TRIPLE_AUDIT,STRICT_LUMPED,f12d43eace12231077007dc497fee8dad00fbe58cb2f1fe2c6159c47636b97a0,f17_qscan-HELDOUT_TRIPLE_AUDIT-000016,269,PENDING,15,,NOT_AVAILABLE_INCOMPLETE_OR_INVALID,,,11,0,0,0,2,0,0,0,9,0,0,0,0,,,0.0,,NOT_ESTIMABLE,,,NOT_ESTIMABLE,,,NOT_ESTIMABLE,,
18,f18-1a136fda6a2a,FORMAL_10K,HELDOUT_TRIPLE_AUDIT,STRICT_LUMPED,f12d43eace12231077007dc497fee8dad00fbe58cb2f1fe2c6159c47636b97a0,f18_qscan-HELDOUT_TRIPLE_AUDIT-000016,270,PENDING,13,,NOT_AVAILABLE_INCOMPLETE_OR_INVALID,,,11,0,0,0,2,0,0,0,9,0,0,0,0,,,0.0,,NOT_ESTIMABLE,,,NOT_ESTIMABLE,,,NOT_ESTIMABLE,,
19,f19-e02801471b97,FORMAL_10K,HELDOUT_TRIPLE_AUDIT,STRICT_LUMPED,f12d43eace12231077007dc497fee8dad00fbe58cb2f1fe2c6159c47636b97a0,f19_qscan-HELDOUT_TRIPLE_AUDIT-000016,271,PENDING,13,,NOT_AVAILABLE_INCOMPLETE_OR_INVALID,,,11,0,0,0,4,0,0,0,7,0,0,0,0,,,0.0,,NOT_ESTIMABLE,,,NOT_ESTIMABLE,,,NOT_ESTIMABLE,,
15,f15-5a9547401a37,DEVELOPMENT_5K_NOT_FORMAL_10K,HELDOUT_TRIPLE_AUDIT,STRICT_LUMPED,f12d43eace12231077007dc497fee8dad00fbe58cb2f1fe2c6159c47636b97a0,qscan15_development5k_20260908_v1-HELDOUT_TRIPLE_AUDIT-000017,272,PENDING,11,,NOT_AVAILABLE_INCOMPLETE_OR_INVALID,,,11,0,0,0,0,0,0,0,11,0,0,0,0,,,0.0,,NOT_ESTIMABLE,,,NOT_ESTIMABLE,,,NOT_ESTIMABLE,,
5,f5-fac1f3ff42e4,FORMAL_10K,HELDOUT_TRIPLE_AUDIT,STRICT_LUMPED,f12d43eace12231077007dc497fee8dad00fbe58cb2f1fe2c6159c47636b97a0,f05_qscan-HELDOUT_TRIPLE_AUDIT-000017,273,PENDING,10,,NOT_AVAILABLE_INCOMPLETE_OR_INVALID,,,11,0,0,0,0,0,0,0,11,0,0,0,0,,,0.0,,NOT_ESTIMABLE,,,NOT_ESTIMABLE,,,NOT_ESTIMABLE,,
10,f10-d26d41688df1,FORMAL_10K,HELDOUT_TRIPLE_AUDIT,STRICT_LUMPED,f12d43eace12231077007dc497fee8dad00fbe58cb2f1fe2c6159c47636b97a0,f10_qscan-HELDOUT_TRIPLE_AUDIT-000017,274,PENDING,13,,NOT_AVAILABLE_INCOMPLETE_OR_INVALID,,,11,0,0,0,0,0,0,0,11,0,0,0,0,,,0.0,,NOT_ESTIMABLE,,,NOT_ESTIMABLE,,,NOT_ESTIMABLE,,
20,f20-4d6b0c6066ee,FORMAL_10K,HELDOUT_TRIPLE_AUDIT,STRICT_LUMPED,f12d43eace12231077007dc497fee8dad00fbe58cb2f1fe2c6159c47636b97a0,f20_qscan-HELDOUT_TRIPLE_AUDIT-000017,275,PENDING,16,,NOT_AVAILABLE_INCOMPLETE_OR_INVALID,,,11,0,0,0,0,0,0,0,11,0,0,0,0,,,0.0,,NOT_ESTIMABLE,,,NOT_ESTIMABLE,,,NOT_ESTIMABLE,,
6,f6-ba844c981dd6,FORMAL_10K,HELDOUT_TRIPLE_AUDIT,STRICT_LUMPED,f12d43eace12231077007dc497fee8dad00fbe58cb2f1fe2c6159c47636b97a0,f06_qscan-HELDOUT_TRIPLE_AUDIT-000017,276,PENDING,10,,NOT_AVAILABLE_INCOMPLETE_OR_INVALID,,,11,0,0,0,0,0,0,0,11,0,0,0,0,,,0.0,,NOT_ESTIMABLE,,,NOT_ESTIMABLE,,,NOT_ESTIMABLE,,
7,f7-d0ffa9b31525,FORMAL_10K,HELDOUT_TRIPLE_AUDIT,STRICT_LUMPED,f12d43eace12231077007dc497fee8dad00fbe58cb2f1fe2c6159c47636b97a0,f07_qscan-HELDOUT_TRIPLE_AUDIT-000017,277,PENDING,12,,NOT_AVAILABLE_INCOMPLETE_OR_INVALID,,,11,0,0,0,0,0,0,0,11,0,0,0,0,,,0.0,,NOT_ESTIMABLE,,,NOT_ESTIMABLE,,,NOT_ESTIMABLE,,
8,f8-dc2e68a2a478,FORMAL_10K,HELDOUT_TRIPLE_AUDIT,STRICT_LUMPED,f12d43eace12231077007dc497fee8dad00fbe58cb2f1fe2c6159c47636b97a0,f08_qscan-HELDOUT_TRIPLE_AUDIT-000017,278,PENDING,11,,NOT_AVAILABLE_INCOMPLETE_OR_INVALID,,,11,0,0,0,0,0,0,0,11,0,0,0,0,,,0.0,,NOT_ESTIMABLE,,,NOT_ESTIMABLE,,,NOT_ESTIMABLE,,
9,f9-0cd8cd2dd857,FORMAL_10K,HELDOUT_TRIPLE_AUDIT,STRICT_LUMPED,f12d43eace12231077007dc497fee8dad00fbe58cb2f1fe2c6159c47636b97a0,f09_qscan-HELDOUT_TRIPLE_AUDIT-000017,279,PENDING,12,,NOT_AVAILABLE_INCOMPLETE_OR_INVALID,,,11,0,0,0,0,0,0,0,11,0,0,0,0,,,0.0,,NOT_ESTIMABLE,,,NOT_ESTIMABLE,,,NOT_ESTIMABLE,,
11,f11-07165966aa39,FORMAL_10K,HELDOUT_TRIPLE_AUDIT,STRICT_LUMPED,f12d43eace12231077007dc497fee8dad00fbe58cb2f1fe2c6159c47636b97a0,f11_qscan-HELDOUT_TRIPLE_AUDIT-000017,280,PENDING,12,,NOT_AVAILABLE_INCOMPLETE_OR_INVALID,,,11,0,0,0,0,0,0,0,11,0,0,0,0,,,0.0,,NOT_ESTIMABLE,,,NOT_ESTIMABLE,,,NOT_ESTIMABLE,,
12,f12-bbbcad303b3e,FORMAL_10K,HELDOUT_TRIPLE_AUDIT,STRICT_LUMPED,f12d43eace12231077007dc497fee8dad00fbe58cb2f1fe2c6159c47636b97a0,f12_qscan-HELDOUT_TRIPLE_AUDIT-000017,281,PENDING,12,,NOT_AVAILABLE_INCOMPLETE_OR_INVALID,,,11,0,0,0,0,0,0,0,11,0,0,0,0,,,0.0,,NOT_ESTIMABLE,,,NOT_ESTIMABLE,,,NOT_ESTIMABLE,,
13,f13-940260e5c34c,FORMAL_10K,HELDOUT_TRIPLE_AUDIT,STRICT_LUMPED,f12d43eace12231077007dc497fee8dad00fbe58cb2f1fe2c6159c47636b97a0,f13_qscan-HELDOUT_TRIPLE_AUDIT-000017,282,PENDING,12,,NOT_AVAILABLE_INCOMPLETE_OR_INVALID,,,11,0,0,0,0,0,0,0,11,0,0,0,0,,,0.0,,NOT_ESTIMABLE,,,NOT_ESTIMABLE,,,NOT_ESTIMABLE,,
14,f14-734ef171b954,FORMAL_10K,HELDOUT_TRIPLE_AUDIT,STRICT_LUMPED,f12d43eace12231077007dc497fee8dad00fbe58cb2f1fe2c6159c47636b97a0,f14_qscan-HELDOUT_TRIPLE_AUDIT-000017,283,PENDING,12,,NOT_AVAILABLE_INCOMPLETE_OR_INVALID,,,11,0,0,0,0,0,0,0,11,0,0,0,0,,,0.0,,NOT_ESTIMABLE,,,NOT_ESTIMABLE,,,NOT_ESTIMABLE,,
16,f16-d1f0e127f1c7,FORMAL_10K,HELDOUT_TRIPLE_AUDIT,STRICT_LUMPED,f12d43eace12231077007dc497fee8dad00fbe58cb2f1fe2c6159c47636b97a0,f16_qscan-HELDOUT_TRIPLE_AUDIT-000017,284,PENDING,13,,NOT_AVAILABLE_INCOMPLETE_OR_INVALID,,,11,0,0,0,0,0,0,0,11,0,0,0,0,,,0.0,,NOT_ESTIMABLE,,,NOT_ESTIMABLE,,,NOT_ESTIMABLE,,
17,f17-7b878ff5d5dc,FORMAL_10K,HELDOUT_TRIPLE_AUDIT,STRICT_LUMPED,f12d43eace12231077007dc497fee8dad00fbe58cb2f1fe2c6159c47636b97a0,f17_qscan-HELDOUT_TRIPLE_AUDIT-000017,285,PENDING,18,,NOT_AVAILABLE_INCOMPLETE_OR_INVALID,,,11,0,0,0,0,0,0,0,11,0,0,0,0,,,0.0,,NOT_ESTIMABLE,,,NOT_ESTIMABLE,,,NOT_ESTIMABLE,,
18,f18-1a136fda6a2a,FORMAL_10K,HELDOUT_TRIPLE_AUDIT,STRICT_LUMPED,f12d43eace12231077007dc497fee8dad00fbe58cb2f1fe2c6159c47636b97a0,f18_qscan-HELDOUT_TRIPLE_AUDIT-000017,286,PENDING,14,,NOT_AVAILABLE_INCOMPLETE_OR_INVALID,,,11,0,0,0,6,0,0,0,5,0,0,0,0,,,0.0,,NOT_ESTIMABLE,,,NOT_ESTIMABLE,,,NOT_ESTIMABLE,,
19,f19-e02801471b97,FORMAL_10K,HELDOUT_TRIPLE_AUDIT,STRICT_LUMPED,f12d43eace12231077007dc497fee8dad00fbe58cb2f1fe2c6159c47636b97a0,f19_qscan-HELDOUT_TRIPLE_AUDIT-000017,287,PENDING,13,,NOT_AVAILABLE_INCOMPLETE_OR_INVALID,,,11,0,0,0,3,0,0,0,8,0,0,0,0,,,0.0,,NOT_ESTIMABLE,,,NOT_ESTIMABLE,,,NOT_ESTIMABLE,,
15,f15-5a9547401a37,DEVELOPMENT_5K_NOT_FORMAL_10K,HELDOUT_TRIPLE_AUDIT,STRICT_LUMPED,f12d43eace12231077007dc497fee8dad00fbe58cb2f1fe2c6159c47636b97a0,qscan15_development5k_20260908_v1-HELDOUT_TRIPLE_AUDIT-000018,288,PENDING,14,,NOT_AVAILABLE_INCOMPLETE_OR_INVALID,,,11,0,0,0,0,0,0,0,11,0,0,0,0,,,0.0,,NOT_ESTIMABLE,,,NOT_ESTIMABLE,,,NOT_ESTIMABLE,,
5,f5-fac1f3ff42e4,FORMAL_10K,HELDOUT_TRIPLE_AUDIT,STRICT_LUMPED,f12d43eace12231077007dc497fee8dad00fbe58cb2f1fe2c6159c47636b97a0,f05_qscan-HELDOUT_TRIPLE_AUDIT-000018,289,PENDING,11,,NOT_AVAILABLE_INCOMPLETE_OR_INVALID,,,11,0,0,0,0,0,0,0,11,0,0,0,0,,,0.0,,NOT_ESTIMABLE,,,NOT_ESTIMABLE,,,NOT_ESTIMABLE,,
10,f10-d26d41688df1,FORMAL_10K,HELDOUT_TRIPLE_AUDIT,STRICT_LUMPED,f12d43eace12231077007dc497fee8dad00fbe58cb2f1fe2c6159c47636b97a0,f10_qscan-HELDOUT_TRIPLE_AUDIT-000018,290,PENDING,13,,NOT_AVAILABLE_INCOMPLETE_OR_INVALID,,,11,0,0,0,0,0,0,0,11,0,0,0,0,,,0.0,,NOT_ESTIMABLE,,,NOT_ESTIMABLE,,,NOT_ESTIMABLE,,
20,f20-4d6b0c6066ee,FORMAL_10K,HELDOUT_TRIPLE_AUDIT,STRICT_LUMPED,f12d43eace12231077007dc497fee8dad00fbe58cb2f1fe2c6159c47636b97a0,f20_qscan-HELDOUT_TRIPLE_AUDIT-000018,291,PENDING,14,,NOT_AVAILABLE_INCOMPLETE_OR_INVALID,,,11,0,0,0,0,0,0,0,11,0,0,0,0,,,0.0,,NOT_ESTIMABLE,,,NOT_ESTIMABLE,,,NOT_ESTIMABLE,,
6,f6-ba844c981dd6,FORMAL_10K,HELDOUT_TRIPLE_AUDIT,STRICT_LUMPED,f12d43eace12231077007dc497fee8dad00fbe58cb2f1fe2c6159c47636b97a0,f06_qscan-HELDOUT_TRIPLE_AUDIT-000018,292,PENDING,11,,NOT_AVAILABLE_INCOMPLETE_OR_INVALID,,,11,0,0,0,0,0,0,0,11,0,0,0,0,,,0.0,,NOT_ESTIMABLE,,,NOT_ESTIMABLE,,,NOT_ESTIMABLE,,
7,f7-d0ffa9b31525,FORMAL_10K,HELDOUT_TRIPLE_AUDIT,STRICT_LUMPED,f12d43eace12231077007dc497fee8dad00fbe58cb2f1fe2c6159c47636b97a0,f07_qscan-HELDOUT_TRIPLE_AUDIT-000018,293,PENDING,11,,NOT_AVAILABLE_INCOMPLETE_OR_INVALID,,,11,0,0,0,0,0,0,0,11,0,0,0,0,,,0.0,,NOT_ESTIMABLE,,,NOT_ESTIMABLE,,,NOT_ESTIMABLE,,
8,f8-dc2e68a2a478,FORMAL_10K,HELDOUT_TRIPLE_AUDIT,STRICT_LUMPED,f12d43eace12231077007dc497fee8dad00fbe58cb2f1fe2c6159c47636b97a0,f08_qscan-HELDOUT_TRIPLE_AUDIT-000018,294,PENDING,11,,NOT_AVAILABLE_INCOMPLETE_OR_INVALID,,,11,0,0,0,0,0,0,0,11,0,0,0,0,,,0.0,,NOT_ESTIMABLE,,,NOT_ESTIMABLE,,,NOT_ESTIMABLE,,
9,f9-0cd8cd2dd857,FORMAL_10K,HELDOUT_TRIPLE_AUDIT,STRICT_LUMPED,f12d43eace12231077007dc497fee8dad00fbe58cb2f1fe2c6159c47636b97a0,f09_qscan-HELDOUT_TRIPLE_AUDIT-000018,295,PENDING,13,,NOT_AVAILABLE_INCOMPLETE_OR_INVALID,,,11,0,0,0,0,0,0,0,11,0,0,0,0,,,0.0,,NOT_ESTIMABLE,,,NOT_ESTIMABLE,,,NOT_ESTIMABLE,,
11,f11-07165966aa39,FORMAL_10K,HELDOUT_TRIPLE_AUDIT,STRICT_LUMPED,f12d43eace12231077007dc497fee8dad00fbe58cb2f1fe2c6159c47636b97a0,f11_qscan-HELDOUT_TRIPLE_AUDIT-000018,296,PENDING,14,,NOT_AVAILABLE_INCOMPLETE_OR_INVALID,,,11,0,0,0,0,0,0,0,11,0,0,0,0,,,0.0,,NOT_ESTIMABLE,,,NOT_ESTIMABLE,,,NOT_ESTIMABLE,,
12,f12-bbbcad303b3e,FORMAL_10K,HELDOUT_TRIPLE_AUDIT,STRICT_LUMPED,f12d43eace12231077007dc497fee8dad00fbe58cb2f1fe2c6159c47636b97a0,f12_qscan-HELDOUT_TRIPLE_AUDIT-000018,297,PENDING,12,,NOT_AVAILABLE_INCOMPLETE_OR_INVALID,,,11,0,0,0,0,0,0,0,11,0,0,0,0,,,0.0,,NOT_ESTIMABLE,,,NOT_ESTIMABLE,,,NOT_ESTIMABLE,,
13,f13-940260e5c34c,FORMAL_10K,HELDOUT_TRIPLE_AUDIT,STRICT_LUMPED,f12d43eace12231077007dc497fee8dad00fbe58cb2f1fe2c6159c47636b97a0,f13_qscan-HELDOUT_TRIPLE_AUDIT-000018,298,PENDING,11,,NOT_AVAILABLE_INCOMPLETE_OR_INVALID,,,11,0,0,0,0,0,0,0,11,0,0,0,0,,,0.0,,NOT_ESTIMABLE,,,NOT_ESTIMABLE,,,NOT_ESTIMABLE,,
14,f14-734ef171b954,FORMAL_10K,HELDOUT_TRIPLE_AUDIT,STRICT_LUMPED,f12d43eace12231077007dc497fee8dad00fbe58cb2f1fe2c6159c47636b97a0,f14_qscan-HELDOUT_TRIPLE_AUDIT-000018,299,PENDING,16,,NOT_AVAILABLE_INCOMPLETE_OR_INVALID,,,11,0,0,0,0,0,0,0,11,0,0,0,0,,,0.0,,NOT_ESTIMABLE,,,NOT_ESTIMABLE,,,NOT_ESTIMABLE,,
16,f16-d1f0e127f1c7,FORMAL_10K,HELDOUT_TRIPLE_AUDIT,STRICT_LUMPED,f12d43eace12231077007dc497fee8dad00fbe58cb2f1fe2c6159c47636b97a0,f16_qscan-HELDOUT_TRIPLE_AUDIT-000018,300,PENDING,12,,NOT_AVAILABLE_INCOMPLETE_OR_INVALID,,,11,0,0,0,4,0,0,0,7,0,0,0,0,,,0.0,,NOT_ESTIMABLE,,,NOT_ESTIMABLE,,,NOT_ESTIMABLE,,
17,f17-7b878ff5d5dc,FORMAL_10K,HELDOUT_TRIPLE_AUDIT,STRICT_LUMPED,f12d43eace12231077007dc497fee8dad00fbe58cb2f1fe2c6159c47636b97a0,f17_qscan-HELDOUT_TRIPLE_AUDIT-000018,301,PENDING,14,,NOT_AVAILABLE_INCOMPLETE_OR_INVALID,,,11,0,0,0,2,0,0,0,9,0,0,0,0,,,0.0,,NOT_ESTIMABLE,,,NOT_ESTIMABLE,,,NOT_ESTIMABLE,,
18,f18-1a136fda6a2a,FORMAL_10K,HELDOUT_TRIPLE_AUDIT,STRICT_LUMPED,f12d43eace12231077007dc497fee8dad00fbe58cb2f1fe2c6159c47636b97a0,f18_qscan-HELDOUT_TRIPLE_AUDIT-000018,302,PENDING,14,,NOT_AVAILABLE_INCOMPLETE_OR_INVALID,,,11,0,0,0,3,0,0,0,8,0,0,0,0,,,0.0,,NOT_ESTIMABLE,,,NOT_ESTIMABLE,,,NOT_ESTIMABLE,,
19,f19-e02801471b97,FORMAL_10K,HELDOUT_TRIPLE_AUDIT,STRICT_LUMPED,f12d43eace12231077007dc497fee8dad00fbe58cb2f1fe2c6159c47636b97a0,f19_qscan-HELDOUT_TRIPLE_AUDIT-000018,303,PENDING,17,,NOT_AVAILABLE_INCOMPLETE_OR_INVALID,,,11,0,0,0,0,0,0,0,11,0,0,0,0,,,0.0,,NOT_ESTIMABLE,,,NOT_ESTIMABLE,,,NOT_ESTIMABLE,,
15,f15-5a9547401a37,DEVELOPMENT_5K_NOT_FORMAL_10K,HELDOUT_TRIPLE_AUDIT,STRICT_LUMPED,f12d43eace12231077007dc497fee8dad00fbe58cb2f1fe2c6159c47636b97a0,qscan15_development5k_20260908_v1-HELDOUT_TRIPLE_AUDIT-000019,304,PENDING,11,,NOT_AVAILABLE_INCOMPLETE_OR_INVALID,,,11,0,0,0,0,0,0,0,11,0,0,0,0,,,0.0,,NOT_ESTIMABLE,,,NOT_ESTIMABLE,,,NOT_ESTIMABLE,,
5,f5-fac1f3ff42e4,FORMAL_10K,HELDOUT_TRIPLE_AUDIT,STRICT_LUMPED,f12d43eace12231077007dc497fee8dad00fbe58cb2f1fe2c6159c47636b97a0,f05_qscan-HELDOUT_TRIPLE_AUDIT-000019,305,PENDING,10,,NOT_AVAILABLE_INCOMPLETE_OR_INVALID,,,11,0,0,0,0,0,0,0,11,0,0,0,0,,,0.0,,NOT_ESTIMABLE,,,NOT_ESTIMABLE,,,NOT_ESTIMABLE,,
10,f10-d26d41688df1,FORMAL_10K,HELDOUT_TRIPLE_AUDIT,STRICT_LUMPED,f12d43eace12231077007dc497fee8dad00fbe58cb2f1fe2c6159c47636b97a0,f10_qscan-HELDOUT_TRIPLE_AUDIT-000019,306,PENDING,11,,NOT_AVAILABLE_INCOMPLETE_OR_INVALID,,,11,0,0,0,0,0,0,0,11,0,0,0,0,,,0.0,,NOT_ESTIMABLE,,,NOT_ESTIMABLE,,,NOT_ESTIMABLE,,
20,f20-4d6b0c6066ee,FORMAL_10K,HELDOUT_TRIPLE_AUDIT,STRICT_LUMPED,f12d43eace12231077007dc497fee8dad00fbe58cb2f1fe2c6159c47636b97a0,f20_qscan-HELDOUT_TRIPLE_AUDIT-000019,307,PENDING,18,,NOT_AVAILABLE_INCOMPLETE_OR_INVALID,,,11,0,0,0,0,0,0,0,11,0,0,0,0,,,0.0,,NOT_ESTIMABLE,,,NOT_ESTIMABLE,,,NOT_ESTIMABLE,,
6,f6-ba844c981dd6,FORMAL_10K,HELDOUT_TRIPLE_AUDIT,STRICT_LUMPED,f12d43eace12231077007dc497fee8dad00fbe58cb2f1fe2c6159c47636b97a0,f06_qscan-HELDOUT_TRIPLE_AUDIT-000019,308,PENDING,10,,NOT_AVAILABLE_INCOMPLETE_OR_INVALID,,,11,0,0,0,0,0,0,0,11,0,0,0,0,,,0.0,,NOT_ESTIMABLE,,,NOT_ESTIMABLE,,,NOT_ESTIMABLE,,
7,f7-d0ffa9b31525,FORMAL_10K,HELDOUT_TRIPLE_AUDIT,STRICT_LUMPED,f12d43eace12231077007dc497fee8dad00fbe58cb2f1fe2c6159c47636b97a0,f07_qscan-HELDOUT_TRIPLE_AUDIT-000019,309,PENDING,11,,NOT_AVAILABLE_INCOMPLETE_OR_INVALID,,,11,0,0,0,0,0,0,0,11,0,0,0,0,,,0.0,,NOT_ESTIMABLE,,,NOT_ESTIMABLE,,,NOT_ESTIMABLE,,
8,f8-dc2e68a2a478,FORMAL_10K,HELDOUT_TRIPLE_AUDIT,STRICT_LUMPED,f12d43eace12231077007dc497fee8dad00fbe58cb2f1fe2c6159c47636b97a0,f08_qscan-HELDOUT_TRIPLE_AUDIT-000019,310,PENDING,13,,NOT_AVAILABLE_INCOMPLETE_OR_INVALID,,,11,0,0,0,3,0,0,0,8,0,0,0,0,,,0.0,,NOT_ESTIMABLE,,,NOT_ESTIMABLE,,,NOT_ESTIMABLE,,
9,f9-0cd8cd2dd857,FORMAL_10K,HELDOUT_TRIPLE_AUDIT,STRICT_LUMPED,f12d43eace12231077007dc497fee8dad00fbe58cb2f1fe2c6159c47636b97a0,f09_qscan-HELDOUT_TRIPLE_AUDIT-000019,311,PENDING,10,,NOT_AVAILABLE_INCOMPLETE_OR_INVALID,,,11,0,0,0,0,0,0,0,11,0,0,0,0,,,0.0,,NOT_ESTIMABLE,,,NOT_ESTIMABLE,,,NOT_ESTIMABLE,,
11,f11-07165966aa39,FORMAL_10K,HELDOUT_TRIPLE_AUDIT,STRICT_LUMPED,f12d43eace12231077007dc497fee8dad00fbe58cb2f1fe2c6159c47636b97a0,f11_qscan-HELDOUT_TRIPLE_AUDIT-000019,312,PENDING,11,,NOT_AVAILABLE_INCOMPLETE_OR_INVALID,,,11,0,0,0,0,0,0,0,11,0,0,0,0,,,0.0,,NOT_ESTIMABLE,,,NOT_ESTIMABLE,,,NOT_ESTIMABLE,,
12,f12-bbbcad303b3e,FORMAL_10K,HELDOUT_TRIPLE_AUDIT,STRICT_LUMPED,f12d43eace12231077007dc497fee8dad00fbe58cb2f1fe2c6159c47636b97a0,f12_qscan-HELDOUT_TRIPLE_AUDIT-000019,313,PENDING,11,,NOT_AVAILABLE_INCOMPLETE_OR_INVALID,,,11,0,0,0,0,0,0,0,11,0,0,0,0,,,0.0,,NOT_ESTIMABLE,,,NOT_ESTIMABLE,,,NOT_ESTIMABLE,,
13,f13-940260e5c34c,FORMAL_10K,HELDOUT_TRIPLE_AUDIT,STRICT_LUMPED,f12d43eace12231077007dc497fee8dad00fbe58cb2f1fe2c6159c47636b97a0,f13_qscan-HELDOUT_TRIPLE_AUDIT-000019,314,PENDING,11,,NOT_AVAILABLE_INCOMPLETE_OR_INVALID,,,11,0,0,0,0,0,0,0,11,0,0,0,0,,,0.0,,NOT_ESTIMABLE,,,NOT_ESTIMABLE,,,NOT_ESTIMABLE,,
14,f14-734ef171b954,FORMAL_10K,HELDOUT_TRIPLE_AUDIT,STRICT_LUMPED,f12d43eace12231077007dc497fee8dad00fbe58cb2f1fe2c6159c47636b97a0,f14_qscan-HELDOUT_TRIPLE_AUDIT-000019,315,PENDING,15,,NOT_AVAILABLE_INCOMPLETE_OR_INVALID,,,11,0,0,0,0,0,0,0,11,0,0,0,0,,,0.0,,NOT_ESTIMABLE,,,NOT_ESTIMABLE,,,NOT_ESTIMABLE,,
16,f16-d1f0e127f1c7,FORMAL_10K,HELDOUT_TRIPLE_AUDIT,STRICT_LUMPED,f12d43eace12231077007dc497fee8dad00fbe58cb2f1fe2c6159c47636b97a0,f16_qscan-HELDOUT_TRIPLE_AUDIT-000019,316,PENDING,13,,NOT_AVAILABLE_INCOMPLETE_OR_INVALID,,,11,0,0,0,0,0,0,0,11,0,0,0,0,,,0.0,,NOT_ESTIMABLE,,,NOT_ESTIMABLE,,,NOT_ESTIMABLE,,
17,f17-7b878ff5d5dc,FORMAL_10K,HELDOUT_TRIPLE_AUDIT,STRICT_LUMPED,f12d43eace12231077007dc497fee8dad00fbe58cb2f1fe2c6159c47636b97a0,f17_qscan-HELDOUT_TRIPLE_AUDIT-000019,317,PENDING,14,,NOT_AVAILABLE_INCOMPLETE_OR_INVALID,,,11,0,0,0,5,0,0,0,6,0,0,0,0,,,0.0,,NOT_ESTIMABLE,,,NOT_ESTIMABLE,,,NOT_ESTIMABLE,,
18,f18-1a136fda6a2a,FORMAL_10K,HELDOUT_TRIPLE_AUDIT,STRICT_LUMPED,f12d43eace12231077007dc497fee8dad00fbe58cb2f1fe2c6159c47636b97a0,f18_qscan-HELDOUT_TRIPLE_AUDIT-000019,318,PENDING,15,,NOT_AVAILABLE_INCOMPLETE_OR_INVALID,,,11,0,0,0,1,0,0,0,10,0,0,0,0,,,0.0,,NOT_ESTIMABLE,,,NOT_ESTIMABLE,,,NOT_ESTIMABLE,,
19,f19-e02801471b97,FORMAL_10K,HELDOUT_TRIPLE_AUDIT,STRICT_LUMPED,f12d43eace12231077007dc497fee8dad00fbe58cb2f1fe2c6159c47636b97a0,f19_qscan-HELDOUT_TRIPLE_AUDIT-000019,319,PENDING,15,,NOT_AVAILABLE_INCOMPLETE_OR_INVALID,,,11,0,0,0,0,0,0,0,11,0,0,0,0,,,0.0,,NOT_ESTIMABLE,,,NOT_ESTIMABLE,,,NOT_ESTIMABLE,,
